:020000040000FA
:1000000058080020A17E0000B9E60000BBE7000010
:10001000DDE70000FFE7000043E8000021E8000002
:100020009DE600009DE600009DE60000696200007C
:10003000BFE600009DE6000039750000C5E600003F
:100040009DE600009DE600009DE600009DE60000A4
:100050009DE600009DE600009DE600009DE6000094
:100060009DE600009DE600009DE600009DE6000084
:100070009DE600009DE600009DE600009DE6000074
:100080009DE600009DE600009DE600009DE6000064
:100090009DE600009DE600009DE600009DE6000054
:1000A0009DE600009DE600009DE600009DE6000044
:1000B000CBE60000D1E60000D7E60000DDE6000058
:1000C0009DE600009DE600009DE600009DE6000024
:1000D0009DE600009DE600009DE600009DE6000014
:1000E0009DE600009DE600009DE600009DE6000004
:1000F0009DE600009DE600009DE600009DE60000F4
:100100009DE600009DE600009DE600009DE60000E3
:100110009DE600009DE600009DE600009DE60000D3
:100120009DE600009DE600009DE600009DE60000C3
:100130009DE600009DE600009DE600009DE60000B3
:100140004F760000216500009DE600009DE600005E
:100150009DE600009DE600009DE600009DE6000093
:100160009DE600009DE60000E3E60000E9E60000F1
:10017000F5E600009DE60000EFE600009DE60000C9
:100180009DE600009DE60000FBE600009DE6000005
:1001900001E7000007E700009DE600009DE6000083
:1001A0009DE600000F1201009DE600009DE60000A4
:1001B0009DE600009DE600009DE600009DE6000033
:1001C0009DE600009DE600009DE600009DE6000023
:1001D0009DE600009DE600009DE600009DE6000013
:1001E0009DE600009DE600009DE600009DE6000003
:1001F0009DE600009DE600009DE600009DE60000F3
:100200009DE600009DE600009DE600009DE60000E2
:100210009DE600009DE600009DE600009DE60000D2
:100220009DE600009DE600009DE600009DE60000C2
:100230009DE600009DE600009DE600009DE60000B2
:100240006B7600009DE600009DE600009DE6000044
:100250009DE600000DE7000013E7000013E7000033
:1002600013E700009DE6000019E700001FE700000B
:100270009DE600009DE600009DE600009DE6000072
:100280009DE600009DE600009DE600009DE6000062
:100290009DE600009DE600009DE600009DE6000052
:1002A0009DE600009DE600009DE600009DE6000042
:1002B0009DE600009DE600009DE600009DE6000032
:1002C0009DE600009DE600009DE600009DE6000022
:1002D0009DE600009DE600009DE600009DE6000012
:1002E0009DE600009DE600009DE600009DE6000002
:1002F0009DE600009DE600009DE600009DE60000F2
:100300009DE600009DE600009DE600009DE60000E1
:100310009DE600009DE600009DE600009DE60000D1
:100320009DE600009DE600009DE600009DE60000C1
:100330009DE600009DE600009DE600009DE60000B1
:10034000877600009DE600009DE600009DE6000027
:100350009DE600009DE6000025E700002BE7000079
:100360009DE6000031E7000037E700003DE70000B0
:1003700043E7000049E700004FE700009DE600006A
:100380009DE600009DE600009DE600009DE6000061
:1003900055E700009DE600005BE700009DE60000D9
:1003A0009DE600009DE600009DE6000061E700007C
:1003B0009DE600009DE600009DE600009DE6000031
:1003C0006DE7000073E7000079E700007FE70000B9
:1003D00085E700008BE700009DE600009DE6000039
:1003E00085E600009DE600009DE600009DE6000019
:1003F0009DE600008BE6000091E6000067E7000044
:100400009DE600009DE600009DE600009DE60000E0
:100410009DE600009DE600009DE600009DE60000D0
:100420009DE600009DE600009DE600009DE60000C0
:100430009DE600009DE600009DE600009DE60000B0
:10044000A37600009DE600009DE600009DE600000A
:1004500091E700009DE600009DE700009DE600009A
:10046000A3E70000A9E700009DE600009DE600006C
:100470009DE60000AFE7000097E700009DE6000062
:100480009DE600009DE600009DE600009DE6000060
:100490009DE600009DE600009DE600009DE6000050
:1004A0009DE600009DE600009DE600009DE6000040
:1004B0009DE600009DE600009DE600009DE6000030
:0804C0009DE6000097E6000034
:1004E0007FE97FE907F03CBD7FE97FE907F04ABD7E
:1004F0007FE97FE907F07CBD7FE97FE907F06ABD0E
:100500007FE97FE907F050BD000000000000000017
:1005100000000000000000000000000000000000DB
:1005200001015F5F030100001F0100006114000072
:100530000020000000000000010000000100000099
:1005400000000000000000000000000000000000AB
:10055000021F0000B83C00200000000070000000F6
:10056000462C010080000000000F00000100000088
:10057000F50600000100000001015F5F00010000BE
:100580001F000000993B0000000700000000000071
:100590000300000001000000000000000000000057
:1005A0000000000000000000051F00006012002095
:1005B000000000008000000070000000400000000B
:1005C000512C010060000000010700000100000044
:1005D000053200000100000001015F5F0101000021
:1005E0001F0100002B1B0000001000000000000095
:1005F00000000000010000000000000000000000FA
:100600000000000000000000011F0000B85C002096
:10061000000000006F2C010070000000020F0000BD
:10062000010000005D0E00000100000001015F5F9D
:10063000040100001F010000E52C0000000500007F
:1006400000000000000000000100000000000000A9
:10065000000000000000000000000000011F00007A
:10066000B86C002000000000942C01004000000045
:100670000507000001000000D12A00000100000071
:1006800000015F5F02000000FE0B0000F962000045
:100690000004000000000000000000000000000056
:1006A00000000000000000000100FFC3000000C4C3
:0C06B00000FE000060AD00200000000013
:1006C00038B50025064B294603F580541846D4F862
:1006D0000024C4F804540EF023F9C4F8005438BDC3
:1006E000B8710020024BD3F8043403600020704737
:1006F000B88100202DE9F04F04680546A5B0002C14
:1007000040F00C812146202204A80EF009F9214670
:1007100020220CA80EF004F92146042414AF402234
:1007200038460EF0FDF805F1200353F8041D22466B
:10073000013C09B1144601E0002CF6D1042605F174
:10074000300353F8041D3246013E09B1164601E05C
:10075000002EF6D12CB96FF08304204625B0BDE8F9
:10076000F08F40233A460021686807F0A5FC402836
:10077000F1D1CDE904700127DFF8A8A10DF110082F
:1007800005F110090AF5805BBC4230D10CAF3C4644
:100790000021654A05F11C00D2F8003400EB860800
:1007A000A2F58059404540D109B1C2F80034002378
:1007B000CDE90233059BA968402BC2F80414049AC2
:1007C00040F0A080138D180A03285BD0012800F0A8
:1007D00082801268831ECDE90221092B00F28C80F1
:1007E000DFE803F04150555B61676D737E8459F813
:1007F000043F1A1D21D8DBF80004D91C21F00301A5
:10080000C0F5A052914218D8014400EB0A02CBF87F
:10081000001468683946019207F04EFC019AC8F846
:100820000C00013748F8082FAEE750F804EF1EF12E
:10083000040F07D909B1C2F80034FFF741FF6FF088
:100840008C048AE70EF1030C2CF0030CC3F5A05ABC
:10085000D44504F10804EDD803EB090144E9021E74
:10086000634401219EE702AA0CA904A801F0A7F89D
:1008700004464FF00008464507F1080745D1FFF749
:100880001FFF6AE70CA904A800F012F9F0E702AA1A
:100890000CA904A800F0D2FEEAE702AA0CA904A859
:1008A00000F0ECFDE4E702AA0CA904A800F07DFF2B
:1008B000DEE702AA0CA904A801F07BF8D8E702AA97
:1008C0000CA904A801F078F8D2E702AA0CA904A8A0
:1008D00000F0D0F9CCE70CA904A801F013F9C7E7A0
:1008E00002AA0CA904A801F01AF9C1E702AA0CA9EE
:1008F00004A801F017F9BBE70C4803F0CFFB6FF039
:100900008504B6E76FF08004B3E7414657E9022358
:10091000686807F0DBFB08F10108ACE76FF08504BD
:100920001BE700BFB8710020B8810020182D00001F
:1009300008B54FF40C52002102480DF0F1FF0020E1
:1009400008BD00BFB81900200023F7B50C680746A2
:100950000E461546019314BB22B3146001A8FFF79D
:10096000C1FEA8B94FF48C6C104A0CFB04F3D158AB
:10097000A646013471B94FF0010E02EB030C42F8A8
:1009800003E0019910331344CCE9011734602B6064
:1009900003B0F0BD082CE8D16FF08400F8E76FF0E9
:1009A0008800F5E76FF08600F2E700BFB819002075
:1009B0000023F7B505680193013D072D036004D9B5
:1009C0006FF08604204603B0F0BD01A8FFF78AFE51
:1009D00004460028F6D14FF48C635D430A4E7359E8
:1009E0007719012BECD17A68019B9A42E8D105F185
:1009F00010004FF48A62214630440DF091FFC7E9A0
:100A000001447451DEE700BFB8190020002373B51C
:100A10004C1E072C06461546019303D96FF088003B
:100A200002B070BDC2B101A8FFF75CFE0028F7D18B
:100A30004FF48C6202FB04F1094B5C585A18012CEC
:100A4000ECD19468B442E9D15468019A9442E5D15A
:100A5000103119442960E3E76FF08600E0E700BF3A
:100A6000B819002042F20403984202D0B0F5105F9A
:100A700014D101F0FE43B3F1A06F08BF21F47E1141
:100A8000B1F1052F0CD007D8064B994208D0064883
:100A90000B1A5842584170470448F9E70020704744
:100AA000012070470002C0030044400400024005DA
:100AB00000232DE9F043D0F8008085B0B8F82890E5
:100AC0000546A9F540720F460293082A50D8DFE880
:100AD00002F0192A354F4F4F4F4F05000A6812B9DF
:100AE0006FF080040AE04B68032BF9D9D8F8043082
:100AF0005F49591A4B424B4113600024204605B010
:100B0000BDE8F0830B1D01934B6800930B68D0E99F
:100B10000212D8F804000EF049FB04460028EDD07C
:100B200000237B60EAE7436900938168D0E90323EF
:100B3000D8F804000EF04DFB0446DFE70E68002EE7
:100B4000CED04B68032BCBD9D8F8083031460320E0
:100B5000336002AAFFF7F8FE04460028CED1D8F889
:100B6000041002980EF0B9FA04460028C5D02BE014
:100B70000320D8F8081002AAFFF748FF6FF441736A
:100B80004B44022B04465DD83E68002EA8D07B68FB
:100B9000032BA5D9D8F808303360002856D040F28E
:100BA00007339945A9D0A9E70298D5E902120EF0BA
:100BB000B4FAC1E7029807F10C03D7E902120EF06C
:100BC000C0FA044620B900243046FFF7F1FE95E74D
:100BD0000023FB6092E70298D5E902120EF0C2FAF8
:100BE000044600288AD1EEE702980EF06BFA04461C
:100BF000EAE700233E680393002E3FF471AF7B6861
:100C0000032B7FF66DAFAB68002B3FF469AFEA684A
:100C1000032A7FF665AF1B6831460320336003AAC1
:100C2000FFF792FE044600287FF468AFDDE9020179
:100C30000EF0F8FA044600283FF460AFC4E76FF006
:100C400085045BE700287FF459AF0646A9F2033319
:100C5000042BF4D801A252F823F000BFA90B000026
:100C6000F30B0000B50B0000D70B0000E90B0000F0
:100C70000900000200232DE9F04706688EB0B6F89F
:100C800028900DF1140807460D469246D2E900213E
:100C90004046049300F03EFFB9F5106F0FD12B1DB5
:100CA00003936B6802932B680193FB680093BB6806
:100CB000706898E806000EF0D7FF044616E040F68C
:100CC0000113994516D12F68002F00F090806B68B2
:100CD000032B40F28C80B368394604203B6004AAA1
:100CE000FFF732FE0446002800F0928020460EB046
:100CF000BDE8F0870420B16804AAFFF787FE044628
:100D0000A8B140F60A139945F0D12F68002F6ED094
:100D10006B68032B6BD9B3683B60002C7FD10498C0
:100D20000EF0C6FD04463846FFF742FEDEE7A9F6A0
:100D30000219B9F1080F68D801A353F829F000BFD0
:100D4000650D0000790D0000830D0000AB0D000063
:100D5000910D0000F50D00009F0D0000B90D000081
:100D60000B0D00002968002941D06B68042B3ED18F
:100D700004980EF0CBFDA0E7316B04980EF0CFFD88
:100D80009BE7718D0498D7E902230EF07EFE94E76D
:100D9000718D0498D6E90C2308F0A6FA8DE7049823
:100DA000D5E900120EF0CCFD87E7718D049898E824
:100DB0000C000EF073FE80E72E68C6B16B68032B43
:100DC00015D9B96899B1FA681C2A10D107A80DF095
:100DD00082FDDAF8040007A900F09FFE424604995C
:100DE00007A80EF0C3FD059B044633607EE76FF055
:100DF00080047BE7FB68718D0193BB6804980093C6
:100E000098E80C0008F0A2FA57E76FF085046DE748
:100E10007168049808F00EFA0446002883D1002473
:100E200064E700BF08B51422024903480DF053FDE2
:100E3000014808BD382D0000C0AA002008B54FF4B5
:100E40000251044802F0DCF8034807F049FA002098
:100E500008BD00BF408A00200D1B00006FF47A72AD
:100E6000F0B50368044613448DB0032B7CD8DFE84B
:100E700003F002284C6B0369082B02D06FF0800549
:100E80005FE08569042DF9D10021406808AA07F0C8
:100E900013F90828F2D12B460221606806AA07F050
:100EA0000BF90428EAD16168314A63691160069A36
:100EB000CDE90032DDE90823A06800F01DF9054600
:100EC0003FE00369082BD9D14569042DD6D1002113
:100ED000406808AA07F0F0F80828CFD12B46012176
:100EE000606806AA07F0E8F80428C7D16168204ABC
:100EF000236A116005AACDE90132069B0093A06820
:100F0000DDE9082300F070F9D9E70369082BB5D1B2
:100F1000076A0C2FB2D10021406806AA07F0CCF86E
:100F20000828ABD1DDE9062308AE0096A06800F0E2
:100F3000DFF9054628B901463B463246606807F0AE
:100F4000C5F828460DB0F0BD0369082B96D10021E5
:100F5000406808AA07F0B0F808288FD1DDE9082317
:100F6000A06800F0D7F9AAE76FF08505E9E700BFB0
:100F7000C0850020024603480B460068012107F0A7
:100F80009BB800BFC0850020024603480B4600689E
:100F9000002107F09BB800BFC08500201FB5CDE938
:100FA0000201084301921BD004220F480DEB0201FD
:100FB0000DF091FC08220D480DEB02010DF08BFCA9
:100FC00001980B4BDFF82CC00B4AB0F5807F08BFAF
:100FD0009C460549604600F00BFF05B05DF804FB38
:100FE0006FF08600F9E700BFD4AA0020D8AA00203D
:100FF000D4870020EC870020048A002030B5364BCF
:1010000085B09D6AA8470369042B23D1A847334CB8
:101010008368A360A847037D01A8237604F0CEFF70
:10102000C0B9019BA26863609DF80C302146534310
:10103000029A2B48B2FBF3F222822A4AE36000F0C4
:101040007DFEB0B9264800F0B7FE30B9A847036965
:10105000042B10D06FF080000BE0234811F0ACFBA4
:101060001F4800F0C3FE20B91D4800F0A5FE00286F
:10107000ECD005B030BDA8471C4C8368A360A847DE
:10108000037D01A8237604F08BFF0028E2D1019BA9
:10109000A26863609DF80C3021465343029A1448BD
:1010A000B2FBF3F222820F4AE36000F047FE002811
:1010B000DFD10F4800F080FE0028DAD00D4811F093
:1010C0007BFB0B4800F092FE0028D2D1084805B007
:1010D000BDE8304000F070BED87D00009C190020B3
:1010E000EC870020F82C00004C2D00008019002017
:1010F000D4870020722D00002DE9FF471946DDE955
:101100000C5452EA01030746104632D0072C5CD833
:10111000B7F5807F02D0B5F5007F2AD83A46FFF7B1
:101120003DFF30B92A4B9B68D90705D56FF0840085
:1011300021E010F18C0F1ED14FF00008DFF89090E5
:1011400044F44034234EDFF890A0C9F80450C9F8A5
:101150000840B5F5007F2C4628BF4FF400741F48A7
:101160002146FFF707FFB7F5807F2BD0B8F1000FBE
:1011700004D06FF0860004B0BDE8F0874FF404732C
:101180000122CDE9004ACDE9023215490C22134B68
:101190000F4800F0CCFC0028EDD153461148CDE9B2
:1011A00000830B4A23460E4900F044FE0028E2D19A
:1011B000D9F808302D1B23F44033C9F80830A04477
:1011C000C7D1D8E73046054BE9E76FF08500D2E795
:1011D000048A0020D4870020C485002004880020D1
:1011E000D4AA0020EC8700202DE9FF471946DDE94D
:1011F0000C6A52EA01038046DDF83890104605D1AA
:101200006FF08604204604B0BDE8F087B8F5807F13
:1012100004D006EB0A03B3F5007FF1D84246FFF78E
:10122000BDFE04460028EDD12B4F3D68B542E7D303
:10123000AD1B554528BF5546B8F5807FC9F800500D
:101240001DD1DFF89880B5F5007F2F4628BF4FF4F9
:10125000007733463A4622492248CDF8008000F014
:1012600002FF20B10023C9F800300446CAE739461E
:101270004046FFF789FEED1B3E44E4D1C2E77B68A0
:10128000B3F5047F25D8DFF860A00346CDF800A0B1
:101290003A681349154800F0E6FE10B1C9F800405D
:1012A000E3E74FF40073DFF8348003940293CDF842
:1012B00004803B680C22009338465346084900F0EE
:1012C00036FC0028EAD1294608EB0600FFF75CFE51
:1012D00098E76FF0890495E7048A002004880020CD
:1012E000D4AA0020D4870020C4850020EC870020E9
:1012F00038B50546194610462A46049CFFF74EFEAF
:1013000028B9034B1A689B68C4E90022A36038BD62
:10131000048A002010B50446194610462246FFF7FD
:101320003DFE80B9084B9B68DB070AD40748084B91
:101330000849B4F5807F18BF1846BDE8104000F09A
:1013400082BE6FF0840010BD048A0020D487002084
:10135000EC870020D4AA0020F8B51D460368044697
:101360005B680E46174698470B4BC0F3410013F8D5
:10137000202063680699E0681D442368B1FBF2F2FF
:1013800000FB065039469B6998470028B4BF6FF0B0
:1013900091000020F8BD00BF0C2D00002DE9F74F93
:1013A0000C9C07469246002C55D0C26840681E1817
:1013B0003B6802FB01665B689847284BC0F341001D
:1013C00013F82080B6FBF8F908FB09F94E4540D028
:1013D0003B680DF1040B0122594648465B6998476A
:1013E000002804DA6FF0910003B0BDE8F08FA6EB9F
:1013F0000901621890458EBF2546A8EB06054D44AD
:101400002A46504659440DF066FA641B1FD04445E5
:101410000FD3B4FBF8F93B684A465B690AEB050158
:10142000A81998470028DDDB08FB09F3E41A0ED061
:101430001D443B6801225B6901A970199847002887
:10144000D0DB224601A90AEB05000DF044FA00208A
:10145000CAE70025DBE72046C6E700BF0C2D0000E9
:1014600008B5FFF765FA40B9FFF7DCFCFFF7E6FCCB
:1014700018B9BDE8084008F0AFB908BD134640F2FE
:1014800009522DE9F04F0026D0F8008089B0B8F855
:1014900028B0074693450D46059618D10A6883681B
:1014A0002AB96FF08004204609B0BDE8F08F496882
:1014B0000329F6D9002BF4D0C1680129F1D9D8F855
:1014C00004101888FFF7CEFA10600024EBE70DF146
:1014D00018094846D3E9002100F01CFBBBF5A06FBA
:1014E00013D12B1D03936B6802932B680193FB6848
:1014F0000093BB68D8F8042099E8030007F090FF38
:1015000004460028CFD06E60CDE740F201539B45E2
:101510000FD12B1D03936B6802932B680193FB681B
:101520000093BB68D8F8042099E8030007F0FCFC9E
:10153000E6E7ABF2025A1FFA8AF3012B19D82E689C
:10154000002EAED06B68032BABD9D8F808303146EB
:101550000120336005AAFFF7F7F90446002CA2D159
:10156000BAF1060F67D8DFE80AF032411E2B495462
:1015700061000120D8F8081005AAFFF747FAABF27E
:101580000753012B0446E9D82E68002E89D06B68DA
:10159000032B86D9D8F8083033600028E0D0BBF59B
:1015A000A16F92D07FE705982B1DD5E900120EF0B0
:1015B000AEFA044600283FF476AF00236B6072E772
:1015C0000598D7E902120DF079FF04466BE7D8F8C9
:1015D0000430059899E806000DF058FF04460028ED
:1015E0003FF473AF3046FFF7E3F95CE7D8F8043017
:1015F000059899E806000DF055FFEFE72B1D0193C4
:101600006B68059800932B68D7E902120DF074FF00
:10161000CFE7059805F10C03D5E902120DF086FF1E
:1016200004460028DED00023EB603CE705980DF06F
:101630001FFF0446D6E76FF0850434E72DE9F04F2D
:101640000027D0F8009089B0B9F828B00DF118083B
:1016500006460D46D2E900214046059700F05AFAA9
:10166000BBF5806F15D12B1D03936B6802932B681C
:101670000193F3680093B368D9F8042098E8030055
:101680000DF0B7FE044600B16F60204609B0BDE81A
:10169000F08F40F201439B450ED173690293336989
:1016A0000193F3680093B368D9F8042098E8030025
:1016B0000DF0B4FE0446E8E7ABF2024A1FFA8AF3E3
:1016C000012B1AD82F6817B96FF08004DDE76B681B
:1016D000032BF9D9D9F80830394602203B6005AA16
:1016E000FFF732F90446002CCFD1BAF1050F59D8D3
:1016F000DFE80AF01F2D353B49530220D9F80810C6
:1017000005AAFFF783F9ABF20543022B0446EAD89A
:101710002F68002FD8D06B68032BD5D9D9F80830A3
:101720003B600028E1D040F207439B45ADD1002447
:10173000ABE7D9F80430059898E806000DF0E8FD0D
:1017400004460028F3D03846FFF732F99DE7D9F870
:101750000430059898E806000DF0E6FDF0E70598DE
:10176000D6E902120DF0ECFDA4E7059805F10C0393
:10177000D5E902120DF0F6FD044608B90024E2E7AF
:101780000023EB6081E70598D6E902120DF017FE01
:10179000044600287FF479AFF0E705980DF05CFD72
:1017A0000446D0E76FF085046FE72DE9F04F4FF066
:1017B000000807688DB0B7F828B00DF12809064673
:1017C0000D46D2E900214846CDF8248000F0A2F968
:1017D000BBF5C06F1ED12B1D07936B6806932B685A
:1017E0000593F3680493B3680393736902933369B1
:1017F00001937B6A00937A6807F1140399E8030068
:101800000DF0AEFE044608B1C5F8048020460DB0C8
:10181000BDE8F08F40F201639B4517D12B1D079364
:101820006B6806932B680593F3680493B36803937E
:1018300073690293336901937B6A00937A6807F1B5
:10184000140399E803000DF0D7FEDBE7ABF2026A60
:101850001FFA8AF3012B20D8D5F80080B8F1000FC9
:1018600002D16FF08004D1E76B68032BF9D9BB6814
:1018700041460520C8F8003009AAFFF765F804467C
:10188000002CC3D1BAF1090F00F29080DFE80AF012
:101890002330525F66776C377D4D0520B96809AA01
:1018A000FFF7B4F86FF4C1635B44022B0446E7D83A
:1018B000D5F80080B8F1000FD3D06B68032BD0D9D6
:1018C000BB68C8F800300028DCD040F20B639B45B1
:1018D0009CD100249AE77B68099899E806000DF0EE
:1018E000E6FE04460028F4D04046FFF761F88DE795
:1018F0007B68099899E806000DF0E5FEF1E705F12F
:101900000C030293EB6809980193AB680093D5E947
:10191000041205F114030DF075FF044608B9002404
:10192000E2E70023EB606B6170E709980DF0B0FE11
:101930000446D9E709982B1DD5E900120EF02AF9C3
:10194000044600283FF462AF00236B605EE709980D
:10195000D6E902120DF0C3FE044657E70998D7E90D
:1019600003120DF0DFFEF7E72B1D01936B6809985A
:1019700000932B68D6E902120DF018FFE0E70998F2
:10198000D6E902120DF0EAFEE6E7F3680998019342
:10199000B3680093D5E9021205F10C030DF064FF62
:1019A00004460028BBD00023EB602FE76FF08504CE
:1019B0002CE76FF0850070476FF0850070472DE9C8
:1019C000F0418EB003ACD0F8008006460D461746B5
:1019D000D2E90021204600F09DF840F20322B8F839
:1019E0002830934203D0A3F50273012B0ED8B168BF
:1019F00011B96FF080043CE0F2681C2AF9D107A805
:101A00000CF069FF786807A900F087F8B8F828306B
:101A1000A3F50073092B72D8DFE803F01A71710582
:101A2000142F3D464B63D6E904122E68002EE0D0F9
:101A30006B68032BDDD9234607A807F035F9044668
:101A4000039B4CE094E8030007F0EAF8044610E03A
:101A500094E8030007AA2E680DF0FCF92B680446F1
:101A6000002BC6D06A681C2AC3D8304607A90CF0E0
:101A700032FF20460EB0BDE8F0812B1D0093D5E962
:101A8000002394E803000DF01FFA04460028F0D06C
:101A900000236B60EDE72B1D0093D5E9002394E84C
:101AA00003000DF03AFAF0E794E803000EF057F95E
:101AB000CCE7002205A811462E6800F02BF82B6811
:101AC000002B96D06B68032B93D994E8030005ABE9
:101AD00007AA0DF050FA04460028CAD1059B3360CE
:101AE000C7E72E68002E84D06B68032B81D921466E
:101AF00007A807F045FD04460028A1D0B9E76FF01C
:101B00008504B6E7D1E9000107F078BC0FB40020E6
:101B100004B07047C0E900217047886170476FF0DA
:101B2000850070476FF085007047FFF767BA2DE9B1
:101B3000F04F1546182204468DB00E460DEB0200FC
:101B400000219846169F9DF864A00CF0E9FE24B988
:101B50006FF086000DB0BDE8F08FBAF1000F28D10C
:101B600023680493238904F10C090593F6B12A46EE
:101B7000314648460CF0AFFE042205A909EB0500EA
:101B80000CF0A9FE281D042204A948440CF0A3FE71
:101B900004F1200BBAF1000F0DD00C21584603F0D0
:101BA00069F940B14CF2DA239842D1D06FF083004A
:101BB000D0E73B46D5E70C230B931423CDE906650C
:101BC0000993CDF828B0CDF8209004F12C03BAF198
:101BD000000F0ED01022CDE90132189B3A46009337
:101BE0004146179B06A804F068F90028DAD167601F
:101BF0000CE0189A41460292179A06A80192102208
:101C000000923A4604F06BF90028CBD10020A1E7FE
:101C100008B5036800209B689847002818BF6FF03C
:101C2000910008BD0020704770B504460E4600259F
:101C3000E368AB4201D8002070BD606806FB03007A
:101C400023682844DB69984710B9A3681D44EFE76F
:101C50006FF09100F0E72DE9F04F036895B005AA09
:101C600004460E46D3F80C8000F022FC00285FD119
:101C70000AA800F021FF014600285CD1DDE9057AC1
:101C80003C2205A8089D0CF04BFE3146204605AAD3
:101C900000F062FD00284BD1834681462368DB8A31
:101CA0005B4515D8002D35D12946204602AA00F003
:101CB0008FFC00283CD12946204602AA00F0AEFE47
:101CC000B0BB204600F093FE78B36FF083002FE0A6
:101CD000B3451CD05946204605AA00F0E9FB38BBA5
:101CE000059BBB420DD10AA800F0E6FE48B9069B51
:101CF000534506D9984528BF98465B1B0693089B19
:101D000099445946204605AA00F026FD80B90BF1FA
:101D1000010BC3E743462A4639462046CDE900A9D0
:101D200000F0C2F920B9002FCBD1204600F0ABFB68
:101D300015B0BDE8F08F6FF08B00F9E7F8B50D46F0
:101D40001746064678B371B36AB33C200B8ACA685B
:101D5000C98A012B00FB01F112D9032B10D0022BF1
:101D6000A88A23D1A2F114035B1A834234BF6FF017
:101D700086040024824201D26FF08604012302E02F
:101D80006FF08604023B0C20083100FB03118A42ED
:101D900009D344B91822214630460CF0C1FDC6E9EA
:101DA00000572046F8BD6FF08604FAE7824234BF40
:101DB0006FF086040024E5E737B5054600F0BBFD6B
:101DC000044658B94FF08071284601AA00F0E2FBA2
:101DD00038B928460199FFF73EFF0446204603B074
:101DE00030BD10F18C0F18BF0446F7E700F0C6BCF9
:101DF00030B591B0144601AB6A4600F098FB054639
:101E0000A8B9049B0C226360039B09A92360BDF859
:101E1000143004F12000A3600CF05DFD10220CA929
:101E200004F12C000CF057FD284611B030BD6FF0C6
:101E30008B05F9E72DE9F04399B00DF1240804462C
:101E40008946154600213C2240461F46209E0CF044
:101E500067FD4FF6FF73CDE9043325B96FF08600B7
:101E600019B0BDE8F083AB68B3F1807FF6D2236888
:101E700049465A8A6B682046013B1344524213403C
:101E80006B6004AA434600F052FB002840F09380A8
:101E9000AB6804999A0306D50C9AD5F804C062453C
:101EA0007BD10B900D9305914FF6FF73059A9A42E3
:101EB00040F08A8021686B68898A8B42CED806A957
:101EC000CDE9028105A90191A968204600910499F4
:101ED0008A1A18BF0122494600F0D9FB0028BFD159
:101EE000002F79D12046099906AA00F097FD002815
:101EF0005ED10C2205F1200111A80CF0ECFC10229F
:101F000005F12C0114A80CF0E6FC05994246204688
:101F100000F022FC014600284AD1DDE904539D422D
:101F200028BF1D4620462A4600F0EEFC00283FD17F
:101F30004FF6FF72049B93420FD0059A93420CD048
:101F40009A4238BF1A462046691C00F0DDFC78BB77
:101F5000DDE904539D4238BF1D4623682046DA8AD6
:101F6000691C00F0D1FC18BB099B002B65D1002F28
:101F700063D0204600F087FA00287FF471AF4FF657
:101F8000FF73049999423FF46BAF059B99423FF46C
:101F900067AF2046FFF75FFE62E70D9B424643F0C6
:101FA000807320460D9300F0D7FB00283FF47CAFF0
:101FB0006FF0830054E710F18C0F7FF451AFAB68E2
:101FC000DB037FF54DAF6FE72046099906AA00F0C5
:101FD000FFFA002884D0EBE723685B8A5A1E32425E
:101FE000E6D107F1FF3999445B4209EA03090B9BEB
:101FF0009E42DDD84A4631460C9800F051FD00283B
:10200000D6D1219B4246CDE900932046334606A90E
:1020100000F0C0F80028CBD10B9B3E449E420999AA
:10202000204688BF0B96069E00F028FA314606909F
:10203000099A204600F08DFB54E7204600F0D7FCBB
:10204000002896D0B4E713B5002301AA044600F097
:102050006EFA28B920460199FFF7FDFD02B010BDC8
:102060006FF08B00FAE770B592B015461C4602AAD5
:1020700003AB064600F05BFA98B92A46214605985C
:1020800000F00EFD58B9169B2246009330462B46B1
:1020900003A900F05EF8002818BF6FF0830012B0AB
:1020A00070BD6FF08B00FAE72DE9F04786B0164659
:1020B000DDE90E9703AA054688469A4600F088FA9D
:1020C000044698B9059B414633442846059300F0E1
:1020D000D5F906467FB101464A462846CDE900A714
:1020E000039B00F0E3FB28B16FF08304204606B0A9
:1020F000BDE8F0870127049A4A450BD2A9EB0203F9
:10210000CDE9002331462846039B00F0CFFB002891
:10211000EAD1012742462846039900F01AFB4146BE
:10212000284603AA039600F079FC044628B14246EB
:102130003146284600F00DFBD8E7B8F1000FD5D0A6
:10214000002FD3D06B683146DB6828689847044677
:10215000CCE72DE9FF410D461646096801AA044661
:102160001F46DDF8288000F033FA70B901994B1C46
:102170000BD062686B680A9755684246AC46206887
:10218000334404B0BDE8F04160476FF0830004B011
:10219000BDE8F0812DE9F3471546DDE90AA90F46B0
:1021A00098461168044600F069F96B687A689844AB
:1021B000A8EB0203CDE90023064601463B68204612
:1021C00000F074FB20BB6368CDF800A0D3F808A032
:1021D0004A46434631462068D047C8B9EB686A682A
:1021E000B9681A4423682046DB685B1A9B1ACDE95C
:1021F000002331463B6800F059FB48B92B683BB1DE
:10220000314663682068DB6802B0BDE8F0471847D4
:1022100002B0BDE8F08713B50C2404FB01F341685C
:1022200000948C68083341690068A04702B010BD73
:10223000436810B5416904461B690068984750B966
:1022400023681A8A022A06D96268A1681846BDE87E
:1022500010401269104710BD008A022814BF0338CD
:102260000020704708B5FFF7F7FF0C233C2200FB66
:10227000033302FB0130083008BD2DE9F04F002484
:1022800005460F46904626464FF00C0993B0D5F808
:1022900000A05046FFF7E0FF013086420ED3002633
:1022A0004FF03C09D5F800A0BAF816309E421DD375
:1022B000002088F8004013B0BDE8F08F09FB06F35A
:1022C0006A68CDF80090D2F804B039465046083319
:1022D00003AAD8470028EED103AB13F8012B013035
:1022E0000C2884EA0204F8D10136D0E76B68314645
:1022F0005046D3F804B0FFF7B5FF39460346CDF892
:102300000090504603AAD8470028D4D103AB13F855
:10231000012B01303C2884EA0204F8D10136C1E7E0
:1023200037B5837B01685A1CD2B28273097E04469A
:102330009142416904BF02338373012900F10D0208
:102340000DD8FFF79AFF40B90822636800929D6894
:1023500061690346A2182068A84703B030BD6FF03A
:102360008600FAE713B50C46114622790346012A86
:1023700009D1036862791B7E9A420CBF6FF083001B
:10238000002002B010BD022A04D11B68A2791B7E76
:102390009A4202D16FF08300F3E701290DD80DF1C5
:1023A0000702FFF76AFF0028EBD162799DF807303A
:1023B0009A4218BF6FF09100E3E76FF08600E0E704
:1023C0000822F0B5436887B000925C6800236A4435
:1023D000054619460068A0470246002834D000266A
:1023E0004FF0FF3408226B6800925F6801210023E0
:1023F000286804AAB847002839D10122284604A930
:10240000FFF7B0FF002832D1002E35D02B689DF8A1
:1024100016201B7E9DF80E10B3FA83F35B099342DE
:102420001BD1002A0CBF01230223994203D1914200
:102430002CBF0026012634462C61B4FA84F4002017
:1024400064096C6107B0F0BD284602A9FFF78AFF56
:1024500004460028C3D10126C4E78B42E7D1002BF4
:102460000CBF012302239342E1D00646E3E7002E8E
:10247000E2D16FF08300E5E70124DDE709B94069A7
:1024800070478068704710B50446FFF749FF70B980
:1024900063686169DB682068984740B9D4E9042320
:1024A0002046C4E90432BDE81040FFF7C1BE10BDAC
:1024B0002DE9F3410668054630461446FFF7D2FE83
:1024C0003C216A68009103465768304622462969D4
:1024D000B847064640B92868FFF7BEFE23680130BA
:1024E000834205D36FF09706304602B0BDE8F08115
:1024F00004F1140000F0E0FA0028F5D12D68E76837
:10250000AB8A9F42EED8A3689F42EBD3D4E9003850
:102510002BB92846E98AFFF7A5FE4045E2D83A469E
:102520004146E86800F0BCFA0028DDD0DAE72DE982
:10253000F0430746884691461C46002591B03B680B
:10254000DB8AAB4202D86FF08B061AE02946384688
:1025500001AAFFF7ADFFD0B90C22414606A810F042
:10256000D3F8064688B9C9F8005054B101AD0FCD73
:102570000FC40FCD0FC40FCD0FC495E8070084E83A
:102580000700304611B0BDE8F0830135D7E76FF0A2
:102590008306F6E7F0B505460E461746002491B0CF
:1025A0002B68DB8AA34202D86FF08B0009E021463A
:1025B000284601AAFFF77CFF38B9059B1E4202D0CE
:1025C0003C6011B0F0BD0134EAE76FF08300F8E73A
:1025D00073B506460C2000FB01F3716800904C684F
:1025E0003068316908331546A047044630B933686E
:1025F00029681A8A914204D36FF09704204602B0EA
:1026000070BDD868D5E9011200F04AFA04460028E6
:10261000F2D12B68012B03D83068C18AFFF722FE64
:102620006B688342EAD0E7E7F7B50C2606FB01F3B7
:10263000416800964F6808330169054600681446F2
:10264000B847034630B92B6821681A8A914204D3EF
:102650006FF09703184603B0F0BDD868D4E90112B3
:1026600000F01EFA03460028F2D12268012A0AD897
:102670002A681046FFF7F0FDD18A3C22514300FB47
:1026800006660831881962688242E3D0E0E72DE9E6
:10269000F04F06468B4691469846002791B0DDE9FB
:1026A0001C5A3068FFF7D8FD0130874202D36FF023
:1026B0008D0421E0524639463046FFF789FF044633
:1026C000002835D1DAF8082090452FD833685946CC
:1026D000DB682F609B1A6B600C22C5F80C8005F13B
:1026E00014000CF0F8F81A9BAC602B61DAF8083093
:1026F000A3EB0803CAF8083000253368DB8A9D4243
:1027000005D22946304601AAFFF7D2FE98B14FF60E
:10271000FF751B9B1D60CCB94FF6FF739D4208BF30
:102720006FF08D04204611B0BDE8F08F0137B8E797
:102730006FF08304E0E706A800F0BEF920B1B9F11C
:10274000000FE6D14FF001090135D6E76FF08D0497
:10275000E8E702B181607047F7B506680446304685
:102760001546FFF77FFD3C2162680091034697689C
:1027700030462A466169B84703B0F0BDF0B593B062
:102780000546FFF71DFE002861D16E696B68314672
:102790001B69286898470446002878D1B6FA86F164
:1027A0006B6828681B6949099847044600286ED160
:1027B0002E680127337EB3FA83F35B09AB73338A48
:1027C000C5E90407022B14BF02230123AB600223D7
:1027D0002B73F18A3046FFF745FDF36821461B1A3B
:1027E00001906A46284602930097FFF714FD0446BD
:1027F00000284CD106462B680190DB6802932B68B9
:102800001846FFF729FDB04223D8002C4BD12B6886
:102810001846FFF721FDA04228D83C22002103A83A
:102820000CF07EF800242B68DB8AA34232D82846BD
:10283000FFF776FD48BB6B686969DB6828689847D5
:10284000044620BBD5E90423C5E904321FE0002675
:102850009CE7198A6A68022914BF032100211846DF
:1028600031441269904701360443C8E71B8A6A461F
:10287000022B14BF0323002323440134214628469E
:102880000093FFF7C8FC0028C1D06FF083042046F6
:1028900013B0F0BD2146284603AAFFF75DFF0028CC
:1028A000F3D10134BFE76FF09104F0E72DE9F04F69
:1028B0000446884616469946C3B0DDE94CA51DB9C5
:1028C000284643B0BDE8F08FB5F5807F2F4628BF7E
:1028D0004FF4807763680097D3F804B049465346B5
:1028E000206802AAD8470028EBD163680097D3F884
:1028F00008B041463346206802AAD8470028E0D1F4
:102900003E44BA44ED1BDAE7F7B50768044638469B
:102910001646FFF7A7FC314605463846FFF7A2FCEE
:10292000401BCDE900502A46204623696169FFF724
:10293000BDFF03B0F0BD2DE9F041436805461B68BB
:10294000006886B09847044628B92846FFF738FD46
:1029500028B16FF08304204606B0BDE8F081082658
:102960006B6805F108070096D3F804803A462346C1
:1029700029692868C0470028EBD1394628462A69CA
:10298000FFF7F0FC0028E4D12846FFF751FC04468D
:102990000028DED12B7B012B24D1014603AA284637
:1029A000FFF742FE04460028D5D1059B2A68C3F1F3
:1029B000FF23D26803F57F03F8331344CDE90063A6
:1029C000324628462B696969FFF770FF04460028E4
:1029D000C1D16B7B2846AB7302232B73FFF753FDEA
:1029E0000446B8E7022B18BF6FF08304B3E710B5B5
:1029F00086B0002103AA0446FFF7EAFD60B920680B
:102A0000049A059BD118C36820465B1ACDE90023C0
:102A1000D4E90431FFF74AFF06B010BDF0B5044613
:102A20000D4687B009B94369136029462046FFF770
:102A3000F2FB0146D0B9D4E904768DB90C2200210D
:102A400020685543FFF70EFC1435401BCDE90050BC
:102A50003B462A4631462046FFF728FF07B0F0BD27
:102A6000204603AAFFF7B4FD014610B16FF08300C2
:102A7000F4E7204603AA0396FFF7CDFB0028F5D123
:102A8000012DDBD00C2314226B430C3B0193314608
:102A90003B4620460092FFF709FF0028CED0DDE735
:102AA000814206D8401A904234BF6FF08600002061
:102AB00070476FF08600704700F10C0310F8012B8F
:102AC00022B99842FAD16FF08B007047002070470E
:102AD0002DE9F04103680446A3F2F233A6B0032BBC
:102AE00000F2FD80DFE803F00D029195042200F171
:102AF000200353F8040D1146013A002852D00A462B
:102B000052E000230421169300F1200353F8040D32
:102B10000A46013908B1114601E00029F6D1042224
:102B200004F1300353F8045D1046013A0DB102463A
:102B300001E0002AF6D12369042B03D0012026B03E
:102B4000BDE8F081206A0428F8D80129F6D1012ACD
:102B5000F4D10021606806AA05F0AEFA0428EDD190
:102B6000A368002B16DB00220699A06803F0A2FAE6
:102B70000028E3D1216A069816AA03F050FA054608
:102B80000028DBD1236A16AA0021606805F09EFAAE
:102B90002846D4E7069806A903F0A1FA0028E2D057
:102BA0000220CCE7002AA4D1042104F1300353F819
:102BB000045D084601390DB1014601E00029F6D156
:102BC0002369042BBAD1012AB8D10029B6D1606893
:102BD00016AA05F071FA0428B0D1A368002B0DDB0A
:102BE00000221699A06803F065FA0028A6D116986D
:102BF00003F04DFA003818BF0120A0E7169816A977
:102C000003F06DFA0028EBD0CAE702F0B9FA002011
:102C100095E7002504260DF1180840222946404674
:102C200016AFCDE90255CDE904550BF079FE4022EF
:102C3000294638460BF074FE019504F1200353F841
:102C4000041D3246013E59B133461646042504F1AF
:102C5000300252F8040D2946013D30B10D4606E020
:102C6000002EECD14FF0FF33F0E7002DF1D12B43D4
:102C7000012B02D96FF0800061E704230021606816
:102C80000DEB030205F018FA0428F3D1022E1FD130
:102C90006669402E20D8334642460121606805F01F
:102CA0000BFA8642E6D1CDE9028602A995B1236AE4
:102CB000402BDFD8CDE9047304AE3246019803F00F
:102CC00031F90546002E3FF463AFDDE904235BE7ED
:102CD0000021EBE72E46F0E76FF089002FE76FF059
:102CE00085002CE708B503F098F9002814BF6FF0B1
:102CF0009200002008BD0000111C00009D13000080
:102D000059130000251C0000291C000001000000D0
:102D100002000000040000000A5B43727970746FC7
:102D20005D20556E737570706F7274656420726586
:102D30007175657374210A0054462D5053412D431B
:102D4000727970746F20312E312E30003C437265E1
:102D50006174696E6720616E20656D7074792049B9
:102D6000545320666C617368206C61796F75742EA2
:102D70000A003C4372656174696E6720616E20656C
:102D80006D70747920505320666C617368206C619B
:102D9000796F75742E0A000001680E4A034691424D
:102DA00015D1C169A2F11022A2F1EF1291420ED108
:102DB0008268012A0BD8C26812B101698A4206D022
:102DC000586928B19B691B1A584258417047012025
:102DD000704700BF55AA00FF0E4B70B59E68B6B194
:102DE0003046FFF7D9FF044618B9F3687BB9356957
:102DF0000DB9204670BD2846FFF7CEFF28B9EB6815
:102E0000B34204D12E462D69F2E70446F1E70124CE
:102E1000EFE700BFE0AA0020394A2DE9F04114682D
:102E2000D4B19468C4B1002868D0002966D001FBF1
:102E300000F5B5FBF0F0884260D1281D5ED8A907E7
:102E40000DD025F003010431D46803E060688842A6
:102E500007D2A469002CF9D12046BDE8F0812946AB
:102E6000F2E7D4F80880B8F1000F02D001200BF08F
:102E70002FFD401A232804F12006D4E9057C1BD835
:102E80000123A360AFB1C7F818C0A36903B15F61A4
:102E90000023C4E905331369DB0703D5FFF79CFF63
:102EA0000028E3D12A460021304634460BF038FD95
:102EB000D2E7C2F80CC0E8E701F1200E04EB0E03E4
:102EC0002038C3E901082069DFF83880DC60186128
:102ED00044F80E80DFF830E0C3F81CE000B1C360B6
:102EE000C3E9057C47B1BB61986900B1436101202A
:102EF0002361C4E90110CBE7D360F5E70024ABE719
:102F0000E0AA002055AA00FF669911EEF8B5054623
:102F100000285DD0394F3B68002B59D0BA68002A91
:102F200056D0834203D87A681344984202D30120D2
:102F30000BF0CEFCA0F120042046FFF72DFF002867
:102F4000F5D155F8183C012BF1D155F8146C45F822
:102F5000180CB6B1B368002B3BD155F81C3C03F1FB
:102F6000200273681344736055F8103C336103B159
:102F7000DE602046202200210BF0D2FC234634469E
:102F80001E462069002830D08368002B2DD163684D
:102F900042682033134463600369D4E90521236147
:102FA000CAB9F1B9426981696261A161DAB194611A
:102FB000A26902B1546103B1DC60202200210BF050
:102FC000AFFC3B699B0703D5FFF706FF0028AED196
:102FD000F8BD0646D5E79161A1690029E2D04A61B2
:102FE000E0E7F960F8E7FC60E2E7002EE9D1FB6872
:102FF000A36103B15C61FC60E3E700BFE0AA0020CD
:1030000038B50D4614220021044612480BF088FC06
:103010001149124805F05AF9232D1AD914F0030367
:103020001FBF043DED18C3F10403E4182A46002134
:1030300020460BF075FC074B094AC3E900459C602C
:103040002260A2F11022203DA2F1EF126560E26140
:10305000DC6038BDE0AA00200D2F0000192E000012
:1030600055AA00FF00000000000000000000000062
:103070000000000000000000000000000000000050
:1030800008B54FF4CC7200210D480BF049FC4FF409
:1030900080730B498B6108A3D3E90023C1E90423A2
:1030A0000123A1F8903181F82830BDE8084000F0F4
:1030B000DFBA00BFAFF3008000BD40DFE143E14E67
:1030C000C810002000000000002230B54C4C89B030
:1030D00002AD04904FF4C87301200021CDE90045F2
:1030E000CDE906220394ADF814200BF0DFF810B1FF
:1030F00001238DF81430049B0022009302204FF42A
:10310000C873002101950BF0D1F810B101238DF89F
:1031100015304FF4807238A1D1E90001039BC3E957
:1031200004019A61049BC3E904019A61002006A985
:1031300000F035FE002858D12946012000F02FFE6E
:10314000002852D1022007A900F029FE00284CD106
:10315000079A029B9A429DF8143018BF0790012BE2
:1031600003D0002003A900F06BFD9DF81530012B62
:1031700003D0012003A900F063FD039B049993F899
:103180002830012B1CBF01238DF8143091F8283012
:10319000012B1CBF01238DF8153040F20113BDF83F
:1031A00014209A4225D09DF81430012B07D14FF4FA
:1031B000C8721348A4F890310BF08DFB07E09DF81E
:1031C0001530022B13D04FF48073A4F8903194F88B
:1031D0009101002101300BF0B9F810B110F18C0F02
:1031E00003D1074800F0BAFB002009B030BD01232D
:1031F000DDE76FF08300F8E700BD40DFE143E14E1B
:10320000C81000206FF47A72F0B5474B8DB018608B
:10321000036804461344042B08D8DFE803F00327AF
:103220004867770003698668082B02D06FF0800535
:1032300059E08569042DF9D10021406808AA04F0FD
:103240003BFF0828F2D12B460221606806AA04F051
:1032500033FF0428EAD1069B30460193636900934B
:10326000DDE9082300F09AFC05463CE00369082BE1
:10327000DCD14569042DD9D10021406808AA04F0A9
:103280001BFF0828D2D12B460121606805AA04F053
:1032900013FF0428CAD106AB0293236A0193059B4E
:1032A0000093A068DDE9082300F08FFCDCE70369E8
:1032B000082BBBD1076A0C2FB8D10021406806AAA1
:1032C00004F0FAFE0828B1D1DDE9062308AE009625
:1032D000A06800F08EFC054628B901463B46324600
:1032E000606804F0F3FE28460DB0F0BD0369082BBA
:1032F0009CD10021406808AA04F0DEFE082895D180
:10330000DDE90823A06800F084FCADE7056A042D20
:103310008CD100F091FC2B4608900021606808AA2F
:1033200004F0D4FE0025DEE76019002038B5074B15
:1033300002461D680C460B466868012104F0BCFE7D
:10334000844214BF6FF08000002038BD6019002057
:103350000B46044910B40C6802460021606810BC9A
:1033600004F0B4BE6019002008B5074907480FF003
:1033700023FA00F021F830B100F060FC18B9BDE884
:10338000084000F019B808BD00025005E83D0000F3
:1033900038B5084D2B4600F0FFF9044618B9BDE8D2
:1033A000384000F08DBA002128680AF0CFFF20468F
:1033B00038BD00BF6419002008B50448FFF784FE3B
:1033C000024B034A383B536008BD00BFB8080020D9
:1033D000641900202DE9F3471F460023DFF864A09D
:1033E0000193534681468846164600F02BFA044660
:1033F00008BB154DDAF80000294601AAC5E9049872
:10340000AE6100F063FC044678B9AE6ABE4216D3E2
:103410000A9BF61B9E4228BF1E4605F13800314626
:103420003844FFF795FF0B9B1E6040F648020021D1
:1034300005480BF075FA204602B0BDE8F0876FF042
:103440008604F2E764190020800800202DE9F04F7F
:10345000002585B0DDF838A00746BAF5006F0E46A6
:1034600090469B46039571D8DFF8E8904B4600F0F4
:10347000E9F9044600283AD1374DD9F80000294629
:1034800003AAC5E90476C5F8188000F01FFC0446BD
:1034900038BB2B6BDB074ED4C5E90BAB4FF0010BF0
:1034A0005B46D9F8005051462C480193FFF73EFF88
:1034B000044698B9019B2749184600F041F9044693
:1034C00060B9254BD9F800001946C3F828A000F0D0
:1034D00034FC0446F0B10DB1C9F80050BBF1000F47
:1034E0001FD0424638463146FFF752FF19E010F12F
:1034F0008C0F1CD1184C40F64802294620460BF090
:103500000FFAC4E90BAB0223AB46C4E90476C4F856
:103510001880C8E7424638463146FFF739FF04466F
:1035200060B140F6480200210B480BF0F9F9204643
:1035300005B0BDE8F08F6FF08404D2E7002DF0D025
:10354000214628460AF002FF0446EAE76FF08604A7
:10355000EDE700BF6419002080080020B8080020B3
:103560002DE9F3471E460023DFF84CA00193534694
:1035700081468846174600F065F90446B8B90F4DF4
:10358000DAF80000294601AAC5E90498AF6100F005
:103590009DFB044628B9AB6A7360EB6A33602B6B02
:1035A000B36040F64802002104480BF0B9F9204608
:1035B00002B0BDE8F08700BF641900208008002039
:1035C00000232DE9F7431B4F01933B4680460E46EF
:1035D000914600F037F9044620BB174D386829465C
:1035E00001AAC5E90486C5F8189000F06FFB0446EF
:1035F00090B92B6BDB0719D44A464046314600F0A0
:1036000037F9044640B900F05BF9044620B9214679
:1036100038680AF09BFE044640F64802002106483E
:103620000BF07EF9204603B0BDE8F0836FF0840410
:10363000F2E700BF6419002080080020F0B50025E3
:103640000A4CD4E910768E4208BF874205D1A66C99
:10365000964202D100201D60F0BD01350B2D04F112
:103660002004EED16FF08B00F6E700BFC8100020F9
:103670000020F0B5DFB0029000F09DFB02AD0246E5
:10368000C0BB294600F08BFB024698BB2B4E029F25
:10369000304600F06BF9024660BB03AC4FF4B472E5
:1036A00006F128012046C4F868710BF014F94FF4B4
:1036B000B6722146304600F009FA0246D0B996F8B3
:1036C00091714FF4C872009033460021781C0AF0C3
:1036D000CFFD024670B996F8903120602146012056
:1036E000029D86F8913186F8907100F058FB68B120
:1036F0006FF0830210465FB0F0BD012000F05BFB6D
:1037000002460028F6D123680133236023689D42D6
:10371000F3D82146022000F042FB0028E8D12368BC
:103720009D4201D80022E5E7022000F044FB02465A
:103730000028DFD1236801332360F0E7C8100020A0
:1037400070B50D4610B300231C46124AD2E910167C
:10375000314308BF234604F1010408BF00F1FF30E4
:103760000B2C0ED020320028F0D1DC1C204600218A
:103770000AF0ECFD10B110F18C0F01D100202C608B
:1037800070BD0028F1D06FF08D00F9E76FF0860072
:10379000F6E700BFC81000202DE9F0471E460023C1
:1037A0008146884617468AB0244D02AC01930FCD5E
:1037B0000FC495E80F0084E80F003A46484641469A
:1037C00001ABFFF73BFF1E4D824668B9019C2022EA
:1037D00005EB44143034214602A80BF07CF820227B
:1037E000514620460BF09CF833687168DC1E05EBEF
:1037F000431343E9089805EB44131C463034102268
:1038000020469F640BF067F8FFF732FF064688B149
:10381000DDE90632134308D0019B202205EB431556
:1038200002A905F130000BF056F8202200212046B5
:103830000BF076F830460AB0BDE8F087C83D0000CE
:10384000C810002037B51D4601ABFFF7F7FE044650
:1038500048B9019B0549DA1C2A606868102201EB0F
:1038600043110BF038F8204603B030BDF8100020AB
:10387000002330B58BB0019301ABFFF7DFFE0446A8
:10388000C8B9019B0D4D202205EB4315294602A81E
:103890000BF021F82146202228460BF041F8FFF7D3
:1038A000E7FE044620B12022284602A90BF013F8B7
:1038B00020460BB030BD6FF08B04F9E7F810002004
:1038C000034B002193F8910101300AF03FBD00BF86
:1038D000C810002030B589B004460D4618220021DA
:1038E00002A80BF01DF800234FF440710093194B10
:1038F0006846CDE903134FF41053ADF8043080232C
:103900004FF00821ADF806300AF03EFC00BB40F253
:1039100001116846104A0AF0F1FBA0B90C232A46AF
:1039200040F2012168460AF053FC60B9224669461C
:1039300001A80AF075FC30B968460AF003FC38B1FA
:1039400020680AF021FB68460AF0FCFB6FF0830058
:1039500009B030BD0002500502C0FF7F00F11C011C
:103960000C2201480AF0B7BF6C1900201FB50822CD
:10397000184904460DEB02000AF0ADFF0422164977
:103980000DEB02000AF0A7FF029B039A013342F1FC
:103990000002CDE90232134314D008220D480DEB8A
:1039A00002010AF098FF04220B480DEB02010AF015
:1039B00092FF0C22074904F11C000AF08CFF002042
:1039C00004B010BD019B01330193002BE5D16FF0D2
:1039D0008300F5E76C190020741900202DE9F043ED
:1039E000994600238DB00E4609A904469046159FBE
:1039F000179D089300F050F909A908A8FFF76AFF7E
:103A000018BB169BCDE90068CDE90473149B1049DF
:103A1000CDE9029308980C23069504F11C020AF0E4
:103A2000D1FA28B108980AF0AFFA6FF083000CE0E1
:103A30002968102210392960204639440AF04BFFCA
:103A400008980AF0A1FA0028EFD10DB0BDE8F08384
:103A5000000250052DE9F04104461D4600238CB0BC
:103A6000129E0F4609A99046089300F015F92146C9
:103A70001022A8190AF02FFF09A908A8FFF72AFFAA
:103A8000C0B9159B10360693149BCDE902560593D9
:103A9000139BCDE9007804930B490C23089804F19B
:103AA0001C020AF0DDFA0346089833B10AF06CFAFA
:103AB0006FF094000CB0BDE8F0810AF065FA0028C0
:103AC00018BF6FF08300F5E700025005002370B5C2
:103AD0008EB00D460BA9044616460A9300F0DCF89A
:103AE0000BA90AA8FFF7F6FEF0B909AB069310235D
:103AF000CDE90200CDE90443CDE900560C230B4982
:103B00000A9804F11C020AF05DFA03460A9813B9F8
:103B1000099B102B04D00AF037FA6FF0830003E002
:103B20000AF032FA0028F8D10EB070BD000250053C
:103B3000002370B58EB00D460BA9044616460A93B5
:103B400000F0AAF80BA90AA8FFF7C4FEC0B909AB98
:103B5000CDE9050310230490CDE9024304F11C02D2
:103B60000C23CDE900560B490A980AF079FA03466E
:103B7000DDE90920134305D00AF006FA6FF094003E
:103B80000EB070BD0AF000FA002818BF6FF0830075
:103B9000F6E700BF00025005FFF7E6BB30B4194658
:103BA00004461046DDE9022350EA010506D0072B42
:103BB00008D80292224630BCFFF748BC6FF086005E
:103BC00030BC70476FF08500FAE770B419460446C0
:103BD0001046DDE9033250EA0106059D05D0CDE926
:103BE0000325224670BCFFF7F5BB6FF0860070BC62
:103BF0007047194610B40446104650EA0102019B72
:103C000003D0224610BCFFF7ABBC6FF0860010BC9F
:103C10007047194652EA010310B50446104608D011
:103C20002246FFF7CDFC10F1950F08BF6FF083001F
:103C300010BD6FF08600FBE700207047FFF720BA49
:103C4000F0B551F82070DDB0CB6801AD4FF4B4721F
:103C500006460C46284607F128015B930AF03BFE16
:103C60004FF4B67229463846FFF762FF80B12369E8
:103C700083B14FF4B672294638465B93FFF758FF7D
:103C800000280CBF03230123344423725DB0F0BD30
:103C90000223F9E70123F7E71FB5D0E904230C4617
:103CA000CDE90223042283690DEB02012046019332
:103CB0000AF011FE0822201D0DEB02010AF00BFE96
:103CC00004B010BD0F30000901307047F0B5154643
:103CD000002289B005AB019301F11C030F4600934C
:103CE000114640F61C0306460AF0E0FA00BB059CAC
:103CF0000B2C1FD90C3CB4F5016F1BD8204606963F
:103D0000FFF7E0FF07AB286003934FF4026307F16E
:103D10002806CDE90163042233463846009406A9FB
:103D2000FFF798FE10B9079B9C4201D06FF083000B
:103D300009B0F0BD6FF09700FAE72DE9F04186B0C9
:103D40000490064608460D468F6AFFF70FFE0446AC
:103D5000B0B905AA03924FF4026207F1100805F109
:103D60002803CDE9013228460422CDF8008004A9B9
:103D7000FFF734FE10B9059B984505D06FF083041A
:103D8000204606B0BDE8F08121460094304605F19A
:103D90001C0307F11C020AF06BFA0446F0E70A461E
:103DA00008B511B96FF0830008BD04210AF0FCFAD0
:103DB0000028F9D0F6E708B50AF0DEFA002814BFAB
:103DC0006FF08300002008BD00000000000000002C
:103DD00000000000000000000000000000000000E3
:103DE0000000000000000000285B50535D20456E7D
:103DF0006372797074696F6E20616C673A203078F5
:103E000025780A000000000000000000000000000B
:103E100000000000000000000000000000000000A2
:103E2000F82F010000AB002035000000C02F01007A
:103E3000801900200E000000C02F01008008002023
:103E400000000000D4AB0020CC040000B819002012
:103E50005224000080080020400400006008002078
:103E60000800000003689A070CD50368DB070DD52E
:103E70000922074BC3F80C250F22C3F804250122A1
:103E80001A60FEE7034B0360EF3B0360704700BF1F
:103E900000801050F000FA5008B50123314A324832
:103EA000C2F80038A2F55722D2F800242F4AD2F8DF
:103EB0004023292A04BF2E4AC2F80C34FFF7D2FF50
:103EC0000830FFF7CFFF0830FFF7CCFF0830FFF7CF
:103ED000C9FF00F5F470FFF7C5FF264AD2F88C3011
:103EE00043F44063C2F88C300022D30003F57F0313
:103EF00003F54043D3F8001401310AD0D3F800147D
:103F000039B1D3F800140132D3F80434402A0B60DD
:103F1000EBD1194BD3F80026D2071DD4174B154906
:103F2000D3F8182522F00302C3F81825D3F8182572
:103F3000C3F81825D1F88C2042F44062C1F88C20D7
:103F400000220F49C1F8D426C3F8A0250D4AD2F8A3
:103F50000034012BFBD008BD6FF00102C3F800262E
:103F6000DCE700BF0000125000F50E5000C0FF005B
:103F70000030055000ED00E000E0105000E004507B
:103F800000600D50009004507C2201490AF0A3BC4F
:103F9000A0B1002038B51D46344B354C5B68C3F3E7
:103FA00008032360EFF3038363655306C4E901202C
:103FB000E16038D502F00C020C2A08BF0846014621
:103FC000206120222B480AF086FC25B120222946B8
:103FD00029480AF080FC254B9A6AA265D96AE165F6
:103FE000986B206602F400406066586BA06602F091
:103FF0008000E0669A62D962D3F8E4201F48226705
:10400000D3F8E810616702F04001A167C3F8E4202B
:1040100000F044F82168CB1E042B1DD8DFE803F024
:104020000F1416181A00EFF39483990704D5130799
:1040300002D5EFF38980C2E7EFF38880BFE710482D
:10404000BDE8384000F02AB80E48F9E70E48F7E717
:104050000E48F5E70E48F3E70F2992BF0D480E48CA
:104060001039BDE8384000F019B800BF00ED00E09D
:10407000A0B10020B4B10020D4B10020927B000098
:10408000A17B0000AD7B0000BF7B0000CA7B00006D
:10409000D77B0000E57B0000017C00000FB41FB55A
:1040A000012106AB53F8042B05480091002103932E
:1040B00004F026F805B05DF804EB04B0704700BFCB
:1040C000555700000A4B37B51B786BB1094C636933
:1040D000984748B9E56AA847C307FCD4236A019307
:1040E00003B0BDE830401847002003B030BD00BF2A
:1040F00074BE00206C7D000010B50B4C0020A3683E
:10410000984780B902202369984760B94FF4E1319C
:104110000120A46AA04730B901211520A04710B999
:104120000122024B1A7010BD6C7D000074BE00208D
:10413000044B82B0186883B26FF30F00184302B0CB
:10414000704700BFB47D0000014BD86D704700BFC1
:1041500004AB0020014B186E704700BF04AB002079
:1041600008B5024800F0EAFB002008BD04AB0020BF
:10417000F0B5C2B2012A04460B4685B00AD0A2F1BE
:104180001501012900F2D680002B00F0BE8000202E
:1041900005B0F0BD6A4D01AE95E8070086E807005E
:1041A0004DF6C02293427DD028D8B3F5615F7CD014
:1041B00011D8B3F5965F7AD008D8B3F5966F78D05A
:1041C000B3F5166F78D06FF00700E1E7B3F5165F2F
:1041D000F9D15C4B33E047F6122293426FD007D8F7
:1041E000B3F5964F6ED0B3F5E14FECD1564B26E0C8
:1041F000B3F5164FE7D14FF41D0320E0534A934225
:1042000062D011D8B3F5E13F61D007D8B3F5614F63
:1042100060D0B3F5963FD6D14D4B10E0B3F5613F7A
:10422000D1D14FF06C730AE0B3F5612F55D0494AF4
:10423000934255D0B3F5E12FC5D14FF0E86314F4A4
:10424000E06F56D114F4404103D0B1F5804F53D103
:10425000102104F44052B2F5805F44D0B2F5005F03
:1042600044D0002A4BD13C48B0F8940014F44034B8
:1042700003D0B4F5403F45D10124374F8DF80440B9
:104280008DF805208DF80610ADF8080096E80700B7
:1042900085E80700384607F16401C7F88C3001F063
:1042A000BFFB74E74FF46503C9E72C4BC7E72C4B02
:1042B000C5E74FF49E23C2E74FF41D23BFE74FF439
:1042C0000003BCE7274BBAE74FF08063B7E74FF036
:1042D000EB73B4E74FF46B03B1E74FF07063AEE7F5
:1042E0004FF08053ABE700200E22BFE74FF4807001
:1042F000FAE76FF008004BE76FF00A0048E76FF04D
:10430000090045E76FF00B0042E74FF0FF33162A34
:104310000BBF114A104910460F480ABF02F1640151
:1043200041F8643F936601F07BFB10F1100F04D05D
:10433000C0172DE76FF003002AE76FF0010027E7B1
:1043400094AB00200050270000C0750090D00300FF
:1043500000903A0140420F0004AB002000F03A0008
:1043600000B0130000A04E0073B506461B480C4673
:1043700001F092FB194D18B94FF0FF3002B070BD3B
:1043800022463146284601F05EFC10F1100F02D1A2
:104390006FF00100F2E70028EEDB0321284600F071
:1043A0002BFB10F1100FF3D00028E5DB0023019365
:1043B000284601A901F0F0FC10F1100FF8D0783078
:1043C000DAD0019B9C42D7D801220448114601F063
:1043D000E1FC0028D0DB00202C66CFE704AB0020F6
:1043E000F0B51B4E054691B030460C4601F054FB2B
:1043F00018B94FF0FF3011B0F0BD05F06043B3F1D4
:10440000005F20D1002322462946304601F04AFBB6
:1044100010F1100F19D00028EBDBF46511E0A71B99
:10442000402F28BF4027A9193A4668460AF053FA98
:1044300039466846FFF7D4FF0028DCD14036B44245
:10444000EDD80020D7E70026F9E76FF00100D2E7AA
:1044500004AB002010B50A4C04F16400D4E9151235
:1044600001F090F901460022204600F0E1F9002811
:10447000AABF00206FF00100C4E9170010BD00BF03
:1044800004AB00207FB500250C46C0F8105116463D
:10449000D0F81021D0F8002222F02002C0F800222B
:1044A0000F4AC0F8082301F0BEF9A560256104F1A8
:1044B0004C03D3E8EF1F6FF31731C3E8E21F002A64
:1044C000F7D11022294668460AF02AFA04236846E2
:1044D0008DF800300196D4E90013984704B070BD00
:1044E00020021800044B054A1B68B3FBF2F3584343
:1044F000034B43F00103184700AB002040420F007C
:10450000D07D00007F2800F01F034FEA50110BD828
:10451000084A52F8212002EB8303D3F88010064AA0
:104520000A40C3F8802070470022203352F823301D
:10453000FFDE00BFB87D0000F0F0FCFF7F284FEAEF
:10454000501208D8054B00F01F0053F82220012319
:1045500083405360704700235B60FFDEB87D00003E
:104560007F2800F01F034FEA50110DD8094A52F876
:10457000212002EB8302D2F88010074B0B4043F05E
:104580000303C2F8803070470022203352F82330F2
:10459000FFDE00BFB87D0000F0F0FCFF2DE9F74F13
:1045A00091F8398005460C46B8F1000F11D1036D22
:1045B000096843F000730365481C05D00846FFF7FF
:1045C000BDFF0846FFF7CCFF6068411C01D0FFF734
:1045D00099FF94F82C70E668012F14D1B8F1000F00
:1045E00011D12B6D721C43F000632B6502D0304655
:1045F000FFF788FFA1684B1C05D00846FFF79EFF18
:104600000846FFF7ADFF94F838E0BEF1000F03D184
:104610002B6D43F080732B65D4E90083B4F830C070
:10462000B4F832A00093A36894F82D9094F82E105B
:10463000A08EE28EDFF8A0B001934CEA0A0C2B6842
:1046400040EA0C00A56A41EA09015B4542EA000222
:1046500041EA070108BFED080A43C3F82455C3F82F
:104660006C25BEF1000F0BD1009A012FC3F8048610
:10467000C3F80C2602BF019AC3F81026C3F80866D7
:10468000002194F83B20C3F84C11D3F84C01C3F837
:104690006811D3F86801C3F81411D3F81401C3F8F2
:1046A0002411D3F82401C3F830110C48D3F8301189
:1046B0005201C3F30F31C3F30833D2B2C41884F8E4
:1046C0000023012201F01F015B098A4040F82320EA
:1046D00003B0BDE8F08F00BF00D0045000E100E05F
:1046E0007F2800F01F034FEA50110DD8094A52F8F5
:1046F000212002EB8302D2F88010074B0B4043F0DD
:104700000203C2F8803070470022203352F8233071
:10471000FFDE00BFB87D0000F0F0FCFFF8B50546F5
:104720002B6D046803F48223B3F5805FD4F8000294
:1047300005D009B100232B626FF07600F8BDD4F8E4
:104740000463C4F8086309B9830645D4D4F8003279
:1047500023F02003C4F800324FF4A11305F15007F1
:10476000D7E8EF1F1943C7E8E01F0028F8D112B9B6
:10477000AB68002B57D12D4BC4F808330123E362FB
:10478000D4F82431002BFBD00023C4F85031D4F8E6
:104790005021C4F84C31D4F84C21C4F82431D4F859
:1047A00024212A6D12F4004219D12A62204601F018
:1047B0003AF80023EB606B61D7E8EF3F6FF31733F4
:1047C000C7E8E23F002AF7D126F4C01626F408769F
:1047D0000020C4F80463B1E74FF48033BEE7C4F8A7
:1047E0005031D4F85021EA69C4F804270522C4F8EE
:1047F0000827C4F84C31D4F84C310123E361D4F8D4
:104800004C31002BFBD00022C4F84C21D4F84C31A1
:10481000D4F850310BB1D4F80C372B62C4F85021C6
:10482000D4F85031C2E70123E362D1E72002180037
:104830002DE9F34104460F4694F84C10904604309D
:10484000002966D150220AF06BF83B6963607B69EE
:10485000E363BB6903B1013B23643B6A2568042B16
:1048600081BFFB69E36100232362D5F8003243F482
:104870008023C5F80032012384F84C30D5F850214C
:10488000C4F80880EAB939462046FFF787FE0822B7
:10489000002325688DF80730C5F800250DF10702C3
:1048A000C5F83C27C5F8403701230A262B656B6500
:1048B000D5F8303183BB0120FFF714FE013EF7D15C
:1048C00020E008226426C5F80025EB62D5F82431E3
:1048D000EBB9D5F81431D3B90A20FFF703FE013E36
:1048E000F4D10023C5F85031D5F85021C5F84C312A
:1048F000D5F84C21C5F82431D5F82421C5F8003568
:10490000002EC0D16FF08B0002B0BDE8F08101260F
:10491000E7E76FF07700F7E70020C5F8680180450A
:10492000D5F86831044B08BF03462268C5F8000576
:10493000C2F80433E8E700BF200218002DE9F04177
:10494000012503682A4A2B4EC3F80823C3F3043118
:10495000C3F3434205FA01F12032044646F822101F
:10496000BFF34F8FBFF36F8FD3F80022294622F495
:104970008022C3F800222A46FFF7D0FE29462046AF
:1049800001F01DF9256D2368E901D3F80406D3F879
:104990000C86D3F81066D3F8087609D54FF0FF32AD
:1049A000C3F80426C3F80C26C3F81026C3F808265B
:1049B000AA0115D5431C01D0FFF792FEB8F1FF3FC5
:1049C00002D04046FFF78CFE290109D57A1C02D09F
:1049D0003846FFF785FE731C02D03046FFF780FE95
:1049E000002384F84C302365A360BDE8F08100BF4C
:1049F0002012180400E100E0F8B50646044656F817
:104A0000505B071DD6E8EF3F43F48052C6E8E02F25
:104A10000028F7D1DA0466D44B0702D5E369002BEE
:104A200064D0344BC5F808330823C5F8003500239B
:104A3000C5F84C31D5F84C21C5F85031D5F8502186
:104A4000C5F824310A03D5F824318B0303F48043DD
:104A500002F400524903134301F400410B43D6E82A
:104A6000EF2F1A43C6E8E12F0029F8D1E368B3B964
:104A7000A3686BB9236DD80433D5D6E8EF3F6FF345
:104A80001733C6E8E23F002AF7D16FF00B00F8BDFC
:104A90000321384600F0A2FEE368002BEAD0D5F8E7
:104AA0000433D90610D5A36873B1236D1A030BD54F
:104AB000D6E8EF3F23F40023C6E8E23F002AF7D10F
:104AC0000621384600F08AFE236DDB0409D5D5F8AF
:104AD00050310BB90123AB62A36813B1054BC5F884
:104AE00004330020D3E76FF00F00D0E74FF0FF3022
:104AF000CDE700BF2002180072B6024A13680133E6
:104B0000136070471CB20020034A1368013B136016
:104B100003B962B6704700BF1CB20020004870475E
:104B2000047E00001FB50D4A01AB10685168128960
:104B300003C300211A80012301A88DF804308DF8E9
:104B40000810ADF8061000F0BBF818B110F1780F9E
:104B500008BF002005B05DF804FB00BF1C7E00000C
:104B6000F8B58507144618D10D4DA84215D82D1A51
:104B7000B5EB820F11D30B4ED6F80075D6F8005561
:104B800007F00107C6F8007500F072F8204605F43A
:104B90007C553D43C6F80055F8BD6FF00400FBE7B7
:104BA00000D01F0000E0045038B50346094D084608
:104BB000AB4214460AD8ED1AB5EB840F4FEA8202D5
:104BC00004D3194609F087FE204638BD6FF0040073
:104BD000FBE700BF00D01F0070B504784378418820
:104BE0000679C288057A44EA0324184B41EAC67163
:104BF00042EA0542C3F80045C3F80C15C3F8102576
:104C0000D3F80424D207FBD5114A1268E2B100217F
:104C1000427AC3F80C11D3F80C01C3F80411D3F88D
:104C20000401C3F80811D3F80801C3F80011D3F840
:104C3000001152010749D2B281F84E234FF480424D
:104C40008A600F22C3F8042370BD00BF00E0045047
:104C500054BE002000E100E0044B40EA0120C3F80C
:104C60000005D3F80024D207FBD5704700E00450BC
:104C70002DE9F04104460D461646DFF8408001203C
:104C8000D8F80075D8F8001507F00107C1F3052121
:104C9000FFF7E2FF04EB86062B1FA64204D138463D
:104CA000BDE8F041FFF7D8BF53F8042FD8F804044B
:104CB000C007FBD544F8042BEFE700BF00E0045029
:104CC00038B5064D2C7934B92960FFF785FF0123EB
:104CD00020462B7138BD6FF07700FBE754BE0020F3
:104CE000003A18BF0122003918BF0121036889006A
:104CF000074841EA4201186359605A6842F00102CC
:104D00005A60BFF34F8FBFF36F8F0020704700BF13
:104D100004AAFF000123084AC2F8043302F58022E6
:104D2000C2F8043302F58022C2F8043302F580226F
:104D3000C2F80433704700BF000004500D4BD3F895
:104D4000000103F58023D3F8003183B9003818BF80
:104D500001208000084BD3F80031002B074B18BF0F
:104D60000420D3F80031002B18BF04207047042022
:104D7000F0E700BF0000045000000C50000010508D
:104D80000122024BC3F80423704700BF00100450F7
:104D9000034BD3F80001003818BF0120C000704752
:104DA000001004500022034BC3F80021D3F8003157
:104DB000704700BF0010045000230A4AC2F80031B7
:104DC000D2F80021084AC2F80031D2F80021074A7F
:104DD000C2F80031D2F80021054AC2F80031D2F8F9
:104DE00000317047000004500000085000000C50D3
:104DF000000010500022104630B50749074C51F80A
:104E0000043BD3F800511DB1D3F8040423401843E8
:104E10000132042AF3D130BD287E00000000FFFFDC
:104E200010B5FFF78BFF0D4C4207206002D5FFF74E
:104E3000E1FF6060FFF7ACFF2368184303072060C1
:104E400006D5074BD3F800246260D3F80434A3607E
:104E50000448BDE81040FFF721B900BF5CBE002048
:104E600000100450CC7C00000C22014909F033BD35
:104E70005CBE002038B5044600B30B291ED9114D85
:104E80002868431C02D143F6DA3038BD78B10822D5
:104E90000D49204609F01FFD04220A4904F10800CB
:104EA00009F019FD2B68002001332B60EDE7082283
:104EB000054905F0A5FC0028E9D0E4E74CF2DA202A
:104EC000E3E700BF68BE00207ABE00202DE9F04F66
:104ED00017461C22ADF2044D044689460DEB020034
:104EE00000211D46DDF828649DF8348409F018FD82
:104EF0004FF46A72002116A809F012FD10230693E0
:104F0000002C78D0236813B96268002A73D1A26894
:104F100012B9E268002A6ED1226912B96269002AC8
:104F200069D1DDF82C24002A65D0DDF830240F2A61
:104F300061D9B8F1000F01D0BE425CD34FF0200B15
:104F40000DF1380ACDF808B0CDF804A0626802204F
:104F500000920022114609F05BFA00284ED14FF46E
:104F60004072284B07A9CDE90923274A00930792ED
:104F70005B46524616A8B8F1000F2ED007F0C4FACF
:104F800038BBD4E9041216A807F0FAFA08BBD4E932
:104F9000021216A807F020FBD8B905AC2B463A46FA
:104FA0004946CDE9006416A807F036FB88B92268A7
:104FB000A918B21AB8F1000F12D006AB0293DDF8AF
:104FC000303416A80193DDF82C340093234607F003
:104FD0004BFB0DF2044DBDE8F08F07F0B3FACFE7BD
:104FE000DDF8303416A80193DDF82C340093234605
:104FF00007F06AFBEDE74CF2DA20EAE743F6DA3035
:10500000E7E700BF000510050420000170B502F0BD
:105010008BFC044650BB09F05DFA40B91648FFF717
:105020003DF809F0A1FA18BB1448FFF737F8144A05
:105030001448D368002523F008031B041B0C43F01D
:10504000BF6343F40033D360FFF728F800210E4814
:10505000FFF724F8012606FA05F39B0703D029463B
:105060000A48FFF71BF80135202DF4D1204670BD0A
:1050700045F22354FAE700BFE27C0000157D0000F2
:1050800000ED00E0207D0000487D00005D7D000017
:10509000024B1860024B00201960704770BE002060
:1050A0006CBE00201FB5274C426923685A62826992
:1050B0009A62C269DA62026A1A63426A5A63826A4F
:1050C0009A63C26ADA63026B1A64426B5A60826B3B
:1050D0009A60C26BDA60026C1A61426C5A61826C2F
:1050E0009A61C26CDA61026D1A62826D5A65C26D94
:1050F0009A65026FDA65026E1A66826E5A66426FB0
:105100009A66EFF388825A64EFF389829A64426860
:10511000DA64EFF394821A65026801A81A67FFF750
:10512000A3FE2368019ADA6601221A70064B1C68F6
:105130006408640020462146224623460DF094FB75
:1051400004B010BD70BE00206CBE002000B5A1B040
:1051500001A8FEF719FF029B63B15B060AD4019B0D
:1051600023F00203052B05D1044B1B6813B101A8E2
:10517000FFF798FF21B05DF804FB00BF6CBE002074
:10518000BFF34F8F0549064BCA6802F4E062134330
:10519000CB60BFF34F8F00BFFDE700BF00ED00E025
:1051A0000400FA05254B264A4FF47A611A60012261
:1051B000244B2548C3F80424D0F82436C3F308024E
:1051C000C3F309434B4382F480722049883201FBC8
:1051D00002334FF4FA215B00B3FBF1F201FB12330F
:1051E0001B49B3F57A3F28BF0132C1F80429D0F832
:1051F00020364FF47A60C3F30802C3F309434343F4
:1052000042F21C5082F4807202F2172200FB023339
:105210004FF47A701B0AB3FBF0F200FB123300204C
:10522000B3F5FA7F4FF0010328BF0132C1F81C2704
:10523000C1F80009C1F80036704700BF00AB00207C
:105240000020A107002008E000C0FF00F82A00802D
:105250000000125070B50446074E4518A54201D80B
:10526000002070BD2046F369984710B904F58054BA
:10527000F4E743F65C20F4E7D87D00002DE9F84F11
:10528000DFF85CA00746DAF80430884615469847F0
:105290000024144BC0F3410013F8209004F1800364
:1052A000AB4294BF80262E1BB6FBF9FBDAF8143014
:1052B0005A460D493819984700280EDB5A46DAF845
:1052C0001830094908EB04009847002805DB3444EE
:1052D000A542E3D80020BDE8F88F43F65C20FAE74A
:1052E000D87D0000387E000082BE00202DE9F34703
:1052F000DFF870900546D9F8043088461446984780
:10530000194BC0F3410013F820A0B5FBFAF70AFBD4
:10531000175727BBA4B9384602B0BDE8F0870AFB8F
:1053200006F6A41BF7D0012201A9A819C847002836
:1053300012DB224601A908EB060009F0CCFAEAE7E5
:10534000B4FBFAF605F50825324641462846D9F859
:105350001490C8470028E2DA43F65C27DBE74AF2FC
:10536000C537D8E7D87D0000387E00002DE9F04F22
:1053700086187542C5F30B05354485B0B5F5805FD9
:105380000446019104D943F65C2005B0BDE8F08FD6
:10539000DFF86C81D8F8043098470422594BC0F3E9
:1053A000410053F82070D8F8143057480093FBB2EE
:1053B000B2FBF3F203A9009B9847039A531C0232F5
:1053C00008BF01230393002D34D024F47F6B2BF00E
:1053D0000F0BA5EB0B010BF50820FFF73BFF002897
:1053E000D1D1B5F5BE7FAA4628BF4FF4BE7ADA45C3
:1053F00029D8B5F5BE7F5ED3FBB20427B7FBF3F720
:10540000424D3A4629464048009B9847B6F5BE7F34
:105410005CD8042203A93D4809F05DFA384B3A46AE
:105420003A493B489B69984708B18742ABD100F0A5
:1054300060FEAAE74FF480514FF40820FFF70AFFFF
:105440000028C2D09FE70BF180039A452CBF4FF094
:105450008009AAEB0B095FFA87F8B9FBF8F82B492A
:105460004246009B0BF5092098475E4516D909EB8B
:105470000B039C4212D2A3455A4638BF2246111B49
:10548000A2EB0B009E4294BFC2EB0602C2EB0302EA
:10549000019B19441D4B184409F01DFA184B424654
:1054A0009B691A490BF50820984710B180457FF495
:1054B0006AAFCB449BE74FF4BE724FF408214FF420
:1054C0000920FFF7DBFE002896D05CE7B4F5C07F2B
:1054D0009FD2B4F5BE7F224638BF4FF4BE72019B07
:1054E000111BA2F5BE700B44B6F5C07F94BFC2EB92
:1054F0000602C2F5C0721946284409F0ECF988E7A3
:10550000D87D0000387E00007C91080082BE00201B
:105510007C8108002DE9F0414D4F86B00020BB682A
:10552000984700286BD104226946FFF7DFFE044646
:1055300000283FD104224FF4BE700DEB0201FFF7AB
:10554000D5FE0446002835D1424E009BB34203D11C
:10555000019B013B03335ED97B6898473E4BC0F308
:10556000410053F8205004224FF4805004A9FFF763
:10557000BDFE0446F0B9042241F27C1005A9FFF7F4
:10558000B5FE0446B0B9049B4FF48051B3424FF4CA
:10559000082013D1059B013B03330FD8FFF75AFEB8
:1055A00068BB4FF480524FF408214FF40920FFF7F5
:1055B00065FE20BB204606B0BDE8F081FFF74AFE3D
:1055C0000146E0B94FF08008EDB28022234809F08F
:1055D000A7F9B8FBF5F84FF40825BF6928464246FD
:1055E0001E498035B847B5F5092FF7D100F081FD88
:1055F00028B9042202A90296FFF7B8FE10B143F6BB
:105600005C24D7E70123042203A94FF4BE7003935F
:10561000FFF7ACFECDE7042241F27C1005A9FFF7AD
:1056200065FE04460028C5D1059B5A1E033206D8E4
:10563000019A934203D30233BCD1012ABAD100F0BC
:1056400058FD43F65C23002818BF1C46B2E700BF94
:10565000D87D00001281DEC0387E000082BE0020AE
:105660001E2809D801230A4A8340134207D113F0A8
:10567000980F08D11D2808D04CF25A3070472023CB
:1056800000200B6070470423FAE74023F8E700BFCF
:10569000650F004038B543680C2B01D0022038BD9F
:1056A0004B68042BFAD14FF0FF3304680D68216872
:1056B0002B600029F2D0A268002AEFD00623012037
:1056C00001F073FF0028E9D161680B4B99420AD9B8
:1056D000A26805338818984208D8206809F0FBF8BA
:1056E00000202860DBE7054B9942D7D9A268044B1C
:1056F00088189842D2D8F0E7030508E0FFD4FF00ED
:1057000000DAFF00436810B50C2B14D14B68042B52
:1057100011D10B6801210268196010680B49884299
:1057200009D1022194681960032C04D1516811F049
:10573000020002D01C60022007E0054CD4F81825B6
:1057400061F30102C4F81825186010BD18E5045073
:1057500000E0045008461146FEF7B4BC0120704733
:105760006FF003007047002070476FF00300704730
:1057700000207047022814BF6FF00300002070471C
:10578000FEF72EBE70B540F2FF1501EB820291428A
:1057900000D170BD51F8044BC4F30803240EAB4292
:1057A00008BF4FF0FF33032CF1D8DFE804F0020408
:1057B00006080360EBE74360E9E78360E7E7C3605F
:1057C000E5E70346D0F8300130B931B9D3F86801C4
:1057D000003818BF012070470120704730B50446DB
:1057E0000D4685B010220021684609F099F8D4E9E9
:1057F000001368468DF80050984705B030BD7FB55E
:1058000004460E46154600211022684609F088F825
:10581000012368468DF80030CDE90165D4E9001315
:10582000984704B070BD10B50446FFF765F9D4F889
:10583000303133B1D4F8043313F4805308BFC4F8C3
:105840000035BDE81040FFF75FB9D0F8303133B113
:10585000CB6CC3F30032DB0458BFC0F8002570479F
:105860002DE9F74F866804460D463EB113F0020657
:1058700004D0C36B002B00F082800126276D17F047
:1058800010077CD14FF00109BA46AB180093009B7A
:105890009D4276D005F0604BE26BD4F8008082B96F
:1058A000BBF1005F7AD10192FFF726F9216D4046E6
:1058B00001F00101FFF785FF019A20B9FFF724F9F4
:1058C000EAE70122EFE7A16CAB460029BCBFD8F89C
:1058D0004417A1643AB1D4E90F1228788854D4E966
:1058E0000F1201EB020BBBF1000F03D0C8F83CB75D
:1058F000C8F84097C8F868A1D8F86821C8F830A15E
:10590000D8F83021C8F86CA1D8F86C210822C8F862
:1059100000251EB14FF48052C8F80423C8F85090F7
:10592000FFF7F2F8EEB9216D01F001014046FFF7F3
:1059300048FF0346D8F84407D8F83C272BBB9345CB
:10594000F4D009B9C8F854904FF0000BFFF7D4F821
:105950004046211DFFF779FFFFF7D6F8BBF1000F96
:105960000DD1A368C3B9236D1B0715D55034D4E8F6
:10597000EF3F23F00803C4E8E23F002AF7D14FF0DD
:10598000FF37384603B0BDE8F08F9345D9D10028E2
:10599000D7D14FF0FF3BD9E7013578E76FF0150716
:1059A000EFE770B5CE6C0D4606F001010446FFF737
:1059B00008FF38B94FF4805346F00406EE64C4F88B
:1059C000043370BDD5E90A365AB1296CEA6B761AF0
:1059D000964228BF164619443246A86B08F07BFF52
:1059E000AB6B4FF0FF326A641BB1C4F83C37C4F8AC
:1059F00040670023C4F86831D4F86821C4F8303116
:105A0000D4F83021C4F86C31D4F86C310823C4F8D0
:105A100000354FF48053C4F8043301232365D0E7E5
:105A200037B590F84C3004463BB3036B4BBB026870
:105A3000C2F8003583680BB10B6943602046FEF75E
:105A4000ADFD0822002324688DF80730C4F8002536
:105A50000DF10702C4F83C27C4F8403701230A259A
:105A600023656365D4F8303173B90120FEF73AFD40
:105A7000013DF7D16FF08B0001E06FF0760003B0CD
:105A800030BD6FF00F00FAE70020C4F86801D4F8C9
:105A90006831C4F80005F2E790F84C00003818BFF0
:105AA000012070472DE9F04704460F461E469046F8
:105AB000002A64D085685DB953B9066B002E61D1A8
:105AC0000263FFF7CDFE054626632846BDE8F08752
:105AD000B10707D03346424639462046BDE8F04775
:105AE000FFF7BEBE07F06043B3F1005F19D0E36B70
:105AF000002B4AD0720748D40125D4F80090FEF755
:105B0000FBFF236BBBB9C4E90B781DB1236D43F0D8
:105B1000020323652A464846211DFFF742FF002560
:105B200024E0256D15F00105E7D016F00405E4D05A
:105B30004FF0FF35C9E7A36BDBB9730719D5E36AEB
:105B400003F06043B3F1005F16D10A25236DC4E969
:105B50000D7843F010032365D9F86C31C3B90120E7
:105B6000FEF7C0FC013DF7D16FF08B05FEF7CCFFCF
:105B7000ABE76FF00F05F9E74FF0FF35F6E76FF091
:105B80000605A2E76FF00F059FE76FF00C059CE795
:105B90004FF080622368C3F80423D9F8003223F45D
:105BA0008023C9F800320023C9F86C31D9F86C3170
:105BB000002FB4D0C9F83C77C9F84087AFE7F8B5F3
:105BC0000468036BD4F804730546C4F8087323B95A
:105BD0006FF07600C4F80473F8BD00F15003D3E809
:105BE000EF0F40F00800C3E8E20F002AF7D10123CD
:105BF0006365F9B12E6D1E4031462046FFF7E1FD89
:105C00000028F9D0FEF778FFC6B9D4F868314BB157
:105C100001236365D4F83031002BFBD02046291DC9
:105C2000FFF713FEFEF770FF0023C4F86831D4F8C5
:105C300068212B630020C4F80473CDE7D4F8303119
:105C4000002BEBD1EEE72DE9F0470568036DD5F8A1
:105C5000049313F4802804460F461646C5F80893AB
:105C600040F08F8001F06042B2F1005F40F08C8024
:105C7000C26852B18268002A72D1D5F84C21002A3C
:105C80006ED0C5F84C81D5F84C31226AC4E9037650
:105C9000002A44D09642E16930D800233246C4E954
:105CA0000333384608F017FE226AE069921B22622D
:105CB000811908F0D4FDA368DBB1236D13F4005AF9
:105CC00009D004F15003D3E8EF1F41F48021C3E869
:105CD000E21F002AF7D10434324639462046FFF746
:105CE0008EFDBAF1000F04D0002221462846FEF7AF
:105CF000C9FB4046C5F80493BDE8F087384608F074
:105D0000EAFD236AA3620023236204F15003D3E86F
:105D1000EF1F41F40021C3E8E21F002AF7D1A16A76
:105D20002369E2685B1A0A44C5F80427C5F80837F6
:105D3000236DDA04DDD55034D4E8EF3F23F480231B
:105D4000C4E8E23F002AF7D10123AB62D5F8243141
:105D5000002BCED00023C5F82431D5F82431C8E774
:105D60006269A2B95B04C4E90576C5F80477C5F891
:105D70000867BED5D5F8003243F02003C5F80032DD
:105D8000B7E76FF07608B4E76FF00C08B1E76FF093
:105D90000F08AEE7FEF7C2BC8368A3B90368D3F867
:105DA0000025082A06D011B1D3F80C370B606FF02C
:105DB00077007047D3F84C2142B111B1D3F80C37BA
:105DC0000B60002070474FF0FF3070476FF00F00FE
:105DD00070470420704700207047002070474B68D0
:105DE00030B513F01F052DD102680C681068C0F3A0
:105DF0000720844226D25068556094600C7C23F0C2
:105E00001F0304F001041C438B7CDB0003F0180328
:105E10001C434B7C5B0003F006032343D3608B6879
:105E2000013B23F01F04CB685B0003F00E03234308
:105E300043F0010313615060BFF34F8FBFF36F8FC7
:105E4000284630BD0120FCE7036800205A68C9B22B
:105E500058609960D86018615A60704770B50546FF
:105E6000002403681E68C6F30726B44201D100204F
:105E700070BD21462846FFF7E7FF0134F5E700F43F
:105E80007C0343F0A0431A0BC2EB1030C0B203EB0B
:105E90008003D3F8002542F01002C3F80025D3F8A0
:105EA000002542F02002C3F8002529B1D3F80025CF
:105EB00042F48072C3F8002570471FB50124039493
:105EC000089C0294079C0194069C0094FEF7FEFF38
:105ED00043F6DA33002818BF184604B010BD1FB5CA
:105EE00000240394069CCDE90134089B0093079B92
:105EF000FEF7ECFF43F6DA33002818BF184604B06B
:105F000010BD08B5FFF722F972B620BFFDE70346C2
:105F100010B10020187070474AF2C5307047002059
:105F2000704770470346012B084670B5114607D0ED
:105F3000062B09D0002B31D1BDE87040FFF7AABB7A
:105F4000BDE87040FFF7DEBB4368082B01D002209C
:105F500070BD5468042CFAD14FF0FF330568166801
:105F6000296833600029F2D06B68002BEFD026231C
:105F70007422012001F019FB0028E8D122462323D6
:105F80000120696801F011FB04460028DFD1D5E942
:105F90000001FFF77DF830602046D9E70320D7E7FE
:105FA00048B14FF400224FF48043C0E9002301239D
:105FB0000372002070474CF2DA20704748B14FF46A
:105FC00004224FF48043C0E9002301230372002020
:105FD00070474CF2DA207047FEF774B837B50422E8
:105FE0005C3084000D4620460DEB0201FFF77EF980
:105FF00058B9019B5A1C0AD0AB420BD80422204648
:106000000DEB02010195FFF7B1F903B030BD45F288
:10601000A350FAE74AF2C530F7E7FFF77BBA0B4621
:10602000042B114611D1012807D0022809D078B9D4
:106030001A464FF4B870FFF759B91A464FF4BA70C0
:10604000F9E71A464FF4BC70F5E743F65C20704759
:106050004CF25A307047012837B504460D4602D03D
:10606000022800D080B9FFF7B9FF58B904212046B3
:1060700001AAFFF7D4FF28B943F65C23019AAA428C
:1060800018BF184603B030BD4CF25A30FAE713B5CA
:10609000042101AA0446FFF7C2FF30B901994B1C45
:1060A00005D020460131FFF7D6FF02B010BD45F202
:1060B000A350FAE7022905D90839022909D94CF277
:1060C0005A307047B0F5807F4CF25A3008BF00203C
:1060D000704700284CF25A30B8BF002070470228A1
:1060E00004D819B108300860002070474AF2C53062
:1060F000704708B54FF480514FF40920FFF7AAF814
:1061000048B9BDE808404FF480524FF409214FF4DC
:106110000820FFF7B3B843F65C2008BDFFF7FAB9D3
:1061200073B50C4601A916461D46FFF799FA58B9F2
:10613000019B32469E4228BF1A462946204602B09D
:10614000BDE87040FFF7D2B84CF25A3002B070BDD3
:1061500013461E2848D8DFE800F0104715191D2106
:1061600025292D313539474747474747474747474F
:10617000474747474747473D42000A46002004211A
:10618000FFF7CEBF0A4602202421F9E70A46032082
:106190004421F5E70A4604204821F1E70A46052094
:1061A0004C21EDE70A4606206C21E9E70A46072064
:1061B0008C21E5E70A4608209021E1E70A460920FC
:1061C000B021DDE70A460A20D021D9E70A460B2094
:1061D000F021D5E70A461D204FF48871D0E70A4622
:1061E0001E204FF4A871CBE74CF25A3070470000E4
:1061F00007B5194B83F30A88184801F005FA08B16E
:1062000001F06EF9FEF702FF0028F9D11448FDF7FE
:1062100045FF1448FDF742FFFFF780FF0028EFD14C
:106220000DF10700FFF773FE0028E9D19DF8073054
:106230001BB1FFF774FE0028E2D1FFF772FE01F0F8
:10624000A5F900F04DFB00F043F800DF7047002097
:1062500003B05DF804FB00BF6000002020B2002006
:106260002E7C0000517C0000EFF308807146EFF3B4
:106270000982EFF30B830CB406B400F00BFE8646E4
:10628000009900F0080001F00801401A02DC12DB5E
:1062900004B070471EF020031CBF2DE9F00FBDF1C4
:1062A000080D0A4C254626462746A046A146A2468A
:1062B000A34630B4704704B030BC1EF020031CBFAE
:1062C0001DF1080DBDE8F00F04B07047A5EDF5FE17
:1062D000084BDA6882F07F4282F47F0242F4804207
:1062E000DA6000221A765A76DA76DA77602283F854
:1062F0002220704700ED00E0009A0A4B9A420FD12D
:1063000001229043014602460346044605460646DE
:106310000746804681468246834684468646044731
:10632000FEE70000A5EDF5FE2DE9F041044618B9A1
:1063300043F6DA30BDE8F0810029F9D08368002502
:1063400003F44063003B18BF01234FF0180843F0EB
:1063500002030F4E0B6000F13C07236AAB4201D8E9
:106360000020E7E7A369E26907EB830308FB023338
:106370000C226A4399188968090707D59B58B342CC
:10638000D6D1306810B10121FFF779FD0135E4E77E
:10639000A8AB0020F0B53B4C87B03B48FFF75EFD53
:1063A000236801255A1C0193384B2260DA681B6967
:1063B0004FF4407603930023334801A902920495D9
:1063C000ADF814608DF81630FFF709FD18B143F6EB
:1063D000DA3007B0F0BD23688DF816005A1C01931F
:1063E0002B4B294802932B4B01A9CDE903352260A1
:1063F000ADF81460FFF7F3FC0028E8D123688DF8AE
:1064000016005A1C0193244B1F480293234B01A9E9
:10641000CDE903352260ADF81460FFF7E0FC0028F9
:10642000D5D1022740F2011623688DF816005A1CB8
:1064300001931B4B144802931A4B01A9226003934A
:106440000497ADF81460FFF7CAFC0028BFD1236899
:106450008DF816005A1C0193134B0B480293134BF3
:1064600001A92260CDE90337ADF81460FFF7B7FC4E
:1064700004460028ABD12A4629460348FEF730FCE3
:106480002046A6E728B20020A4AB0020447E0000EE
:10649000A07E0000C02F010080300000203E0000E0
:1064A000800800208019002060080020800800205B
:1064B00008B5FEF7B5FCFEF77FFC0B4B5B6899B2A5
:1064C000C3F30803103B002B9AB20BDB5309A1F175
:1064D0001002012102F01F0201FA02F203496033A7
:1064E00041F8232000F0FCFF00ED00E000E100E0B7
:1064F000EFF30880EFF309812DE9F00F6B46724648
:10650000FDF748FD08B0FEF78BFCFEF74BFC0222BE
:10651000024BC3F8882100F0E3FF00BF00E100E078
:10652000194A10B5D2F8003153B3D2F80034D2F87A
:106530000404164A164CD2F8F010A34202F5007279
:10654000D2F8B82001F0010118D903F16043B3F586
:10655000FE2F2CBF0023012391B102F03002302A1C
:106560000ED1C2040CD510F4C04F09D143B9FEF7C7
:1065700019FC0222074BC3F8882110BD0123EBE769
:10658000BDE81040FFF7B4BF0010045000ED00E07C
:10659000FFCF1F0000E100E00020034BD8765A6ACD
:1065A00042F470225A62704700ED00E00349044B48
:1065B000CA68002092B21343CB60704700ED00E040
:1065C0000800FA05054B00F01F0003EB8003D3F829
:1065D000802022F0E042C3F88020704700820D50F6
:1065E000164BD3F8D02042F00102C3F8D02000228D
:1065F000C3F8D820124A516821F01F01C3F8DC10FB
:106600001049C3F8E0100221C3F8D810D16812690C
:1066100021F01F0122F01F0242F00302C3F8DC1038
:10662000C3F8E0200322C3F8D820074AC3F8DC20CF
:106630006FF01E02C3F8E020704700BF00ED00E0DD
:10664000447E000001D0FF00000004201B4A1C4BC8
:10665000526870B5C3F804281A4A0021C3F8082804
:1066600008254FF440721848C3F81018C3F814589E
:10667000C3F80028C3F8240800F57C30C3F82808C4
:106680004FF480760220C3F83018C3F83458C3F8AA
:106690002028420102F1A04401301A4404F582246A
:1066A0000528C4F80418C2F80818C2F81018C2F86F
:1066B0001458C4F80068ECD1002070BD447E00007E
:1066C0000010045000D0FF000000042030B585B059
:1066D0006C460025114B01211868FFF7D0FB012102
:1066E0000F48FFF7CCFB01210E48FFF7C8FB012143
:1066F0000D48FFF7C4FB0D4B0FCB8DE80F000121B8
:1067000054F8040B0135FFF7BAFB042DF7D1012132
:10671000074805B0BDE83040FFF7B1BBA8AB00208B
:106720000020055000F00C5000300550707E000035
:10673000000012502DE9F0414FF45C6286B0002158
:10674000374808F0EDF84FF45C620021354808F056
:10675000E7F84FF45C620021334808F0E1F84FF4A9
:106760005C620021314808F0DBF8FFF7AFFF03233C
:1067700000220124CDE90132DFF8B4C0DFF8B4E033
:1067800001AD0DF10C08002155F8047B560104FA07
:1067900001F33B4216D0CDE903CE58F822307018F1
:1067A00003F47C0343F0A04303EB8003D3F8000819
:1067B00040F01000C3F80008D3F8000840F48070DF
:1067C000C3F8000801312029E1D1531C022B4FF0FE
:1067D0000102D8D12D20FFF7F5FE2E20FFF7F2FEA3
:1067E000154A164B10695169C3F8044403AB03C33F
:1067F0000021128B03A81A808DF80C408DF8101020
:10680000ADF80E10FEF75CFA38B9FEF7CBFC08B114
:1068100043F65C2006B0BDE8F0817830F5D0F7E7AC
:10682000000004500000085000000C500000105000
:1068300000A0105000820D50707E0000002008E083
:1068400008B54FF0FF300023104A03F1A0010133D7
:10685000102B42F82100F8D1402000F030FF8020BA
:1068600000F02DFFC02000F02AFF4FF4807000F0F0
:1068700026FF592000F023FF412000F020FF4FF4B5
:10688000827000F01CFF002008BD00BF00E100E0A6
:1068900010B5FEF73FFA012400210F4850F8043BE1
:1068A000C3F30432C3F343439B0003F1604304FA90
:1068B00002F203F56143C3F880211A600131042913
:1068C000ECD1FEF76FFAFEF75BFA0222034BC3F836
:1068D00088219A60002010BD607E000000E100E089
:1068E0000122014B1A6070472CB2002010B50446FB
:1068F0000A4B22891B6861689868062350F8140CBB
:1069000000F053FE28B9064B1B68012B01D100F0A3
:106910005FF86FF08603236010BD00BFD0B2002087
:106920002CB2002030B5094C0246616800230846AD
:1069300040B105686D68954205D11BB18268606001
:106940009A60816030BD03468068F1E7B0B20020F4
:1069500010B542B10B689B6813F4807F0CBF6FF0D9
:10696000FC00002010BD0C4B1B689B68182B01D14C
:1069700000F0B6FD53F8183C996938338A4203D0C9
:1069800053F8044FA04205D191420CBF6FF0FC00B8
:106990000020E7E70132F1E7D0B2002070B50446ED
:1069A0000E461546002130220C3007F0B9FF074B88
:1069B00020461B68A6609B686561183B636000F019
:1069C0003BFB00232061236070BD00BFD0B20020DC
:1069D000054B1B689B68182B04D053F8180C10B19A
:1069E0004068704700207047D0B2002008B5084BBF
:1069F0001B689B68182B01D100F072FD53F8183CFE
:106A0000986800F44060003818BF012008BD00BF3E
:106A1000D0B200202DE9F041074690460C4639B32C
:106A20004B0025D5154B01F01F0253F82250FDB144
:106A30002B685E68FFF7DAFF294602463046FFF70B
:106A400087FF90B9C4F30721284600F098FE04465A
:106A500070B900F017FB064668B142462946FFF7B9
:106A60009DFF3E602046BDE8F0816FF08104F9E7AC
:106A70006FF08004F6E76FF08204F3E730B2002095
:106A800038B500F0F1FA0023114A5360114A5360FF
:106A900000F0C6FA0E4800F021F80446A0B10D49F6
:106AA00080230D4A00F098F80546204600F09BFE32
:106AB0002068211DFFF738FC08B100F011FD2946C0
:106AC000204600F003F9E5E7BDE8384000F058B98A
:106AD000BCB20020B0B2002030B200200146F8B5B0
:106AE00008B900F0FDFC374C236813F1350F67D867
:106AF000354A156803F13402AA4261D2D3E906206F
:106B000006260F3206FB0022186A00EB4000024402
:106B1000586A02EBC00292009A18E2D29542E0D382
:106B200018682A4D060C3604AE42DAD180B2B0F5B0
:106B3000817FD6D258680028D3DBD3E90A56B54204
:106B4000CFDC986810F4406F03D03542C9D548684F
:106B500088B91F4E306800F1440535601D4E366817
:106B6000B542BED8A842BCD822604C6803608CB93C
:106B700004644860F8BD0768D7F808C01CF4406F8B
:106B800006D0D7F828C0664502DBFF6ABD42A8DD03
:106B9000006CDDE71E8E002223461D682D8EB54257
:106BA00007D9002AE4D0136C03641064E2E72B4693
:106BB000F3E71D6C1A46002DF9D105641864D9E776
:106BC0000020D7E7B8AB0020947E000000005F5F94
:106BD000B4AB0020907E00002DE9F74F06460193EC
:106BE00000B109B900F07CFC0068846900F13C0E3A
:106BF000C76921480EEB840E0568AFB10C2404FB75
:106C0000075404601D4800688442EBD8A542E9D8C7
:106C100000202C4684464FF018088146674500D076
:106C200025B903B0BDE8F08F3D46F1E708FB0CEA5B
:106C3000DAF808B0DAF814301BF4007FC4E900A6D3
:106C4000C4F8089040EA03000FD0002ACAD0019B84
:106C5000802BC7D11BF0E00F5FFA8BFAC2D152F83C
:106C60002A30002BBED142F82A404B680CF1010CAF
:106C7000A3604C600C34D1E7B0AB00208C7E0000E8
:106C800083680B4383600023C0E90E3303689A686E
:106C900092054CBFD8680148704700BF4DDE000028
:106CA00070B50646044656F8183B1546D3E90A0166
:106CB00000F0A6F9044B1E602368DC6800F008FAB7
:106CC0002860204670BD00BFB8B20020F7B5056847
:106CD00004466A6B2B696E7A1344073223F007036C
:106CE00022F00702C0E90823836100232A8EC361D2
:106CF00080F82A30838500F1180303631E4BC6F326
:106D0000C00653F82630028501AA98472568014637
:106D1000AA68A06912F4007214BF0C23EB69AE6973
:106D200004BF9B000C33073323F00703C31A134837
:106D3000A3615860E86818600020986052B918276D
:106D400005F13C0000EB8600EE6903F10C05B24250
:106D50000AD19A6063616FF00102019B04F128007F
:106D600000F02CF903B0F0BD07FB020CDCF810C0FA
:106D7000013245F804CBEAE7987E0000D42B0100ED
:106D800038B5094D094800F0D9F8284600F0BEFD95
:106D90002B6804469B6853E9060100F0F8FB08B134
:106DA00000F09EFB204638BDD0B20020E9770000FD
:106DB00038B50E4B1B689A68183AEFF30583C3F396
:106DC00008030BB100F08CFB9169094A12689468C2
:106DD000A14202D9D068814205D9156800F07EF938
:106DE0002846214638BD1C461D46F7E7D0B2002094
:106DF000B8B200202DE9F843EFF3108872B6234FA4
:106E00003B689E68EFF3098310F0200F0CBF00224F
:106E100028229B1A336000F097F83B680446D3F8A9
:106E200008903146A9F11802A0F12805B8B19542A1
:106E300015D0EFF30981B36828338B4201D900F0F4
:106E40004FFB6968506800F0F4FB30B1696854F892
:106E5000280C00F09CFB0028F1D1A1683C606B6914
:106E6000002BECD00A4A4E451360E8D11835A942F0
:106E7000E5D13A68A242E2D151F8042C9A42DED11F
:106E800088F310883046BDE8F88300BFD0B20020F8
:106E90006008002038B501F00C030C2B14BF044629
:106EA00014464A060D460ED58B0658BF2834A369F2
:106EB00013F8021CC5F3C00383F00103C1F3801271
:106EC000DBB29A4201D000F00BFB11F0A00F2AD1E7
:106ED00002290FD0032909D0F1B9FFF7D1FD0546EA
:106EE0000146124800F03BFD284638BD2046FFF71A
:106EF000FDFCF9E70E4B1B6898680B46D4E90012BD
:106F000050F8140C00F051FB0028DCD1D4E900014A
:106F1000FFF762F82060E7E70648FDF7BFF86FF07B
:106F200083032360E0E70448F7E700BF5808002028
:106F3000D0B20020817C0000A57C0000014B1860CD
:106F4000704700BFC4B20020104B73B51C6800230B
:106F50000193EFF3108572B60D4E6CB12046336885
:106F600001A99847C0B20528A0700AD10199A0686C
:106F700000F0F9FC0123A37085F31088204602B0CD
:106F800070BD0128F8D0E468E7E700BFC8B2002070
:106F9000C4B20020C9B20129064B817005D11A681C
:106FA0002AB101881288914201D3034A10681860FF
:106FB000704700BFC8B20020CCB20020F8B50F4E19
:106FC0000446306815461A4618B1238807889F4240
:106FD0000BD3E0603460A0682B4600F0A7F8204691
:106FE000BDE8F8400121FFF7D5BF0646C06810B1E3
:106FF00007889F42F9D3E060F460ECE7CCB2002050
:10700000014BC3E900017047D4B20020034BD3E920
:1070100000308342C8BF0020704700BFD4B20020B8
:1070200008B500F049F8034B986000F04BF880F386
:10703000888808BD00ED02E0054A1368013303F0BB
:1070400007031360034A0133801A03EBC000704743
:10705000DCB20020E0B2002018B1024B013803EB93
:10706000D0007047E0B2002008B58C22082340F21F
:10707000AC41034800F000FD08B100F031FA08BD52
:10708000E0B20020014800F0CFB800BFE0B200201D
:10709000014608B5044800F0D7F800280CBF6FF08F
:1070A000FC00002008BD00BFE0B2002001460148FE
:1070B00000F009BDE0B20020014B1868704700BF26
:1070C000447E0000014B1B6818687047447E000036
:1070D000014B1B6858687047447E0000024801213C
:1070E0000160BFF34F8F704724B200200349086846
:1070F00000220A60BFF34F8F7047000024B20020C7
:1071000008480268002A08D107484FF08051016002
:10711000BFF34F8FBFF36F8F704702220260BFF340
:107120004F8F704724B2002004ED00E02DE9F843B2
:1071300004681F46124B91468268A4F1080544E991
:107140000233503C94420646884601D200F0C8F90A
:1071500048220021204607F0E3FB002345E90733DE
:1071600045F8143C4FF0807345F8043C6FF002037F
:1071700045E9037845F8209CC6E90043BDE8F8835B
:10718000A5EDF5FE08B50C4B02461B68986850F853
:10719000103C18381BB1134201D100F0A1F90029AD
:1071A00007DA114600F04CFB002808BF6FF0FD0025
:1071B00008BD00691040FBE7D0B20020F8B50F46CB
:1071C000044610B1431E034201D000F089F9154B6B
:1071D00030221B689D68062355F8140C00F0E5F971
:1071E000183D06460028F0D12B69002BEDD02B6905
:1071F0002342EAD0042C05D1284600F075FAF86045
:107200003046F8BD2146284600F08DFA30B100F135
:107210000C013022384607F05EFBF1E76FF08B0679
:10722000EEE700BFD0B20020034648B1006838B195
:1072300002681A600022034BC0E90023083070473F
:10724000704700BFAACCF0F0B8B100F10C0399422E
:1072500012D38268CB1A9A420ED942680832B3FB25
:10726000F2F002FB1033082B06D151F8040C034B4B
:10727000C31A58425841704700207047AACCF0F01A
:107280002DE9F04F93B00093604B07461B680D4605
:107290009B681646A3F118090BB2002BC1F30268D4
:1072A000C1F3024B04DA6FF0800013B0BDE8F08F39
:1072B0008B42C36001D10020F7E708EB0B03042BDE
:1072C000F1D8CC0F64014FEAC80A31465246D9F8CA
:1072D000040044F0020300F068F901460028E2D1FE
:1072E000202202A807F01CFB5246314602A84FEAB2
:1072F000CB0607F0F0FA32460099D9F8040044F0C2
:10730000060300F052F982460028CCD10146202223
:107310000AA807F005FB324600990AA802AE07F05A
:10732000DAFA33460AF1010AD0452AD815F0006F7F
:1073300018BF20241022002107F11C0007F0F0FAEA
:1073400007F1180A1022002107F12C0007F0E8FAD3
:107350000AEB880844F00203C2452AD1202C3FD111
:10736000002D02DBC5F3C0456C0107F128050AAE0C
:1073700005EB8B0B44F006045D4533D1009BFB67A6
:1073800099E7D3E900E21EEB020201928BD21A4682
:107390005046404501D10833C4E7D2E902C16144F7
:1073A0008E4503D201998C45FFF47DAF0130083240
:1073B000EFE77268D9F8040056F8081B019300F053
:1073C000F4F800287FF46FAF56F8042C019B4AF8BC
:1073D000042F56F8082CCAF83000CAF82020BBE762
:1073E0000024C2E77268234656F8081BD9F8040047
:1073F00000F0DBF800287FF456AF56F8043C45F85F
:10740000043F56F8083C28642B63B5E7D0B200204F
:107410002DE9F0411F46184B0C461B681646D3F861
:10742000088000F0BEF908B900F05AF8C368002BD4
:10743000FADB032CF8D800EB8404E569E36CED1A61
:10744000F2D3ADB106233A46314658F8140C00F099
:10745000ACF80028E8D1BD4228BF3D46E36CE16BA3
:107460002A461944304607F036FAE36C2B44E364AD
:107470002846BDE8F08100BFD0B20020F8B51D4617
:10748000164B0C461B6817469E68183E00F089F99B
:1074900008B900F025F8C368002BFADB032CF8D8F4
:1074A00000EB8404E26EE36A9A42F2D89B1AAB4284
:1074B000EFD3706802232A46394600F076F8064674
:1074C0000028E6D1E36EE06D2A463946184407F0FD
:1074D00002FAE36E30462B44E366F8BDD0B20020DA
:1074E00008B5FEF70EFD70B52DE91F1072B6BFF39B
:1074F0006F8FFFF75DFCEFF30B856E4600281FBF13
:10750000002282F30B88854681F30B8862B6BFF3B5
:107510006F8FB6E81F10E04772B6BFF36F8F00F0B1
:10752000E6F94FF0000282F30B88B54685F30B882D
:1075300062B6BFF36F8F70BD402010EA0E0024D0FA
:1075400001B57046FFF756FCBDE8044088421CD0E8
:1075500072B6BFF36F8FEFF309821EF020031CBFDA
:1075600022E9F00F083A80E80440B1E804401EF038
:1075700020031CBF0832B2E8F00F0B6882F30988C1
:1075800083F30B8862B6BFF36F8F70477047EFF3DA
:107590001483C1F3400181F0010161F3000383F31F
:1075A0001488BFF36F8F0020704710B5044608465B
:1075B00011460AB9002010BD18B303F00602062ACE
:1075C0001DD09A071DD508229B0648BF42F0120223
:1075D000A30758BF42F00402E40709D5EFF39483F0
:1075E000DB074CBF42F0040222F0040242F0120218
:1075F00006F0E0FF0028DDD16FF07F00DBE701221D
:10760000E2E74CF2DA20D6E710B50446FEF7E8FFD1
:10761000FFF71CF810B143F6DA3010BDFFF78AF817
:107620000028F8D1FEF7B6FE0028F4D1022323602B
:10763000F3E7884207D0830707D5C1F3400080F005
:107640000100C0B270470020704701207047EFF37F
:107650000880EFF309812DE9F00F6B467246FCF7C5
:1076600099FC08B0FEF724FFFEE7EFF30880EFF384
:1076700009812DE9F00F6B467246FCF78BFC08B0D0
:10768000FEF716FFFEE7EFF30880EFF309812DE91F
:10769000F00F6B467246FCF77DFC08B0FEF708FF62
:1076A000FEE7EFF30880EFF309812DE9F00F6B4659
:1076B0007246FCF76FFC08B0FEF7FAFEFEE7012108
:1076C00043099B0003F1604303F56143D3F8802233
:1076D00000F01F00814022EA0102C3F88022D3F8A3
:1076E0008032704700207047034610B5EFF31084D6
:1076F00072B6826B0AB9FFF7F3FE3830014602F129
:107700008400D2F88420002AF8D1086840B1D0F86B
:1077100084200A609A6B1AB91A6922F004021A616D
:1077200084F3108810BD0346F0B5EFF3108672B6EF
:10773000B0B1C26B00F13C05002420469AB960B19B
:10774000026812B1D2F880500560012C04BF18699C
:1077500020EA0101104608BF196186F31088F0BDC8
:1077600005460246E8E797683F687F698F4204BF95
:107770002846013402F18005D2F88020DEE7036854
:107780009A68DB6812F4806F05D18B4234BF6FF0CA
:10779000FA00002070478B4214BF6FF0FA000020FF
:1077A000704710B5FFF758FC0446FFF771FC50B95D
:1077B000FFF70EF9A3685B681B685B68834218BF1C
:1077C0000024204610BD0024FBE710B5044630B16C
:1077D000FFF71CFCB4EBD07F04D0FFF781FEFFF76E
:1077E000F7F8F7E710BD704738B584688278183C21
:1077F000EFF3108572B6E068236903401BD0042BB9
:1078000017D1A268520714D42369A06B23F0040394
:107810002361D0F888300B600368022B01D1FFF799
:1078200045FC0023A36300230520E36085F3108853
:1078300038BD0B60F7E700280CBF10460220F5E7C3
:1078400008B5034608B9FFF74BFEEFF3108272B696
:107850000069084008BFD96082F3108808BD08B5E8
:1078600008B9FFF73DFEEFF3108272B603691943C2
:1078700001610169C368194214BF6FF0FD00002067
:1078800082F3108808BD38B50546E0B18368D3B1EE
:107890001A68C2B15868B0B15169EFF3108372B67B
:1078A000C26BC5F88020C56383F31088FFF7D7FF4C
:1078B000042104466868FFF7C3FF002808BF6FF083
:1078C000FD04204638BD6FF08004FAE74368C0F835
:1078D0008810EFF3108272B61BB1996BC0F8841058
:1078E000986382F3108804214068FFF7B8BF10B591
:1078F000044600F046F8FFF7F9FB14F1FE0F01D043
:10790000022801D1FFF7FCFB204610BD38B5054623
:10791000FFF71AFB0446FFF7F3FB05B12C60A068E4
:10792000BDE8384000F022B808B5FEF735FE10B1CA
:1079300043F6DA3008BDFEF739FE0028F8D1FFF72C
:10794000D1FE0028F4D162B6FCF7D6FBFEF778FF33
:107950000028EDD1FEF79CFF0028EBD0E8E70446B5
:107960000D46A54628470368996270470368283387
:1079700083F30988836883F30B88BFF36F8F4068B4
:1079800070478230012808B504D8FFF72FF808B9EE
:10799000FFF7A6FD08BD07B50421072001AAFEF7E1
:1079A000D7FB98B9019B072B10D8DFE803F004112F
:1079B0000F090F0F0F0C4FF4805003B05DF804FB5C
:1079C0004FF44050F9E74FF4C040F6E70020F4E7E9
:1079D0004FF40050F1E770B505460E46FFF7E1FEA3
:1079E000044608B9FFF77CFD80680028FAD0E368F8
:1079F000991C1DD05A1C1FD1002E33D016F1820FB6
:107A00004FF0020310D135462360EFF3108672B6B3
:107A100029462046FFF75AFF86F310882368022B79
:107A20001CBF0023236070BD16F1830FEBD0D9E794
:107A3000022300252360E8E7002BD3DB002304F1B9
:107A4000280252F8041F19B1E16F156C19444D60FA
:107A50000833202BF5D1036835469B689B0544BF4E
:107A60000223236015F1810FCFD16369002BCCDB9A
:107A7000B8E708B5FEF745FA2DE9F8430E469046FB
:107A80001F460446E0B1DBB102F1080903FB09F32C
:107A90000C338B4214D10A46002106F041FF002529
:107AA000204640F80C5B10B123680360206001356C
:107AB000AF424844F7D10020C4E90186BDE8F8830D
:107AC0006FF0F800FAE70022A1F1080341F8042C56
:107AD00028B108291EBF026841F8082C03607047CE
:107AE000F7B50D46164604461F46FEF77FFFFFF723
:107AF0006CFE2146024601A8FEF78CFF68B93B46A2
:107B0000324629460198FFF7BBFB40B1630002D51E
:107B10000198FFF7CBFA6FF0800003B0F0BD019839
:107B2000FFF7B1FE0122019B1A60F6E740F2011057
:107B3000704770B50546FEF759FF06462846FEF722
:107B4000F1FE044608B9002070BD014632462846C1
:107B5000FEF7FEFE0028F6D12368D868F4E738B5B2
:107B60000C461546FFF71DFE08B9FFF7B9FCC368C0
:107B7000002BFADB032CF8D800EB8401CC6CCB692A
:107B8000181BF2D320B1A84228BF28460444CC6475
:107B900038BD3C464154414C204552524F523A2048
:107BA000003C486172644661756C740A003C4D6526
:107BB0006D4D616E616765206661756C740A003C8D
:107BC0004275734661756C740A003C557361676554
:107BD0004661756C740A003C536563757265466155
:107BE000756C740A003C5265736572766564204555
:107BF0007863657074696F6E203078253038780A44
:107C0000003C506C6174666F726D206578746572AB
:107C10006E616C20696E746572727570742028498B
:107C200052516E293A203078253038780A001442B3
:107C30006F6F74696E672054462D4D201B5B313B7E
:107C400033346D76322E332E302A2A1B5B306D0A88
:107C500000144275696C74201B5B313B33346D53E7
:107C6000756E203233204175672032303236203134
:107C7000383A32303A3032205554431B5B306D0A6B
:107C8000003C556E6B6E6F776E2053504D205356EF
:107C900043207265717565737465643A2030782588
:107CA0003038780A003C556E6B6E6F776E205356F5
:107CB00043206E756D6265722072657175657374AF
:107CC00065643A203078253038780A003C506C6181
:107CD00074666F726D20457863657074696F6E3A73
:107CE0000A002857726974696E672072616E646F4A
:107CF0006D20486172647761726520556E69717597
:107D000065204B65797320746F20746865204B4D36
:107D1000552E0D0A0028537563636573730D0A00B1
:107D20002850696E732068617665206265656E20F3
:107D3000636F6E6669677572656420617320736531
:107D4000637572652E0D0A00284750494F20706FE9
:107D500072743A203078253038780D0A002850693E
:107D60006E3A203078253038780D0A003141000015
:107D70005D57000055440000614100007557000048
:107D8000815700006943000061570000494100002D
:107D90005541000071410000675700006B5700001B
:107DA00071570000060000000800000207000001F3
:107DB000090000030402020200A0105000820D50CE
:107DC0000004055000860D50000000000000000077
:107DD0000338FDD87047000000000000D35D0000AC
:107DE000254B0000D75D000000000000A94B0000FB
:107DF000614B0000DB5D000000000000000000009F
:107E00001D4B000000000000FD01000000100000FC
:107E10000400000004000000FF00000000008000DB
:107E2000010000010107000000000450000008509C
:107E300000000C5000001050010000000200000083
:107E40000400000000A0080000A00800FF4F1F0071
:107E5000E00400002005000000501F00FFCF1F00BD
:107E6000000004500000085000000C5000001050AA
:107E70000060055000C0085000600E5000F0105027
:107E800000008000010000010107000058AD002043
:107E900028AD0020BC060000816C0000A16C000031
:107EA00008B572B60C4A0D4B9A600D4B83F30988E6
:107EB0000C4B83F30A8883F30B880B4B04A1D1E9A5
:107EC0000001C3E90001FBF7E7FF00F09BF800BFEA
:107ED000A5EDF5FEA5EDF5FE0000000000ED00E0CB
:107EE0005808002060000020580800200000000012
:107EF00077B4CDE90001184E009D1146B5421846F1
:107F00000BD00136B54213D0023EB54214D0DDE9A4
:107F1000000103B070BC03F07DBA09A3D3E90023CC
:107F2000C0E9002300200D4B0B6003B070BC70470C
:107F300005A3D3E90023F3E705A3D3E90023EFE783
:107F400002C0FF7F0000000003C0FF7F00000000B0
:107F500001C0FF7F0000000002C0FF7F03004E80D1
:107F6000009A074B9A4208D110B500F07BF806F052
:107F700081FB06BC96460C46744700F0B9F8000039
:107F8000A5EDF5FE009A074B9A4208D110B500F016
:107F900071F806F06FFB06BC96460C46744700F07D
:107FA000A7F80000A5EDF5FE0CB4029A084B9A4222
:107FB0000CD14FF0004319430CBC10B500F062F82F
:107FC00006F058FB06BC96460C46744700F090F845
:107FD000A5EDF5FE009A044B9A4202D103490868C8
:107FE000744700F085F80000A5EDF5FEA02901001A
:107FF000009A034B9A4200D1744700F079F80000D0
:10800000A5EDF5FE10B5134B13498B4215D3002097
:10801000124B13498B421BD300210846FEF7E8F8A8
:10802000FEE7186850F82240586840F822400132B4
:1080300098689042F5D80C33E7E70022F8E71C680F
:1080400044F8220001325C689442F8D80833E1E732
:108050000022F8E7203E0000443E0000443E0000BD
:10806000643E0000024B1B685B689B68184700BFBA
:1080700060080020024B1B685B685B68184700BF04
:108080006008002010B4034C246864682468A44687
:1080900010BC604760080020024B1B685B68DB680F
:1080A000184700BF60080020024B1B685B681B6913
:1080B000184700BF6008002010B4034C24686468AF
:1080C0006469A44610BC60476008002010B4034CEB
:1080D00024686468E469A44610BC60476008002016
:1080E000024B1B685B681B6A184700BF60080020D2
:1080F00008B5024B1B685B685B6A98476008002004
:108100002DE9F04F89B01C469DF8483006460F46D1
:108110009246F3B112783C2A19D00A3AD2B2282AF0
:1081200098BF624B4FF0010098BF53F822204FF0E8
:10813000000388BF0022CDE90230CDE9003330468C
:1081400006F01DFC20223946304606F00CFC0AF1F0
:10815000010A4FF00009CB46C846002511E0BDB921
:10816000252B00F09B800A2B06D10D223946304684
:10817000079306F0F8FB079B1A463946304606F08F
:10818000F2FB1AF8013B002BE9D109B0BDE8F08FF2
:108190007A2B08D8682B0ED8302B74D036D8252BE4
:1081A00076D02D2B7FD000230122CDE90033CDE9FD
:1081B00002323F4A62E0693B112BF4D801A252F827
:1081C00023F000BF2F820000A7810000A7810000DC
:1081D00083810000A7810000A7810000A781000023
:1081E000A7810000A7810000A78100006B8200002A
:1081F000A781000039820000A7810000A78100004C
:1082000059820000A781000083810000582B28D0EC
:108210000BD8A3F13102082AC5D808EB8808303BF7
:1082200003EB48031FFA83F8ABE7642BBBD10123B0
:108230000025CDE9033502E00025CDE903550A23E9
:10824000CDE90193CDF800B043463946304654F8A5
:10825000042B06F0D5FB94E7002504951023039525
:10826000EEE7012300250493F8E720230121CDE95F
:1082700002310023CDE9008954F8042B39463046F9
:1082800006F07DFB69E7B8F1000FC6D1AB4678E791
:108290001A463946304606F066FB5EE7A946AB460D
:1082A000A84601256DE7A9466BE700BFA429010098
:1082B000A92C0100014B1B68184700BFC4AB00206C
:1082C000014B1B68184700BFC0AB0020024B186071
:1082D000024B002019607047C4AB0020C0AB0020E7
:1082E000014B186000207047BCAB002010B50A4657
:1082F000044619B1024B00211B68984710BD00BF0E
:10830000482A0100054B5A78022A04D11878C31F65
:108310005842584170470020704700BF8CB700207A
:108320000E4B0340B3F1607F06D1B1F5885F0CBFFF
:1083300000206FF086007047B3F1707F0BD101F41D
:10834000E043B3F5005F06D111F4E06F14BF0020E5
:108350006FF0860070476FF0860070470000C07FA6
:10836000914270B506460C465CD021F4FF738749F4
:1083700023F001038B4213D0854824F0FF01814292
:108380000ED024F47F7525F00305A0F570608542BA
:1083900006D000F5A060814202D07E498B4243D1D5
:1083A00014F0FF01794804D124F48063834240F043
:1083B000E88022F4FF7323F00103834214D0744D4C
:1083C00022F0FF00A8420FD022F47F7626F00306A9
:1083D000A5F57065AE4207D005F5A065A84203D0AB
:1083E0006C48834240F0CD8012F0FF0305D167480E
:1083F00022F48065854240F0C48084EA0200FF28B0
:1084000000F2BF8021B1644841F00071814209D07F
:10841000002B00F0B680604943F000738B420CBF24
:1084200022460022104670BD04F0FE43B3F1A06F57
:108430002AD102F0FE43B3F1A06F40F0A28084EA9B
:10844000020333F47E1340F09C802504C4F30543FB
:10845000C2F3054002F400410ED549B1834238BF52
:10846000034624F47E1242EA034242F40042D9E772
:10847000834288BF0022D5E7002900F08480834230
:108480002CBF22460022CDE7B3F1407F79D102F024
:10849000FE43B3F1407F74D184EA020333F47E13C8
:1084A0006FD131462046FFF73BFF002869D114F415
:1084B0007C1518D0C4F3054512F47C1330D0C2F3F8
:1084C0000543200402F400414BD5002945D0AB42BE
:1084D00038BF2B461B0403F47C1324F47E1423437F
:1084E00043F400429EE72D4B2340B3F1607F0AD155
:1084F000E3B243F0007303F17E43033B122BDBD85E
:108500002749CD5CD8E7B3F1707FD5D106F4E043BD
:10851000B3F5005F02BF0125C6F302239D40CBE700
:108520001E491140B1F1607F0AD1D1B241F0007112
:1085300001F17E4103391229C3D81A4B5B5CC0E7B5
:10854000B1F1707FBDD106F4E041B1F5005F02BF2B
:108550000123C6F30226B340B3E79D4288BF002241
:1085600060E721B19D422CBF224600225AE79D427E
:1085700009D12D0405F47C1524F47E1445EA040287
:1085800050E700224EE70A464CE700BF0002000613
:108590000013000600460006FF0000020000C07F36
:1085A000472F0100472F01008A42F8B506460D46C5
:1085B00000F00A8101F0FE41B1F1C06F61D1884C39
:1085C00022F4FF7121F00101A14222F0FF0014D03A
:1085D00004F58854A04210D022F47F7626F00306DA
:1085E000A4F57064A64208D004F5A064A04204D0AB
:1085F00004F57454A14240F0EB80D1B2784E19B921
:1086000022F48061B14224D125F4FF7424F00104E6
:10861000B44225F0FF0112D0724EB1420FD025F4C2
:108620007F7727F00307A6F57066B74207D006F5F7
:10863000A066B14203D006F57456B44209D115F0D4
:10864000FF0406D0684E44F00074B44204BF0246F2
:108650000D468BB122F4FF7323F00103B3F1062F13
:1086600006D0624B22F4FF6121F00701994203D149
:1086700022F4807225F48075954214BF00200120F9
:10868000F8BDB1F1A06F16D102F0FE43B3F1A06FB7
:1086900040F0888082EA050333F47E1340F0828044
:1086A00028047FD5C5F30540C2F3054290428CBF34
:1086B00000200120E4E74E4B9D4209D1A3F5004381
:1086C0009A4200F081804B4B22F47E109842D4E70E
:1086D000B1F1407F60D102F0FE43B3F1407F5BD146
:1086E00082EA050030F47E1456D131462846FFF761
:1086F00017FE00286AD1404912F47C1701EA0201F2
:1087000013D0B1F1607FC2F3054333D1D1B241F050
:10871000007101F17E410339122901D83748445CC8
:1087200015F47C1F2DD19C42A7E7B1F1607F0AD1DF
:10873000D3B243F0007303F17E43033B122B4BD8BB
:108740002F49CB5CE2E7B1F1707F17D106F4E0432B
:10875000B3F5005F42D10123C6F302218B4006F43A
:10876000E041B1F5005FDBD10120C6F3022600FA3B
:1087700006F4D5E7B1F1707FD2D1F0E700242346AB
:10878000CEE71FB9C5F30541A1421DD0290403D589
:10879000C5F3054098428AE71A4B9D4202D1B2F1D7
:1087A000082F6AE725F0004323F47F03B3F1106F2D
:1087B0000CD102F0FE43B3F1106F07D11248104004
:1087C00040F01060A84258E7012059E7002057E721
:1087D000002B7FF446AF4FE7002397E70023BEE767
:1087E0000002000600130006FF0000020040000621
:1087F0000093C004000140050000C07F472F010026
:10880000472F01000002C0030000FFF60E4A20F4CB
:108810007E13934210D002F5807293420ED0B3F1D2
:10882000052F0DD0094A93420CD0094802F58072F9
:10883000934218BF002070470648704706487047AB
:1088400006487047064870470001400500060005CD
:108850000007100500015005000250050005100535
:108860000006100500F0FE43B3F1A06F10B52DD146
:10887000184A20F4FF7323F00103934213D01649E2
:1088800020F0FF028A420ED020F47F7424F003040B
:10889000A1F570618C4206D001F5A0618A4202D038
:1088A0000E4A93420BD110F0FF0007D00C4B40F062
:1088B000007098420CBF6FF08600002010BD10F4CD
:1088C000004F14BF6FF086000020F7E76FF08600BE
:1088D000F4E700BF00020006001300060046000691
:1088E000FF000002436810B5002B53D003F0FE4296
:1088F000B2F1106F02BF23F01F6323F4702343F023
:1089000000634C1C02D0427A520743D42E4A23F013
:10891000FF04944231D140F20223994213D00BDC80
:108920004B1C20D040F20113994209D1037ADC0696
:1089300030D443F010030CE040F2032399420AD0F4
:108940006FF086000EE0037A13F0180F22D143F087
:108950000803037205E0437A99071BD443F002032E
:108960004372002010BD038903F40473B3F5047F40
:1089700010D1437A43F00403F2E7B3F1082F20D17A
:1089800040F20123994214D007DC4A1CCAD1037A71
:10899000DB06EED46FF08800E4E740F2062399424C
:1089A000CED1037A03F09002102AF3D143F0800372
:1089B000CFE7037A03F0D002102AEBD143F0400353
:1089C000C7E76FF08500CDE70001000838B50379EF
:1089D00004460D4663B9D4E9050185E80300237F09
:1089E0000020012B13D0C5E900006FF096000DE0C8
:1089F0004369084A03F14043A3F580539342EAD9FF
:108A0000D0E9091207F0F1F90028E4D038BD0223BB
:108A10002377FBE7FFDFFF3F08B5FFF7F7FE0D4BBE
:108A2000984208D00C4B98420ED1002914BF002068
:108A30006FF0860008BD0C2909D008290CBF6FF023
:108A400085006FF08600F5E76FF08500F2E7002003
:108A5000F0E700BF00051005000250052DE9F347BF
:108A6000CDE90001DDE9000191461D460A9C00F0B8
:108A700099FF0646002851D1D9F80070B7F800A038
:108A80000AF4E043B3F5804FBB6808BF25F0010549
:108A900035EA03033AD1002C40D0B5F5006F41D040
:108AA000A5F5005255425541284A24F4FF7323F09E
:108AB0000103934213D0264924F0FF028A420ED0CC
:108AC00024F47F7020F00300A1F57061884206D085
:108AD00001F5A0618A4202D01E4A934224D114F0CB
:108AE000FF0304D01C4A43F00073934223D02B466B
:108AF00022465046F968FFF757FD804670B92B466D
:108B0000224650463969FFF74FFDE8B96FF08406F9
:108B100000233846C9F8003007F018F9304602B093
:108B2000BDE8F0870125BFE704F0FE43B3F1407FC5
:108B300004D12304DBD56FF08606E9E7B3F1A06F1B
:108B4000F7D0054B9C42D1E74646E7E70002000616
:108B50000013000600460006FF00000238B500F0D2
:108B6000FE43B3F1407F04460D4602D06FF086000D
:108B700038BDFFF7D5FB0028F8D114F47C1F18D0BE
:108B8000C4F30543032B137022D9224A2240B2F1C9
:108B9000607F31D1E4B244F0007404F17E44033CC0
:108BA000122CE3D81C4A125D9342DFD8202BDFD968
:108BB0000EE0184B2340B3F1607F0FD1E3B243F0D6
:108BC000007303F17E43033B122B04D9002313707F
:108BD0006FF08500CCE71149CB5CD3E7B3F1707F30
:108BE000F4D101F4E043B3F5005FEFD10123C1F309
:108BF00002218B40DBB2C5E7B2F1707FB6D105F43C
:108C0000E042B2F5005FB1D10122C5F30225AA40CE
:108C1000CAE700BF0000C07F472F0100472F0100B7
:108C200030B585B00446CDE9000190B3DDE900011F
:108C300003AA00F0B7FE044658BB039B1A7F022A22
:108C40002AD103221A771A79FF2A28D062B15A69E9
:108C5000144902F14042A2F580528A4204D9D3E974
:108C6000050107F0A4F8044603980E4A436903F18E
:108C70004043A3F58053934203D801F0F9FA054627
:108C800004B12546039807F04CF8002814BF0446A9
:108C90002C46204605B030BD6FF09605F2E76FF028
:108CA0008405EFE7FFDFFF3F2DE9F0411E4600237B
:108CB00088B00F46054601889046C6E90033059303
:108CC0000792002A5BD0B2F1005F80F0958021F01E
:108CD000FF03B3F5E24F02D0B3F5824F1BD1284614
:108CE00005F006FF044600287AD1EB683BB16A889C
:108CF0002AB1CBB2222B36D02CD8122B38D03A4600
:108D0000002308EB070112F8010B8A4243EA000333
:108D1000F9D1002B33D0284605A905F0B8FF044649
:108D2000A0B9059B9B6A6BB3059B39465A882846B8
:108D3000069206AA029203F1280201929A6A009210
:108D40005B6A424601F038F8044680B3059806F0A5
:108D50007DF845E0273BDBB21B2BD0D8284921FA10
:108D600003F3DB07CBD50732B8EBD20FC7D206E04F
:108D700040F209239A42F6D1B8F1400FBFD86FF004
:108D800086042DE06B681B0A07D10799059805F04A
:108D9000F5FF04460028C7D0D8E7424639462846A2
:108DA00007AB00F0B1FF04460028EED0CEE70598EF
:108DB000069B4288C2B943804FF6F872934218D896
:108DC0002B8813B102889A4210D16B8813B1428864
:108DD0009A420BD13146FFF7F9FD04460028B5D180
:108DE000204608B0BDE8F0819A42E5D06FF08604D5
:108DF000ACE76FF08504A9E76FF08504F0E700BFEA
:108E00000102000CF0B506461D46002387B09DF90F
:108E1000307002A880E806003268012F059314BF65
:108E20004FF400734FF48073002A6DD105F0FE42B9
:108E3000B2F1806F6BD1009505AA03C8FFF70EFE53
:108E4000044600283AD13379324A23F0030395428D
:108E500018BF43F001033371059B1B8803F4E04204
:108E6000B2F5005F35D113F4E06F32D02A4925F412
:108E700080728A420AD001F500718D4206D02749DE
:108E80008D4203D0A1F53F418A4222D1C3F3022291
:108E900001239340DBB24FF49C720021737106F101
:108EA000080005F03DFD0599012FD1E90923304661
:108EB000009526D101F08CF8044610B1304606F03A
:108EC000D7FA059806F042FF002C18BF204607B0DD
:108ED000F0BD42F20402934204D1114B9D4208D1ED
:108EE0000C23D8E742F20702934202D10C4B9D4279
:108EF00005D00C4B9D420CBF0D230023CBE718235C
:108F0000C9E701F07DF8D7E76FF08804D6E76FF086
:108F10008604D3E7004440040010C00400FF40046E
:108F2000000180040013C0042DE9F0411F46002316
:108F30008AB0099302F0FE4306ADB3F1806F144688
:108F400085E80300DDF84080139E11D06FF08605A0
:108F5000099806F0FBFE002814BF02462A46104678
:108F60003368D11723EA010333600AB0BDE8F0810A
:108F7000009295E803004FF4007309AAFFF76EFD15
:108F800005460028E4D10998038803F4E042B2F5CD
:108F9000005F17D10122C3F3022113F4E06F02FA3C
:108FA00001F20FD01A4D24F48071A94212D005F5B8
:108FB0000075AC420ED0174DAC420BD0A5F53F4525
:108FC000A94207D042F20402934213D1124B9C42B1
:108FD00017D10C224245B9D8129B04960393119BDA
:108FE0000097CDE901832346D0E9091200F0CAFFBA
:108FF0000546ADE742F20702934202D1064B9C427E
:1090000004D0064B9C42E7D10D22E3E71822E1E7AA
:109010000010C00400FF4004000180040013C004DD
:10902000F0B587B002AC84E80C0000230C9E054626
:1090300030460F460593FFF715FC98B16FF0860494
:10904000059806F083FE0146002C59D13046FFF703
:10905000DDFB0C462B7D686067F304132B752046FF
:1090600007B0F0BD2B68002B47D1297D11F00F010F
:1090700043D14FF46A7205F1180005F051FC002F3E
:10908000009694E803000CBF4FF400734FF4807314
:1090900005AAFFF7E3FC04460028D1D11A4926F4BB
:1090A0007E128A42C6F3054321D018498A4205D070
:1090B000B2F1052F1BD06FF08504C1E7043BDBB292
:1090C0000C2BBBD841F6117222FA03F3DB07B5D59E
:1090D00005992846D1E9092300965FB101F02AF8E5
:1090E00004460028ACD1059B1B882B81A8E7102BD8
:1090F000EED0A3E701F034F8F2E76FF088049FE7C1
:10910000284606F0C5FAAAE7000600050002400559
:109110002DE9F743DDF8289007460D461646984698
:10912000FFF7E0FB0446B8B97B68B3F1082F1AD10A
:1091300040F20112954228D1338823F0FF03B3F5A2
:10914000105F32D14346324629463846CDF800906A
:1091500006F0EDFF044610B1384606F0A9FB2046A4
:1091600003B0BDE8F083324A23F0FF0191420CD1F5
:1091700040F20112954208D13188B1F5885FE1D003
:10918000B1F5905FDED049BBDCE740F20122CEB3FF
:109190009542318814D00BD8B5F5817F16D040F2B6
:1091A000011025F00202824214D06FF08604D3E74A
:1091B00040F202239D4220D0A5F20323032BF4D8D2
:1091C00041F201039942BDD071B1EEE741F20322B1
:1091D0009142B7D0B1F5905FB4D029B1B1F5105F2D
:1091E000E3D1B3F1082FE0D1002EABD14B4642467C
:1091F0002946384606F08FFFACE741F20623994234
:10920000DED19FE79542F1D009D8B5F5817FEDD049
:1092100040F2011225F002039342C6D1E6E740F284
:1092200002239D42E2D0A5F20323032BDED9BCE743
:1092300000070008F8B5476806460D46002F46D1DE
:1092400021F0004323F47F03B3F1106F42D001F00B
:10925000FE43B3F1106F26D121F01F6424F4702473
:1092600044F0006400214FF4886206F1100005F01C
:1092700057FB2146304606F03CFF98B9174A24F4C4
:109280009F6323F007039342756011D1E4B244F069
:10929000007404F17E44033C122C9CBF104B33F845
:1092A0001470F760F8BDB3F1006F13D10C46D9E725
:1092B0000C4B24F0FF029A4202D0B4F1082F03D1E4
:1092C0006FF06043F360EDE74FF0FF33FAE76FF0C4
:1092D0008800E7E76FF08600E4E700BF00010008C0
:1092E000002C010000070008F8B51E4640F20523D7
:1092F00099420546174605D06FF08604284606F0C9
:10930000D7FA1CE0FFF7EEFA04460028F6D16B68A6
:109310000D4A23F0FF01914203D002F5807293427F
:1093200003D157EA0603E7D05EB93A46334640F226
:109330000521284606F009FF04460028DED1204614
:10934000F8BD6FF08504D9E700018008F0B58DB055
:109350000E4606A981E80C004368054603F0FE426C
:10936000B2F1106F45D100930AAA4FF4804303C9AC
:10937000FFF774FB044600282FD16A681E4B0A9839
:1093800013400BAA049201220392139A09AF01928F
:10939000129A0297009243F01063D0E909128DF8F7
:1093A00024400B9406F0EEFE044640B90B9B0246A7
:1093B000009331463B462846FFF7AAFE044638464E
:1093C0000B99FEF793FF5CB1284606F071FA0A98F4
:1093D00006F0BCFC002C08BF044620460DB0F0BDD2
:1093E00040F201139E4202BF2B7A43F001032B721D
:1093F000EDE76FF08604F0E70000FFF610B50446D5
:10940000FEF780FF30B10A4604482146BDE810400F
:1094100006F0C3BE6FF0880010BD00BF90B70020FB
:109420002DE9F0479946002390B00B9302F0FE43DC
:1094300008ACB3F1806F1646DDE9197A84E80300C1
:10944000DDF86C800ED06FF086040B9806F07EFC81
:10945000002C40F08B8010B10023C8F8003010B011
:10946000BDE8F087009294E803004FF480730BAAE4
:10947000FFF7F4FA04460028E7D10B9B1A8802F4A0
:10948000E043B3F5005F1BD112F4E06F18D0384908
:1094900026F480738B420AD001F500718E4206D00B
:1094A00034498E4203D0A1F53F418B4208D10125BA
:1094B000C2F302229540102D0AD96FF08304C4E74D
:1094C00042F204039A423DD12B4B9E4241D10C25DE
:1094D000002FB8D0AA4546D329460CA8FFF78EFF27
:1094E00004460028B1D14F453BD07A19AAEB0503B9
:1094F000CDE90423189B0B98CDE902930DF1300AB6
:10950000CDF818800195CDF800A03346D0E90912B6
:1095100000F016FD0446002897D1002D95D04F4548
:1095200005D13946D8F80020781905F098F92A466F
:109530005146384605F0CFF9D8F800302B44C8F82A
:10954000003082E742F207039A4202D10A4B9E4260
:10955000B3D00A4B9E4201D10D25B9E73A4600250A
:10956000C4E73A46C2E76FF089046EE7204673E726
:109570000010C00400FF4004000180040013C00478
:10958000002273B503880092C1E900224288044694
:109590000D46002A00F0F28003F4E042B2F5804F5D
:1095A00000F0EC8023F0FF03B3F5E24F02D0B3F5F7
:1095B000824F04D1204605F09BFA0646F0B9694671
:1095C000204605F064FB0646002840F0CD80009B55
:1095D0009B6AB3B10099204601F12803D1E9091231
:1095E00000F0C2FB06460098002E40F0C1802946DC
:1095F000FFF7ECF90646002840F0B680304602B08E
:1096000070BD63681B0A40F0A780228861881046FD
:1096100005F062FA002800F0AE80104605F076FBF7
:109620000646002840F0A08047F201039A420ED17E
:109630004B080133DB0803EBC3033B330193DDE944
:10964000000105F09BFB06460028C3D08CE044F2E5
:1096500001039A4202D1CB081033EFE722F0FF0357
:10966000B3F5E84F03D1CB1DDB085B00E6E7B3F5AC
:10967000884F05D1CB1DDB0803EB43030133DDE746
:10968000B3F5EE4F66D0B3F58E4F02D1CB1DDB089C
:10969000D4E702F44F40B0F5824F02D0B0F5884FC6
:1096A00006D1D0B2422801D1CB08E7E74128EDD05E
:1096B000B3F5E24FEAD0B3F5824F03D1CB1DDB08FF
:1096C0005B00DBE744F20D039A4223D844F2010326
:1096D0009A42DBD9A2F58042023A0B2AD6D801A3DE
:1096E00053F822F0299700008D960000359700006E
:1096F0008D9600008D9600003D9700004597000074
:109700008D9600008D9600004D9700008D9600000C
:109710004D97000047F202039A421BD047F2040320
:109720009A42B3D1402389E74FF4A0724B095343C7
:10973000203383E74FF4C0720B0AF8E7CB1DDB0838
:1097400018337BE7CB1DDB081C3377E7CB1DDB0829
:1097500002338AE7202371E7204601A900F0ECFAE2
:10976000064600283FF46BAF009805F06FFB45E715
:1097700005F044FBF8E76FF08506F5E76FF0860625
:109780003CE700BF10B5124C2378590744BF03F0E3
:10979000FB0323709A0705D500F0A8F8237823F07F
:1097A00002032370637813B10A4806F0F9FC002322
:1097B000042108486370FEF799FD2378DB0705D57F
:1097C00006F0BCFB237823F00103237010BD00BF1B
:1097D0008CB7002090B7002038B5FEF793FDD0B9C4
:1097E000164D2B78980707D400F078F82B780446AC
:1097F00043F002032B70C8B9D90707D406F09CFBCD
:109800002B78044643F001032B7078B96B782BB1A9
:109810002B785A070DD50024204638BD084806F09D
:10982000B9FC022304466B700028F1D0FFF7AAFFB1
:10983000F2E743F004032B70EDE700BF8CB7002084
:1098400090B7002073B502AB03E9030000F1404379
:109850001F2B14460D46024613D82C211D4801FB30
:109860000300037F022B22D143699A421FD18369EF
:109870009D421CD10146084606F046FA18BB2160FD
:109880001FE06FF040410138884213D2114B002194
:1098900018461E7F022E05D15E69B24202D19E6932
:1098A000B54213D00131202903F12C03F1D16FF01F
:1098B0008B0006E00849A3F580538B42E6D96FF090
:1098C000870002B070BD6FF09600FAE72C2303FB0F
:1098D0000101D0E794B70020FFDFFF3F0122024BD8
:1098E000002083F88025704794B700202DE9F041CF
:1098F0000A4C002526464FF0010803272046C4F8ED
:1099000020802777013505F084FA202D04F12C04FE
:10991000F4D1002386F88035BDE8F08194B70020AB
:10992000F8B51E4D064695F880350F467BB30024EA
:109930002B462246197FD1B13CB9022905D1196ABB
:1099400019B91979002918BF1C460132202A03F1E0
:109950002C03EFD114B96FF08C0006E0204606F01E
:10996000D3F9204605F055FA10B100240DE01C464D
:10997000237F7BB90123237736B1094B651BAD10DB
:109980005D4305F18045356000203C60F8BD6FF017
:109990008800EAE76FF09600E7E700BF94B7002081
:1099A000A38B2EBA2DE9F0410027684B92B01760C7
:1099B00093F8803502AE154686E80300002B00F0D0
:1099C000C28096E80300FFF73DFF10F18C0F0446BC
:1099D00040F0A18029463846FFF7A2FF0446002840
:1099E00040F0998096E8030001232F681C2207F1BC
:1099F000140888E803007B6021460BA804F090FF60
:109A000000220023CDE908237B69514A03F140433A
:109A1000A3F580539342CDE90644059422D898E8F3
:109A2000030008AB05AA06F0BEFB0446B8B9D7E9A7
:109A30000523DDE90801CDE91023059B0BAA0C9352
:109A400013F0FF0308BF10930023CDE9003300F0AB
:109A500047FA10F18A0F044611D000284FD014F1B4
:109A60008C0F4ED100236FF040422E6808930B9369
:109A70007369013B934252D36FF08B0441E006A916
:109A80000BA800F059F904460028E8D13846069999
:109A900005F074F904460028E1D1DDE9080107ABBF
:109AA0000193BB6A0BAA00937B6A00F019FA044683
:109AB00018B1384605F0A2F9D1E73C46079B0BAE3A
:109AC000BB620FCE0FC496E8070084E80700286841
:109AD0008368D90444BF43F4806383609A0444BF1D
:109AE00043F400638360037F012B04BF02230377E9
:109AF00006F00AF9044670B16FF0960409E06FF0C1
:109B00009604286805F085F914F18C0F08BF6FF0F2
:109B1000870400232B60204612B0BDE8F081304658
:109B20000BAA08A906F0B6F9044628B930460B9AE4
:109B3000089905F036F904460B99089806F0A8F93B
:109B4000002CC4D0DDE76FF08804E4E794B7002070
:109B5000FFDFFF3FF7B515460E46074608221846B9
:109B600029491C4604F0B7FE042200230DEB020134
:109B700004F10800019304F0AEFE04226B680DEBC3
:109B8000020104F10C00019304F0A5FE2B8801A949
:109B9000022204F11000ADF8043004F09CFE6B8842
:109BA00001A9022204F11200ADF8043004F093FE82
:109BB0000422AB680DEB020104F11400019304F0E0
:109BC0008AFE0422EB680DEB020104F118000193F8
:109BD00004F081FE04222B690DEB020104F11C004C
:109BE000019304F078FE042204F120000DEB020141
:109BF000019604F070FE3246394604F1240003B0A9
:109C0000BDE8F04004F067BE5A2F01002DE9F7438C
:109C1000232904460F46914698460A9E05D86FF0C0
:109C20009805284603B0BDE8F0830822354908F0BE
:109C30006BFD05460028F2D1042204F108010DEB6A
:109C4000020004F048FE019B002BE8D1042204F13D
:109C500020010DEB020004F03EFE0199243F8F42EB
:109C6000C8F80010DBD3B1F5005FD8D2002938D195
:109C7000C9F80050042204F10C010DEB020004F0BD
:109C80002AFE019B0222736004F1100101A804F076
:109C900022FEBDF804300222338004F1120101A833
:109CA00004F019FE0422BDF8043004F1140173809D
:109CB0000DEB020004F00FFE0422019B04F11801D9
:109CC000B3600DEB020004F006FE0422019B04F1D8
:109CD0001C01F3600DEB020004F0FDFD019B3361FC
:109CE0009FE70120FEF7E6FAC9F8000030B1D8F886
:109CF000002004F1240104F0EEFDBBE76FF08C05B9
:109D00008FE700BF5A2F0100194610B400244368A2
:109D10000C60074C1A0AB4EB132F02D0054B9A4281
:109D200002D110BC00F09CBC6FF0860010BC7047E4
:109D3000004E80004B4E800010B4002443680C603D
:109D4000074C1A0AB4EB132F02D0064B9A4202D1E9
:109D500010BC00F085BC6FF0860010BC704700BFDF
:109D6000004E80004B4E80002DE9F04145680446CE
:109D70002D0A0E461746984606D00E4CA54214D022
:109D80006FF08600BDE8F08105886D0407D4434676
:109D90003A4631462046BDE8F04105F0A2BF00F04A
:109DA0004BFF10F1860FEDD1F1E7BDE8F04100F077
:109DB00043BF00BF4B4E80002DE9F04FD0F804E0C8
:109DC000DFF87CB085B0BBEB1E2F0446DDE90E89C1
:109DD0000D4616461F46DDF840A04FEA1E2C1CD04B
:109DE000DFF860E0F44518D0BCF1000F22D1CDE9D6
:109DF000019ACDF8008000F0C1FE10F1860F1BD152
:109E00003B46324629462046CDE90F9ACDF83880A8
:109E100005B0BDE8F04F04F0D4BF3B4632462946BA
:109E20002046CDE90F9ACDF8388005B0BDE8F04F57
:109E300000F0A4BE6FF0860005B0BDE8F08F00BF53
:109E4000004E80004B4E8000F0B44468DDE90456BB
:109E5000240A06D0084FBC4208D0F0BC6FF0860040
:109E60007047CDE90456F0BC05F012B8CDE90456B0
:109E7000F0BC06F007BB00BF4B4E80002DE9F74356
:109E80000D46DDE90A891646134942681F46B1EBC3
:109E9000122F04464FEA12230ED0104A934200D0EC
:109EA000ABB93B46324629462046CDE9008900F051
:109EB00049FE10F1860F0CD13B463246294620461A
:109EC000CDE90A8903B0BDE8F04300F03BBE6FF076
:109ED000860003B0BDE8F083004E80004B4E80004A
:109EE000F0B4DFF82CC05468DDE90456BCEB142F45
:109EF0004FEA142702D0074CA74204D1CDE90456FB
:109F0000F0BC00F0EDBE6FF08B00F0BC704700BFFE
:109F1000004E80004B4E8000F0B44768074EDDE9EC
:109F20000445B6EB172F04D1CDE90445F0BC06F08B
:109F3000E0BA6FF08600F0BC704700BF4B4E800067
:109F40002DE9F0474468DDF83890240ADDE9085629
:109F5000DDE90A7CDDE90CE803D0DFF824A05445F4
:109F60000AD1CDE90D89CDE90BCECDE90967089578
:109F7000BDE8F04701F0C8BF6FF08600BDE8F0878C
:109F80004B4E80002DE9F0434568DFF83C90DDF84A
:109F90002C80B9EB152F4FEA1524DDE90767DDE9C1
:109FA00009CE03D0094DAC4200D044B9CDE90AE84E
:109FB000CDE9087C0796BDE8F04301F0EFBF6FF0F4
:109FC0008600BDE8F08300BF004E80004B4E80004D
:109FD00037B504464868000A02D0084DA8420AD1A5
:109FE0000698009004F1080001F04CFD08B9052323
:109FF000236003B030BD6FF08600FAE74B4E80005F
:10A0000037B504464868000A02D0084DA8420AD174
:10A010000698009004F1080001F066FD08B90523D8
:10A02000236003B030BD6FF08600FAE74B4E80002E
:10A0300070B4074EDDE90345B04204D0CDE90345D5
:10A0400070BC06F0E8B96FF0850070BC704700BFC7
:10A0500005000002074B10B59942044606D00430B3
:10A0600006F0FBF908B90523236010BD6FF08500E9
:10A07000FBE700BF050000022DE9F74F0C9CDDE96E
:10A080000D5601944468DDE90F7C240ADDE911E8EE
:10A09000DDE9139A03D0DFF830B05C450ED1019CA6
:10A0A000CDE9139ACDE911E8CDE90F7CCDE90D5644
:10A0B0000C9403B0BDE8F04F02F046BB6FF0860091
:10A0C00003B0BDE8F08F00BF4B4E80002DE9F74F85
:10A0D0000C9C4568DFF854B000940D9CBBEB152F29
:10A0E0000194DDF850A04FEA1524DDE90E67DDE9A3
:10A0F00010CEDDE9128903D00D4DAC4200D07CB901
:10A10000019CCDE9139A0D94009CCDE911E8CDE9AD
:10A110000F7C0E960C9403B0BDE8F04F02F0A2BB8A
:10A120006FF0860003B0BDE8F08F00BF004E8000E6
:10A130004B4E800070B44C68039D240A02D0074E39
:10A14000B44206D1052440F8184B039570BC02F0C8
:10A15000DBB96FF0860070BC704700BF4B4E8000CB
:10A1600070B44C68039D240A02D0074EB44206D155
:10A17000052440F8184B039570BC02F0E3B96FF06A
:10A18000860070BC704700BF4B4E80002DE9F04345
:10A19000DFF84490DDB2446845F000754D45DDF8C8
:10A1A0002C804FEA1424DDE90767DDE909CE0CD0E5
:10A1B00014B10A4DAC420CD1CDE90AE8CDE9087CD6
:10A1C0000796BDE8F04302F043B86FF08500BDE8A4
:10A1D000F0836FF08600FAE7050000024B4E800026
:10A1E000F7B5089E0E4FF5B2044645F00075486875
:10A1F000BD424FEA10200DD010B10A4DA8420CD13B
:10A20000009604F1080006F07EFB08B905232360E0
:10A2100003B0F0BD6FF08500FAE76FF08600F7E756
:10A22000050000024B4E8000F7B5089E0E4FF5B2B8
:10A23000044645F000754868BD424FEA10200DD035
:10A2400010B10A4DA8420CD1009604F1080006F0A6
:10A250005CFB08B90523236003B0F0BD6FF08500F7
:10A26000FAE76FF08600F7E7050000024B4E80002A
:10A270004268044BB3EB122F01D106F075B96FF0B1
:10A28000850070474B4E800010B50D4C207808F0CB
:10A29000A5FA0C4A1368591C116063B90A4AD2F82E
:10A2A000003443F00703C2F800344FF00072074B4C
:10A2B0009A6002F0F7FF2078BDE8104008F090BAED
:10A2C00075BE002018BD00200090055000E100E0A0
:10A2D00038B5174C207808F081FA164B1A68013A05
:10A2E0001A6002BB4FF000751348C0F88850BFF3E6
:10A2F0004F8FBFF36F8F0721104BC3F80813D3F8AC
:10A30000001421F00701C3F80014C3F80021D3F8AA
:10A310000011C3F80421D3F80411C3F80821D3F8BD
:10A320000831C0F888512078BDE8384008F058BAA4
:10A3300075BE002018BD002000E100E0009005502F
:10A3400070B5104D104E2B68B34219D0FFF79CFF2B
:10A3500003F0E2F803F0B0F938B105F03CFF044631
:10A36000FFF7B6FF3CB92E6005E001F011F8044696
:10A3700018B1FFF7ADFF204670BD06F084F9EEE797
:10A380000024F8E7C8AB0020117365001FB5114C1D
:10A39000D4F84034012B14D0B72000F02DF918B1B7
:10A3A0006FF0210004B010BDB82000F025F900289E
:10A3B000F6D1B92000F020F90028F1D10123C4F82A
:10A3C000403410220021684604F0AAFA684606F0DC
:10A3D000CEFFE7E700900550002310B50B6010F0AA
:10A3E000FF0314D043F0007303F17E43053B102BB1
:10A3F0000DD801220B4C9A40224203D1042B06D1E6
:10A40000094B0B600B6853B96FF0850006E000F054
:10A41000FE40B0F1007FF7D06FF0860010BD002045
:10A42000FCE700BF697801005C2B0100F8B5054628
:10A430000E4618461C2117461C4608F009FA6B68A0
:10A440002B491A0AB1EB132F1BD12A4A3378226108
:10A45000294A13F00303E26066610CD0023303F073
:10A460000303012B3DD86B880733DB086360234B64
:10A4700023600020F8BD6B880733DB086360204B46
:10A48000F6E7204B9A4229D16B691F4A1A44022AE7
:10A490000CD81E4AE2601E4A22611E4A934212D024
:10A4A0000132934217D06FF08600E3E72246A96994
:10A4B00042F8181F62610022C4E90322164A93423F
:10A4C0000BD12023DAE70123A3602346AA6943F8CE
:10A4D000182F6361CDE70223F6E72FB1C4E90067C7
:10A4E000C7E76FF08400C5E76FF09600C2E700BFD2
:10A4F0004B4E800009AF0000C5AD000000000020F9
:10A5000000FF0720004E8000FF3F00808DA3000069
:10A51000D301010002C0FF7F04C0FF7F0022074B70
:10A52000C3F81021C3F80C21C3F80021C3F804219B
:10A53000C3F80821C3F81821704700BF00900450E9
:10A5400008B5FFF7EBFF01230360104B0A6832B92F
:10A55000D3F80C211AB9D3F80821002AF6D00B68D9
:10A560007BB90B4B99420ED0A3F58473D3F8083115
:10A57000002B14BF6FF002004FF0FF30FFF7CEFF4B
:10A5800008BD0020FAE74FF0FF30F7E700900450D5
:10A5900008910450034670B501B34A69120706D00A
:10A5A000552210491048F9F779FDFCF799FF0F4D36
:10A5B0000F48D5F80065D5F8004506F0010604F40B
:10A5C0007C54C5F800653443C0F80035C0F8041564
:10A5D0000849FFF7B5FFC5F8004570BD6FF00100F1
:10A5E000FBE700BFD52C01002A2D010000E004503C
:10A5F0000090045000910450034B0449C3F8000537
:10A600000348FFF79DBF00BF009004500491045021
:10A6100004900450034B0449C3F800050348FFF7B6
:10A620008FBF00BF00900450089104500890045060
:10A6300038B50C4659B1074D0749C5F8000507481C
:10A64000FFF77EFF10B9D5F80835236038BD6FF0ED
:10A650000100FBE700900450109104500C9004504E
:10A6600070B544681B4E0288B6EB142F43884FEA3E
:10A67000142514D14069184B98420CD003F5FF43C0
:10A680007D330344012B22D8B2F5105F1FD1022382
:10A6900000200B6070BD47F212139A42F6E70F4894
:10A6A000854214D102F44F40B0F5824F09D144F2F3
:10A6B0001210073382424FEAD303E9D15B00013322
:10A6C000E6E7B2F5885FE2D10733DB08E0E76FF039
:10A6D0008600DFE7004E800001C0FF7F4B4E800008
:10A6E00000212DE9F043074695B0084602F0CCFE64
:10A6F0000DF12706044626F01F0620B115B0BDE86F
:10A70000F04305F068BD4FF01009DFF878800122B2
:10A7100010211D4805F0CBFD1B4A33190093202161
:10A720001023CDF80490A2F1200002F021FB054691
:10A7300050B1002002F096FE284605F04CFD05467B
:10A74000284615B0BDE8F083D8E90C321034013347
:10A7500042F10002302CC8E90C32D8D102F082FE5E
:10A7600027B122463946304605F094FD3146202275
:10A77000044804F0B0F8102206F12001024804F069
:10A78000AAF8DDE760B1002080B10020F0B5194DD6
:10A79000194FAB6B8DB0BB4229D0184E307808F002
:10A7A0001DF8402300221946284608F046F83021BB
:10A7B000684605F0F1FD044678B96846FFF790FF5A
:10A7C000044690B9302302461946684608F035F829
:10A7D00001220023C5E90C23AF63307808F000F8AC
:10A7E000204605F0F8FC0DB0F0BD0E24F5E7002082
:10A7F000F9E700BF60B10020B4A5B4A576BE002083
:10A800002DE9F04F99B00DF1570902F10F0A0446F6
:10A810000E46154629F01F094FEA1A1A32B10029CF
:10A8200000F08F80B2F5005F00F28B80DFF81881B6
:10A83000464F98F8000007F0D1FFD7E90C321343D8
:10A8400009D12046FFF7A2FF044620B198F8000086
:10A8500007F0C6FF5EE0D7E90C231AEB020A43F1CA
:10A860000003BAF5803F73F1000314D3302102A82E
:10A8700005F092FDF8B902A8FFF732FF0446002860
:10A88000E4D130230246194602A807F0D6FF002281
:10A890000023C7E90C230021084602F0F5FD044619
:10A8A00060B91024A5B9284602F0DCFD2846FFF760
:10A8B00017FF0446CAE76FF09204C7E798F8000054
:10A8C00007F08EFF204619B0BDE8F04F05F083BCBD
:10A8D000102D4FF001024FF010011D48AA4628BF6D
:10A8E0004FF0100A05F0E3FC194A10232021CDE9AE
:10A8F0000094A2F1200002F03BFA834670B10020E0
:10A9000002F0B0FD98F8000007F06AFF584605F025
:10A9100062FC0446204619B0BDE8F08F4B4606EBBA
:10A920000A0213F8011B06F8011B9642F9D1D7E978
:10A930000C32013342F10002C7E90C32A5EB0A05E3
:10A94000B0E76FF08604E5E776BE002060B1002036
:10A9500080B100202DE9F74F044688461546E2B144
:10A9600031B95F2236493748F9F798FBFCF7B8FD53
:10A97000006806F086FBD4F858310746AB4210D980
:10A98000FB1A04F5AE7018442A46414603F0A3FFB3
:10A99000D4F858315B1BC4F85831002003B0BDE82F
:10A9A000F08F04F11C0300211846019302F06CFDA6
:10A9B00020B103B0BDE8F04F05F00DBC204605F016
:10A9C00015FD8346B8BBD4F8582104F1040904F5F9
:10A9D000AE7A51464846BA1A06F0C3FA834650BBCF
:10A9E000D4F858614146AE1BB6FBF7F307FB13667C
:10A9F000AD1B2A46484606F0B4FA8346D8B9484605
:10AA000006F0D5FA8346B0B9484606F030FB8346D7
:10AA100088B940215046C4F8587107F019FF56B163
:10AA20003246504608EB050103F055FFD4F8582193
:10AA3000921BC4F85821019802F014FD5846B8E75B
:10AA4000442D01002A2D01002DE9F84305468946D1
:10AA500014461E4633B9AE2220492148F9F71EFBA1
:10AA6000FCF73EFD006806F00AFBA04232D805F173
:10AA70001C070021384602F007FD18B1BDE8F84375
:10AA800005F0A9BB284605F0B1FC0446E8B9A84684
:10AA900058F8040B06F0F5FAD5F8582105F5AE7113
:10AAA000821A404606F05DFA044670B949464046AF
:10AAB00006F0BAFA044640B9404606F0D8FA044611
:10AAC00018B9286806F0DBFA3060384602F0CAFC94
:10AAD0002046D3E76FF08900BDE8F883442D0100DC
:10AAE0002A2D0100602A2DE9F04105460F46164641
:10AAF0001FD8DFF8488098F8000007F06FFE28465E
:10AB000000F060F9044620B9324638460C4903F09B
:10AB1000E2FE284600F0F8F9054698F8000007F034
:10AB20005FFE002D14BF28462046BDE8F04105F029
:10AB300052BB6FF08900BDE8F08100BF77BE0020F6
:10AB40000000002008B5039A33B9202209490A48B9
:10AB5000F9F7A4FAFCF7C4FC0AB92122F6E70023AE
:10AB60001360029B002B0CBF6FF086006FF0850016
:10AB700008BD00BF9D2D01002A2D01002DE9F04FD9
:10AB80008BB00446DDE91478894692461D46169E30
:10AB900033B9782225492648F9F780FAFCF7A0FC5A
:10ABA000B8F1000F01D17922F4E70EB97A22F1E76A
:10ABB00000233360C8F800307FB342681D4BB3EB0D
:10ABC000122F2DD102F042FE68B302A92046D4F81C
:10ABD00014B0FFF745FD0146C0B9029B9F4219D34F
:10ABE0005FFA8BFB594653464A46204600F0EAF985
:10ABF000014658B92B465846CDE9007803AA00F023
:10AC00002DFC014610B9BDF80E30336008460BB07C
:10AC1000BDE8F08F6FF08901F8E76FF08601F5E786
:10AC20006FF08501F2E76FF08401EFE79D2D0100E1
:10AC30002A2D01004B4E80002DE9F04104461546B7
:10AC40001F460E4692B031B9EA2222492248F9F74E
:10AC500025FAFCF745FC0BB9EB22F6E742681F49E1
:10AC6000130AB1EB122F2AD102F0F0FD70B3638802
:10AC700021880733B3F5C47F4FEAD3081CD2B1F55E
:10AC8000105F06D0B1F5885F03D042F20403994209
:10AC900012D14246002006A9FFF7B2FD48B905AB24
:10ACA000CDE90173424633462046009506A9FFF7D9
:10ACB00065FF12B0BDE8F0816FF08500F9E72B4326
:10ACC0000CBF6FF086006FF08500F2E76FF0840034
:10ACD000EFE700BF9D2D01002A2D01004B4E8000A3
:10ACE0002DE9F047124F0446DDE9089AC71961F1D2
:10ACF000000C032F7CF1000C0D461646984605D239
:10AD0000CDE9089ABDE8F04702F0ECBD104602F02C
:10AD10009DFD48B14346324620462946CDE9089A72
:10AD2000BDE8F04700F09ABB6FF08400BDE8F08703
:10AD3000FF3F008030B5ADF26C4D122205460C4647
:10AD40000DF10E00002103F0EBFD4FF41053002134
:10AD5000ADF80C30184B4FF48862CDE90831174B31
:10AD60000AA8049303F0DCFD4FF008210AA800F0C4
:10AD700083FCE8B90346009040F2011103AA0AA837
:10AD800000F0C8FCA0B9032340F201210C4A0AA834
:10AD900000F094FC60B910232A4640F206210AA86C
:10ADA00000F08CFC20B9202221460AA800F0CEFC3D
:10ADB0000DF26C4D30BD00BF02C0FF7F03004E801E
:10ADC000002E0100F0B50378064603F00303022BC2
:10ADD0009DB018D0033303F00303012B11D86FF09B
:10ADE00021000CE070782044FFF706FC00285FD1BA
:10ADF00001343378C3F38203A342F3D800201DB09B
:10AE0000F0BD0024F5E70BAF39464078FFF710FCA2
:10AE100004460028E3D13578C5F38205AC4225D33A
:10AE2000182200210EA803F07BFD4FF41053ADF85B
:10AE300034304FF48073ADF836304FF400731D4E4C
:10AE400014A81493109605F091FB149B1A4C0F93C1
:10AE5000322300211C2215A8149303F061FD204623
:10AE600014A9FFF767FF40B10E20C8E770782044AF
:10AE7000FFF7C2FBE0B90134CDE70CAB08936023C8
:10AE8000CDE9064304F1100304930423CDE90273D2
:10AE90000C23013D2D01CDE900430C9033462022C7
:10AEA000059514A90DA801F0DDFC0028A7D0DBE76B
:10AEB0000220A4E700025005000000206029F8B538
:10AEC00005460E4618D80E4F387807F087FC2846FE
:10AED000FFF778FF05F07FF9044640B9094932468B
:10AEE000284603F0F8FC6021064807F0B1FC3878EA
:10AEF00007F076FC2046F8BD6FF08904FAE700BF42
:10AF000077BE00200000002008B503789B0705D01D
:10AF10000548602107F09CFC002008BD05F0B3FB4C
:10AF20000028F5D00220F8E700000020F7B54368BC
:10AF300023490446B1EB132FDAB23DD1032A03D1E2
:10AF40006FF0840003B0F0BD466901A9F5B2284650
:10AF500005F043FB0028F5D121466A46019805F02B
:10AF600011FB044610BB009FA74218D89DF804307F
:10AF700007F0070223F01F0343EA820301A88DF8BC
:10AF800004308DF80560FFF7BFFF3946284605F00D
:10AF90003FFB70B903B0BDE8F04005F051BB60194C
:10AFA000FFF72AFB0028CBD10134DCE76FF09800D3
:10AFB000C8E76FF09200C5E76FF08B00C2E700BFF3
:10AFC0004B4E80002DE9F04FB7B00DF178080446E4
:10AFD0000F4616460021602240460B9303F0A0FC6A
:10AFE00005F02EFB8246002840F0A4810DF13409C3
:10AFF00004220146484603F093FC9DF834506269F0
:10B000006AF30305C2F3013C6CF305158DF8345067
:10B0100015F0300507D1A36898070FD06FF08600B0
:10B0200037B0BDE8F08F102D08D1BDF8363023F4CD
:10B03000F87343F4A873ADF836309AE0E36803F090
:10B04000FE41B1F1A06F18D1A94923F47E138B42C0
:10B0500020D001F580718B4228D0B3F1052F19D192
:10B0600008220D9B62F393330D9342F2040322886E
:10B070009A422FD06FF08500D2E79E498B42EFD0E5
:10B080000BD89D498B421DD09C498B4217D09C49BF
:10B090008B421AD0D3B2F82BEBE79A498B4205D0FA
:10B0A000B3F1082FF6D120220D9B01E00C220D9B5D
:10B0B00062F393330D932388B3F5105FD9E714221D
:10B0C0000D9BF5E724220D9BF2E734220D9B62F3E2
:10B0D00093330D9300210A4608469DF83730D4F883
:10B0E00008E0DFF824A25B085AF804BB1EEA0B0F45
:10B0F00007D001218140194301F07F03012142EA79
:10B100000B0201300728EFD129B19DF8371063F306
:10B1100047018DF837103EEA0202ABD16388FF2B5E
:10B120000ED005D8802B2CD0C02BA3D1022308E051
:10B13000B3F5807F27D0B3F5C07F9BD1062300E015
:10B1400003239DF8362063F306128DF836201DB9CF
:10B150001EF0030F7FF462AF2379022B20D014D8A6
:10B16000012B7FF45BAFBDF8362063F3C812ADF856
:10B170003620BCF1030F3FF651AFDFE80CF0164A62
:10B18000292D0123DDE70423DBE7032B02D0FF2B6E
:10B190007FF444AF0222BDF8363062F3C8134AE7A9
:10B1A000BDF8363043F4C07345E72388B3F5105F2C
:10B1B0007FF460AF0B9AA2F1100110293FF62EAF79
:10B1C000524BCB40D9077FF529AFDFF844A126E0E9
:10B1D0000B9B602B3FF64EAF0B9A412A15D011D82E
:10B1E000202A0CD80F2A7FF619AF484BA2F1100184
:10B1F000CB40DB077FF512AFDFF818A10FE0302A54
:10B20000FAD00BE7612A7FF409AF013A01360B92BD
:10B21000F2E70B9A302A7FF401AFDFF8FCA0202D73
:10B220004DD122AC3146204603F055FB2A46002181
:10B2300016A80B9E03F074FB1822002110A803F03F
:10B240006FFB4FF41053ADF83C304FF48073DFF8D0
:10B25000B4B00EA8ADF83E300E93CDF848B005F06E
:10B2600085F90E9B1022414600201193FFF7C8FA82
:10B2700000287FF4D5AE404616A9FFF75BFD0028F5
:10B280007FF4CEAE0BAB08935023CDE906430423E5
:10B29000CDE902930C230F3626F00F06CDE900838B
:10B2A0002A465B46CDE9044616A90FA801F04CFAE0
:10B2B00000287FF4B5AE46460B9A10320B9200255B
:10B2C00002F10F044FEA1418454527D11F2C2BD843
:10B2D0001C22002116A803F023FB002545452CD194
:10B2E0001F2C03D9BA20FFF795F918BB002097E669
:10B2F00000014005000510050002C00300444004A1
:10B3000009008003000250054C2A010001010100E0
:10B3100000FF07200000002010940550781905F068
:10B3200031F890B30135CFE74146384605F070F962
:10B330000028CDD06FF0920072E60AEB05124FEABA
:10B34000051B1B92BDB9042249461CA803F0C3FA91
:10B35000BDF8362006EB0B01C2F3C1121A9216A8F3
:10B36000102203F0B8FA16A97819FFF713F930B1D3
:10B3700005F066F9DEE74FF0FF331C93E8E71C2188
:10B3800016A807F065FA0135A8E76FF08A0047E6CE
:10B3900010B590B01C22002101A803F0C1FAF820DA
:10B3A00004F0F0FF28B3202200200DEB0201FFF78C
:10B3B00027FA044618BB4FF480736846009305F0E3
:10B3C000D5F8009B0F4903930F4B01A804930F4B33
:10B3D000CDE901130E4BF821069320230DEB030258
:10B3E000FFF7F0FD202104460DEB010007F030FAD5
:10B3F00005E0F92004F0C6FF0028D4D10446204619
:10B4000010B010BD002400010010C004014B4E809C
:10B41000F800FF7F7FB5CDE900019DF8006003A92A
:10B42000304615461C4605F0D8F888B9BDF80E1010
:10B43000C1F3C1110139C9B202298FBF6FF0860073
:10B44000044B5A5C044B9EBF13432B60C4E900605D
:10B4500004B070BD622F0100004B4E802DE9F04317
:10B4600085B0884601A9064614461D460C9F05F086
:10B47000B4F848B9B6F1F80348F1FF38022B78F177
:10B48000000804D26FF0860005B0BDE8F08305F037
:10B49000D7F8002860D1002CF4D09DF8048018F073
:10B4A0000F0240F0CB80BDF80630C3F3C113013B5F
:10B4B000DBB2022B00F2C580664908F03008C95C97
:10B4C000654BB8F1100F43EA010363602AD1634B67
:10B4D0002360204602A9FFF7C3F80028D4D1029BBD
:10B4E000BB4200F2B48044F21212218801989142CA
:10B4F00004BF042205F8012B0D9A214613609DF824
:10B5000004302A78C3F3011363F301022A7003AAFB
:10B5100008BF07F1FF3705F035F8002878D06FF045
:10B520009800B1E7134691469DF807104C4849082A
:10B53000A9B903A8CDF80C9005F018F8039BA360F7
:10B54000019BC3F38533202B1CD013D80C2B35D093
:10B55000142B37D0082B39D06FF0920094E7CA072C
:10B5600005D5062B70D850F8232049EA020949086E
:10B570000133DDE7242B2DD0342BEDD14FF488534C
:10B58000384A03E04FF410534FF00822E2609DF870
:10B5900006202380C2F30212013A052ABFD801A176
:10B5A00051F822F00DB60000DDB50000FDB5000039
:10B5B00001B600001FB5000007B600004FF410539D
:10B5C000294AE3E74FF41053284ADFE742F2040325
:10B5D000274ADBE74FF41053264AD7E7C0226280A0
:10B5E000B8F1000F7FF475AFB3F5105F03D119F018
:10B5F000030F3FF46EAF6FF0960045E7FF22EEE7D2
:10B600004FF48072EBE74FF4C072E8E78022E6E780
:10B610002B78039A6E7062F384032B70238803F4F3
:10B620004F42B2F5824F04D139462846FFF746FC17
:10B630002AE7B3F5885F7FF427AFF5E76FF088005E
:10B6400022E76FF091001FE76FF083001CE76FF0B7
:10B65000890019E7622F0100004B4E800110800124
:10B660004C2A010009008003008244050044400484
:10B67000000510050002C00310B421F49F620D4CB8
:10B6800022F00702A2420346016004D00A4A21F0D8
:10B69000FF04944203D1184610BC05F023B8B1F161
:10B6A000082F02D110BC05F0A8B86FF0850010BCBF
:10B6B000704700BF00010008000400082DE9F041B8
:10B6C0000568DFF8488025F49F6E2EF0070EC6450A
:10B6D00004460E4617469C4605D0DFF834E025F0B8
:10B6E000FF08F04507D13A4631462046BDE8F04113
:10B6F000634600F0BDB8B5F1082F03D1BDE8F041B5
:10B7000005F087B86FF08500BDE8F0810001000802
:10B710000004000870B404681D46B4F1082F039EAD
:10B7200009D0094B24F0FF049C4208D033462A4636
:10B7300070BCFFF7C3BF039670BC05F0A0B86FF0F4
:10B74000850070BC704700BF00070008F0B40468B3
:10B75000DFF83CC024F49F6727F0070767450346DE
:10B760000D46164604D00B4F24F0FF0CBC4505D106
:10B7700032462946F0BC184600F004B9B4F1082F4F
:10B7800002D1F0BC00F03CB96FF08500F0BC70470E
:10B79000000100080004000838B50368084A23F0D7
:10B7A000FF039342054609D104F0C7FF044628462B
:10B7B0004FF4886107F04CF8204638BD0024F6E7C6
:10B7C00000010008002203782DE9F34143F00073E3
:10B7D00003F17E43033B122B8CBF16462349019293
:10B7E00098BFCE5C00F2D1213246054602F0D6F871
:10B7F0000446B0BB95F8D03205F1540743BB95F829
:10B80000D03238460133D5F8D42385F8D03205F24A
:10B81000513100F07DFC044618BB0122384605F585
:10B82000347100F075FC0446D8B905F2113832467F
:10B830004146384601AB00F08DFC044688B93246DB
:10B84000414605F1100003F046F885F8506008E025
:10B850003246384605F2113100F05AFC0446002801
:10B86000CDD0204602B0BDE8F08100BF762F0100A8
:10B870002DE9F3410027164602681D46D3B243F076
:10B88000007303F17E43033B102B044698BF3B48F3
:10B89000019798BFC75C3A4B22F0FF029A420FD142
:10B8A00040F2011399420BD1402D64D82A4631460B
:10B8B00004F2D12003F00FF81223A380002012E03D
:10B8C000A388DA0642D5132B40D040F202229142DF
:10B8D0000CD040F2032291423BD040F2011291423F
:10B8E00010D06FF0860002B0BDE8F081102B2DD192
:10B8F0002A463146204602F051F80028F3D11123A0
:10B90000A380F0E7102B1FD104F2D128402140463C
:10B9100006F09EFF3A464146204602F03FF80028D6
:10B92000E1D104F154082A463146404600F0F0FBCC
:10B930000028D8D112233A46A380404601AB04F236
:10B94000D12100F007FCCEE7112BEAD06FF0880080
:10B95000C9E794F8D833002BF8D1802D0BD82A46AC
:10B96000314604F2513002F0B6FF0123C4F8D4533B
:10B9700084F8D833A2E76FF08C00B4E7652F01009C
:10B98000000500082DE9F04104680E46194924F02D
:10B99000FF078F421346054682881BD1112A26D9FC
:10B9A0001322E4B244F0007404F17E44033C122CF0
:10B9B000828006D8104A125D9A4203D96FF089003E
:10B9C00006E00022304605F2D12102F084FF00207B
:10B9D000BDE8F081112A0AD990F8D8233AB1132290
:10B9E000064982803246BDE8F04105F054BE6FF052
:10B9F0008800EDE700040008762F0100C5B70000BD
:10BA00008388F7B51746A3F14102032A04460E4680
:10BA100032D8442B08D13B4632462046184903B061
:10BA2000BDE8F04005F037BE442385688380EA0214
:10BA3000C5F3475343EAC56302F47F026D0913431C
:10BA400005F47F452B43D0F80C23C0F83C3400F5B7
:10BA50003B7101F0A3FF68B9204604F071FE48B9BC
:10BA6000102201AB04F5347104F1540000F072FBB4
:10BA70000028D0D003B0F0BD6FF08800FAE700BF17
:10BA80008B0701002DE9F041DDF818801D46154BAC
:10BA90000E469845044611461DD13388B3F5105F14
:10BAA00019D1202D1AD800F582772A46384602F09F
:10BAB00012FF2A463946304604F1E803FEF7B6FC89
:10BAC00038B9012384F836311023C4F8008084F893
:10BAD0003531BDE8F0816FF08500FAE76FF0860040
:10BAE000F7E700BF004440042DE9F041DDF818807D
:10BAF0001D46144B0E469845044611461CD133880A
:10BB0000B3F5105F18D1202D19D800F582772A4699
:10BB1000384602F0E0FE2A463946304604F1E80392
:10BB2000FEF784FC30B91023C4F8008084F8360195
:10BB300084F83531BDE8F0816FF08500FAE76FF0E9
:10BB40008600F7E70044400408B539B940F2931283
:10BB500007490848F8F7A2FAFBF7C2FC102A04D1FB
:10BB6000D53002F0B8FE002008BD6FF08600FBE77C
:10BB7000042E01002A2D01002DE9F04F87B0044664
:10BB8000DDE910BA15461F46894641B93AB14FF46E
:10BB9000E27289498948F8F781FAFBF7A1FCBAF10A
:10BBA000000F02D140F2C512F3E70023CAF80030BB
:10BBB000DDB1002F00F0EE8094F8346173195B451D
:10BBC00000F2E88026B394F8358104F59270A8EB72
:10BBD000060295420BD22A464946304402F07BFECB
:10BBE00094F834312B4484F83431002350E0494632
:10BBF0003044059202F06FFE94F83431059A98446F
:10BC0000A8EB06085FFA88F684F834619144AD1A0F
:10BC100094F83531C3F1000818EA050802D1002E66
:10BC200000F0BB802168664A91423BD1D6B1B34255
:10BC300002D04FF40172ACE794F8362104F1E80128
:10BC4000012ACDE901BA009704F5927204F10400CB
:10BC500022D105F07AFD0346D0B994F8342184F856
:10BC600034011744B8F1000F00F08B8094F836319E
:10BC70004A46012BCDE901BA4346009704F1E80199
:10BC800004F104000BD105F060FD0346002878D0D4
:10BC9000184607B0BDE8F08F05F08CFDDBE705F036
:10BCA00089FDF2E704F1100B0021584601F0ECFB8E
:10BCB00020B107B0BDE8F04F04F08DBA94F8D4304D
:10BCC0005BB1201D01F00AF80346D8B15846059330
:10BCD00001F0C8FB059B1846EBE73A4B22689A42F5
:10BCE0004FF0010314BF6FF002006FF0200084F8E2
:10BCF000D43004F070FA28B10590584601F0B2FB38
:10BD0000059BC5E794F83431221D0592A3B194F840
:10BD100035219A4202D040F243223AE73B4604F5ED
:10BD20009271201D05F010F803460028CED194F83A
:10BD3000353184F834011F44B8F1000F0CD03B4674
:10BD400042464946201D04F0FFFF074620B15846F1
:10BD500001F088FB3846ACE7201D05F05CF807468B
:10BD60000028F4D1201D05F0A3F80746584601F03D
:10BD700079FB002FEED1DAF8003046443344CAF89C
:10BD8000003045457FF631AF94F8343143B140F28D
:10BD90006F22FEE66FF089037AE7002D3FF425AFAE
:10BDA000A5EB08052A4609EB080104F5927002F09C
:10BDB00092FD84F8345118E7042E01002A2D010069
:10BDC00000444004000180042DE9F04304460F467E
:10BDD00091461E4685B03BB94FF41F72454946480F
:10BDE000F8F75CF9FBF77CFB0021196090F834311F
:10BDF000002B77D10268414B9A4278D00025284623
:10BE000005B0BDE8F08320683D4A904213D194F814
:10BE1000362104F1E801012ACDE90196009704F5E5
:10BE2000927204F1040003D105F08FFC0546E6E7A9
:10BE300005F0C0FCFAE704F11008404601F024FBCD
:10BE400020B105B0BDE8F04304F0C5B994F8D43092
:10BE50004BB1201D00F042FF0546C0B1404601F045
:10BE600001FB2846EDE72268264B9A424FF001037A
:10BE700014BF6FF002006FF0200084F8D43004F09B
:10BE8000AAF9054618B1404601F0ECFAB7E794F874
:10BE900034214A45326007D900234046336001F01F
:10BEA000E1FA6FF08905AAE7251D04F592713B467A
:10BEB000284604F049FF044620B1404601F0D2FA7A
:10BEC0002046BEE7284604F079FF04460028F4D156
:10BED000284604F0EDFF0446404601F0C3FA002C6A
:10BEE0008CD0EDE7002F8ED140F2872276E7002F2D
:10BEF00084D1F9E7042E01002A2D010000414004FD
:10BF000000444004000180042DE9F04FD3B09B466B
:10BF1000DDE95E785C9B05460E469246DDF8809131
:10BF2000629C33B984221A491A48F8F7B7F8FBF72C
:10BF3000D7FA27B9B8F1000F01D08522F3E7B9F19C
:10BF4000000F01D18622EEE70CB98722EBE7002132
:10BF50004FF49C72216004A802F0E2FC0E4B9B455A
:10BF600013D15246314628463EABFEF75FFA48B938
:10BF7000619B3A46CDE90093029443463EA905A849
:10BF800005F0E3FB53B0BDE8F08F6FF08500F9E7F3
:10BF9000042E01002A2D0100004440042DE9F04F39
:10BFA000D3B00746DDE95C848A4693461D46DDF83A
:10BFB0007891609EB8F1000F07D134B1ED221E498F
:10BFC0001E48F8F76BF8FBF78BFAB9F1000F01D1B7
:10BFD000EE22F4E70EB9EF22F1E74FF49C72002154
:10BFE00004A802F09DFC0022154B32609D4214BF54
:10BFF00010230C23ECB1134A954213D15A465146F3
:10C0000038463EABFEF712FA48B95F9B4246CDE98F
:10C010000093029623463EA905A805F0CBFB53B03A
:10C02000BDE8F08F9C4234BF6FF086006FF0850052
:10C03000F5E72046F3E700BF042E01002A2D01009A
:10C0400000018004004440042DE9F04115461A46E1
:10C05000069B03F0FE44B4F1407F06D01822274926
:10C060002748F8F71BF8FBF73BFA0468002C3ED191
:10C07000244C13F47C16036004EA03040AD0C3F3CF
:10C080000546B4F1607F466022D12946BDE8F04103
:10C0900005F0EEB9B4F1607F0BD1DCB244F000746E
:10C0A00004F17E44033C122C1DD81749095D416000
:10C0B000EBE7B4F1707F18D10C8804F4E047B7F5D2
:10C0C000005F12D10126C4F3022406FA04F444608E
:10C0D00023F47E140D4B9C420DD113462A46BDE835
:10C0E000F04100F005B94660CFE74660F0E76FF039
:10C0F0008800BDE8F0816FF08500FAE75E2E010050
:10C100002A2D01000000C07F892F01000002C0031A
:10C1100010B4046884B19AB10C4B2340B3F1607F32
:10C1200002D110BC05F0EDB9094B24F47E149C42F9
:10C1300008D110BC04F032BC6FF0880010BC70470E
:10C140001046FBE76FF08500F8E700BF0000C07FF6
:10C150000002C003F8B50F46016805461E4659B3F4
:10C160006FB3436893422DD8184B0B40B3F1607FF7
:10C1700011D105F047FA04462B68154A23F47E13C3
:10C18000934203D1284604F046FC044634B1002310
:10C1900033602046F8BD6FF09604EDE705F10C0121
:10C1A00038466A6802F097FB6B684FF41F712846A7
:10C1B000336006F04DFBECE76FF08804E9E76FF0C1
:10C1C0008604E6E76FF08904E3E700BF0000C07F64
:10C1D0000002C00370B50E460168054669B37EB320
:10C1E0004368934203D06FF09404204670BD164B11
:10C1F0000B40B3F1607F1DD105F004FA04462B68B3
:10C20000124A23F47E13934203D1284604F003FC20
:10C210000446002CE9D131466A6805F10C0006F0AD
:10C22000F8FA04460028DED14FF41F71284606F0C4
:10C230000FFBDAE76FF09604E1E76FF08804D4E7CC
:10C240006FF08604D1E700BF0000C07F0002C0038A
:10C250002DE9F04F06461D460F469046ADF5237D6D
:10C2600003AC4FF41F72DDE9AFA900212046DDF8D1
:10C27000B4B202F055FB314643463A46204600959B
:10C28000FFF7E2FE064660BB184B25F47E159D4283
:10C2900012D16368534526D85A462046AE9BAC99C6
:10C2A00004F005FC0546B8B96368C9F800303046AB
:10C2B0000DF5237DBDE8F08F5A462046AC99FFF777
:10C2C00027FF054640B94B4652462046AE99FFF738
:10C2D00041FF05460028EAD0204604F018FB2E4610
:10C2E000E5E70546F8E76FF08905F5E70002C003CA
:10C2F000F8B50E461D4633880446B3F5105F114667
:10C3000025D1A5F11002102A03D8144BD340DB0726
:10C310000AD4736812481A0AB0EB132F02D0114BDB
:10C320009A4214D1202D15D804F5B2772A46384602
:10C3300002F0D1FA2A463946304604F5A473FEF7D6
:10C3400075F818B9102384F84C00A360F8BD6FF09D
:10C350008500FBE76FF08600F8E700BF01010100F0
:10C360004B4E8000004E8000064B984202D0064B98
:10C37000984204D1A1F10C03584258417047002063
:10C38000704700BF000510050002500570B5026837
:10C39000044690F84D101046FFF7E6FF00283CD009
:10C3A0001F4E04F1C005931B59425941284601F024
:10C3B0006BF818B1BDE8704003F00DBF2368194A4F
:10C3C000934217D0B34225D194F8586094F89A302C
:10C3D00004F14002211D04F1A00046B904F0DAFB8B
:10C3E000044610B1284601F03DF82046E2E704F08B
:10C3F000CFFBF5E794F8586094F89A3004F14002C6
:10C40000211D04F1A00016B904F074FDE8E704F062
:10C4100069FDE5E76FF00204E4E76FF0880070BDA6
:10C4200000025005000510052DE9F843DDE90894E8
:10C43000B9F1200F0F460546904619463DD800F148
:10C4400020064A46304602F046FA4A463146404601
:10C450002B1DFDF7EBFF002844D1234A24F47E1363
:10C46000934220D002F5807293421ED0B3F1052F83
:10C470001DD01E4A93421CD01D491E4A8B4218BF34
:10C4800000222A60184A85F85870934213D002F5AA
:10C490008072934214D0B3F1052F0CD184F00523A0
:10C4A00083F4801317E0144AEBE7144AE9E7144ACF
:10C4B000E7E7144AE5E7002412E06FF0860011E098
:10C4C00084F0AA6383F4807333F47E1306D084F07F
:10C4D000AA6383F4007333F47E13ECD1C4F30544F0
:10C4E00085F89A40BDE8F883000140050006000584
:10C4F0000007000500071005000150050002500567
:10C50000000510050006100570B4202B039C0FD801
:10C510000B4E24F47E15B54203D1039470BC05F094
:10C52000E5BAB5F1052F07D1039470BC05F017BD2E
:10C530006FF0860070BC70476FF08500FAE700BFAF
:10C540000002400570B4202B039C0FD80B4E24F43E
:10C550007E15B54203D1039470BC05F0D2BAB5F193
:10C56000052F07D1039470BC05F004BD6FF0860061
:10C5700070BC70476FF08500FAE700BF000240050D
:10C5800010B40368074CA34202D110BC05F0C4BA32
:10C59000054CA34202D110BC05F0F7BC6FF085003A
:10C5A00010BC7047000250050005100510B4036868
:10C5B000074CA34202D110BC05F0BDBA054CA34202
:10C5C00002D110BC05F0F0BC6FF0850010BC7047C4
:10C5D000000250050005100530B490F89C506DB96C
:10C5E00082B103680A4CA34202D130BC05F0A7BA5D
:10C5F000084CA34208D130BC05F0DABC6FF08800CB
:10C6000030BC70471046FBE76FF08500F8E700BFCD
:10C610000002500500051005F0B40024DDE90456C1
:10C6200034609AB1ABB1AA4213D804680C4FBC4233
:10C6300004D1CDE90456F0BC05F0A9BA094FBC42BB
:10C640000AD1CDE90456F0BC05F0DBBC1046F0BCC5
:10C6500070476FF08900FAE76FF08500F7E700BFD9
:10C660000002500500051005F0B54FF0000EDDE9A1
:10C6700005C5079EC3F800E0C6F800E090F89A7080
:10C68000AF4216D804680E4FBC4207D1CDE906561A
:10C69000CDF814C0BDE8F04005F0E2BA094FBC4245
:10C6A0000AD1CDE90656CDF814C0BDE8F04005F03A
:10C6B0001CBD6FF08900F0BD6FF08500FBE700BF87
:10C6C0000002500500051005F0B400271F6090F827
:10C6D0009A50059F049EBD4210D104680B4FBC4286
:10C6E00004D1CDE90465F0BC05F0D6BA084FBC42D0
:10C6F00008D1CDE90465F0BC05F029BD6FF09400C8
:10C70000F0BC70476FF08500FAE700BF00025005EB
:10C710000005100508B50A4A0368934206D0094A85
:10C72000934207D1BDE8084005F0EEBABDE80840E5
:10C7300005F046BD4FF46A7106F08AF8002008BD86
:10C7400000051005000250052DE9F04F89464449C7
:10C75000924623F47E12ADF56D7D8A4280469B465B
:10C76000F79FFB9CFD9E78D001F580718A4202D034
:10C77000B2F1052F71D102AD4FF46A720021284643
:10C7800002F0CEF8A64265D342464B460121284628
:10C79000CDE900ABFFF748FE8046002858D1F99B51
:10C7A00039462868C5E91434FFF7DEFD002847D074
:10C7B0003A46F69912A802F08EF8284685F84D7090
:10C7C000FFF7E4FD8046002842D1DDE9F8122AA8EF
:10C7D00004F0EBF903F0FFFC8046002838D1224634
:10C7E000FC9BFA992AA804F016FA03F0F4FC8046A0
:10C7F00070BBFC9B361B191995F89A309E4223D3C7
:10C800002AA800F011F9C8B92AA804F077FAA8B943
:10C8100095F89A6003F0DFFC8046C8B93444FE9B6B
:10C8200032A81C6000F01EFE4FF46A71284606F024
:10C830000FF840460DF56D7DBDE8F08F4646E9E7FF
:10C8400044466FF08508EAE704466FF08908E6E79A
:10C850000024E4E76FF08908EBE76FF08508E8E76C
:10C86000000140052DE9F04F8A463E49934623F4E6
:10C870007E12ADF56D7D8A4204469846DDF8DC9364
:10C88000FA9FFE9E6AD001F580718A4202D0B2F111
:10C89000052F63D102AD4FF46A720021284602F0E1
:10C8A0003FF82246534600212846CDE900B8FFF75D
:10C8B000BBFD044600283BD195F89A20FB9B9B1AB0
:10C8C000FD9A3360934243D8F99A49462868C5E9EE
:10C8D0001423FFF749FD00283DD04A46F69912A8D7
:10C8E00001F0F9FF284685F84D90FFF74FFD04460B
:10C8F000F0B9DDE9F8122AA804F057F903F06BFC4F
:10C900000446A8B93946FC9B32682AA804F083F98A
:10C9100003F061FC044658B931682AA8394400F094
:10C92000E7F810B92AA804F0E9F903F054FC04462A
:10C9300032A800F097FD0CB1002333604FF46A7108
:10C94000284605F085FF20460DF56D7DBDE8F08F8A
:10C950006FF08904ECE76FF08504E9E76FF0850478
:10C96000F1E700BF000140052DE9F0410446904683
:10C970001F460D4619B10A688B681AB953B96FF092
:10C98000210646E033B94B6823F00802102A01D093
:10C99000202B41D101232046A376E56104F0E4F881
:10C9A0000646002835D121461D4B04F1200041F8F0
:10C9B000843BAB689A069B01DBB202F0E0421A436B
:10C9C00042F48042112300F001FB2268AB689068BA
:10C9D0006BB9616A2B68103141F8103C6B6843F009
:10C9E000005341F8083C436841F8043C6162616AC5
:10C9F0000C4BC1F800808B608368103141F8043C17
:10CA000000232776C4E9023363612361D36861623E
:10CA100063603046BDE8F0816FF04106F9E700BF82
:10CA2000682A01000C00002090F8203070B5044600
:10CA30000D46002B56D003685A68052A0ED1016BAB
:10CA40009A6911420AD0C26842B9826832B904F0C8
:10CA500084F8002808BF6FF0530070BD5A6AD4E90B
:10CA600004100E18964207D2204604F076F80028EB
:10CA700008BF6FF00200F0E71B6904F1F402984769
:10CA800068B1E26A636AC4321A60184A103343F824
:10CA9000082C22689268526943F8042C636220468D
:10CAA00004F04AF8207EA36A00F10F0222F00F0280
:10CAB00003F1100190421D609860A16207D000212F
:10CAC000121A42F0804219619A612033A362002554
:10CAD00004F12000B621656004F1840200F086FABA
:10CAE0002846BAE76FF02000B7E700BF100000202B
:10CAF00090F8203070B504460D46002B70D00368C6
:10CB00005A68052A0ED1016B9A6911420AD0C2688F
:10CB100042B9826832B904F020F8002808BF6FF0EB
:10CB2000530070BD5A6AD4E904100E18964207D219
:10CB3000204604F012F8002808BF6FF00200F0E76A
:10CB40001B6904F1F402984723689E68636A03F145
:10CB5000100158B3E26AC4321A60234A9A607269BB
:10CB6000DA6061626560204603F0E6FFD4E90A30CE
:10CB7000217EC43001F10F0222F00F0218609142B1
:10CB800003F110009960A06207D00020521A42F011
:10CB9000804218619A612033A36204F12000B6211B
:10CBA00004F1840200F022FA0020BAE7B06900F034
:10CBB000C002C02A02BF53F8042C42F0200243F8FE
:10CBC000042C267E1D6006F10F0222F00F0242F0B7
:10CBD0000055921B40EA02209D60D8606162C2E766
:10CBE0006FF020009DE700BF100000202DE9F0410C
:10CBF0000446174698460D4619B10A688B681AB95B
:10CC000053B96FF0210649E033B94B6823F00802AD
:10CC1000102A01D0202B44D100232046C4E90085EE
:10CC2000A36004F07BF80646002837D12146012096
:10CC300051F8703BAA68D3F800C098F80730083361
:10CC40009840069B18439301DBB29206184302F00A
:10CC5000E042DCF80030024304F10C0000F0B6F9C9
:10CC6000AB687BB923692A68103343F8102C6A68D3
:10CC700042F0005243F8082C22681268526843F8C8
:10CC8000042C236157B12369074A1F609A60226808
:10CC900010331268D26843F8042C23613046BDE893
:10CCA000F0816FF04106F9E71000002007B500227F
:10CCB000034B0092FFF79AFF03B05DF804FB00BF3F
:10CCC000AC2A0100012307B500220093024BFFF7B5
:10CCD0008DFF03B05DF804FBAC2A0100037B70B547
:10CCE0000446002B3BD00368DB7A002B3AD004F0DB
:10CCF00015F80546002830D12368E26959791B6888
:10CD000022EA0102E26104F1700104F10C001B68E7
:10CD100000F05CF9D4E90012086862B1936853B975
:10CD200016685268236942F000529A6042681E6099
:10CD3000DA6010332361A2692369A4321A600B4AB6
:10CD4000103343F8082CC26843F8042C23618A7915
:10CD5000E3691343E3610023A360284670BD6FF0CD
:10CD60002005FAE76FF04705F7E700BF1000002045
:10CD700037B54FF480740194214C41F00051A1610A
:10CD800040F6110143F00053A3622123E16104F155
:10CD90002001616101212262E362069A194B01AD13
:10CDA0001A60079A256042F000521125C3E901126A
:10CDB0002022DFF854C02061C4E902C504F1100547
:10CDC00065606162DA60BFF35F8F104A1460BFF381
:10CDD0005F8FBFF35F8F1361BFF35F8FBFF35F8F11
:10CDE00003235363BFF35F8FBFF35F8F9363BFF37F
:10CDF0005F8F00F071F9431CFBD003B030BD00BF62
:10CE00002CBD00201CBD00200400002000000150AB
:10CE1000F8B51F464B680446202B0D46164639D1FF
:10CE200000238376CB68C161002B2ED121461B4B9A
:10CE30003A4641F8843B04F12000142300F0C6F880
:10CE40002A68636A20681A60154A9A608268516885
:10CE5000D9604FF08071C4F80411E16AD4311961CE
:10CE6000104999619168D268C3E907160E49DA62E0
:10CE7000996230336362069B2376C3680020C4E95D
:10CE800003006360A0606061F8BD486998470028AE
:10CE9000CCD0F9E76FF04100F6E700BFEC2A0100C3
:10CEA00020000020040000200C0000202DE9F041AB
:10CEB00098464B680546202B0E4617462DD1CB6869
:10CEC00041602BBB2946164B069A41F8703B42F055
:10CED0000102142305F10C0000F078F833682C6986
:10CEE000002023600F4BA3602B681B685A68DB6827
:10CEF000C4E90327C4E9073842F614430A4AA26189
:10CF00000A4AC4E90A2330342C61A860BDE8F081E4
:10CF1000486998470028D5D0F8E76FF04100F5E759
:10CF2000CC2A010020000020040000200C0000207A
:10CF300038B504460D4619B10A688B681AB953B959
:10CF40006FF0210029E033B94B6823F00802102A62
:10CF500001D0202B35D1EB682561D3B91A4B04F1F0
:10CF60007801236001236360AB6804F114009A0622
:10CF70009B01DBB202F0E0421A4342F480321123FB
:10CF800000F024F8AB684BB100201023C4E9020381
:10CF900003E0686998470028E0D038BD2A68A36993
:10CFA0001A606A68103342F0005243F8082C226875
:10CFB0009269926843F8042CA3616368013363604B
:10CFC000E2E76FF04100E8E7302B0100026100F179
:10CFD0001402826000F11002C2600A60024AC1E9D4
:10CFE0000223103141607047040000204368A3F120
:10CFF0001001914240D8012243F80C2C53F8042C24
:10D0000042F0200243F8042C53F8082C42F000525E
:10D0100043F8082C836800F11402A3F11001914237
:10D020002ED8012243F80C2C53F8042C42F0200295
:10D0300043F8042C53F8082C42F0005243F8082C13
:10D04000C36803F15402BFF35F8F0F4B1A60BFF345
:10D050005F8FC2680432BFF35F8F1A61BFF35F8FC7
:10D06000BFF35F8F03225A63BFF35F8FBFF35F8FFE
:10D070009A63BFF35F8F7047103242F80C2CB8E709
:10D08000103242F80C2CCAE70000015038B5BFF34B
:10D090005F8F104CE569BFF35F8FBFF35F8F102385
:10D0A0006363BFF35F8F012001F072FABFF35F8FFC
:10D0B00000236363BFF35F8FBFF35F8FE36BBFF347
:10D0C0005F8F5B06F8D425B1BFF35F8FE561BFF3D7
:10D0D0005F8F38BD0000015008B500F06BFA104AB0
:10D0E00020B9BFF35F8F906ABFF35F8FBFF35F8F8D
:10D0F000D36BBFF35F8F10F0240F03F0230304D032
:10D10000FFF7C4FF6FF01F0008BD4FF0FF30002B8A
:10D11000FAD1BFF35F8F1063BFF35F8F1846F3E759
:10D1200000000150C26870B572B9C36900F12804EB
:10D130001C603D4C103343F8084C4468E46844F4E8
:10D14000806443F8044CC361836A9B052FD4044672
:10D1500054F8EC3BDD68302D34BF08261026082E2D
:10D160000CBF092611261D696B1E1340EB1AB34232
:10D1700038BF5B191C44D50004F8015C03F1EB04D3
:10D180005209044400F1ED05A54248D18022446AC9
:10D1900080F8EC20C269C434146044689360E46889
:10D1A000103242F8044CC26102691A4402610269F9
:10D1B0000568D31C23F003039B1AC26952F8044C80
:10D1C00044EA032442F8044C52F8084C2344EC6827
:10D1D00043F0005342F8083C036AE21C22F00302C9
:10D1E0001960944203F110019C60016207D0002194
:10D1F000121B42F0804219619A6120330362836AF4
:10D2000013F480610AD16B699C4207D0026A1B1B30
:10D2100043F08043116093601032026270BD04F8E5
:10D22000012D120AB0E700BF04000020B1F5AA7F6B
:10D2300038B5044614D303681A6812F0400512D1B9
:10D240000A4B00F17C01436013231830FFF7BEFE48
:10D25000074B284663610123C4E90355A36038BD29
:10D260006FF02200FBE76FF00200F8E77C2B010073
:10D2700025D10000BFF35F8F094A1368BFF35F8FAA
:10D2800043F48071BFF35F8F1160BFF35F8F23F4AE
:10D290008073BFF35F8F1360BFF35F8F704700BF72
:10D2A00000100150BFF35F8F1522064B5A62BFF387
:10D2B0005F8FBFF35F8F40F237129A62BFF35F8FC9
:10D2C000704700BF0010015008B5FFF7D3FFBFF350
:10D2D0005F8F064A1368BFF35F8F43F00103BFF30C
:10D2E0005F8F1360BFF35F8F08BD00BF0010015058
:10D2F00070B50026C0E9006605460C46FCF7C4FF81
:10D3000001232B70FFF7B6FFBFF35F8F204BDB6865
:10D31000BFF35F8F9B08013BACB3226842B19A42D6
:10D3200005D9FCF7D5FF6FF03F002E7070BD134696
:10D33000D4E90115E068002908BF4FF40071002806
:10D3400008BFF1202469BFF35F8F114A9360BFF3D8
:10D350005F8FBFF35F8F1564BFF35F8FBFF35F8F86
:10D360005064BFF35F8FBFF35F8F5163BFF35F8F75
:10D3700044F4802444F00104BFF35F8F1460BFF3D2
:10D380005F8F0020D2E74FF40071F1202546DAE7E5
:10D3900000100150037870B50D461446002B52D092
:10D3A000BFF35F8F2C4A136BBFF35F8F03F00E0147
:10D3B0000A294BD013F00C0F02D14FF0FF3070BD93
:10D3C0004368D3B9BFF35F8F5368BFF35F8F032BFD
:10D3D000F3D9224B2249BFF35F8FD2F88060BFF3AD
:10D3E0005F8FBFF35F8F43F8046BBFF35F8F8B4298
:10D3F000F1D1FFF769FF01234360BFF35F8F164B45
:10D400009A68BFF35F8F0132B4EB021F21D8BFF3DC
:10D410005F8F5A68BFF35F8FB4EB820FCDD884B1B2
:10D42000BFF35F8FD3F88020BFF35F8F291D05F80E
:10D43000012BA9424FEA122204F1FF34EFD0002C55
:10D44000F5D10020BBE76FF02000B8E76FF0510086
:10D45000B5E76FF03F00B2E7001001501010015027
:10D460002010015010B5044608B1037843B1FCF711
:10D470002FFF044B187805F0B3F90CB1002323708B
:10D4800010BD00BF77BE002073B50D460646FCF701
:10D49000FBFE15F0010509D001A800F0B3F9044620
:10D4A00020B1FCF715FF204602B070BD184B18786C
:10D4B00005F094F90EB101233370BFF35F8F0022A2
:10D4C000144BDA61BFF35F8FBFF35F8F4FF0FF3212
:10D4D0001A63BFF35F8FBFF35F8F3422DA61BFF34C
:10D4E0005F8F012203F59223C3F8042375B10198DD
:10D4F00004F06DFE042104460DEB010005F0A8F9CF
:10D50000002CD0D03046FFF7ADFFCCE72C46CAE761
:10D5100077BE00200000015008B5054B186805F0E3
:10D5200061F9044B1868BDE8084005F05BB900BF1D
:10D53000D0AB0020CCAB002038B5184CD4F800514B
:10D54000BDB1BFF35F8F164B996ABFF35F8FBFF317
:10D550005F8F4FF0FF321A63BFF35F8F0023C4F871
:10D560000031D4F800310F4B1868BDE8384005F0A1
:10D5700049B9D4F8083153B100F066F803F068FEF9
:10D58000C4F80851D4F808310121074BECE75022C8
:10D5900006490748F6F782FDF9F7A2FF009005500B
:10D5A00000000150D0AB0020CCAB0020B52E010014
:10D5B0002A2D010038B5074B4FF0FF311D68284672
:10D5C00005F013F904464FF0FF31284605F015F930
:10D5D000204638BDD0AB002010B5064CE36C3BB9FB
:10D5E000214651F84C3B986903F07EFE0123E36429
:10D5F000014810BD64BD0020B0BD002010B5044638
:10D600000E4B187805F0EAF80D4B1A68236122607A
:10D610005A6862609A68A2600A4A12689A66002391
:10D62000A364FCF731FE204603F0F4FD0028FAD194
:10D63000204603F0F4FD0028F5D110BD78BE00208F
:10D6400064BD00208C2B01000048704764BD0020A1
:10D650000048704764BD002000487047B0BD0020FE
:10D6600010B50446054A036912689A6600F046F848
:10D670002046BDE8104003F008BE00BFA42B010007
:10D6800010B50446FFF7ECFF0422084BC3F808234B
:10D69000FCF71EFE064A236912689A66002363643B
:10D6A000044BBDE81040187805F09AB8009005507A
:10D6B0008C2B010078BE002010B50E4B0E4C236061
:10D6C00003F5C04363602461FFF786FF236D2046A6
:10D6D000B3F5007FCCBF4FF480634FF40073A360B9
:10D6E000FFF78CFF2046FFF7BBFF2046FFF7C8FF80
:10D6F000002010BD0020015064BD002010B504467C
:10D7000003F0E1FDBFF35F8F204603F013FE032219
:10D7100080B141F21C01204603F0CCFD204603F00D
:10D72000CFFD074B1B68834203D00422054BC3F88F
:10D73000042310BD2046BDE81040082103F0BABD07
:10D74000BC2B010000900550244B0340B3F5806FC3
:10D7500030D016DC402B2FD008DC102B2ED0202B05
:10D760002ED0181E18BF012040007047B3F5807FEF
:10D7700028D0B3F5007F27D0802B14BF02200B20C8
:10D780007047B3F5804F21D00BDCB3F5805F1FD01D
:10D79000B3F5005F1ED0B3F5006F14BF0220062062
:10D7A0007047B3F5004F17D0B3F5803F14BF022088
:10D7B00003207047112070470A2070470C207047E3
:10D7C00009207047082070470720704714207047D1
:10D7D00005207047042070470F207047F0FF0100BC
:10D7E00010B50C4641F22C0103F067FDC0F3812017
:10D7F00003280EBF0023024B1B56236110BD00BF40
:10D80000AC2F010070B50E4D0E4E0446287804F082
:10D81000E5FF306828B980220B49FCF7F1FF60B9B9
:10D820002020094A013852F820203060226000246C
:10D83000287804F0D5FF204670BD0224F8E700BF29
:10D8400079BE0020D0BD0020D4BD0020F0B5042258
:10D8500000258469017D134B187E38B1012810D052
:10D86000013A03F12003F7D1104619E01868A042ED
:10D87000F6D1D3E90260A84208BF8E42F0D1012060
:10D880000EE01E68A642EBD1D3E90276B94275EBF1
:10D890000606E5D3D3E904768F4276F10006DFD39E
:10D8A000F0BD00BFA828010000220D4BF0B5D0E963
:10D8B0000540194615461E6886420AD1D3E902760C
:10D8C000AE4208BFA74204D1182303FB0211086926
:10D8D000F0BD0132052A03F11803ECD10020F7E76F
:10D8E00028290100F7B51F46284B0546002908BF27
:10D8F00098420E46144639D003F5FF437D33C318D2
:10D9000061F10002022B72F1000238D24FF4105282
:10D910004FF00823E3601E4B228063604FF4807356
:10D9200020466380FFF7C0FFC20448BF40F4806018
:10D93000830448BF40F40060A06001A92046FCF7C2
:10D940008FFE88B9019B089A93421BD8099A1360ED
:10D95000104AA369864208BF95420BD00132864225
:10D9600008BF954209D07B7003B0F0BD47F2121298
:10D97000094BCFE701223A70F5E70222FBE76FF08F
:10D980008600F1E76FF08900EEE700BF01C0FF7F7E
:10D9900003004E8002C0FF7F09060006F0B58BB081
:10D9A000164605461C220F4603A8002100F0B8FFCA
:10D9B0004FF6F8724FF4A053B2EBC60F4FF6FF725A
:10D9C00005934FEAC60338BF13462C68ADF80E30F6
:10D9D000B4F1082F0ED1D5E9B923CDE90823D5F844
:10D9E000E032049313F0FF0300D108934FF4105377
:10D9F0000A4C07E00A4B9C42F8D04FF48853E4B23B
:10DA000044F06074ADF80C303A463346009403A9F4
:10DA100005F1540002F077FF0BB0F0BD0002C00327
:10DA2000000280082DE9F84F0446DDE90AA50F46FB
:10DA300000F5F0704FF4A0719B46914604F008FF8A
:10DA400085F0AA6383F4807333F47E1306D085F0E7
:10DA5000AA6383F4007333F47E1344D1C5F30548FD
:10DA6000A8F104020C2A3ED841F61173D340DB071B
:10DA700039D504F1200652465946304600F02BFFB6
:10DA8000314652464846231DFCF7D0FC0646F8B9FD
:10DA9000402104F1590004F0DBFE144A25F47E1302
:10DAA000934284F8996016D002F58072934214D0A4
:10DAB000B3F1052F13D00E4A934212D00D490E4AEE
:10DAC0008B4218BF0022226084F8587084F89A8034
:10DAD0003046BDE8F88F094AF5E7094AF3E7094AF5
:10DAE000F1E7094AEFE76FF08606F1E7000140052C
:10DAF000000600050007000500071005000150059D
:10DB00000002500500051005000610052DE9F84F2C
:10DB10000446DDE90AA7884600F5487088219B463F
:10DB2000914604F095FE0023BAF1200F84F89C3052
:10DB300044D8244D87EA050333F47E133ED107F41D
:10DB40007C13B3F5801F39D104F1200652465946A3
:10DB5000304600F0C0FE314652464846231DFCF7D1
:10DB600065FC064608BB402104F1590004F070FE34
:10DB7000154B27F47E129A4284F8996018D003F569
:10DB800080739A4216D0B2F1052F08D00F4B9A42FB
:10DB900012D00F4905F500758A4218BF354610238B
:10DBA000256084F8588084F89A303046BDE8F88FB4
:10DBB000084DF4E7084DF2E7084DF0E76FF08606F0
:10DBC000F3E700BF00051005000140050006000551
:10DBD0000007000500015005000250050006100571
:10DBE0002DE9F04F04464FF00008CB7B8BB001923B
:10DBF00003F00F020D46110100EB0212D2E90260A0
:10DC00006158370947EA0077000940EA0170CDE919
:10DC10000870614F526806F00F0637F816000909C0
:10DC200041EA0271120982EA0042CDE9061203F0CC
:10DC3000F003E6180DF1180909EB080B0422594608
:10DC400004A800F048FE06EB0801042204A8DDF851
:10DC500010A000F040FE049B04228AEA0303584609
:10DC600004A908F10408049300F035FEB8F1100F80
:10DC7000E2D105F10F08DDE908364FEA131E4EEA3E
:10DC8000067E3609DDE9061203F00F0C46EA01763E
:10DC9000CDE908E6090937F81C6041EA027112096A
:10DCA00082EA0642002618F8010DCDE906124FEA75
:10DCB000101A00F00F0004EB0013029306EB090B9F
:10DCC0000422594604A800F006FE049B0422039394
:10DCD000029B04A8F11800F0FEFDDDE903325A4072
:10DCE00004925846042204A9043600F0F4FD102ED4
:10DCF000E4D1DDE90860DDE90612330943EA007387
:10DD0000000940EA0170CDE90830234B06F00F0608
:10DD100033F816000026090941EA0271120982EA65
:10DD20000042CDE9061204EB0A1B09EB060A0422A5
:10DD3000514604A800F0CFFD049B0BEB0601042222
:10DD400004A8029300F0C7FD049A029B50465A4073
:10DD5000049204A90422043600F0BDFD102EE4D183
:10DD6000454588D1069B079A1BBA12BACDE9042310
:10DD700004A90822019800F0AEFD089B099A1BBA7D
:10DD800012BACDE904230822019804A9104400F036
:10DD9000A2FD0BB0BDE8F08F262C0100042273B564
:10DDA00004460DEB02000D4600F095FD0422019B98
:10DDB000A91823F0704323600DEB020000F08BFDE7
:10DDC0000422214E019B05F10801334063600DEBF5
:10DDD000020000F080FD0422019B05F10C0133409C
:10DDE000A3600DEB020000F076FD0422019B05F11B
:10DDF00010013340E3600DEB020000F06CFD0422E3
:10DE0000019B05F1140123610DEB020000F063FD9D
:10DE10000422019B05F1180163610DEB020000F083
:10DE20005AFD0422019B05F11C01A3610DEB0200C8
:10DE300000F051FD0020019BC4E90800C4E90A007C
:10DE4000E361206302B070BDFCFFFF0F2DE9F04FCE
:10DE500001251F4B8DB0D3F80090D9F80830D9F8C0
:10DE600000409D40013D54BB4FF0010A4FF000417E
:10DE70002846FAF711F90026044609F10C07002C90
:10DE8000F4D0D9F80830B34220D90AFA06F814EAD7
:10DE9000080F11D03B68CBB169464046FAF704F948
:10DEA000A0B93B686846DDF804B09847014658467B
:10DEB000FAF716F924EA080401360437DFE7A04729
:10DEC0000028D1D02146034804F076FCFAF710F977
:10DED000600800201D2F010010B5024CA446F9F780
:10DEE00002FB10BD2D7B000010B5024CA446F9F7D3
:10DEF000FAFA10BD337B000010B5024CA446F9F7C6
:10DF0000F2FA10BDE17A000010B5024CA446F9F710
:10DF1000EAFA10BD8571000010B5024CA446F9F76D
:10DF2000E2FA10BDBD71000010B5024CA446F9F72D
:10DF3000DAFA10BD1174000010B5024CA446F9F7CE
:10DF4000D2FA10BD5F7B000010B5024CA446F9F771
:10DF5000CAFA10BD7D74000010B5024CA446F9F752
:10DF6000C2FA10BDD779000010B5024CA446F9F7EB
:10DF7000BAFA10BD737A000010B5024CA446F9F746
:10DF8000B2FA10BD9779000010B594B004463C2257
:10DF9000002105A800F0C4FC4FF40173ADF838303F
:10DFA00004AB002102934023CDE90011039302AAA0
:10DFB00001230348049404F0B7FB14B010BD00BF64
:10DFC000000100402DE9F0439BB08046DDE9226965
:10DFD0000F461446002138220CA81D4600F0A0FC74
:10DFE0004FF4C063CDE90A87ADF850303EB9B9F1BE
:10DFF000000F04D06FF086001BB0BDE8F083249BB7
:10E00000102D0693259BCDF82490CDE90736269B4D
:10E010000293279B0393EDD834B122460DF13B03C5
:10E0200061198A4215D113950AAB049340230593D5
:10E030000123002E019302AB009304AA0CBF02231C
:10E0400003230021054804F06FFB289B039A1A6004
:10E05000D2E712F8010B03F8010FE2E700010040DC
:10E060002DE9F0439BB08046DDE922690F46144656
:10E07000002138220CA81D4600F052FC40F201633A
:10E08000CDE90A87ADF850303EB9B9F1000F04D0A0
:10E090006FF086001BB0BDE8F083249B102D069323
:10E0A000259BCDF82490CDE90736269B0293279B2C
:10E0B0000393EDD834B122460DF13B0361198A4236
:10E0C00015D113950AAB0493402305930123002E29
:10E0D000019302AB009304AA0CBF02230323002187
:10E0E000054804F021FB289B039A1A60D2E712F836
:10E0F000010B03F8010FE2E70001004070B505468F
:10E1000094B00C46164600213C2205A800F008FCFD
:10E110002B680021069340F60513ADF8383004ABA8
:10E1200002934023CDE90011039302AA012304487E
:10E130000496ADF83A4004F0F7FA14B070BD00BF91
:10E140000001004030B5402597B0044606AB2A4692
:10E150000021184600F0E4FB04232268059308928E
:10E1600040F60A120123ADF8402004AACDE90205C9
:10E1700000920021019302AA0248049404F0D4FA08
:10E1800017B030BD0001004070B5402696B004467F
:10E1900006AB0D4632460021184600F0C1FB0423B1
:10E1A00022680593089240F601120123ADF8402041
:10E1B00004AACDE9020600920021019302AA0348B5
:10E1C0000795049404F0B0FA16B070BD0001004049
:10E1D0002DE9F0414FF04008074696B01C4606ABCB
:10E1E0000E46154600214246184600F099FB3A6853
:10E1F0000021089240F60412CDE90208ADF8402053
:10E200000223CDE9001102AA0448CDE90454ADF877
:10E21000426004F089FA16B0BDE8F08100010040C8
:10E22000F0B5402799B008AB05460E4614460021CC
:10E230003A46184600F074FB1C2307930423326807
:10E24000039301230A9240F60912019302ABCDE930
:10E250000407ADF8482000930021022304AA0348D4
:10E260000695029404F060FA19B0F0BD0001004078
:10E2700000B58BB0CDE9020102A904910821CDE9D6
:10E2800005130CAB08930423099300230792CDE9EF
:10E29000003340F2E931032304AA034804F044FAAE
:10E2A0000BB05DF804FB00BF0201004010B58CB05C
:10E2B000CDE9020102A908910821099105A90A9155
:10E2C00004210F9C0B910E990592CDE9061374B1B0
:10E2D0000123019306AB009340F2EA310223054883
:10E2E00008AA04F021FA079B23600CB010BD6FF060
:10E2F0008600FAE70201004010B58CB0CDE90201BA
:10E300000021CDE909110B9102A90591082109AB62
:10E31000CDE906130C23144608938AB1012307AAFA
:10E320000193009240F2EB31074805AA04F0FCF992
:10E33000099B23600A9B63600B9BA3600CB010BD1C
:10E340006FF08600FAE700BF020100407FB502AB24
:10E350000493082305930023CDE90201CDE900339E
:10E360004FF47B71012304AA024804F0DDF907B0E1
:10E370005DF804FB020100407FB503AB0493042366
:10E38000059300230390CDE9003340F2F3310123DC
:10E3900004AA044804F0C8F90028B8BF012007B057
:10E3A0005DF804FB0501004000B589B003AB0493A0
:10E3B0000423CDE90532012306AA039007910092B8
:10E3C00040F2F231019304AA044804F0ADF90028A8
:10E3D000B8BF012009B05DF804FB00BF0501004093
:10E3E00010B500248CB00B46009202A902460748E3
:10E3F0008DF808400394F9F783FE02A89DF80810F1
:10E4000004F0A7F903980CB010BD00BF6927010004
:10E410002DE9F0410546ADF58D6D03AC0E4617466E
:10E4200000211C222046984600F07AFA022D06D0E0
:10E43000042D1CD022480DF58D6DBDE8F081214BD7
:10E4400063614FF4105323801F4B4FF48862002107
:10E450000AA8636000F064FA4FF008210AA8FDF7EB
:10E460000BF9034628B18C33E4D01848E3E7184B86
:10E47000E6E70090224640F201110AA8FDF74AF9AA
:10E480000028F2D1424640F20121DDF880340AA88A
:10E49000FDF714F90028E8D13B46324640F2062148
:10E4A0000AA8FDF70BF90028DFD1DDF88824DDF894
:10E4B00084140AA8FDF74AF90028BCD0D5E700BFAC
:10E4C000FF9AFEFF02C0FF7FFF004E80FC9AFEFF16
:10E4D00003C0FF7F7FB50023074A06A9CDE90423C7
:10E4E00002AB01AA11E90300FCF794FFB0FA80F037
:10E4F000400907B05DF804FBB710FF7F10B58EB080
:10E500000C46122200210DF11E0000F009FA002332
:10E51000124A2146CDE90C2341F20103ADF81C302B
:10E5200003F1004303F59C0303F56C53089305AB1B
:10E53000029306AB019302233022009307A804AB99
:10E54000FCF71CFB38B9059A054BB2F5C07F18BF24
:10E5500018460EB010BD0348FBE700BFB710FF7FA1
:10E56000FB9AFEFFFE9AFEFF00B58DB03022694691
:10E570000020FCF745F930B96946FF20FFF7BEFFE0
:10E580000DB05DF804FB0148FAE700BFFD9AFEFFFD
:10E5900048B1054B054A1B68B3FBF2F35843044BE3
:10E5A00043F001031847704700AB002040420F00C2
:10E5B000A0280100431810B501D21F2A01D900205C
:10E5C00010BD013902F014030144102B81EA00044C
:10E5D00038D027DC7BBB1F2C40E800F303D941E88F
:10E5E00000F19942EBD122F01402013A0A2AE6D84E
:10E5F00001A151F822F000BF67E6000061E60000CB
:10E6000053E60000BFE50000BFE50000BFE50000E5
:10E61000BFE500006DE6000067E600005BE6000075
:10E6200053E60000142BCAD11F2C40E8C0F3DAD9FE
:10E6300041E8C0F1D5E71F2C40E840F3D3D941E8C9
:10E6400040F1CEE71F2C40E880F3CCD941E880F1BF
:10E65000C7E713F4001FB3D1B1E713F4801FFAE743
:10E660005B02ADD5ABE713F4002FF4E713F4802F72
:10E67000F1E700BF00239C4683F30088704708B58C
:10E68000F8F72EFF08B500F009F808B500F006F815
:10E6900008B500F003F808B500F000F8EFF30880C3
:10E6A000EFF309812DE9F00F6B467246F5F772FC26
:10E6B00008B0FFF7E4FFFEE708B5FFF7EFFF08B586
:10E6C000FFF7ECFF08B5FFF7E9FF08B5FFF7E6FF36
:10E6D00008B5FFF7E3FF08B5FFF7E0FF08B5FFF760
:10E6E000DDFF08B5FFF7DAFF08B5FFF7D7FF08B57C
:10E6F000FFF7D4FF08B5FFF7D1FF08B5FFF7CEFF4E
:10E7000008B5FFF7CBFF08B5FFF7C8FF08B5FFF75F
:10E71000C5FF08B5FFF7C2FF08B5FFF7BFFF08B593
:10E72000FFF7BCFF08B5FFF7B9FF08B5FFF7B6FF65
:10E7300008B5FFF7B3FF08B5FFF7B0FF08B5FFF75F
:10E74000ADFF08B5FFF7AAFF08B5FFF7A7FF08B5AB
:10E75000FFF7A4FF08B5FFF7A1FF08B5FFF79EFF7D
:10E7600008B5FFF79BFF08B5FFF798FF08B5FFF75F
:10E7700095FF08B5FFF792FF08B5FFF78FFF08B5C3
:10E78000FFF78CFF08B5FFF789FF08B5FFF786FF95
:10E7900008B5FFF783FF08B5FFF780FF08B5FFF75F
:10E7A0007DFF08B5FFF77AFF08B5FFF777FF08B5DB
:10E7B000FFF774FF08B5F8F793FEEFF30880EFF367
:10E7C00009812DE9F00F6B467246F5F7E3FB08B0BF
:10E7D000FFF7F0FFFEE708B5F8F782FEEFF30880D9
:10E7E000EFF309812DE9F00F6B467246F5F7D2FB86
:10E7F00008B0FFF7F0FFFEE708B5F8F771FEEFF39A
:10E800000880EFF309812DE9F00F6B467246F5F7AA
:10E81000C1FB08B0FFF7F0FFFEE708B5F8F760FEB0
:10E82000EFF30880EFF309812DE9F00F6B46724694
:10E83000F5F7B0FB08B0FFF7F0FFFEE708B5F8F713
:10E840004FFEEFF30880EFF309812DE9F00F6B46DF
:10E850007246F5F79FFB08B0FFF7F0FFFEE7814235
:10E8600070B41346054602D370BC00F034B8821869
:10E87000194483B900241819032816D86FF003002F
:10E880009C084443234422440C4400218B4214D16D
:10E89000284670BC704742EA01008007EAD011F8B0
:10E8A000010D013B02F8010DE3E7601850F8046C1C
:10E8B000A01840F8046C043CDDE7601A10F8016C05
:10E8C000501A00F8016C0131E0E708B5F9F710FCC7
:10E8D00008B5F9F70DFC034670B56AB9002415199F
:10E8E000032D13D822F0030421441C44002302F01A
:10E8F00003029A4210D170BD41EA0304A407EDD08F
:10E9000011F8014B013A03F8014BE6E70D1B2E68A5
:10E910001D1B2E60043CE2E7CD5CE5540133E8E7C3
:10E92000F0B505460C0444EA01640C4344EA0124B2
:10E9300062B913465619032A0ED823F003022A445B
:10E9400003F0030313449A420AD1F0BDAB07F0D0A1
:10E9500005F8011B013AEBE7B71A3C60043AEAE715
:10E9600002F8011BEFE707B503468DF807200846BC
:10E9700001220DF10701984703B05DF804FB2DE972
:10E98000F84F1D46074688461646BDF828409DF8B4
:10E990002CA09DF830909DF834307AB333B11346F3
:10E9A0001D4613F8012B002AFAD1AD1BAC428ABFD9
:10E9B000641B0024A4B2BAF1000F14D02A463146D9
:10E9C0004046B847BAF1000F18D0002513E04A4678
:10E9D00041463846FFF7C7FF0BF1010B1FFA8BF3D7
:10E9E0009C42F4D8EAE7D346F8E74A46414638461F
:10E9F000FFF7B9FF0135ABB29C42F6D8BDE8F88FFE
:10EA00002DE9F04F002489B09DF848C006469DF8D6
:10EA10005800A4450F469DF854100CBF4FF0200A33
:10EA20004FF0300AA0429846CDE905440CBF612062
:10EA300041209DF85030CDF81B4019B1A242ACBF27
:10EA4000214652420DF11E04A1460A38B2FBF3FBE7
:10EA500003FB1B2B5FFA8BF5BBF1090F94BF30351D
:10EA60002D18A646EDB2934204F1FF346570B2FB57
:10EA7000F3F518D931B1BCF1000F16D12D23237055
:10EA8000AEF102040023CDE902A39DF84C303946D3
:10EA9000CDE900833046A9EB0403621CFFF76FFF4A
:10EAA00009B0BDE8F08F2A46D0E72D22394630461E
:10EAB000FFF759FFE6E7002070470FB4002004B0CD
:10EAC0007047704710B5044608B1F9F70FFC2046AF
:10EAD000BDE81040F9F7F4BB00F4E040B0F5805F0A
:10EAE00004D0A0F5005358425841704701207047A8
:10EAF0000346C068F8B15888E8B11B8803F44F4258
:10EB0000B2F5824F02D0B2F5884F09D1DBB2272B84
:10EB10002AD008D8172B0FD0222B34D0122B16D086
:10EB20006FF085007047302B2FD0413B012BF7D879
:10EB3000FF2839D100207047C028FBD0E128F9D048
:10EB4000B0F5807F14BF6FF086000020704720F082
:10EB50002003C02BEED020F08003B3F5807FE9D0F6
:10EB600040F209239842EDE7E928E3D0EF28E1D00D
:10EB700040F21B139842DDD040F299139842D9D04D
:10EB800040F23B23EEE7E928F1E720F02003C02B19
:10EB9000D0D020F04003B3F5807FCBD0B0F5C07F5C
:10EBA000C8D0B0F5007FCDE7B0F5E07FCAE70368D5
:10EBB000024673B1037DD9070BD513F002000DD0C7
:10EBC000D3684BB91369002B14BF6FF08600002087
:10EBD00070476FF0880070476FF0860070473AB159
:10EBE000002918BF00232121D21A1844FFF798BE2C
:10EBF00070472DE9F047994600238AB006AC84E8B7
:10EC00000300DDE913868DF82330169B0092002B5C
:10EC100094E8030015460CBF4FF400634FF4806383
:10EC200009AA159FF9F71AFF0446E8B9DDF824A0F0
:10EC30002846BAF800100DF12302F9F78FFF0446B9
:10EC400090B99DF82330B3421ED8CDE90337129B0B
:10EC5000CDF80880CDE900935046DAE909122B4639
:10EC6000FBF794FA044600B13E6032462146404626
:10EC70003B68FFF7B4FF099801F068F8002C18BF53
:10EC800020460AB0BDE8F0876FF08904ECE72DE973
:10EC9000F3414768D0F81480044638460E4601F028
:10ECA00057F8054658BBFFB22FB9B8F1000F05D091
:10ECB0006FF0860523E0B8F1000FF9D0A06820F0CE
:10ECC000031020F47F400028F2D14FF6F8736288D9
:10ECD0009A4218D8277907B901A83146FAF720FED9
:10ECE000054660B90FCCD6F800C066460FC694E85A
:10ECF000070086E8070017B9019BCCF814302846B6
:10ED000002B0BDE8F0816FF08505F8E742F2070335
:10ED1000984223D029D841F2062398421AD8B0F558
:10ED2000905F09D241F2010398420CD0B0F5885FA0
:10ED300009D06FF0850070476923A0F5905080B22C
:10ED4000C340DB07F5D511F0070F14BF6FF0860045
:10ED50000020704742F204039842EAD1B1F5807F67
:10ED600014BF6FF0860000207047B0F5105FE0D14F
:10ED700021F04003802BF1D10020704770B5446A28
:10ED800005460E463CB90120F9F794FA686228B1AD
:10ED90002046AE6270BD6FF08A00FBE76FF08C001A
:10EDA000F8E7F8B50F46114606461546FFF7E6FFA9
:10EDB000044620B92A463946706AFFF78CFD204682
:10EDC000F8BDF8B50F461E46154604889AB1204690
:10EDD000FFF782FE78B1089BD10020461960FFF74B
:10EDE00095FF044628B939463046FFF774FD079B66
:10EDF0001D602046F8BD6FF08504FAE710B50446A3
:10EE0000406A10B1A16AFFF75DFE0020C4E9090065
:10EE100010BD38B50446FFF7F1FF237F012B0FD05B
:10EE2000023B012B0FD8236A012B14BF6FF096050C
:10EE300000252C2200212046FFF772FD284638BD10
:10EE4000236A002BF1E76FF09605F2E708B1FFF7B0
:10EE5000E0BF704770B586B002AD85E8030010468C
:10EE6000144600F04DFF0023009305AA95E8030027
:10EE7000F9F7F4FD50B9059E35460FCD0FC495E85E
:10EE8000070084E80700304600F060FF06B070BD60
:10EE900070B5008814461D46049EFFF71DFE68B13C
:10EEA000B2420ED82846FFF716FD0021321B281962
:10EEB000FFF736FD0020059B1C6070BD6FF08500DC
:10EEC000FBE76FF08900F8E7F0B587B002AC1646B3
:10EED0001D4684E803000C9FE3B100233B600093D0
:10EEE00094E80300012305AAF9F7B8FD044670B9B8
:10EEF000CDE9005705983346D0E90912FAF7A4FF87
:10EF00000446059800F022FF002C08BF0446204666
:10EF100007B0F0BD6FF08904F9E7F0B587B002AC37
:10EF200016461D4684E803000C9F0BB300233B608C
:10EF3000009394E8030005AAF9F790FD044688B908
:10EF4000059803885B0410D5CDE900573346D0E916
:10EF50000912FAF793FF0446059800F0F7FE002C1B
:10EF600008BF0446204607B0F0BD6FF08604F3E703
:10EF70006FF08904F6E72DE9F04F164600271D468D
:10EF80008FB00DF1080C07AC8CE8030090460FCE53
:10EF90000FC496E80700C5E9007784E807000097EA
:10EFA00002239CE8030004AACDE904770697F9F749
:10EFB00055FD044640B9B8F80030049C43B122889E
:10EFC0009A4205D06FF086040598FFF73FFF68E08E
:10EFD000B8F8022063880AB19342F3D12788DDF89C
:10EFE00028A0D4F80C9051464A463846ADF81E3059
:10EFF000ADF81C70F9F7B4F90646DDF82CB0D4F87A
:10F000001080594642463846F9F7AAF92EB9BAF1A6
:10F01000000F02D0B9F1000FD4D128B9BBF1000F15
:10F0200002D0B8F1000FCDD1A268099B0B9013401C
:10F0300005A907A8CDE90936FFF729FE04460028EF
:10F04000C2D1DDE904305A684168120AB2EB112FCF
:10F0500035D1089A120A2DD006A907A8FAF76CFE36
:10F0600004460028B0D1DDE90501FFF787FE04461C
:10F070000028A9D1DDE9041303F1280201929A6A5C
:10F0800007A800925B6AD1E90912FAF745FF044626
:10F09000002899D129460598F9F798FC04460028DC
:10F0A00092D1049800F052FE002C18BF20460FB0F9
:10F0B000BDE8F08FD3E90912FFF773FEE7E76FF0C1
:10F0C000850481E7036810B5044623B100F08BFF87
:10F0D0000023236010BD1846FCE738B50C460168D4
:10F0E0000546A1B904F0FE43B3F1007F12D14FF4FD
:10F0F000D0720430FFF714FC21462846FAF7AAFF25
:10F10000044610B12846FFF7DDFF204638BD6FF0FA
:10F110008804F7E76FF08604F4E738B5046805461D
:10F1200064B112B90024204638BD00F047FF044600
:10F130000028F7D02846FFF7C5FFF4E76FF08804F2
:10F14000F8E770B500261E60046805463CB100F083
:10F150003EFF04462846FFF7B5FF204670BD6FF01E
:10F160008804FAE7F0B58BB00E46174601AB2022B3
:10F1700002A90546FFF7E5FF044620B9019ABA4205
:10F180000CD06FF09404202102A8F9F7AFF814B165
:10F190002846FFF797FF20460BB0F0BD304602A986
:10F1A00001F00AF804460028EDD0EAE770B4002424
:10F1B000DDE903652C6000F0FE44B4F1007F04D16A
:10F1C000CDE9036570BCFAF733BF6FF0860070BC01
:10F1D000704730B51D4600F0FE43B3F1007F8DB09F
:10F1E0001DD103AB01932023009304ABFAF720FF5A
:10F1F000044628B9039A109B9A4208D06FF09404F1
:10F20000202104A8F9F772F820460DB030BD284639
:10F2100004A900F0D1FF04460028EFD1F0E76FF019
:10F220008604F1E738B5036804460D468BB10968DA
:10F2300079B94FF4D072281DFFF772FB204629469A
:10F2400000F0AAFE044610B12846FFF73BFF204617
:10F2500038BD6FF08804FAE7036810B5044643B17F
:10F2600000F03FFF00232360A3886FF30803A3800F
:10F2700010BD1846FCE72DE9F0411E46002386B07C
:10F2800002AC84E8060001680546DDF8308005938D
:10F2900000293AD14FF41F720830FFF741FBB8F153
:10F2A000000F009694E803000CBF4FF400634FF486
:10F2B000806305AAF9F7D2FB0446B8B9059F30462A
:10F2C00039882A1DF9F74AFC044678B96B79394622
:10F2D00068F300036B71D7E9092328460096B8F15B
:10F2E000000F0FD0FAF77CFF044610B12846FFF755
:10F2F000B3FF059800F02AFD002C18BF204606B089
:10F30000BDE8F081FAF790FFEEE76FF08804EDE7D3
:10F310001FB502AC84E806000122009294E80600C2
:10F32000FFF7A9FF04B010BD1FB502AC84E80600CA
:10F330000022009294E80600FFF79DFF04B010BD84
:10F3400038B50368054614464BB132B100F0ABFE48
:10F35000044610B12846FFF77FFF204638BD6FF006
:10F360008804FAE72DE9F0411646026805460F4683
:10F370009846F2B14279D2071BD50279CAB1B2429E
:10F380001AD800F099FE044618B10023C8F80060AE
:10F390002B7137B1324621463846D8F80030FFF796
:10F3A0001EFC2846FFF758FF002C18BF2046BDE87A
:10F3B000F0816FF08804E8E76FF08904E5E738B57D
:10F3C000046805467CB14479E4070CD4047994427E
:10F3D0000CD100F07DFE04462846FFF73DFF002CCF
:10F3E00018BF204638BD6FF08804F5E76FF094042D
:10F3F000F2E710B588B006AC84E80300012104915F
:10F400000D9903910C9902910B9901910A99009120
:10F4100094E80300FFF7EDFB08B010BD30B593B0E2
:10F4200006AC84E803000021049109A9039120217E
:10F43000029116990AAD0195009194E80300FFF737
:10F44000D8FB044628B9099A189B9A4208D06FF055
:10F45000940428462021F8F749FF204613B030BD18
:10F460002946179800F0A8FE04460028F1D0EEE7E0
:10F47000036810B504463BB100F086FD002323600D
:10F48000237923F003032371002010BD1FB502ACC4
:10F4900084E806000122009294E80600F9F7B2FC25
:10F4A00004B010BD1FB502AC84E806000022009233
:10F4B00094E80600F9F7A6FC04B010BD38B504685E
:10F4C000054684B1047904F00304012C0BD1102A01
:10F4D0000FD800F034FD044638B92B7943F002030D
:10F4E0002B71204638BD6FF088042846FFF7C0FF17
:10F4F000F7E76FF08604F8E737B50468054694B17E
:10F50000047904F00304012C0DD0079C0194069C9F
:10F51000009400F01DFD044610B12846FFF7A8FF37
:10F52000204603B030BD6FF08804F6E770B504687C
:10F5300005461E468CB1047904F00304012C0CD05E
:10F5400000F016FD04462846FFF792FF3368E217E5
:10F5500023EA02032046336070BD6FF08804F2E7AF
:10F560002DE9F04F4FF000098FB0DDF87CB00AAC08
:10F5700084E80300DDE91D861046CBF800901546AF
:10F580001F46DDF860A0F9F76DF990BB009594E88F
:10F5900003004FF480730DAAF9F760FA044620BB0C
:10F5A00051462846F9F738FA0446D8B91C9BCDE9EC
:10F5B000076B05931B9B0D9804931A9BCDF818803D
:10F5C0000393199B0097CDE901A32B46D0E90912BB
:10F5D000FAF752FD044628B126B132464946404664
:10F5E000FFF79EF90D9800F0B1FB20460FB0BDE883
:10F5F000F08F6FF08604F8E72DE9F04F4FF0000927
:10F600008FB0DDF87CB00AAC84E80300DDE91D862C
:10F610001046CBF8009015461F46DDF860A0F9F7BC
:10F6200021F990BB009594E803004FF400730DAAF4
:10F63000F9F714FA044620BB51462846F9F7ECF9CD
:10F640000446D8B91C9BCDE9076B05931B9B0D980D
:10F6500004931A9BCDF818800393199B0097CDE96A
:10F6600001A32B46D0E90912FAF730FD044628B170
:10F6700026B1324649464046FFF752F90D9800F050
:10F6800065FB20460FB0BDE8F08F6FF08604F8E709
:10F6900038B50468054644B100F0FDFC4FF47072C3
:10F6A000044600212846FFF73BF9204638BD1FB528
:10F6B00002AC84E806000093012194E80C00F9F7FD
:10F6C000AFFC04B010BD1FB502AC84E80600009387
:10F6D000002194E80C00F9F7A3FC04B010BD38B584
:10F6E00003680D46044611469BB1037DDB0710D429
:10F6F0004068F9F791F990B90A462046294600F08A
:10F700007DFC054638B9237D43F001032375284667
:10F7100038BD6FF088052046FFF7BAFFF7E76FF0B6
:10F720008605F8E7F8B5036804460F4616467BB130
:10F73000037D13F00E0F0BD100F069FC054648B9AC
:10F74000237DC4E9037643F0020323752846F8BD00
:10F750006FF088052046FFF79BFFF7E738B5036891
:10F760000446EBB1037D03F00900012818D132B93A
:10F770000025237D43F004032375284638BD9B07ED
:10F7800004D5E36893420ED39B1AE360204600F051
:10F7900047FC05460028EBD02046FFF779FFECE751
:10F7A0006FF08805F8E76FF08605F5E737B5044692
:10F7B0000020079D28602068D8B1207D10F0010F3F
:10F7C00017D0800706D5E068C8B92069904216D3E3
:10F7D000801A2061069801950090204600F029FCCF
:10F7E000054640B9237D43F008032375284603B03E
:10F7F00030BD6FF088052046FFF74AFFF6E76FF04F
:10F800008605F8E72DE9F04F1E46002385B0DDF8A8
:10F8100040803360DDE90E97C8F80070037D05462F
:10F82000DB068A4693461CD5FFF7C1F9044650B95A
:10F8300033465A4651462846CDE90178CDF8009026
:10F8400000F007FC04463A4621464846D8F8003006
:10F85000FFF7C5F92846FFF71BFF204605B0BDE8B6
:10F86000F08F6FF08804EEE72DE9F3411E46002388
:10F870003360037D0546DB060F46904615D4FFF73F
:10F8800096F9044650B9099B42460193089B3946B4
:10F8900000932846334600F0EEFB04462846FFF767
:10F8A000F7FE204602B0BDE8F0816FF08804F5E76E
:10F8B00038B54468054614B100F05CFC044628469F
:10F8C0004FF48A61F8F712FD204638BDF8B5C368D9
:10F8D000044693420F46164611D300F042FCE368FB
:10F8E00005469B1BE36040B12046FFF7E1FF27B1CF
:10F8F000324621213846FFF713F82846F8BD00F0BC
:10F9000039FC00236FF08E05E360F0E743681BB11C
:10F91000C36800200B6070476FF08800704710B418
:10F92000446834B1C4688C4207D310BCC16000F095
:10F93000E9BB6FF0880010BC70476FF08600FAE7F3
:10F9400070B50D464FF0FF3104461646F8F7CAFF72
:10F9500058B9237A9B0706D4324629462046BDE88B
:10F960007040FFF7B3BF6FF0840070BD00232DE936
:10F97000F04F89B00593C2E90033438806468846B4
:10F980001746002B7BD04FF0FF314046F8F7AAFF17
:10F99000044600286CD198F8089009F00309B9F1E1
:10F9A000010F6FD1304605A9FFF771F9044668B918
:10F9B000059D72882888D61D00F4E043F608B3F54B
:10F9C000804F0692079605D16FF086040598FFF7E1
:10F9D0003DFA4DE0FFF780F810B96FF08504F5E7C8
:10F9E0005307F1D148463146F8F764FC814610B917
:10F9F0006FF08C04EAE7069B6B806B681B0A23D1CF
:10FA000028460799FFF7BAF9044620BB0DF1180AFA
:10FA100005F1280B324649464046FFF757FF04469A
:10FA2000C8B9CDE901BAAB6A324600936B6A494660
:10FA30002846FAF7C1F96A88069B04469A421BD108
:10FA400010F18F0FE6D006E0284607A9FAF774F9FF
:10FA500004460028D4D031464846FFF733F8002C3E
:10FA6000B4D139460598F8F7B1FF04460028ADD166
:10FA7000204609B0BDE8F08F6FF08604EBE76FF029
:10FA80008604F5E76FF08404F2E707B500931346A8
:10FA90000022F9F73DFB03B05DF804FB70B586B0BA
:10FAA0000E4602A981E80C00002342680546009238
:10FAB00003C905AA0593F8F7D1FF0446A0B9059A32
:10FAC000916848041AD56FF480717318012B03D81C
:10FAD0002B7A43F001032B72936A31460093284638
:10FAE000536AF9F715FB0446059800F02FF91CB18D
:10FAF0002846FFF7DDFE204606B070BD2B7A43F0A6
:10FB000002032B720B04DED46FF08404ECE72DE9C2
:10FB1000FF41056806460F46984635B3037903F062
:10FB20000303012B20D1457995422DD8102D2ED8D5
:10FB300029466846F9F762FC0446C0B92A46694678
:10FB4000304600F0FCF9044688B92A466946384632
:10FB5000FEF7C1FEC8F80050337943F00203337159
:10FB6000204604B0BDE8F08100256FF08804002332
:10FB70003046C8F80030FFF77BFC002FF0D0294654
:10FB80003846F8F7B3FBEBE76FF08904EFE76FF067
:10FB90008304ECE72DE9FF4100241C601F46036845
:10FBA00006468846002B59D0037D03F01103102B25
:10FBB00054D1038903F4E041B1F5005F2AD103F485
:10FBC000E061B1F5806F25D1436883F0AA6181F4CB
:10FBD000807131F47E113DD083F0AA6383F4007309
:10FBE00033F47E1322D021466846F9F707FC054618
:10FBF000B0BB224669463046FFF771FD054678BB2B
:10FC0000224669464046FEF766FE3C60284604B040
:10FC1000BDE8F08142F204018B4209D1736883F0A0
:10FC2000052383F4801333F47E1315D10C240CE0E8
:10FC300042F207018B420FD1736883F0A26383F411
:10FC4000C06333F47E1307D118249442CBD96FF0EC
:10FC5000890505E00D24F8E70024C4E76FF0880566
:10FC60003046FFF715FDD1E72DE9F04305469946EB
:10FC700000238BB0099325F0004323F47F0306A8EB
:10FC8000B3F1106F80E80600DDE91386159F25D1DA
:10FC900000954FF4804303C809AAF8F7DFFE044635
:10FCA00070B9129BCDE90367CDE900930998CDF8AF
:10FCB00008802B46D0E9091200F064FA044620B10E
:10FCC00031464046F9F79AFB3E60099800F03EF84D
:10FCD000002C18BF20460BB0BDE8F0836FF08604FF
:10FCE000EEE710B500880C461146FEF7F5FE20B190
:10FCF0002046BDE81040F9F781BB6FF0850010BDCC
:10FD00001C220021FEF70CBE037F022B06D1036AE2
:10FD10005A1C03D001330362002070476FF0960035
:10FD20007047034668B1017F8A1E012A0BD8032958
:10FD3000026A03D1012A01D1FFF76BB81AB1013A67
:10FD40001A62002070476FF096007047FFF7E9BF16
:10FD5000C0B2FF280CBF6FF08600002070471FB5AF
:10FD6000CDE9000103AADDE90001F9F76BFD78B9DF
:10FD7000039803793BB1036A012B04D105B05DF808
:10FD800004EBFFF746B805B05DF804EBFFF7C9BF19
:10FD900005B05DF804FB7FB503AACDE90001FEF7CD
:10FDA000ABFA8C3018BF012007B05DF804FB30B50A
:10FDB00087B003AA05460C46CDE90001FEF79CFA80
:10FDC0008C3002D1002007B030BD28462146FEF716
:10FDD000BDFA10B16FF09800F5E72846214603AA56
:10FDE000FEF78AFA8C30EDD0F4E72DE9F0410646B3
:10FDF0001446884688B0002941D0002A3FD0B2F589
:10FE0000005F3FD202F1240739460120F8F752FA89
:10FE10000546D0B30346324640462146F9F79AFEDE
:10FE2000D6E9058631464046CDE90386FFF7B3FFA4
:10FE3000012821D000233A46009340462B46314604
:10FE4000FEF716FA044678B94046314605AAFEF791
:10FE500053FA044620B9069B9F4205D06FF09804E0
:10FE600040463146FEF772FA39462846FEF72AFE2A
:10FE7000204608B0BDE8F0816FF08A04F4E76FF027
:10FE80008604F5E76FF08D04F2E76FF08C04EFE77E
:10FE9000FEF718BE2DE9F04F87B0D0E905BA074646
:10FEA000894690465846514603AAFEF725FA04466D
:10FEB00010BB049E01203146F8F7FCF905460028E6
:10FEC00037D05846514603AA0294FEF715FA044665
:10FED00070B902AB0246CDE900535846334651464D
:10FEE000FEF7E4F9029B04469E4209D06FF09804A5
:10FEF00031462846FEF7E6FD204607B0BDE8F08F04
:10FF00000028F5D143464A46314628460097F9F77E
:10FF10007DFE04460028EBD1D9F8003033B1D8F883
:10FF20000030002B08BF6FF09104E1E76FF09104FF
:10FF3000DEE76FF08C04DFE7FAF702BA7047036878
:10FF4000052B02D10830FBF7FFBD6FF0860070472C
:10FF500070B40668DDE90345052E05D1CDE90345FA
:10FF600070BC0830FBF708BE6FF0860070BC7047AD
:10FF700010B40468052C03D110BC0830FBF724BF73
:10FF80006FF0860010BC70470368052B02D1083063
:10FF900000F0A7BC0020704708B503461A68084661
:10FFA000052A08D140F8042B191D4FF4D072FEF732
:10FFB00092FC002008BD6FF08800FBE70368052B6A
:10FFC00002D10430FAF7C6BC6FF08800704710B455
:10FFD0000468052C03D110BC0430FAF735BD6FF06E
:10FFE000880010BC704708B50368052B04D14FF496
:10FFF000D071043002F02CFC002008BD0368052BF2
:020000040001F9
:1000000002D11830FCF7BCBA6FF086007047036865
:10001000052B02D11830FCF7C9BA6FF08600704783
:100020000368052B02D11830FCF7D6BA6FF08600B2
:10003000704770B40668DDE90345052E05D1CDE9AA
:10004000034570BC1830FCF7E7BA6FF0860070BC4F
:100050007047F0B40768069E052FDDE9044506D118
:10006000CDE9055604941830F0BCFCF7FDBA6FF0EA
:100070008600F0BC704770B40668DDE90345052EC4
:1000800005D1CDE9034570BC1830FCF71DBB6FF0FE
:10009000860070BC70470368052B02D11830FCF74E
:1000A00039BB002070470368052B02D10830FCF7EC
:1000B0002FB86FF08600704710B40468052C03D188
:1000C00010BC0830FCF746B86FF0860010BC7047D3
:1000D0000368052B02D10830FCF77CB86FF086006E
:1000E00070470368052B02D1083000F010BC0020D7
:1000F000704710B504461030FBF7BEFA08B9052367
:10010000236010BD0368052B02D1103000F0D2BA75
:100110006FF08800704710B40468052C03D110BC40
:100120001030FBF7CBBA6FF0880010BC704730B4CA
:100130000568029C052D04D10294103030BCFBF7F9
:10014000E9BA6FF0880030BC704710B40468052C21
:1001500003D110BC103000F0C2BA6FF0880010BCA0
:1001600070470368052B02D11030FBF7EFBA6FF030
:10017000880070470368052B02D11030FBF70CBBD9
:100180000020704743681B0A14BF6FF086006FF0B1
:10019000850070470020FAF7F9BA0020FAF730BB63
:1001A000002000F021B917B4CDE90001DDE900011C
:1001B00003B010BCF7F79CBE70B5044600200346A0
:1001C000934200D170BDE55CCE5C0133754028439D
:1001D000F6E7002070470A2842DCC31C1FDA10F142
:1001E000400F45D010F13F0F2BDA10F1410F42D0F4
:1001F00010F1550F42D010F1490F14BF6FF0860077
:100200006FF08400704709282DD8DFE800F0052C36
:100210002C2F172C372C2C3A6FF098007047033096
:100220000D2820D8DFE800F00A331F221F1F1F1FF0
:100230001F1F071F1F076FF0940070476FF08500A6
:10024000704710F1210F1FD00DDB10F1200F1ED0D1
:1002500010F1100F14BF6FF086006FF0940070471C
:1002600064380928CFD96FF08600704700207047A6
:100270006FF0840070476FF0890070476FF0930053
:1002800070476FF08C0070476FF0880070476FF018
:100290009200704710B501380A44914200D110BD58
:1002A00010F8013F11F8014B63400370F5E701447A
:1002B000814200D1704711F8013D1A440A70120AB8
:1002C000F6E72DE9F8430E46174608994FF4AA724F
:1002D00004461D46DDF8248000F01BFEB8B98146B7
:1002E0004D4509D14146204600F09EFE78B9204692
:1002F000BDE8F84300F0BBBE204657F8292056F869
:10030000291000F02EFE10B909F10109E8E7BDE857
:10031000F8831FB5CDE90221069A03A9CDE9003281
:10032000012302AAFFF7CDFF05B05DF804FB2DE91C
:10033000F041D8B005460E4609A800211746984658
:10034000FDF7A2F8044660B95E9B3246CDE9008312
:1003500029463B4603A8FFF7B4FF044609A8FDF76A
:1003600081F8204658B0BDE8F0811FB5CDE90210F4
:10037000009302A9134603A80122FFF7D8FF05B096
:100380005DF804FB07B501A9FAF752F9003818BF68
:10039000012003B05DF804FBF7B506460D46202D9D
:1003A0002F46A8BF202700216846FCF7A1FF04467E
:1003B00070B93A4631466846FCF7ECFF10F1520F2F
:1003C000044608D0431CF4D0684600F016FF34B150
:1003D000204603B0F0BD684600F00FFFE3E7EC1BDA
:1003E0003E44F5D02546DAE70020704790F89C316E
:1003F00010B5044604301BB1BDE8104000F08DBDBF
:100400004FF4AA72216800F084FDB0FA80F35B0912
:1004100084F89C3110BD73B51E4600230C4601A91B
:1004200015460193F9F7D8FF90B9019800F027FE1F
:10043000069B98420ED8019800F021FE079B2946A2
:100440001860019A33462046FFF78FFFFFF7C3FE7F
:1004500002B070BD6FF08900FAE738B5044608466F
:100460002146F9F7B9FF054658B984F89C01206880
:1004700000F007FEC4F858012846BDE83840FFF7F1
:10048000AABE38BD2DE9F04107463C88184604F461
:100490004F43B3F5824F0D469046079E02D0B3F509
:1004A000884F0FD1E4B2A4F14103012B01D9122CE2
:1004B0000BD142462946FEF70EFA0020C6F800800E
:1004C000BDE8F081B4F5885FF2E77B88069A0733D0
:1004D000B2EBD30F4FEAD30408D301462246284695
:1004E000FAF700FB0028EBD13460E9E76FF08900F0
:1004F000E6E72DE9F04306461F463388084603F435
:100500004F419FB0B1F5824FDDE9268902D0B3F5A6
:10051000885F0ED105AB0146CDE9019330463B46DD
:10052000CDF80080FAF72AFB044620461FB0BDE84C
:10053000F083758806A90735ED082A46FAF7D2FA3E
:1005400004460028F1D105ABCDE9019306A93B464D
:100550002A463046CDF80080FAF710FB29460446BB
:1005600006A802F075F9E0E7FAF7E0BC0368D904E1
:1005700044BF43F4806303609A0444BF43F40063C0
:1005800003607047C0F30253013B10B5052B21D81F
:10059000DFE803F01B0B0B0B0313032300F0300009
:1005A0002028136013D0002010BD0B8844F21211D4
:1005B0008B420CBF04230223F0E70B8844F2121194
:1005C0008B420CBF06230323E8E70123E6E702334F
:1005D0001360E8E76FF09800E6E713B50C46FAF70A
:1005E00027F8C31C0FD0013009D004224FF0FF338D
:1005F00021460DEB0200019302F086F830B96FF04E
:100600008B0002B010BD6FF08400FAE70020F8E71D
:1006100030B589B0054618220C4601A80021FEF726
:100620007FF9012344EA052401A9BA200794059320
:10063000F9F7B0FF002818BF6FF0920009B030BD85
:10064000F7B5BA2001A9F9F7F3FF044610B100206D
:1006500003B0F0BD019D2F0AEDB2AC4205D1BA2026
:10066000F9F7D8FF0028F2D008E0E6193046F9F78C
:10067000D1FF30B13046FFF785FE10B96FF0920020
:10068000E6E70134E9E708B5F820FFF77BFE18B983
:10069000F920FFF777FE10B16FF0920008BDF82047
:1006A000F9F7AAFF0028F7D1F920F9F7A5FF0028EC
:1006B000F4D0F1E7838810B55BB1D0E902428C42F7
:1006C00072F100024FF0000306D3C0E9021318468E
:1006D00010BD6FF08800FBE76FF08600F8E76FF061
:1006E00085007047037843F0007303F17E43033BBA
:1006F000122B1FD8DFE803F00A1C1C1E1E1416184C
:100700001A14161E1E1416181A1E1A001023002280
:10071000C3EB0323C0E902321023838010467047E5
:100720001C23F4E72023F2E73023F0E74023EEE731
:100730001423ECE76FF085007047543000F0E7B801
:1007400070B5044600F54576D0F894030121304495
:1007500002F07EF8D4F8942304F15405314628467B
:100760000132FBF7D5FC78B92846D4F8382404F5D3
:100770006671FBF7CDFC38B9284604F23C410422EF
:10078000BDE87040FBF7C4BC70BD37B5D0F80C2392
:1007900000F53B710446FDF701F9D0B9D4F81033E8
:1007A00004F154051BBA0422694628460093FBF75E
:1007B000AFFC70B92046FFF7C3FF50B92368B3F10F
:1007C000082F08D01022284601ABA118FBF7C2FC65
:1007D00050B103B030BD1022284604F53471FBF748
:1007E00097FC0028EED0F4E7102384F85030D4F8BA
:1007F00010330133C4F81033EBE76FF0604200238D
:10080000C0E90223402383800123C0F81033002075
:10081000704738B504461D46084640F20123984209
:10082000114606D040F20623984212D06FF086009F
:1008300038BDA388412B1CD17F2D1DD82A4604F535
:100840004570FEF748F84223C4F894530020A38073
:10085000EEE7A388413B9BB2012B0AD8A02D0BD811
:100860002A4604F56670FEF736F84323C4F8385478
:10087000ECE76FF08800DBE76FF08C00D8E770B52D
:1008800004460E46194623681046B3F1082F049D0E
:1008900003D11388B3F5105F1AD1A388402B1AD166
:1008A00040F201139E4216D14368202DC4F8E03275
:1008B000D0E90523C4E9B92310D82A4604F53B70D2
:1008C000FEF709F841230020C4F80C53A38070BD43
:1008D0006FF08500FBE76FF08800F8E76FF08600A7
:1008E000F5E738B50546043000F010FA044618B1B3
:1008F000BDE83840FFF76FBC28464FF49C7101F00B
:10090000A7FF204638BDFBF79FBBFBF79DBB08B593
:100910004FF41F7101F09CFF002008BD002310B5AB
:1009200000F11002103112F8014D43EA44038242F3
:1009300001F8013D4FEAD413F5D110BD70B506465C
:1009400088B00C461546002110226846FDF7E8FFE6
:1009500006F5A47106F5D6706A4604AB00F05FFF99
:100960000646C0B9214604A8FFF7D8FF9DF910300C
:100970002946002BB8BFE37B2046BCBF83F087032A
:10098000E373FFF7CBFF94F90030002BBEBFEB7B86
:1009900083F08703EB73304608B070BD2DE9F84F44
:1009A000044688461546002700F5CA7900F5C27A44
:1009B000ADB92DE0324649465046FFF76BFC534631
:1009C000524604F5A47104F5D67000F028FF00BB70
:1009D0000146C4F8A40132464846FDF7A1FFD4F809
:1009E000A40108EB0701C0F1100BAB4528BFAB46D3
:1009F00048445A46FDF76FFFD4F8A4615F445E4453
:100A0000102EC4F8A461A5EB0B05D1D1002DD1D1D6
:100A10000020BDE8F88F70B504468CB0102200218C
:100A20006846FDF77DFF204608AA04A9FFF786FF68
:100A3000054640BBD4F8A45104F5CA76102D2A46C9
:100A400024D1304604A9FFF725FC2A4631466846E2
:100A5000FDF741FF04F5C276102269463046FFF7E4
:100A600019FC3346324604F5A47104F5D67000F043
:100A7000D6FE054638B91022314604F10C00FDF7C8
:100A80002AFF1023636028460CB070BD31466846CB
:100A9000FDF721FF8022D4F8A431684630336B443F
:100AA00003F8302C08A91022FFF7F4FBD2E72DE958
:100AB000F84300F164060446884630460121914619
:100AC0001F46FCF7E1FC18B1BDE8F843FFF783BB14
:100AD00004F1500504F5A4712846FCF729FA0446F0
:100AE00080B94A464146284600F0EDFA044648B926
:100AF0003946284600F015FB044618B9284600F090
:100B00006FFB04463046FCF7ADFC2046DCE7C00036
:100B1000C90002F1080303F8010D93424FEA1020C7
:100B2000F9D103F11002083302F8011D9A424FEA8D
:100B30001121F9D10120704783686BB100210F3377
:100B400023F08043826A23F00F0343F08043116057
:100B500093601032826281607047C26913690BB181
:100B60005069184718467047C26938B5D3680546BA
:100B700013B90024204638BD506998470446002820
:100B8000F7D02846FFF7E9FF002818BF0446F1E731
:100B9000FBF7EABE10B50446FBF7E6FE20B9226873
:100BA000236B12681343236310BD38B590F82030CF
:100BB00004466BB3B2F1807F06D3FFF7CEFF002867
:100BC00008BF6FF03F0038BD036933B1FFF7C5FFC1
:100BD000002808BF6FF04800F5E7406902F10F05F3
:100BE00010446061A06825F00F051044A060606AA1
:100BF000016045F0005181602168AD1A89681030AC
:100C00000A6942EA052240F8042C60621846DAE7D5
:100C10006FF02000D7E7F8B51E4690F82030044664
:100C20000F461546002B35D0B2F1807F06D3FFF773
:100C300094FF002808BF6FF03F00F8BDFFF77CFF6E
:100C40000DB90020F9E705F10F00626A20F00F00EE
:100C500040F0005393602368411B9B6817605B69F9
:100C6000103243EA012342F8043C23696262A26A1B
:100C70002B44C4E90353854202F1100316609560CA
:100C8000A362DED0002341F08041136191612032E4
:100C9000A262D6E76FF02000CFE7F8B590F82030D9
:100CA000054643B3FCF718FA431C044606D038B196
:100CB0002846FFF752FF002818BF04462046F8BD1B
:100CC0002B682A6B5B691340F2D168680028EFD06B
:100CD0001A462F7E05F1F4069F4204D8002A18BF59
:100CE0006FF00F04E4E7C15C16F801CB013381EA31
:100CF0000C010A43F0E76FF02004DFE710B504466B
:100D00002046FFF7CAFF431CFAD010BD43681BB151
:100D10001A690AB1586910470020704738B543680E
:100D2000054613B90024204638BDDA68002AF9D0F8
:100D30005869904704460028F4D02846FFF7E6FF9C
:100D4000002818BF0446EEE770B5057B0446002D69
:100D500031D0B2F1807F06D3FFF7D8FF002808BF5B
:100D60006FF03F0070BD806802F10F051044A06075
:100D7000206925F00F05016045F000518160216870
:100D8000AE1A096810300969AA4241EA062140F802
:100D9000041C616920610B6001F110038A606361CA
:100DA00001D10020DEE7002346F080460B618E6112
:100DB00020316161F5E76FF02000D3E7027B38B5A1
:100DC00032B3016882680C7AA24206D2FFF79EFF16
:100DD000002808BF6FF0530038BD4C7AB2FBF4F521
:100DE00004FB152232B1FFF791FF002808BF6FF016
:100DF0004500F1E7C269497911421CBF8A43C261CB
:100E0000602100F170020C30FCF7F0F80020E3E7FD
:100E10006FF02000E0E738B5037B93B30268D37A24
:100E200033B9FFF773FF002808BF6FF0470038BDE4
:100E30008468937A9C4206D2FFF768FF002808BFB7
:100E40006FF05300F3E7013B1C4006D0FFF75EFF55
:100E5000002808BF6FF04500E9E75279C3696021B7
:100E60001343C361D0E90532A4321A6010229A609C
:100E70001344436100F170020C30FCF7B7F82046D0
:100E8000D5E76FF02000D2E738B5037B054663B1A4
:100E9000FCF722F9431C044605D02846FFF736FF2D
:100EA000002818BF0446204638BD6FF02004FAE73A
:100EB00010B504462046FFF7E7FF431CFAD010BDEB
:100EC00010B5531ED41D03F8010FA3424FEA1020A2
:100ED000F9D10F3203F8011F93424FEA1121F9D1E2
:100EE000012010BD07B500930023FBF791FF03B06D
:100EF0005DF804FB07B500930423FBF789FF03B0FB
:100F00005DF804FB13B500240094FBF7CFFF02B09B
:100F100010BDCB6901601146184738B50368044617
:100F2000E3B1027ED2B14FF4AA71DB69C56898477C
:100F300098B92368E5605A69E369C2F5967542F08D
:100F40000052616A9A606268294452681960DA60E6
:100F50001033E361A3680233A36038BD6FF0200053
:100F6000FBE7037E10B5CBB1B2B18468062C18D86C
:100F7000B2F1807F18D2C3690134196041689A6068
:100F8000C968103343F8041CC361036984601344C7
:100F90000361C3681344C360002010BD6FF02000DC
:100FA000FBE76FF04400F8E76FF03F00F5E7037EE2
:100FB00070B583B30368C4681A69B4FBF2F102FB2D
:100FC00011445CBBD3E905120A44682A29D8D3E945
:100FD00001325A40836A456A53408362CA1C036ADD
:100FE000C1F59676354422F003021D60914203F16B
:100FF00010059960056206D0521A42F080421C61C9
:101000009A612033036200F17C02D8211830FBF78B
:10101000EDFF002070BD6FF02000FBE76FF0450092
:10102000F8E76FF02200F5E7037E10B50446A3B1A0
:10103000D0E903239A4204D00268836A526853407D
:10104000836220466369984704F11800D82104F1AF
:101050007C02FBF7CBFF002010BD6FF02000FBE708
:10106000037E0BB1FCF738B86FF02000704710B565
:1010700004462046FFF7F4FF431CFAD010BDC068B9
:10108000704700697047026913690BB150691847CE
:1010900018467047826808B503465AB90268116954
:1010A000426A114206D0FFF7EEFF002808BF6FF03A
:1010B000530008BD03F11400702103F17802FBF71F
:1010C00095FF0020F5E710B5047D034634B3B2F177
:1010D000807F06D3FFF7D7FF002808BF6FF03F00DF
:1010E00010BD4468062C06D9FFF7CDFF002808BFC5
:1010F0006FF04400F4E70AB90020F1E78069013499
:1011000001601968826089691030C96840F8041C60
:101110009968986111445C609960EDE76FF0200078
:10112000DEE7037DF0B4002B42D0046887682568B1
:1011300087B9836900F124021A606A1C42F00056E4
:101140009E60A6691202F66802F4F8523243DA6031
:101150001033836182697B1952F8046C23EA05031A
:10116000DB1B46EA032642F8046C52F8086C334451
:10117000C66843F0005342F8083CC369721922EA7A
:1011800005021960964203F110019E60C16107D00B
:101190000021921B42F0804219619A612033C361A1
:1011A000E268436AF0BC23EA02034362FFF772BFBE
:1011B0006FF02000F0BC704738B5037D054663B181
:1011C000FBF78AFF431C044605D02846FFF75BFF68
:1011D000002818BF0446204638BD6FF02004FAE707
:1011E000037D10B504462BB12046FFF7E5FF431CF5
:1011F000FAD010BD6FF02000FBE7037810B504466D
:101200001BB1F9F765F800232370002010BD002002
:10121000FCF792B90368D868C0F3004070470368D0
:1012200003F58053586A00F4A020003818BF01204D
:10123000704710B5044600F07DF820B12046BDE8A7
:101240001040FFF7ECBF2046BDE81040FFF7E2BFBB
:1012500038B50225036804469D6000F06BF818B1AC
:10126000236803F58053DD6138BD10B5044600F0F6
:1012700061F820B12046BDE8104000F062B8236854
:10128000BDE81040D868FCF75FBA10B50446236883
:1012900003F580535B68C62B09D02046FFF7C9FFD2
:1012A0000028F4D12046BDE81040FFF7DEBF6FF004
:1012B000010010BD03685A507047036858587047C2
:1012C0000369986E704710B50446FFF7F9FFC268CE
:1012D0004AB142F420222046BDE81040002142F4E9
:1012E0000062FFF7E7BF10BDC0F30B03482B4B6054
:1012F00028BF482310F4003F8B6008BF0023CB6059
:1013000010F4803308BFC1E9013300F47003B3F572
:10131000700F14BF00238B6800284FF0010C4FF0B2
:1013200008028B60B8BF0023C1E905C2B8BFC1E99C
:101330000533704708B5FFF7C3FF006800F40030BD
:1013400008BD10B541F224010446FFF7B6FFC207FD
:1013500009D4830709D420460C21FFF7AEFFBDE86E
:101360001040FCF7F1B9082010BD0220FCE72DE980
:10137000F0410446FCF76CF90646012241F22801CF
:10138000FFF798FF002241F228013046FFF792FF55
:1013900041F204013046FFF790FFC106F8D410F087
:1013A000200502D00220BDE8F08141F22C01304638
:1013B000FFF783FF8046012241F208013046FFF724
:1013C00079FFC8F3036744B918F4805F1CD1E4B116
:1013D000636841F21008FF1A2DE02368002BF3D058
:1013E0006368002BF0D09F420ADA0D20DBE7236808
:1013F00041F2100153F825203046FFF75BFF01351D
:1014000063689D42F3DBDFE78CB901224FF4805122
:101410003046FFF74FFF41F204013046FFF74DFF22
:10142000420700F023031BD4002BF4D0BAE7C8F323
:10143000035741F20C08A368002BE6D0E368002BA9
:10144000E3D0BB42D1DC0025E3689D42DDDAA3682E
:10145000414653F825203046FFF72CFF0135F3E7CE
:10146000FCF7FAF801463046FCF7BAF900209AE793
:101470002DE9F0439146002285B00546D8B2884652
:1014800040F0007003A90392F8F7A6FF044648B99C
:1014900005F1680601463046FBF7F6FF30B1FEF76E
:1014A0009AFE0446204605B0BDE8F083602305F1AE
:1014B0005007019305F5D273009342464B463946D7
:1014C000039800F0D8FE044620B13046FBF7CAFF6F
:1014D0002046E4E73846FFF76AFD04460028F4D1C9
:1014E0003846FFF7C4FD04463046FBF7BBFF002C2F
:1014F000EED10398FFF7C5FD0123A86085F84C30B5
:10150000D0E700232DE9F04F0446007885B08946E6
:101510001546039308B140F0007003A9F8F75CFF8B
:10152000064600284ED10398FFF7ABFDA36880461E
:10153000AB420CD92A46494604F10C00A8EB030340
:101540001844FDF7C8F9A3685B1BA3603AE094F860
:101550004C3004F1680B6BBB0123A26804F1500A04
:1015600084F84C305046A8EB020204F10C01FFF75E
:10157000F8FC0346A0BBA7684946EB1BB3FBF8F396
:1015800008FB037750463A46FFF7EBFCED1B03469A
:1015900040B95046FFF70BFD034618B95046FFF718
:1015A00066FD034658460193FBF75CFF019BD3B1F0
:1015B000184604E031465846FBF766FF30B1FEF7A7
:1015C0000AFE0646304605B0BDE8F08F04F1500033
:1015D000FFF7A3FC03460028BED035463746E1E7B7
:1015E00000252F46DEE7C4F8088004F10C084021EE
:1015F000404601F02DF9002DE4D02A46404609EB83
:1016000007019EE700232DE9F0430446007885B0EA
:10161000039308B140F0007003A9F8F7DDFE05461A
:1016200020B1FEF7D8FD05B0BDE8F0830398FFF7C1
:1016300026FD0398FFF725FD94F84C30074604F18A
:101640006806B3B9A26804F1500804F10C094946D0
:101650004046BA1AFFF785FC0546B8B904F5D274BE
:1016600040234A4640460399009400F0D0FD0546C9
:101670000CE029463046FBF707FF0028D1D104F1E2
:101680005000FFF74AFC05460028DBD03046FBF748
:10169000E9FE2846C5E72DE9F843044617461D46EE
:1016A000884681B3D0E90232AB4272F100012DD3FA
:1016B0005B1B62F10002C0E9023200F110090DB9B2
:1016C00028461EE094F85060BEB1AE4228BF2E46B8
:1016D000384632464946FDF7FEF894F85020374424
:1016E000921BD2B2AD1B84F85020002AE7D04846A6
:1016F00009EB0601FDF7B3F8E1E72046C0470028F3
:10170000E0D0BDE8F8836FF08500FAE76FF08E0057
:10171000F7E7F8B5069F05461646FFF715FB0446A2
:1017200040B92846FFF74AFB044618B92846FFF798
:10173000BFFB044605F10C00FBF794FE04B93E60C4
:101740002046BDE8F840FEF746BD2DE9F0471D46AE
:10175000DDE9093AAB4204460E461746DDF8209013
:1017600021D32B0723D100F10C0801214046FBF7C0
:101770008BFE18B1BDE8F047FEF72DBD314620467F
:10178000FBF794FA064620B14046FBF76BFE304665
:10179000F0E74B462A4639462046CDF820A0BDE862
:1017A000F047FFF7B6BF6FF08900BDE8F0876FF034
:1017B0008600FAE72DE9F0471D46DDE9093AAB421C
:1017C00004460E461746DDF8209021D32B0723D17F
:1017D00000F10C0801214046FBF756FE18B1BDE8A8
:1017E000F047FEF7F8BC31462046FBF76BFA064699
:1017F00020B14046FBF736FE3046F0E74B462A461E
:1018000039462046CDF820A0BDE8F047FFF781BF5C
:101810006FF08900BDE8F0876FF08600FAE72DE9E8
:10182000FF4100F10C0804460D46404601211646D2
:101830001F46FBF729FE20B104B0BDE8F041FEF7DA
:10184000CABC29462046FBF731FA054620B140467E
:10185000FBF708FE2846EFE703AB009310223B4658
:1018600031462046FFF755FF04B0BDE8F081014442
:101870000B1A9A4202D36FF08600704711F8013DAF
:101880000133DBB20B70002BF2D00020704710B593
:10189000002408449C4200D110BDE10022FA01F16D
:1018A00000F8011D0134F5E730B589B00446102277
:1018B0000D4668460021FDF733F8102200210DEB9C
:1018C0000200FDF72DF894F81D3393B928466A46B7
:1018D00004AB211DFFF7A3FF054638B904F5F071ED
:1018E00004A800F016FD012384F81D33284609B032
:1018F00030BD0025FAE72DE9FF4704460D4617469F
:10190000002110226846FDF70BF82F4404F5F0790A
:1019100004F5387804F1590ABD4202D104B0BDE89B
:10192000F08794F899305E1CF6B284F8996015F847
:10193000012B2344102E83F85920EDD13246514615
:101940004046FEF7A7FC6A4641464846FCF748F980
:10195000324669464046FCF7BEFF002384F89930C2
:10196000DAE71FB50446102200216846FCF7D8FFCD
:1019700094F899202AB169462046C2F11002FFF777
:10198000BAFF04B010BD2DE9F84F0446154689464C
:101990000A9F0B995E1EC1F11008174400F53C7AAE
:1019A00000F5407BBD4202D10020BDE8F88FD4F89D
:1019B00010030F2810D9424610215046FFF757FF59
:1019C0000028F2D15B4652464846211DFFF727FF0B
:1019D0000028EAD1C4F81003421C15F8013B20444A
:1019E000C4F8102390F80023534006F8013FD9E7CC
:1019F0001FB50446102200216846FCF791FF08231A
:101A0000D4F8142319466846D200FFF740FF082394
:101A1000D4F818230DEB03001946D200FFF737FF67
:101A2000102269462046FFF766FF00231021684612
:101A300084F8993000F00CFF04B010BD38B590F870
:101A40001C330446BBB900F53C751021284600F054
:101A5000FFFE94F84D200C2A07D1284604F14001DE
:101A6000FCF739FF012384F8FF321023C4F8103348
:101A7000012384F81C3338BDF0B515461022044606
:101A800089B00DEB02000E460021FCF749FF102142
:101A9000684600F0DDFE94F84D200C2A07D1684618
:101AA00004F14001FCF717FF01238DF80F302846A1
:101AB0006A4604AB211DFFF7B2FE054638B110217E
:101AC0000DEB010000F0C4FE284609B0F0BD102265
:101AD00004F538770DEB02013846FEF7DBFB39469B
:101AE000304694F89A20FCF7F6FEE8E713B5049C1C
:101AF000CDE9003413460A460121FBF793FF02B0FB
:101B000010BD13B5049CCDE9003413460A460021EC
:101B1000FBF788FF02B010BD0C2A38B50446154605
:101B200006D14030FCF7D7FE002084F84D5038BD78
:101B30006FF08600FBE7C0E91412002070472DE922
:101B4000F043B5B08946694604461746FFF7ACFE38
:101B5000064638B98046B84508D3D4F814333B4418
:101B6000C4F81433304635B0BDE8F08394F899508A
:101B7000A7EB0803C5F110059D4228BF1D4609EBE0
:101B800008012A462046FFF7B6FEA844E3E72DE900
:101B9000F04F9B460123B9B08A4680F89C3004A9D7
:101BA0000446904690F84D90FFF77EFE06460028CA
:101BB00050D12046FFF742FF2046FFF7D2FE94F8AF
:101BC00058303546012BC9F110093AD045453AD273
:101BD00094F89970A8EB0503C7F110079F4228BF3E
:101BE0001F460AEB05013A4620460391FFF783FEA4
:101BF000039920460A46CDE900790BEB050304A9B9
:101C0000FFF7C1FE50BB3D44E0E794F89970A8EBA4
:101C10000503C7F110079F4228BF1F4620460BEB64
:101C20000503CDE900790AEB050204A90393FFF748
:101C3000AAFE98B9039B3A4619462046FFF75BFE79
:101C40003D444545E1D3439B1D60D4F818332B44F4
:101C5000C4F81833304639B0BDE8F08F0646F9E7CE
:101C600010B5B4B069460446FFF71EFE90B9204691
:101C7000FFF7E4FE2046FFF774FE2046FFF7B8FEAC
:101C80006A4620463699FFF7F7FE18B994F89A206D
:101C9000389B1A6034B010BD70B50546B8B010223C
:101CA00000216846FCF73CFE284604A9FFF7FCFD2E
:101CB0000446F8B92846FFF7C1FE2846FFF751FE53
:101CC0002846FFF795FE6946284604AAFFF7D4FE8A
:101CD000044658B96E4602463C9B95F89A10194442
:101CE0008B420AD1002A18BF6FF094041021684675
:101CF00000F0AEFD204638B070BD16F8010B13F8A9
:101D0000015B68400243EBE708B54FF46A7100F0ED
:101D10009FFD002008BD2DE9F04104460D468E18B8
:101D200000F1590700F55A78B54201D1BDE8F081BC
:101D300094F899104B1CDBB284F8993015F8012BFC
:101D40002144102B81F85920EED101233A4619463F
:101D5000404600F099FB002384F89930E4E71FB572
:101D60000446102200216846FCF7DAFD94F89C3006
:101D700043B994F899202AB169462046C2F110026D
:101D8000FFF7C9FF04B010BD90F8A43310B50446A6
:101D900063B9012304211A4600F54870FFF777FD67
:101DA0004023C4F86433012384F8A43310BD70B514
:101DB0000446DDE90456FFF7A5F818B1BDE8704008
:101DC000FEF709BA3346402229462046FEF7BCFFFB
:101DD0000028F3D12046FEF7F1FF0028EED120467F
:101DE000BDE87040FFF764B82DE9F04F0446154692
:101DF0001E4695B00DF11008039140220021404687
:101E0000FCF78EFD1E9F013E2F4404F5487904F136
:101E1000400A04F1040BBD4203D1002015B0BDE817
:101E2000F08FD4F864033F2814D904F54973CDE941
:101E300000834A46534659460398FFF7B8FF0028E7
:101E4000ECD1024604214846FFF711FD0028E5D1F8
:101E5000C4F86403421C15F8013B2044C4F8642311
:101E600090F82423534006F8013FD4E72DE9F041D0
:101E700000240546ACB00DF1300840220F46404624
:101E800000211CAEFCF74CFD402221463046039455
:101E9000FCF746FD2022214604A8FCF741FD95F8F9
:101EA000A533FBB93846CDE9008605F1400303AA06
:101EB000291DFFF77CFF044660B92022314604A8A3
:101EC000FCF709FD04A905F55A70FBF767FF01232C
:101ED00085F8A5334021304600F0BAFC202104A843
:101EE00000F0B6FC20462CB0BDE8F0811FB50446DA
:101EF000102200216846FCF713FD94F899202AB1BE
:101F000069462046C2F11002FFF705FF684610211E
:101F100000F09EFC6A460023D4F89C0320FA03F1EB
:101F20000833402B02F8011BF8D10023D4F8A0039A
:101F30000DF1070220FA03F10833402B02F8011FCC
:101F4000F8D1102269462046FFF7E5FE0023102154
:101F5000684684F8993000F07BFC04B010BD13B5DE
:101F6000049CCDE9003413460A460121FBF7CEFD5F
:101F700002B010BD13B5049CCDE9003413460A46E7
:101F80000021FBF7C3FD02B010BD0C2A38B5044692
:101F9000154606D14030FCF79EFC002084F84D50D9
:101FA00038BD6FF08600FBE7C0E9141200207047CF
:101FB000F0B50F4690F89C1005461646B5B0E9B945
:101FC00003A8FBF761FA28B1FEF705F9044620469D
:101FD00035B0F0BD69462846FFF748FF044648B9CA
:101FE000324639462846FFF796FED5F89C333344EF
:101FF000C5F89C3303A8FBF735FAE8E76FF08804CF
:10200000E5E72DE9F04FB7B09A46409B044693426E
:102010008946174666D3002105A8FBF735FA30B18B
:10202000FEF7D9F80646304637B0BDE8F08F2046B7
:1020300002A9FFF71BFF064600284DD12046FFF7F7
:10204000A3FE2046FFF78BFE012384F89C3094F812
:1020500058303546012B36D0BD4236D294F899809F
:102060007B1BC8F14008984528BF984609EB050B33
:10207000424659462046FFF74EFE5A462046CDF8C6
:1020800000800AEB050302A9FFF7AEFE40BB454402
:10209000E2E794F899807B1BC8F14008984528BF77
:1020A00098460AEB050B5B462046CDF8008009EB0D
:1020B000050202A9FFF798FE90B94246594620460C
:1020C000FFF729FE4544BD42E3D3419B1D60D4F890
:1020D000A0332B44C4F8A03305A8FBF7C3F9A2E74B
:1020E0000646F9E76FF089069DE730B5B5B090F880
:1020F0009A20399B04469A4226D8002103A8FBF770
:10210000C3F928B1FEF767F80546284635B030BD5B
:1021100069462046FFF7AAFE054688B92046FFF724
:1021200033FE2046FFF71BFE2046FFF7DFFE3899FF
:1021300004F55A7000F083FA94F89A203A9B1A60DA
:1021400003A8FBF78FF9E0E76FF08905DDE730B50D
:10215000B9B00021054610226846FCF7E1FB0021DA
:1021600007A8FBF791F928B1FEF735F80446204699
:1021700039B030BD284604A9FFF778FE0446D8B927
:102180002846FFF701FE2846FFF7E9FD2846FFF73E
:10219000ADFE694605F55A7000F051FA3C99684663
:1021A00095F89A2000F035FB1021041E684618BFF0
:1021B0006FF0940400F04CFB07A8FBF753F9D6E747
:1021C00008B54FF46A7100F043FB002008BD10B55C
:1021D0009EB0024646F611031AA901A8FAF7F6FEC8
:1021E0000022039B10211A609A6001A810331AAADA
:1021F0000393FAF7FBFEFAF76FFF431C0446FAD08D
:1022000001A8742100F024FB20461EB010BD2DE96A
:10221000F047044608461E460D469146DDF82080EC
:10222000FEF72DFFB042074621D82846FEF729FFCA
:1022300008EB000A064651462046FEF7F5FEC0B9F7
:102240002046FEF714FFA0B943469A4509D12B4614
:1022500041462046CDF82090BA19BDE8F047FEF778
:1022600058B81A7882F06A0203F8012BEDE76FF094
:102270004000BDE8F0872DE9F74F9A46DDE90C49AB
:1022800005460E469346FEF7FAFE80462846FEF7C0
:10229000F8FE5045074626D22B4652465946304650
:1022A0000094FEF736F888BB0246A7EB0803A9EBBB
:1022B000080104EB080000F0C0FA4FF4AA722946A6
:1022C0003046FEF726FE08BB2846FEF7DAFE234618
:1022D00002462018984213D12146304603B0BDE88B
:1022E000F04FFEF73EBE524659462046FCF7F3FA41
:1022F0000022A7EB0A03A9EB0A0104EB0A00DAE7C4
:10230000197881F0360103F8011BE3E703B0BDE85B
:10231000F08F2DE9F04FD0E9002385B0C1E92023EB
:10232000D0E90223C1E92223002200230C464FF00A
:1023300003080425C1E90023C1E90223082204EBB4
:102340004516B1180DEB0200FCF7C5FA039B029A83
:102350001BBA12BA5B0843EAC27352081BBA12BA1C
:10236000CDE90223082204EB05170DEB0201B81892
:10237000FCF7B1FAF2793B7A314643EAC2130822FC
:102380003B720DEB0200FCF7A6FA039B029A1BBA04
:1023900012BA5B0843EAC27352081BBA12BACDE9FB
:1023A0000223082238460DEB0201FCF794FAF27B77
:1023B0004FEA051912F0010F0CBF00226FF01E0248
:1023C00014F80930B8F1010883EA020304F809306F
:1023D0004FEA6505B2D10427082604EB0615330140
:1023E000E3586A681BBA12BACDE9022308222846CC
:1023F0000DEB0201FCF76FFAAB68EA681BBA12BA80
:10240000CDE9022308220DEB0201A818FCF763FABC
:10241000013F4FEA6606E0D103264FF002084FEA7B
:10242000081303F11009E3180127009322E00025A7
:1024300004EB071B04EB090A009B0422591902A8AC
:10244000FCF749FA029B0BEB0501042202A8019359
:10245000FCF741FADDE901320AEB0500534002A91D
:10246000042204350293FCF736FA102DE4D101372B
:1024700009F110094745DADB013E4FEA4808CED1A1
:10248000304605B0BDE8F08F2DE9F04FD0E9088463
:10249000D0E90A6591B0CDE90B13036807460293B2
:1024A00043680192039383680793C3680993039B6E
:1024B00003EB93030A93079B03EB93030893099B96
:1024C00003EB93030493036B059300239946069350
:1024D000069B0B9A934208D1059BC7E90884C7E97C
:1024E0000A653B6311B0BDE8F08F042201990FA883
:1024F000FCF7F1F904220F9B0FA80D93019B99188B
:10250000FCF7E9F9019B042203F108010FA8DDF8AB
:102510003CB0FCF7E0F9019B042203F10C010FA889
:10252000DDF83CA0FCF7D7F90D9B14EB0B0049EB51
:10253000090118EB030349EB090B1BEB000B41F1FD
:1025400000010F9A16EB0A0A49EB090011EB0A0A7F
:1025500040F10000AA18DDF814C049EB0901801809
:102560000C9A099C9444029A4CEB010CA3FB0226A2
:102570000499DDF80880E1FB0B260899E1FB0A26A7
:102580000A99E1FB00260592079A0399A3FB02250D
:10259000E1FB0B250299E1FB0A250499E1FB0025EB
:1025A0000899ECFB01259646079AA2FB0B12E4FB67
:1025B0000312039CE4FB0A12029CE4FB0012049C3D
:1025C000ECFB0412039CA3FB0434E8FB0B34DDF8A2
:1025D0001080E8FB0A34DDF82080E8FB00340A981C
:1025E0009B1944F10004ECFB003414EB0E0645F19A
:1025F00000056D18029942F100020CFB012222F045
:1026000003014FEA920818EB0108059949EB090408
:1026100018EB010844F100041C1949EB0903F618F2
:1026200049EB0903ED1802F0030242F100030593A0
:10263000069B01330693019B1033019348E72DE974
:10264000FF47D0E90A9C00220E46D0E9081811F194
:10265000050A42F1000718EB070742EB020319EBEA
:102660000303056B42EB020E1CEB0E0E45F1000559
:10267000AD086C42013D0CEA050C08EA050809EAC0
:1026800005092940056927400195456947EA08077A
:102690007F190AEA040A019D41EA0A0142EB020895
:1026A000491942EB02057F1903EA0403856943EAED
:1026B000090348F100085B1904EA0E04524113EBC8
:1026C0000805C36944EA0C041C4444EB020403916A
:1026D000042203A93046FCF7FEF8042203A9B0182F
:1026E0000397FCF7F8F803A9042206F10800039504
:1026F000FCF7F1F8042203A906F10C000394FCF79F
:10270000EAF804B0BDE8F0870346002030B5013A8E
:1027100000D230BD1D780C78A54202D008B9281B24
:10272000F5E701330131F2E770B5B1F5004F1D4611
:10273000DDE9043403D2042D01D8042C01D9F5F7C6
:10274000D7FC240444EA05642143BDE87040F5F752
:1027500099BC10B50446083000F03EF80028C2BF0E
:1027600063681B18636010BDF8B507460E4617F87E
:10277000081B05468B18202B144609D9FFF7E9FFE3
:10278000002326442B70202CA6EB04010AD80E4609
:102790002878224631463844FCF79DF82B782344AC
:1027A0002B70F8BD20223846FCF795F820212846EA
:1027B000FFF7CFFF203CE6E70FB407B504A951F8B7
:1027C000040B01220191FBF70BFE03B05DF804EB53
:1027D00004B0704702DF7047FFF7FCBF002070476E
:1027E0000020704700230360704703680B4202D04B
:1027F00000680840704720BFF7E7036823EA010339
:1028000003607047034600681A6808400A431A606C
:102810007047002373B58DF80730934203D19DF8BC
:10282000070002B070BDC55CCE5C9DF807407540E6
:102830002C438DF807400133EFE710B58B4294BF6E
:10284000C4184418A04200D110BD00F8012BF9E7CC
:1028500000231A4682B001908B4201D102B070472A
:102860000198C2540133F7E72DE9E04F2746A0460F
:10287000A146A246A346A446A2B02DEC000A84F3CA
:10288000008825462646A447EFF3148515F0080F67
:1028900018BFB0EE400A3DEC000A22B0BDE8E08F60
:1028A0000338FDD870470000000000000000000061
:1028B0000000000000000000FF0000000000000019
:1028C0000100000000000000010100000000000005
:1028D0000000000000000000FF00000000000000F9
:1028E00001000000000000000301000000000000E3
:1028F0000000000000000000FF00000000000000D9
:102900000100000000000000000000C40000000002
:102910000000000000000000B30000000000000004
:1029200001000000000000000000000000000000A6
:1029300002C0FF7F0000000000C000000000000097
:10294000010100000000000002C0FF7F0000000045
:1029500000C00000000000000001000000000000B6
:1029600002C0FF7F0000000000C000000000000067
:10297000000000C40000000001C0FF7F0000000054
:102980000028000000000000000000C4000000005B
:1029900002C0FF7F0000000000C000000000000037
:1029A0007AFFFFFFB72C01000000000000000000CC
:1029B0000000000000000000000000000000000017
:1029C000000000000000000000000000BD2C01001D
:1029D00000000000000000000000000000000000F7
:1029E00000000000000000000000000000000000E7
:1029F00000000000C32C01000000000000000000E7
:102A000000000000000000000000000000000000C6
:102A1000000000000000000000000000C92C0100C0
:102A200000000000000000000000000000000000A6
:102A30000000000000000000000000000000000096
:102A400000000000CF2C010021E90000000101007E
:102A500000020200001400000028000000400000F6
:102A6000010000000200000001000000060000005C
:102A7000902A0100000000000F0B01002000000060
:102A80001000000010000000200000000000000006
:102A900011000000110800001128000000000000D3
:102AA000410000000100000001000000B82A010000
:102AB00001000000101010001100000011080000BB
:102AC000114800001128000001000000D82A010070
:102AD0000440200101014010140000001404000013
:102AE00000000000142800000400000004000000A2
:102AF00000000000142B01009C2F0100C10E0100FA
:102B000040000000200000004000000030000000F5
:102B1000000000001400000014040000142800004D
:102B2000142C000044000000040000000400000019
:102B30000F00000010000000100000002000000046
:102B400010000000100000004C2B010011000000DC
:102B50001128000011080000010000000806000014
:102B600000020000000400002000000040000000FF
:102B700020000000480000002DD2000013000000DB
:102B800063000000A300000003000000902B010080
:102B90000000000000000000000000000000000035
:102BA00000000000A82B01000F0000000000000042
:102BB000000000000600000000000000C02B010023
:102BC0000000020000000000000000000000000003
:102BD00000000000F9DE0000E9DE0000D9DE0000A0
:102BE00009DF000019DF000029DF000039DF0000E5
:102BF00049DF000059DF000069DF000079DF0000D5
:102C0000F00FEC13EC1300000000E41BE01FD02FCA
:102C1000C03FE41BE01F00000000E41BE01FD02FBA
:102C2000C03F0000C03F0000201C4038602480707E
:102C3000A06CC048E05400E120FD40D960C58091FF
:102C4000A08DC0A9E0B554464D5F43525950544F32
:102C50000054464D5F50524F5445435445445F53D2
:102C6000544F524147455F534552564943450054DE
:102C7000464D5F494E5445524E414C5F5452555358
:102C80005445445F53544F524147455F5345525654
:102C90004943450054464D5F504C4154464F524DB8
:102CA0005F53455256494345005B556E73757070CE
:102CB0006F727465645D005B4552525D005B4E4F00
:102CC000545D005B57524E5D005B494E465D005BB4
:102CD0005645525D00433A2F6E63732F76332E3480
:102CE0002E302F6E72662F7375627379732F6E722A
:102CF000665F73656375726974792F7372632F648D
:102D00007269766572732F63726163656E2F636F8C
:102D10006D6D6F6E2F7372632F63726163656E2FBB
:102D20006C69625F6B6D752E630028415353455289
:102D300054494F4E204641494C20402025733A25A6
:102D4000640D0A00433A2F6E63732F76332E342EB0
:102D5000302F6E72662F7375627379732F6E726681
:102D60005F73656375726974792F7372632F647210
:102D700069766572732F63726163656E2F6372612A
:102D800063656E7073612F7372632F637261636525
:102D90006E5F7073615F686173682E6300433A2FE2
:102DA0006E63732F76332E342E302F6E72662F7330
:102DB00075627379732F6E72665F7365637572697E
:102DC00074792F7372632F647269766572732F63DF
:102DD000726163656E2F63726163656E7073612FDC
:102DE0007372632F63726163656E5F7073615F6B93
:102DF00065795F6D616E6167656D656E742E6300E8
:102E00004B4D5500433A2F6E63732F76332E342E7D
:102E1000302F6E72662F7375627379732F6E7266C0
:102E20005F73656375726974792F7372632F64724F
:102E300069766572732F63726163656E2F63726169
:102E400063656E5F73772F7372632F63726163655F
:102E50006E5F73775F6369706865722E6300433AD3
:102E60002F6E63732F76332E342E302F6E72662FB3
:102E70007375627379732F6E72665F7365637572B3
:102E80006974792F7372632F647269766572732F18
:102E900063726163656E2F63726163656E5F7377E2
:102EA0002F7372632F63726163656E5F73775F6DFB
:102EB00061632E6300433A2F6E63732F76332E3493
:102EC0002E302F6E72662F7375627379732F6E7248
:102ED000665F73656375726974792F7372632F64AB
:102EE0007269766572732F63726163656E2F737892
:102EF00073796D63727970742F7372632F706C6164
:102F000074666F726D2F626172656D6574616C2F8E
:102F1000696E74657272757074732E63003C5061D3
:102F200072746974696F6E20696E697469616C6925
:102F30007A6174696F6E204641494C454420696E40
:102F400020307825780A0010141400001C2030402E
:102F50001C2000001C2030400040505341004B45D5
:102F600059000103024040400000404080808080C2
:102F700000009088684810141400001C2030401C89
:102F80002000001C203040004010141400001C20C1
:102F900030401C2000001C20304000400000000099
:102FA000000000000000000000000000203042008F
:102FB0000000000000000000000000000000000011
:102FC000D87D0000000000000000000000000000AC
:102FD0000000040048080D0000000000D87D00003B
:102FE00000000000000000000000000000000400DD
:102FF00000020B00000000000090D00300401050C1
:1030000000000000000000000000000000000000C0
:1030100000000000000000000000000000000000B0
:1030200000000000000000000000000000000000A0
:103030000000000000000000000000000000000090
:103040000000000000000000000000000000000080
:10305000A47D00000400000000000000000000004B
:10306000FFFFFFFFFFFFFFFFFFFFFFFFFFFFFFFF70
:103070000000000000000000000000000000000050
:1030800000000000000000000000D6010000000069
:1030900000000000001000000000000790ED00E0BC
:1030A000004010505B47105028AD0020D4AB0020EA
:1030B00020050000BBEA0000C3EA0000B7EA0000F8
:0C30C000677420005CBD002060BD002093
:020000040008F2
:10A0000058630420D57A0900DB330A00C17A0900BD
:10A01000C17A0900C17A0900C17A0900C17A090030
:10A02000000000000000000000000000AD7B0900FF
:10A03000C17A090000000000617D0900C17A0900B1
:10A04000DD7D0900DD7D0900DD7D0900DD7D090084
:10A05000DD7D0900DD7D0900DD7D0900DD7D090074
:10A06000DD7D0900DD7D0900DD7D0900DD7D090064
:10A07000DD7D0900DD7D0900DD7D0900DD7D090054
:10A08000DD7D0900DD7D0900DD7D0900DD7D090044
:10A09000DD7D0900DD7D0900DD7D0900DD7D090034
:10A0A000DD7D0900DD7D0900DD7D0900DD7D090024
:10A0B000DD7D0900DD7D0900DD7D0900DD7D090014
:10A0C000DD7D0900DD7D0900DD7D0900DD7D090004
:10A0D000DD7D0900DD7D0900DD7D0900DD7D0900F4
:10A0E000DD7D0900DD7D0900DD7D0900DD7D0900E4
:10A0F000DD7D0900DD7D0900DD7D0900DD7D0900D4
:10A10000DD7D0900DD7D0900DD7D0900DD7D0900C3
:10A11000DD7D0900DD7D0900DD7D0900DD7D0900B3
:10A12000DD7D0900DD7D0900DD7D0900DD7D0900A3
:10A13000DD7D0900DD7D0900DD7D0900DD7D090093
:10A14000DD7D0900DD7D0900DD7D0900DD7D090083
:10A15000DD7D0900DD7D0900DD7D0900DD7D090073
:10A16000DD7D0900DD7D0900DD7D0900DD7D090063
:10A17000DD7D0900DD7D0900DD7D0900DD7D090053
:10A18000DD7D0900DD7D0900DD7D0900DD7D090043
:10A19000DD7D0900DD7D0900DD7D0900DD7D090033
:10A1A000DD7D0900DD7D0900DD7D0900DD7D090023
:10A1B000DD7D0900DD7D0900DD7D0900DD7D090013
:10A1C000DD7D0900DD7D0900DD7D0900DD7D090003
:10A1D000DD7D0900DD7D0900DD7D0900DD7D0900F3
:10A1E000DD7D0900DD7D0900DD7D0900DD7D0900E3
:10A1F000DD7D0900DD7D0900DD7D0900DD7D0900D3
:10A20000DD7D0900DD7D0900DD7D0900DD7D0900C2
:10A21000DD7D0900DD7D0900DD7D0900DD7D0900B2
:10A22000DD7D0900DD7D0900DD7D0900DD7D0900A2
:10A23000DD7D0900DD7D0900DD7D0900DD7D090092
:10A24000DD7D0900DD7D0900DD7D0900DD7D090082
:10A25000DD7D0900874E0A00DD7D0900DD7D0900F6
:10A26000DD7D0900DD7D0900714E0A00DD7D0900FC
:10A27000DD7D0900DD7D0900DD7D0900DD7D090052
:10A28000DD7D0900DD7D0900DD7D0900DD7D090042
:10A29000DD7D0900DD7D0900DD7D0900DD7D090032
:10A2A000DD7D0900DD7D0900DD7D0900DD7D090022
:10A2B000DD7D0900DD7D0900DD7D0900DD7D090012
:10A2C000DD7D0900DD7D0900DD7D0900DD7D090002
:10A2D000DD7D0900DD7D0900DD7D0900DD7D0900F2
:10A2E000DD7D0900DD7D0900DD7D0900DD7D0900E2
:10A2F000DD7D0900DD7D0900DD7D0900DD7D0900D2
:10A30000DD7D0900DD7D0900DD7D0900DD7D0900C1
:10A31000DD7D0900DD7D0900DD7D0900DD7D0900B1
:10A32000DD7D0900DD7D0900DD7D0900DD7D0900A1
:10A33000DD7D0900DD7D0900DD7D0900DD7D090091
:10A34000DD7D0900DD7D0900DD7D0900DD7D090081
:10A35000DD7D0900DD7D0900DD7D0900DD7D090071
:10A36000DD7D0900DD7D0900DD7D0900DD7D090061
:10A37000DD7D0900DD7D0900DD7D0900DD7D090051
:10A38000DD7D0900DD7D0900DD7D0900DD7D090041
:10A39000DD7D0900DD7D0900DD7D0900DD7D090031
:10A3A000DD7D0900DD7D0900DD7D0900DD7D090021
:10A3B000DD7D0900DD7D0900DD7D0900DD7D090011
:10A3C000DD7D0900DD7D0900DD7D0900DD7D090001
:10A3D000DD7D09009D4E0A00DD7D0900DD7D09005F
:10A3E000DD7D0900DD7D0900DD7D0900DD7D0900E1
:10A3F000DD7D0900DD7D0900DD7D0900DD7D0900D1
:10A40000DD7D0900DD7D0900DD7D0900DD7D0900C0
:10A41000DD7D0900DD7D0900DD7D0900DD7D0900B0
:10A42000DD7D0900DD7D0900DD7D0900DD7D0900A0
:10A43000DD7D0900DD7D0900DD7D0900DD7D090090
:10A44000DD7D0900DD7D0900DD7D0900DD7D090080
:10A45000DD7D0900DD7D0900DD7D0900DD7D090070
:10A46000DD7D0900DD7D0900DD7D0900DD7D090060
:10A47000DD7D0900DD7D0900DD7D0900DD7D090050
:10A48000DD7D0900DD7D0900DD7D0900DD7D090040
:10A49000DD7D0900DD7D0900DD7D0900DD7D090030
:10A4A000DD7D0900DD7D0900DD7D0900DD7D090020
:10A4B000DD7D0900DD7D0900DD7D0900DD7D090010
:10A4C000DD7D0900DD7D0900064A074B02604FF47F
:10A4D00026725B7882800822C37100238271037226
:10A4E000704700BF1952090028080420064A074B8C
:10A4F00002604FF49C725B7A82800822C371FF2352
:10A5000082710372704700BF574D0900280804206C
:10A51000F8B5C41D0028054624F007040CBF002030
:10A52000204600F051FA071E02DA6FF00B00F8BD6A
:10A53000254EB18870880331F3790330B27989B23E
:10A5400080B208F049FD0028EFDB3C447378317895
:10A55000002D04F10304194424F0030400FB01F16D
:10A560000CBF0020204600F0B3FB23180DB9002BD0
:10A57000DBDB717A184679B10333002D728923F041
:10A5800003040CBF0020204600F014FC0028CCDBA4
:10A5900020440DB90028C8DB317A91B1737A83B1B8
:10A5A000C41D002D24F007040CBF0020204602F03B
:10A5B000F5FD0028B9DB0DB10020B8E72018B6D5AD
:10A5C000B3E7002DF8D1B2E7280804201FB572B612
:10A5D000194BDC68ECB9BFF34F8F1849184BCA68A8
:10A5E00002F4E0621343CB60BFF34F8F00BFFDE77F
:10A5F000B2FBF6F22B465D1C002AF9D1DBB203F167
:10A6000010056D4405F80C2C0A2233B901A8A047A7
:10A61000E1E7024600230A26EDE7013BDBB203F146
:10A6200010050DEB0506B0FBF2F502FB150030300E
:10A6300006F80C0C2846E8E72808042000ED00E0A6
:10A640000400FA050A4B07B5DA886846ADF8002021
:10A650009A885B88ADF80420ADF8023001F024FC44
:10A6600018B1FA219C20FFF7B1FF03B05DF804FB9D
:10A670002808042010B5044628B307F02DFF10B9B0
:10A680004FF0FF3010BD06F05FFCB0F5FA7FF7D851
:10A690000E4B00221A744FF48072DC601A801B2269
:10A6A0005A809A8040F20322DA804FF484721A8131
:10A6B0001F225A81EFF3108472B600F0D7FB04B961
:10A6C00062B60020DEE76FF01500DBE72808042003
:10A6D00010B5002840D1234C237C032B39D059B12D
:10A6E000002A3CD00239052936D8DFE801F00312F0
:10A6F00027352A2D137863700020FFF709FF002803
:10A70000B7BF012302236FF00B002374A8BF23748B
:10A7100010BD13791BB353790BB31188FB291ED8D5
:10A7200053881B3B9BB2E02B19D81A2917D9136801
:10A730009288C4F802300C4B9A80DDE7137863727C
:10A74000DAE713886381D7E71388FF2B07D82372D2
:10A75000D2E74FF0FF30DBE76FF02C00D8E76FF067
:10A760001500D5E7280804202A080420F8B50D466E
:10A77000064620B319B311F0070420D1114F3B7CDA
:10A78000012B02D16FF00B00F8BD032B02D14FF06B
:10A79000FF30F9E700F0A2FB0028F8D02846FFF7C9
:10A7A000B7FE0028EEDB0AF08EFD3046214601F0B0
:10A7B000EFFBFFF747FF032320463B74E4E76FF00E
:10A7C0001500E1E72808042010B5064C237C032B74
:10A7D00003D101F0F3FB01F0B3FF08F0FFFC002010
:10A7E000207410BD2808042008B501F09DFB034922
:10A7F0000120BDE8084000F0DFB800BFEDA408006C
:10A8000008B501F0A5FB03490020BDE8084000F0B1
:10A81000D3B800BFC9A40800074B4FF0FF3141F681
:10A82000FF72C3E9001205490022C1E900221F217D
:10A83000C3E90212704700BF000004203C08042056
:10A840003F280CD801380B4BC0F3421200F01F0018
:10A8500053F8223023FA00F000F001007047FF287F
:10A8600006D04038044BC0F3421200F01F00EFE75F
:10A8700001207047000004203C080420074B0146DB
:10A88000006849681A4603C240F48C2200201A600E
:10A8900041F0107242F4FF625A60704700000420D9
:10A8A0000246034B0068516803C30020704700BF95
:10A8B0003C0804200246034B0068516803C3002093
:10A8C000704700BF080004200138064BC0F3421255
:10A8D00000F01F0003EB82039B6823FA00F000F0F6
:10A8E00001007047000004200A8870B595B2C67C4C
:10A8F000C2F30E020488023602F118033444C35A2C
:10A90000A4B233442344013BB3FBF4F303FB04221E
:10A91000438892B29342044B8BBF2B40AB4313430B
:10A920009BB20B8070BD00BF0080FFFF4A1E062A4D
:10A9300008B50346084604D84FF4D1711520FFF737
:10A9400045FE094A914202D940F2A311F6E711B936
:10A9500003B1196008BD2BB11B680022C3E90121B6
:10A960001A1D1A600430F5E7FAFFFF7F10B5114B8E
:10A9700000EB41041A786389B3FBF2F303FB022373
:10A98000013A1A44B2F5706F0279807828BF00232B
:10A990001A440B18B2FBF0F100FB11215B1AB3FB58
:10A9A000F0F100FB113313446FEA43436FEA534362
:10A9B000638110BD44080420024B03EB80035960FF
:10A9C000704700BF440804202DE9F04F10F0070A3B
:10A9D00085B0054604D040F26F111720FFF7F6FD51
:10A9E000524F044607F10C06B146B04657F8043BF7
:10A9F0008DF80BA03BB101A898479DF80A30082BB1
:10AA000001D9F521E9E79DF80B1041BB05B1316093
:10AA10004F4506F10406E9D1002D6FD00022DFF882
:10AA200010910227964689F8002058F827A0013F88
:10AA3000BAF1000F55D09AF804609AF802C0FF2EC0
:10AA400060D039460023481C38D19C44BCF1FF0F2C
:10AA50003FD90AB189F800E04FF49A71BDE79DF83B
:10AA60000AC04B1D60465A0004EB4303022838BF5E
:10AA70000220441E40422344BDF808406444CCF107
:10AA8000000C0340013C04EA0C04B4F5803F02D3FF
:10AA900040F20511A1E775B19A1A01203260917058
:10AAA0001480D0709DF80C00107101984FEA104C82
:10AAB0001081A2F806C004FB0134A9E758F8210070
:10AAC00028B190F804B0B34504BF80781B18013951
:10AAD000B9E7DBB2E6458AF804303CBF5FFA8CFE8A
:10AAE00001227B1CA1D10AB189F800E0022640F6C0
:10AAF000FF6A58F82670B7B9013EFAD2601B05B05C
:10AB0000BDE8F08F0023E5E707EB410309F10109F8
:10AB10003846A3F80AA0FFF729FF5FFA89F1BB784E
:10AB20008B42F1D8E8E74FF00009F6E74808042027
:10AB30004408042038B54FF6FF7302460380184BD3
:10AB400003EB81031869A8B184780379B3FBF4F1AE
:10AB500004FB1133DBB2194600EB4105B5F90A508D
:10AB6000002D0EDB0131B1FBF4F504FB1511C9B268
:10AB70008B42F1D1002038BD6381BDE8384008F038
:10AB800007BA00EB41046389C3F30E031380C27854
:10AB9000002AF1D14FF4E5711720FFF717FD00BF30
:10ABA000440804201C4B03EB810370B51C69054667
:10ABB00044B3030404D54FF4EC711720FFF706FDEE
:10ABC0000146204608F0C7F9FF28014604D0204678
:10ABD000BDE8704008F0DCB9A078B5FBF0F300FBED
:10ABE0001353DBB219460A1D04EB4206B6F90260A4
:10ABF000002E09DB0131B1FBF0F200FB1211C9B2EA
:10AC00008B42F0D1002070BD8B4201D00023E37055
:10AC100004EB42025580DAE744080420094B03EBB9
:10AC20008103014610B51C69204608F094F9FF28FD
:10AC3000014604D02046BDE8104008F0A9B9002024
:10AC400010BD00BF44080420F8B5104B074603EBC5
:10AC5000810301461C69204608F07DF9FF2805465E
:10AC600011D0E288238953EA024606D001462046E5
:10AC700008F08EF901463846B04720462946FFF7CE
:10AC800075FE0020F8BD0520FCE700BF4408042045
:10AC900038B50E4B0446827903EB8203186908B974
:10ACA000052038BD8278E1799142F9D24B1CE371DD
:10ACB00000EB41035D89B3F90A30002BF3DBA5807B
:10ACC00008F066F920600020EBE700BF440804208C
:10ACD00070B5044610F003000E4603D04E21182034
:10ACE000FFF774FCFFF722FE054624B10348314606
:10ACF0000460FFF71BFE284670BD00BF60080420FB
:10AD00002DE9F14FDFF870B01E4607460D46DBF81F
:10AD1000003090469DF828A09DF82C901BB960212A
:10AD20001820FFF753FC52460921404607F09BFFCD
:10AD30004A4684B20921304607F095FF81B2DBF81C
:10AD40000000214408F0DBF8386018B9286001B031
:10AD5000BDE8F08F04445346414609222C60386810
:10AD600007F044FF4B4609223146286801B0BDE890
:10AD7000F04F07F03BBF00BF6008042070B50E46DF
:10AD8000044607F083FF0546304607F07FFF044B7B
:10AD90002A1821461868BDE8704008F0D5B800BFF1
:10ADA00060080420024B186808B108F09CB870478E
:10ADB000600804201F2AF8B5044624D89200134DD9
:10ADC000033250B1830703D068210920FFF7FEFB4F
:10ADD00022F00303297068602B8122F003022823EC
:10ADE0000127120403FB01F06B680025120CEEB280
:10ADF000B14200D8F8BD14B126181F705E6010442F
:10AE000001352833F3E74FF0FF30F3E764080420FF
:10AE1000154A002170B553681578C8B2854203D829
:10AE2000BA210920FFF7D2FB1C461846013114F85D
:10AE3000286B0EB92346F0E700219970012412898E
:10AE4000996103F126055C709208D96103F11E0433
:10AE5000596824F8022FAC4243F8041F1144F8D17A
:10AE600000234361037070BD64080420124B01226B
:10AE70004FF0FF3000215A60C3F80803C3F80015F3
:10AE8000C3F804255A6040F6FE72C3F808034FF475
:10AE90008060C3F8001503F560330849C3F808253E
:10AEA000C1F88800BFF34F8FBFF36F8FC1F88801DF
:10AEB000C3F80825704700BF00A0044000E100E08F
:10AEC00002680020014B1A60704700BF7008042020
:10AED000014B1B68184700BF70080420024B18681C
:10AEE000003818BF01207047700804200A46064841
:10AEF0008F2302F8033BC368C1F803300369536032
:10AF000043699360704700BF74080420024B5A8C59
:10AF100002435A845B6A184774080420014B0021DD
:10AF20005B6A18477408042010B5154C04F0B2FF92
:10AF300005F094FA208DFFF7F1FF237E63B12246DE
:10AF4000104904F1190052F80C3BE3606368536048
:10AF5000A368936009F0EDF8218DE06A02F052F9E0
:10AF6000E36AB3F8AA0002F0CFF8636B94F83010EC
:10AF700094F831009847002384F8383010BD00BFA2
:10AF800074080420EDAE0800034B93F838300BB181
:10AF9000FFF7CABF704700BF7408042070B5184C93
:10AFA0000546E36CE66AE3634FF4817394F850005E
:10AFB000A4F84030337D96F8151100EB83002DB9CD
:10AFC000FF2803D196F814318B4201D004F0C4FC61
:10AFD000337D73B1606D04F0C5FE616DE06B05F00B
:10AFE000C3F915B9284604F00BFF022384F8383062
:10AFF00070BDE06B04F0B6FE05F030FAF1E700BF7B
:10B000007408042008B5094B93F83820022A04D0AC
:10B0100040F257312720FFF7D9FADA7A42F00102DD
:10B02000DA72BDE80840FFF77FBF00BF7408042054
:10B0300070B50F4DC900920000F00300AE6D01F035
:10B04000080102F004021B01347803F0100304F03D
:10B05000F3040C43144304F0EC041C430443347025
:10B06000B5F8643073700223A5F85C3070BD00BF82
:10B07000740804207FB50022012300F180010392AF
:10B08000CDE90423074A92F85020029200F1900281
:10B09000CDE90032D0E91E23022005F09FF807B069
:10B0A0005DF804FB74080420F7B5184C0646A56E3D
:10B0B0000DB1636C23B940F6C4012720FFF786FA6F
:10B0C000B4F8483001F003012F466B702B7823F061
:10B0D00003030B4307F8033B3846B4F84820616C80
:10B0E00007F064FB0DF1020201A9E06EE5636764FD
:10B0F00007F0EFFE019807F0DAFE0122B4F84810DD
:10B100003060E06E07F082FE03B0F0BD74080420EA
:10B110002DE9F0412B4C06460F4694F83830012BB0
:10B120005FFA83F804D040F60C112720FFF74EFA9F
:10B13000E56A2B7933B1002104202971FFF7E6FE7F
:10B1400085F805802B7A052B0AD11F490220FFF7CD
:10B15000DDFE236E1B78991E4B424B4184F8703004
:10B160001EB1BDE8F041FFF7DFBE002FF9D0636FDD
:10B17000304698470028F4D094F83030002BF0D1B6
:10B18000638C9A0714D594F87030002BE9D02B7D8E
:10B19000E46A13B12846FFF76DFF94F815210120EA
:10B1A00096210AF0B8F80020BDE8F041FFF7F6BE9E
:10B1B000002BD6D194F87830002BE8D194F8793070
:10B1C000E3E700BF74080420D40804202DE9F04F01
:10B1D000AD4C91B0E56A069005F1A803089109937A
:10B1E0000023CDE90D3394F83830022BDFB204D0C0
:10B1F00040F6AD112720FFF7E9F9E36B03221E7833
:10B200005978134406F00309A4F840206364069BB0
:10B21000A4F84810002B00F0228119B1E06E07F06D
:10B22000D5FD01466A7A238D0132A16643F400738D
:10B23000D2B2238582EA960818F0010846D12B7A0B
:10B2400023B3032B6A720AD8012B1FD00DA9D4F89F
:10B25000800007F064FD90B940F2D471CAE7053B65
:10B26000012B02D940F2B371C4E700F049FF10B9D5
:10B2700040F2DE71BEE741460820FFF747FED5E900
:10B280001C32013342F10002C5E91C3200216B7906
:10B2900029721BB110206971FFF738FE238D43F42A
:10B2A0000063238500230793C6F3C0082B7DCBB131
:10B2B000B4F84830B3B105F0EFF80328FBD002280A
:10B2C00006D1FFF731FE11B0BDE8F08F069BEAE72B
:10B2D00040B9AB7A03F00103984503D1012384F808
:10B2E0003130EEE7AA7A02F0010398456BD04FF0B7
:10B2F000000AA36E002B40F0C480B4F84830B3FAC3
:10B3000083F35B0903EA161384F87930089B002B5A
:10B3100040F0BE80628C94F88630110704D594F812
:10B320007020002A40F0B480012B00F2B180636FDE
:10B3300001209847002800F0AB8094F83060002E80
:10B3400040F0A680EB7C83B10123039605F18001D8
:10B350000420CDE90463FB23029305F19003CDE9BA
:10B360000063D5E91C2304F039FF95F814219621D8
:10B37000002009F0D0FFD4F82CB094F850309BF89E
:10B3800014209BF8141103EB8203FF2B03D19BF8CD
:10B3900015318B4202D0FF2004F0DEFA0023D4F8EE
:10B3A0002C808DF83130ADF8323098F80830062B0B
:10B3B00000F27E81DFE813F0C3005A015D015D01F8
:10B3C0007C016F016F01B4F84830EBB109F1FF3136
:10B3D000012919D8218D41F48051218594F88410D8
:10B3E000994206D294F8303043F0100384F830309C
:10B3F0007DE7A16E00293FF47AAF94F8851019B16A
:10B400002020FFF78BFD72E70132B9F1030FAA721A
:10B410001BD009F1FF32012A0CD8002B3FF467AF93
:10B42000DDF818A0D5E91E32013342F10002C5E96A
:10B430001E325EE7002B3FF45AAFD5E91E320133CE
:10B4400042F10002C5E91E3251E7238D01200F4968
:10B4500043F4805328712385FFF758FDEDE72B7DDA
:10B460000BB105F033F894F886304FF0000A013341
:10B47000CDF81CA084F88630238D43F480632385A7
:10B4800037E701233EE700BF74080420B808042012
:10B4900004F000FDBAF1000F4CD101230893934E44
:10B4A000338D5A0606D44020FFF738FD338D43F024
:10B4B00040033385079B63B1B4F80720B4F8053027
:10B4C0001343EA8813431EBFB4F809300133A4F8CC
:10B4D0000930069B002B00F00381B6F805300133DC
:10B4E000A6F80530002386F88630814801F0FAFD81
:10B4F0000D9830B107F0DBFC00220272099901F0CF
:10B5000027FA0E9B33B100221A720C2209990E9869
:10B5100001F0ECF9089B002B7FF4D3AE338D1B06B2
:10B520003FF5D1AE8020FFF7F9FC338D43F0800367
:10B530003385C8E649460EA8FFF7B6FDADE794F897
:10B5400087300DF132010FA8A8F80431ADF8323080
:10B5500000F0C8FD38B10F9828B1052388F80830ED
:10B56000BDF8323015E0E36A93F85130002B77D103
:10B570000DF131020DF13201D4F8800007F0ADFB7E
:10B5800000286DD0BDF83230002B59D1012288F847
:10B590000820A065A4F8643003B1C31C236698F8A2
:10B5A00009200A9298F80A2098F808800B92B8F1BE
:10B5B000020F09D0A8F10508B8F1010F7BD81B785C
:10B5C0004FF00308022B0DD0D4F8800007F0DDFB0C
:10B5D000002873D1B8F1030F04D000F09DFD80F076
:10B5E0000106F6B206F00103404F87F878309BF869
:10B5F0001330002B64D0B7F86430002B60D0334692
:10B600004046DDE90A12FFF713FD786D04F0AAFB4E
:10B610000022D7E9151004F0EDFC18B9D7E915019F
:10B6200004F040FE012387F8883087F83830BAF1FB
:10B63000000F3FF434AF49460EA8FFF735FD2EE763
:10B640009DF831201AB903230280827086E70278C0
:10B6500002F00302012A08BF032788F8087098E760
:10B660000023ADF83230012388F808302148002348
:10B670008FE7B8F804310DF131020DF13201D4F841
:10B680008000ADF8323007F028FB00287FF468AF67
:10B6900040F2C351AEE50DF132010FA800F022FDDA
:10B6A00008B10F9810B940F2D251A3E5062355E72F
:10B6B00040F2DC519EE54FF0010885E7012691E755
:10B6C000DDE90A1233464046FFF7B2FCB86D04F0DC
:10B6D00049FB04F0C3FE0021B86D09F028FEA1E784
:10B6E000B6F807300133A6F80730FEE674080420E8
:10B6F000A0080420EE080420064B10B593F838206B
:10B7000002F0FF0422B91C7601F074FD204610BD42
:10B710000C24FBE774080420094B0A4A10B51A6090
:10B72000FFF7EAFF20B14FF4B1712720FEF74EFF7B
:10B73000054C00F053FCE06400F054FC606510BD63
:10B7400044110420E0B8080074080420F8B5584CEF
:10B75000054694F8386006F0FF0016B909B102B149
:10B7600023B94FF420712720FEF730FF63639DF863
:10B770001830616284F88530626784F8300084F89C
:10B78000860084F8310084F888006084208584F87D
:10B79000780084F8790084F87000A0652066A4F829
:10B7A0006400E0636064A4F84800E56204F000F916
:10B7B00004F054FE95F91C0104F054F9D5F8D0605A
:10B7C000D5F8C80004F054F9304604F0BDFA95F8F5
:10B7D000240004F057F908F0EAFF95F8152100F16C
:10B7E0007101012004F0CCF9324B186804F0B2FA70
:10B7F000D5F8BC30C4F88030D5F8C030E366AB7BF8
:10B80000233B072B52D9EB7B233B072B4ED9B5F8B3
:10B81000E630B5F8EC0095F81411984228BF1846A8
:10B8200008F0F6F995F8E830834228BF034698B24D
:10B8300095F8E430984200D3C3B295F8151105F19C
:10B84000DC0084F8873008F0A1FC2F7D95F81511F5
:10B85000B5F8F06008F0DCF90FB9043080B2864228
:10B8600028BF0646F3B284F8843084F850302B7D2C
:10B8700013B12846FFF7FEFB0120FFF78FFBE36AB9
:10B88000D3F8C00104F08AFA002323606360A36048
:10B89000EB886380B5F8AA30238095F824302371B3
:10B8A000D5F818310BB101221A60F8BD1B23C4E78B
:10B8B0007408042044110420014B93F88800704759
:10B8C00074080420024B93F82900C0F3C0007047AD
:10B8D00074080420014B93F8860070477408042014
:10B8E00005B00800CDB1080011B1080089AF08000B
:10B8F00010B501210020FFF791F9044670B901212C
:10B90000FFF750F9044620B940F225313920FEF7FF
:10B910005DFE034B93F9181009F0EFF9204610BDB6
:10B9200000090420014BD888704700BF000904209B
:10B9300008B508F0FFF800F031FD00F073FB08F0E7
:10B94000D0FB01F03DFC03F003FD0022074B4FF05C
:10B950001B1107481A60074BC3E901014FF4A4719A
:10B960001A801A82D960DA7408BD00BF4811042019
:10B9700003021B0000090420034B41F64C525A619C
:10B980001B229A74FFF7D4BF00090420F7B5274D96
:10B9900000F1A80704466B69C0F8DC30244BC0F8FE
:10B9A000C430384609F03DF8064600F02BFB83060C
:10B9B000A97C53BF1B23EB882A891A46A4F80631B9
:10B9C0001C4BA4F808211B6884F8E410A4F8E66076
:10B9D00023B194F91C11B4F8AA00984716493846C7
:10B9E00007F093FE0123EA8804F1BC006979A4F80A
:10B9F000DA3003322B89019192B229790333009115
:10BA00009BB204F1C001FFF77BF9D4F8BC3023B935
:10BA100040F2E2413920FEF7D9FDD4F8C03013B925
:10BA200040F2E341F6E703B0F0BD00BF0009042097
:10BA300000093D004C1104200E090420024B1B6834
:10BA400003B118470C20704748110420034BDA88D3
:10BA500002801B7983700020704700BF000904201A
:10BA600037B5837805461A2B08D8042B04D9144A15
:10BA700022FA03F3DB0705D412241AE0292B01D0A4
:10BA80003B2BF9D12888B0F5706FF5D201A908F0E9
:10BA9000E3F888B9019B93F8202102F0FF046AB90A
:10BAA000AA7883F82121FF2283F8202101A807F03A
:10BAB000DBFB204603B030BD0224FAE70C24F8E794
:10BAC0002000380438B50278447802F0010302F00F
:10BAD000020254EA030101D1112038BDBAB98578B8
:10BAE000002DF9D0002B18BF002400E01D46204691
:10BAF00007F098FB0028EFD0284607F093FB0028BA
:10BB0000EAD0054B00209C73DD731882E5E7002B1B
:10BB1000ECD000242546EAE70009042013B500888C
:10BB200001A908F0B2F8044620B9019890F8323122
:10BB30001BB13A24204602B010BD90F85C3003F0EF
:10BB4000FF04002BF5D190F853309B0706D1FF235B
:10BB500080F8323101A807F087FBEBE70249543047
:10BB600008F0E7FAE6E700BF05470900F7B50778F0
:10BB700005460C46EF2F0FD890F901204378002A94
:10BB80000ADB8278900707D113F010001DD19906C7
:10BB900003F0030202D51AB1122442E0032AFBD0BB
:10BBA0001E07F9D42979EA78EE7942EA0122697907
:10BBB00042EA0142A97941EA06212E7A41EA064188
:10BBC0008A42E9D81F2A0FD8E6E713F0600FE3D1C5
:10BBD00003F00702052A05D003F00F010D22CA4029
:10BBE000D107D9D51A07DDD56A7A013A062AD3D802
:10BBF000AA7A032AD0D813F0040102D1023A012A0A
:10BC000003D8EA7A012AC7D811B9AA7C032AC3D873
:10BC10002A7D48B1012ABFD12A7E012ABCD830B979
:10BC20001124204603B0F0BD022AF5D1B4E7DB07AA
:10BC300012D46B782A7D03F01803082B11D1022A45
:10BC4000EED101213846FEF7E9FF064678B109F04A
:10BC500008F8B8B10C24E4E700F094F90028E8D122
:10BC6000DEE7022AEDD02B7F002BEAD0D8E70121B6
:10BC70003846FEF797FF064640B3154B93F9181068
:10BC800009F03BF8304609F028F929462070E8749D
:10BC9000304609F078F8EB7E0446002BC1D000282E
:10BCA000BFD10246B16A684607F0ADF92246B06AD4
:10BCB000012107F0F3F9B16A6846042207F0A3F9FD
:10BCC00022462146B06A07F0E9F9AAE70724A8E767
:10BCD0000009042030B502798BB00346042A4FD8FE
:10BCE0004088B0F5804F4BD8264900248D5C114424
:10BCF000ADF800404A798DF8084042F010028DF806
:10BD0000244042EA45028D7AC97B42EA850242EA32
:10BD1000C102694602F01F028DF80020BDF8002024
:10BD2000ADF809201A888DF80E00000A8DF80B2056
:10BD3000120A8DF80D408DF80C208DF80F008DF84B
:10BD400010405A7BD3F807008DF811205A790590DE
:10BD500002A88DF812209A798DF81320B3F80B20E1
:10BD60009B7BADF818208DF81A307F238DF81B309F
:10BD70004FF00113CDE90734FFF7F8FE0BB030BDEB
:10BD80001220FBE7E86D0A0073B50646FFF7B0FD29
:10BD9000044609F0ADF833780546012B5FD1204603
:10BDA00008F0DEFF00287AD0204609F0A1F818B18B
:10BDB00015B9122002B070BD204608F052FF08B13C
:10BDC0000C20F7E7204608F089FF06460028F7D147
:10BDD000204602F0C7FA0028EBD0ED0142F21073C2
:10BDE00031462046ADB25D4309F06EF8204609F0B9
:10BDF00077F8014658B92A46204601F00BFD08B9EC
:10BE00000020D7E741F698213920FEF7DFFB3146C5
:10BE10000DF10600FEF78EFE064608B90D20C9E7B3
:10BE2000BDF8061007F040FF3146204609F064F8DF
:10BE30003046FFF7ABFD2A463146204601F0EAFCCA
:10BE4000024610B141F6B421DEE7164BDB69002B48
:10BE5000D6D006F5917106F1A8009847D0E7002BDF
:10BE6000A7D1204608F07CFFC8B1204608F0F9FEB3
:10BE70000028C5D0204608F0A4FD0546204608F05D
:10BE8000A3FD014600289BD1002DB9D0B5F8AA002A
:10BE9000FEF7DAFE0028B3D041F6D621B4E74220FF
:10BEA00088E700BF000904200278034672B1427897
:10BEB00062B142881A2A09D982881A2A06D90068EA
:10BEC000034A506000209B881381704712207047FE
:10BED0000009042002680020014B5A61704700BF2E
:10BEE000000904200378A3F10A02112A9BBF024A29
:10BEF00000201220937470470009042008B5012225
:10BF0000084B1A7002F01EFA09F09FF907F010FEB4
:10BF1000FFF702FC002007F043F8BDE8084000F0FE
:10BF20001FBC00BF2009042010B5064C0649201D87
:10BF300007F09AFB04F108000449BDE8104007F03F
:10BF400093BB00BF200904204800042050000420B7
:10BF500010B5084C0849201D07F086FB04F10800C5
:10BF6000064907F081FB04F10C000549BDE81040CB
:10BF700007F07ABB20090420580004206000042048
:10BF800068000420014B1878704700BF2009042086
:10BF900010B5064C00F0C0FB606807F05DFBFFF7D2
:10BFA000EBFC00F03FFD0123237410BD20090420A9
:10BFB000014B187C704700BF2009042010B5064CC7
:10BFC000A06807F049FBE06807F046FBFFF7B0FC0C
:10BFD0000023237410BD00BF2009042000487047CF
:10BFE0003109042000487047330A0420C20804497C
:10BFF00000F0070001238340885C03438B547047A3
:10C0000010000420014BD3E9000170471000042008
:10C01000034B1868C0F30020400040F00100704757
:10C020001000042008B504F08FFF0023074A32F8FF
:10C030002310814205D302EB83029378044A1370E4
:10C0400008BD01330C2BF2D10023F7E7FC6D0A0089
:10C05000350B0420006808B5B0F8AA3080F86411E8
:10C06000A0F8653190F81431012B06D0022B04D0D2
:10C070004FF43F710620FEF7A9FA80F8673190F877
:10C080001531012B01D0022BF2D180F8683100F27A
:10C090005B100249BDE8084008F04BB8F5360900CE
:10C0A000024B002283F822209A847047360B04202A
:10C0B000044B93F82220012A1ABF036001200020BC
:10C0C000704700BF360B0420054B024693F8221040
:10C0D00001291BBF01209A84002083F822007047A9
:10C0E000360B0420054B024693F8220020B1136062
:10C0F00009B19B8C0B800120704700BF360B0420D8
:10C10000044B002293F822009A8410B1012083F896
:10C1100022207047360B0420034B93F82200B0FA1C
:10C1200080F04009704700BF360B042050B90A4A1E
:10C130000120134603F8010B0868C2F801008A8841
:10C140009A807047012805D1034B0A68D8719A601C
:10C150008A889A81704700BF5C0B042050B90B4B52
:10C16000187888B1D3F80120B3F805300A600120AF
:10C170008B807047012806D1044BD87920B19A688A
:10C180009B890A60F3E70020704700BF5C0B042026
:10C1900010B9044B18787047012806BF014BD879B5
:10C1A000002070475C0B0420F7B58A8800238DF8C7
:10C1B0000600ADF8042008680B4A8DF807300146E8
:10C1C000147802F5A872019DD8B2844201D80820E3
:10C1D00007E052F8087F01335668AE4208BF8F422D
:10C1E000F2D103B0F0BD00BF700B0420084B014634
:10C1F000002230B55C7803F20113D0B2844201D83A
:10C20000082004E013F8015F01328D42F5D130BD02
:10C21000700B0420F0B5254D89B095F8984105F2D2
:10C2200099116846224606F0C1FA2146684607F091
:10C23000A0FC0446B8B300EB400102A8C9B2FEF767
:10C2400047FE631E95F8A1610124DBB295F89811B1
:10C2500005E0721CB2FBF1F001FB1022D6B206F130
:10C2600020020DEB020010F8202C002AF1D103EB84
:10C27000430100F8204C06EB460220312A44694471
:10C2800011F8187C82F8A27111F8177C11F8161CAD
:10C2900082F8A37182F8A411013BAA19DBB282F8DB
:10C2A0009941FF2BD2D109B0F0BD00BF700B042023
:10C2B00070B5064688B00C46002A4ED0294A92F83E
:10C2C000A131D01890F8991119B9FF212820FEF753
:10C2D0007DF903EB43010133114491F8A251E5705C
:10C2E00091F8A35191F8A41125716171002180F892
:10C2F000991192F89811B3FBF1F001FB103382F819
:10C30000A13192F8C23123B9174902F5DD7007F067
:10C310000DFF65790D220021684605F03F0545F0C7
:10C320004005657109F0F5FAE37804AA69468DF8CD
:10C330000F30304623798DF80D508DF80E300423E0
:10C3400009F051FA9DF81F3023709DF81E3063707C
:10C350009DF81D30A37008B070BD03216018FEF772
:10C36000B7FDD6E7700B042015C20800044B5A78BD
:10C37000824286BF1B1893F84A010020704700BF15
:10C38000700B0420044B5A78824286BF1B1893F826
:10C3900042010020704700BF700B0420064B0022B2
:10C3A0004FF461711A8083F8C32183F8C421A3F884
:10C3B000C61183F8C2217047700B0420014BB3F8FB
:10C3C000C6017047700B04200A4B30B55C7884427C
:10C3D0000ED9184490F802012B3003EBC004A57964
:10C3E0000D7053F8300010600120A388938030BD99
:10C3F0000020FCE7700B04200246074810B590F8B7
:10C40000C34124B1417821B1023002F0C3FF20467C
:10C4100010BD0C46FBE700BF700B04202DE9F74F61
:10C420002F4C9A46804689466378834256D9231812
:10C4300093F8425185F00105F9B193F84A31E3B917
:10C4400045F002070135BAF1000F18D1FA070AD5F5
:10C45000062104EB0810524601FB0841823001F529
:10C460008571FFF725FFBB0734D504EB0810524652
:10C4700049460230FFF71CFF2CE02F46E3E794F813
:10C48000A1614FF0010B002DE0D0A31993F8991191
:10C49000019399B90092DAB100F094FA019B06EB8E
:10C4A0004601009A4FEA102C83F899B1214481F893
:10C4B000A201000C81F8A3C181F8A401013694F80F
:10C4C0009831013DB6FBF3F103FB1166F6B2DAE7F2
:10C4D00047F00407384603B0BDE8F08F0027F9E7BE
:10C4E000700B0420074B5A78824209D91A1892F827
:10C4F00042212AB9062202FB003000F58570704700
:10C5000000207047700B0420064B5A78824281BF8E
:10C510001B1893F83A01B0FA80F0400998BF002048
:10C52000704700BF700B0420034B80F874101B6829
:10C530000BB1408818477047501104200B2808B5EC
:10C5400004D940F229112920FEF740F8014B33F8B5
:10C55000100008BD2C6E0A00036830B50024D3F823
:10C56000C40042F21075A3F84040B3F8444044437D
:10C57000B4FBF1F4A3F844404C1E05FB0242B2FBAD
:10C58000F1F2A3F84220094AB2FBF1F20132A3F81A
:10C5900048209A8F05FB02445A6B5043B4FBF1F4D8
:10C5A000B0FBF1F09C63586330BD00BF005A6202DB
:10C5B0000346084671B13F2B0BD8074AD35C03F002
:10C5C0007F02914205D08CBF0120002000EAD310E9
:10C5D00070470120704700BF446E0A00FF230B70B4
:10C5E00002234B7083238B70014B1B78CB707047F9
:10C5F0003C0D04202DE9F84FD0F804800C46D8F803
:10C600001860304606F041FC054620B94FF4AA7187
:10C610001020FDF7DBFF0146304606F044FCB5F87C
:10C6200000B082461FFA8BF717B94FF4AC71EFE7F1
:10C63000224B00F103091B68D3B998F8023098F82F
:10C6400003202370637802F00F02A4F802B023F0F5
:10C650000F03134323F0C00363709AF8003003F014
:10C660000303012B0FD0022B0DD04FF4BB71CFE78A
:10C670003A464946B8F80200984705460028DCD1FA
:10C680002846BDE8F88F6278304663F30512627081
:10C6900006F00FFC054610B94FF4C071B8E7FB2F48
:10C6A00002D940F28F11B3E73A464946201D06F001
:10C6B0007DF8304606F058FBE2E700BF5411042035
:10C6C00038B5134C10220021201D09F022F9012554
:10C6D000257404F108031022002104F11400C4E9B8
:10C6E000013309F016F984F8205004F11803094ABF
:10C6F000C4E9053300236362A36284F82C30C4F8D4
:10C700002D30C4F8313084F835301360A36338BD60
:10C710003C0D04205411042010B5084C2378FF2B45
:10C7200004D040F299111020FDF750FF05F0AAFF48
:10C730002070BDE81040FFF7C3BF00BF1D000420FC
:10C7400010B5034C207805F0B7FFFF23237010BD10
:10C750001D000420014B187805F0BEBF1D00042009
:10C76000014B024A1A60704758110420F5C50800B1
:10C770002DE9F341DFF86881054608F11407D8F880
:10C780000830D8F81840227A012A22D1D8F8382067
:10C7900052B1137A1BB9BF211020FDF717FFD8F84B
:10C7A0003840C4B9002083E01A7A012AFAD01C4626
:10C7B0004C4AEFF3108172B650680068506001B9BE
:10C7C00062B6A34208BFC8F83840237A1BB9EE21ED
:10C7D000E2E73A46EDE7267AF6B205232372731EA6
:10C7E0000B2B6ED8DFE803F06A062235676D3E6DCD
:10C7F0006D6D6D5B636813B94FF40371CCE7204630
:10C80000294698470420EFF3108272B6237A052B4D
:10C81000D9B24FF0000359D12372D8F83810A14291
:10C8200001D1C8F83830B2BB62B634E0636813B9DE
:10C8300040F21521B0E72946204698470346ADF857
:10C840000400C0B2C3F30723012B2FD0022BDAD18F
:10C850001AE0636813B940F21D219DE7204698470E
:10C860000020D0E763680BB9FE2195E786222A7085
:10C8700001225988AA706A7100225869A5F803102C
:10C88000AA7106F071FA0420D8F83830A34202D118
:10C890000023C8F8383000283FF471AF08E0124B8D
:10C8A000294620461B689847034668B9267298B106
:10C8B00002B0BDE8F0814FF415716DE740F25721E9
:10C8C0006AE740F25A2167E70220DDE711B940F23A
:10C8D0007B2161E71846A6E7002B7FF450AF61E7A4
:10C8E0003C0D0420400D042058110420134610B5BF
:10C8F000027A22B140F202311020FDF767FE0A46AB
:10C9000001460248BDE8104007F0EDBB400D042091
:10C91000044890F82C301BB90349243007F000BCC0
:10C92000704700BF3C0D0420D7400900034606486D
:10C9300090F83C203AB190F8352022B9034900F82C
:10C940002D3B07F0EDBB70473C0D0420DDC5080012
:10C950000A4610B5037A23B140F20A311020FDF7E0
:10C9600035FE014607230248BDE8104007F0BBBB77
:10C97000500D04201346027A0AB1037270470A462A
:10C980000146014807F0AFBB400D04201B234FF0C8
:10C990001B128384038482618382C260038539B958
:10C9A0004FF4A473034AC3844384C261C382026107
:10C9B000704700BF48014801014907F0BABB00BFFA
:10C9C00039410900094AD2E90003434083EAB01122
:10C9D00081EA43214FEAF34311605360044B58430B
:10C9E0004FEAF06000EB8000704700BF7C0D042030
:10C9F000BB79379E094AD2E90003434083EAB0116C
:10CA000081EA43214FEAF34311605360044B5843DA
:10CA10004FEAF06000EB8000704700BF2000042068
:10CA2000BB79379E10B50A4C08210948FEF750FA29
:10CA3000D4E900321343F7D0064CFFF7DBFF206048
:10CA4000FFF7D8FF236860601843F6D010BD00BF21
:10CA5000200004207C0D0420174B184A9A60184AC5
:10CA60005A60184A1A60184A9A62184ADA62184AD2
:10CA7000DA60184A9A61184A1A63184A1A62184A00
:10CA8000DA64184A9A64184A5A62184B184A9A602B
:10CA9000184A5A62184ADA62184A1A61184A5A61E0
:10CAA000184A9A61184A1A63184A9A64184ADA644A
:10CAB000184A9A63704700BF5C11042021440900A2
:10CAC00047440900AD44090069450900B345090020
:10CAD000F1CD0800C545090059D00800EDCE080089
:10CAE00089460900A146090039CF08005C120420DC
:10CAF000374409005D460900E345090093450900F4
:10CB0000034609007DCE080027470900CF460900EB
:10CB1000C146090047460900054B064A9A65064A80
:10CB20001A66064B064A9A65064ADA65704700BFE0
:10CB30005C110420E1380900953909005C120420D9
:10CB400031380900153B090037B5044601A80D46E8
:10CB5000FFF7AEFA20B94FF4AA615120FDF736FD78
:10CB600000212222019808F0D4FE019B194601F809
:10CB7000035F023D232D00F28980DFE805F0258761
:10CB8000128A8A25872B878A313D418787458A8A81
:10CB90004E4E656587878787878787878787876CF6
:10CBA000778021680D20D1F8CE215A60D1F8D221AA
:10CBB0009A602268D2F89420DA60FFF785FA00289C
:10CBC00069D140F25751C8E7226892F8A0200220AC
:10CBD0001A71F2E7204600F005FA0028EDD13DE099
:10CBE000112206201A7159225A7100229A71392293
:10CBF000DA7130221A72E0E7226892F89A20E6E7AA
:10CC0000084600F0DDF9E8E7226892F89B101971F8
:10CC100092F89A2003205A71CFE722680920B2F8CF
:10CC200000111971090A5971B2F8A2109971090A13
:10CC3000D971B2F8FC101972090A5972B2F8A02021
:10CC40009A72120ADA72B8E7226892F82E111971F4
:10CC500092F82F21DEE7114B1B6813B940F24951BE
:10CC60007BE72320224698470420A6E70B4B1B684E
:10CC7000002BF3D022462420984705209DE7074B40
:10CC80001B68002BEAD022462520F5E740F24451EC
:10CC900063E7012091E703B030BD00BF5C130420BF
:10CCA0003F289ABF024B53F820000020704700BF76
:10CCB0005C1104203F289ABF024B53F8200000204B
:10CCC000704700BF5C120420F7B5056804464FF6B4
:10CCD000FF77D5F8BC600DF102010DF1010230467D
:10CCE000ADF8027005F0F9FF01A9304606F017F81B
:10CCF00048B1019806F0DBF82168A83100220272E1
:10CD0000FFF726FEE7E7044905F1280003B0BDE878
:10CD1000F04007F008BA00BFB5430900F0B504467B
:10CD200085B00D46FF2600F8A56C10F8A63CF3B1BF
:10CD3000174F3B781BB162211F20FDF747FC0C21E8
:10CD4000381DFEF7C5F83E70002304F8A53C8A2381
:10CD50002A4602F8033BD4F80930C5F80330D4F86A
:10CD60000D305360D4F81130936005B0F0BD01A8C8
:10CD70000C21FEF7ADF8A4F5F473039A1A6001AB29
:10CD800003CB44F8AE0C44F8AA1C04F8A66CDBE70D
:10CD9000840D042010B5054C23782BB90C21201DDF
:10CDA000FEF796F8FF23237010BD00BF840D04200A
:10CDB000024690F8D631BBB990F8D73103F0FF01A5
:10CDC0000BB100207047094B18780028F9D0197072
:10CDD000D9680433C2F8941003CBC2F8CE01C2F86C
:10CDE000D211FF2382F8D63101207047840D042030
:10CDF000026838B5D37B04460D463BB1122B05D0F3
:10CE0000103B0F2B8CBF0120082038BD92F8523008
:10CE100013B9204607F094FAD5F80B302268C2F80F
:10CE2000C631D5F80F30C2F8CA312368D5F81320BF
:10CE3000C3F89020B3F8AA20A3F88522D5F80120E2
:10CE4000C3F88722D5F80520C3F88B222368B5F8EC
:10CE500009200025A3F88F22236883F89E5183F8C8
:10CE6000D6512068044900F51F7007F059F923686E
:10CE700015222846DA73C8E71DCD0800036810B5EF
:10CE8000DA7B04461F2A04D040F29D211F20FDF7C3
:10CE90009DFB002193F85220B3F8AA0083F85110AB
:10CEA00082B1C3F8A91183F85210A3F8AD11A3F809
:10CEB000AA0103F5D0700B4907F032F9236800226C
:10CEC000DA7310BD0121A3F8990183F8982103F2C8
:10CED0008F1083F89B1183F89F210349A3F89C21AD
:10CEE000EAE700BF514509003945090038B5056832
:10CEF0002B6813F0010419D1D1F801200C4BD1F8A3
:10CF0000051013400B4AC5F86230C3F307630A40AB
:10CF100043F00803C5F8662085F8653007F010FA7D
:10CF20002B68204643F001032B6038BD0120FCE74D
:10CF30002FC904F76FDB0080006810B5837B042BDA
:10CF400028D1D1F801304A1CD1F80540C0F8623030
:10CF5000C3F30763C0F8664043F0080380F8653008
:10CF6000002380F84A30837390F8713103F0FF0496
:10CF70000BB1002010BDB0F8AA3000F26910447265
:10CF80004381D1F801300449C3605368036107F05D
:10CF9000C7F8EEE70120EDE71D460900006890F8AC
:10CFA00071314BB9B0F8AA3000F2691003494381DE
:10CFB0001A23437207F0B4B8704700BF1D4609003A
:10CFC00010B50446FFF71EF8044A054B024009203D
:10CFD0000B40C4F80120C4F8053010BD2FC904F778
:10CFE0006FDB008037B50C460568FFF70BF80A4B7E
:10CFF0000A4A03400A4095F8621000930B400192E0
:10D000008DF800306B4603CBC4F801000920C4F84A
:10D01000051003B030BD00BF2FC904F76FDB0080DF
:10D0200038B5DB04154604D5037D13B100234363F3
:10D0300038BD446B0134446307F054FB836B9C425E
:10D04000F6D30023034943632846BDE8384007F080
:10D0500070B800BF7D46090038B504680546A37B5B
:10D06000012B02D02368980738D494F853309A07DC
:10D0700013D44A78D80784F85D204A88A4F85E2043
:10D080008A88A4F8602043F0020284F853200FD568
:10D09000134904F1540007F04CF894F85330D907C1
:10D0A00011D423689A0708D558214020FDF78EFA3D
:10D0B00094F83231002BEBD1EFE743F0020328461E
:10D0C000236007F03DF9A37B012B4FF0000301D053
:10D0D000002038BDA37384F84A30F9E70120F8E74F
:10D0E0000547090070B50568044602F00FF9054BC5
:10D0F0000146E8721B681BB12046BDE87040184726
:10D1000070BD00BF64130420024B1B6803B11847B5
:10D11000704700BF60130420F0B51F4D00242B782A
:10D1200014709BB1013B6D68DBB21E1B012E0FDC3E
:10D1300005EBC40655F8347076688E4208BF874206
:10D1400027D0B84271EB060612D214700020F0BD51
:10D150001E197710C6F3470655F837C005EBC70E02
:10D160008445DEF804708F412CBF33463446DCE73B
:10D1700005EBC30455F8335064688C4208BF854200
:10D1800006D0A84271EB040428BF01331370DDE719
:10D190001C4601201470DAE7A40D042010F00702E9
:10D1A00008B503D063214820FDF710FA18B1034BEE
:10D1B000197258601A70C80008BD00BFA40D042081
:10D1C000014B00221A707047A40D0420FF23084A67
:10D1D0000B700D234B7082238B701368C1F80330E2
:10D1E0005368C1F807309368C1F80B30704700BF2F
:10D1F000BA0D042016220021014808F08ABB00BFA6
:10D20000BA0D04200B4B5A7D92B14A0610D5B0F8E6
:10D21000AA2009491A80D0F850225A60D0F8542226
:10D220009A60C28803F10C005A800222FFF7A2BB69
:10D23000704700BFBA0D0420CDD10800094B53F848
:10D24000203003F5224370B5B13316464FF47A729D
:10D250000C46B3FBF2F5344402F0BCFE2C442044EF
:10D2600070BD00BF4C6F0A002DE9F04F8BB0044633
:10D2700098460F46039290F8159106F039FA8246C7
:10D2800094F81F01FFF75AF9824407F090FAE37B04
:10D2900000F148061FFA8AFA0293039B002B4AD139
:10D2A000637B032B47D1029B0C2B32D1B4F86C3239
:10D2B000BB422ED1D4F8F0312046B4F8C421C4F8D2
:10D2C000E031D4F8C430C4F8E431B4F86232134425
:10D2D000C4F8E83101F0D2FFD4F8742241F64B5182
:10D2E00094F81D31C4F8C4208A428CBF002303F097
:10D2F0000103D4F87012D4F87822C4F8D41084F85A
:10D300001E310223B4F86E12C4F8CC20A4F8D81051
:10D310006373E37BA17B282B01D028290BD1B4F8C0
:10D320006C32FB1A1A0406D4A1F128032046594294
:10D33000594101F065FBB4F8605204F50C73B4F880
:10D3400006E07D1B94F815B1A7EB0E0E04932DB2E9
:10D350000FFA8EFE002D0FDA7546D4E99223C4E948
:10D3600096230122637B032B00F26481DFE813F034
:10D37000060006015A0029014246F3E70121002078
:10D3800006F055FC8146D4F8D4005146484403F0D9
:10D390008FFD5146C4F8EC01D4F8C40003F088FDB9
:10D3A00007A9C4F8F00108A802F084FD079B0093C8
:10D3B000DDE90823D4E9960108F02EF8834604F14C
:10D3C000A80007F00CFAD4F8D420D4F8643294F80A
:10D3D0001501D51802F006FED4F8EC1100F5224034
:10D3E000203D4FF47A73B13032466D1A3031AD1BA7
:10D3F000B0FBF3F04D44B4F8D830A5EB0B0503EBCC
:10D4000041012D1A94F81501FFF718FFD4F8643282
:10D41000C4F8F401EB1AB92B5DD840F2C7413020B3
:10D42000FDF7D4F8D4F8D4305146D4F8E4011844C8
:10D4300003F03EFD5146C4F8EC01D4F8C40003F0FB
:10D4400037FDC4F8F00104F1A80007F0C8F9D4F8DA
:10D45000D430D4F8E4511D44B4F8C431002B40F06A
:10D460008980B8F1000F00F0858094F8150102F072
:10D47000B9FDD4F8EC11D4F8503200F522406D1A01
:10D4800094F81521B130203D1D44854B53F82220DE
:10D490004FF47A7302F2E732D4E9929AB2FBF3F2D4
:10D4A000A5EB0905B0FBF3F01544AD1B2D1AD4F81C
:10D4B000E821D4F8E03194F8150102FB0313B4F825
:10D4C000D8103246303301EB4301FFF7B7FE01239A
:10D4D000C4F8F4016373D4F8C430D4F8F021723B7B
:10D4E0009B1A9E1B0023864284F83032D4E9963280
:10D4F00028BF064604F1DC005B19C4F8C06142F1A4
:10D500000002C4E9903206F03FFE04233044A4F840
:10D51000607284F83932C4F83402D4E99023C4E943
:10D520009623B4F8B031DB1B1BB2002BD4BF002212
:10D530000122520084F83822029A0C2A7DD0B8F1D8
:10D54000000F7DD1637B002B00F09680D4F8C410CF
:10D5500004F50C70D4F8F031C91A06F02BFB80B238
:10D56000002800F08980149B03B1188001200BB0C3
:10D57000BDE8F08FD4F8EC116D1A98E7D4F8F001FB
:10D58000D4F8C430B4F8C4C11B1AD4F8E811F44478
:10D59000D4F8E0215D43D4F8EC31ACEB010C30332E
:10D5A0000CF1FF3C02FB0133B4F8D810324600FB0B
:10D5B0000C3301EB43015846FFF740FEC4F8F40179
:10D5C00089E7D4F8F0A1D4F8C430B4F8C4C1A3EB0F
:10D5D0000A035D4332B3BCF1000F23D1D4E9942395
:10D5E000D4E99201904271EB030302D340F20E5151
:10D5F00015E72B4B203A53F829304FF47A79D4E9C8
:10D600009201CDE9040103F2E73103F522430498C6
:10D61000B133121AB1FBF9F1B3FBF9F30A44D21A90
:10D62000921B15440CEB0E0132460AFB01F130311E
:10D630004900C0E740F22651F1E6B8F1000F1BD0D7
:10D64000B4F8D80110B3B4F8DA1194F8DC214D1C09
:10D65000A4F8DA1101FB022290420DDD002B0BDD54
:10D660000023A4F8DA5184F83832FFF7ABF900F060
:10D670000700013084F8DC0104F50C7104F5027038
:10D6800004F0BEFB20B940F27651C8E60146DCE763
:10D69000039B83F0010384F80032002067E700BF9A
:10D6A0004C6F0A002DE9F8430E46044618B9D32101
:10D6B0003020FCF78BFF052900F2A780DFE801F09E
:10D6C0000376413DA52E07F049FFC4E946012046F7
:10D6D00000F06CFFD4F80C01A43807F097FE204648
:10D6E00007F006FC054600BB0146204607F03DFB5F
:10D6F00000F1AE06D4F80C01B04209D2301A032171
:10D70000192838BF192007F0FBFE60B107F080FE32
:10D71000C4F80C61204607F0FDFB45B12046BDE88A
:10D72000F84307F0F8BB0125F2E70025F2E7D4E95A
:10D730004623C4E94023BDE8F883BDE8F84302F07E
:10D74000C5BB07F01DFB04238146884684F81131D0
:10D7500007F05AFE07220F46A9FB023102FB08110F
:10D76000D4E940525B1941EB0205D4F8E8203AB104
:10D7700059EA080204D0984277EB050228BF012637
:10D7800084F81061D4E94826121A66EB070694F86B
:10D79000301139B9012A76F100010BDA204600F088
:10D7A0000DFF03E0012A76F10006F7DB002384F881
:10D7B0002831C0E7984277EB05010FD259EA0808F3
:10D7C0000CD01B1A65EB07019A4276EB010005DBD2
:10D7D000012B71F10000A4BF1A460E460C4901232B
:10D7E00004F1C000914284F829314FF0000384F81D
:10D7F0000831B341B8BF0A4604F5847104F060FBF8
:10D80000002898D140F2B26152E7EF2150E700BF03
:10D810000040420F2DE9F84304460E46154690F8A5
:10D82000283103F0FF07002B40F0948000F1C0087E
:10D8300039467822404608F06CF822464649404670
:10D8400007F0FEFEC4F8E860FF2384F8283166B1D3
:10D85000FFF7D0F800F0070032464049013086F863
:10D86000DC0106F5027007F0EBFE40F202434FF0D8
:10D870000009A4F8103184F8089103F06FFB00F15F
:10D880004906204607F034FB0146B6B2C0B305F0A6
:10D890002FFF00F12801284689B203F009FB284434
:10D8A000AE3DC4F80C0107F0AFFD3018A4F81E908F
:10D8B00041F10001C4E94601012084F8EC0007F0C1
:10D8C000C1FB2D1AC4F8F0504FF0FF356FF0004146
:10D8D0004046D4E94623C4E94851002504F5847143
:10D8E000C4E93E23C4E9402384F8295142F210726E
:10D8F00004F0E6FA38BB40F2B9113020FCF766FEBE
:10D900002046DFF85C9007F030FAAE30C4F80C0126
:10D91000B9F8000048B1E08B38B1FFF76BF8B9F8FF
:10D920000030B0FBF3F202FB1300064407F06CFD7D
:10D93000361841F10001C4E94661002DC4D0AD198B
:10D9400041F10001C4E72946204607F0E6FA3846CF
:10D95000BDE8F8830C27FAE7A5D60800F9470900C7
:10D96000D00D0420F0B5002385B0CDE900330123AC
:10D970008DF806306846FDF78BF970B10123104E23
:10D98000B3700023CDE9023302A8FDF781F9044604
:10D9900038B10023B37005B0F0BD009807F014F85B
:10D9A000E8E7029D6B7B002BEED005F50277384649
:10D9B00007F04DFD384607F056FD6C73E4E700BFF5
:10D9C000D00D0420044B0022DA709A7042F21072DB
:10D9D0001A80FFF7C7BF00BFD00D0420014BD870DD
:10D9E000704700BFD00D042008B501F091FF044B33
:10D9F0005A6882422ABF9878002080F0010008BD52
:10DA0000D00D0420F7B5044606297BD8DFE801F0E5
:10DA100004251523282D74003C4B9B7803F0FF024E
:10DA20005BB900920123B0F8B411FFF71DFC30B1CF
:10DA300040F2CE613020FCF7C9FD0423637302F08D
:10DA400007F904F0C9F90023E288A4F86232A4F8C7
:10DA5000FE2184F8013203B0F0BD03234373FAE7DB
:10DA600007F04FFCC4E99401F5E790F8150106F0C2
:10DA7000A6FE6430D4F8F0319528D4F8C450234F72
:10DA80008CBF0020C0F19600C218954288BFED1AE5
:10DA9000FB7894BF00252D1A23B9D4F8DC309D42C1
:10DAA00028BF1D46D4F8C06104F1DC0006F06CFB11
:10DAB0000644022007F0FAFC0221AD1B25EAE575B9
:10DAC000854228BF0546284607F01AFD10B12E44AE
:10DAD00007F09EFC0123C922314604F1A80006F09C
:10DAE000F7FBD4F8C0317860D4F8C400184403B010
:10DAF000BDE8F04007F08ABCA83003B0BDE8F040B4
:10DB000006F06DBE40F29C7194E700BFD00D04207A
:10DB1000014B1880704700BFD00D04200346074A10
:10DB20001068D3F84920C0F80320B3F84D20A0F8BE
:10DB3000072093F8481006F0CAB900BFD80D04209A
:10DB400070B504460E461346807D6588324615F052
:10DB5000040118BF04F15701FEF760FC41070546B8
:10DB600021D4C2070BD50123A07D84F84830FEF7ED
:10DB7000B9FC0368C4F849308388A4F84D30AB077A
:10DB800001D4012070BD094B01211868D4F8573029
:10DB900084F85610C0F80930B4F85B30A0F80D30A6
:10DBA00006F09EF9EDE70020ECE700BFD80D042059
:10DBB00038B5C38C04460F4D0133C3F30E03C38441
:10DBC0002B7C2BB102F042F901F03CFC00232B74BA
:10DBD00000232B7194F869302BB101212046BDE858
:10DBE000384006F0BCBF637C13B1E28C9A42F4D299
:10DBF0000021F3E7D80D042010B5074C2379012B41
:10DC000005D1237C1BB102F021F901F01BFCA069B6
:10DC1000BDE81040FFF7CCBFD80D042070B5254CEF
:10DC20002379012B04D040F682412D20FCF7CEFC55
:10DC300098B90125237C1BB102F008F901F002FC20
:10DC4000002D36D0A06906F0DAFE68B301F0ACFF13
:10DC5000E369BDE870409B6818472168A26911F824
:10DC6000095B02F1490392F84820E80905F063FFD7
:10DC70000028DED00021206806F057F90028D8D00F
:10DC80002379A069012B02D040F65C41CDE72379CE
:10DC900005F00F01E26903F180435269013B52F83C
:10DCA000233098470546C5E7A069BDE87040FFF7F7
:10DCB0007FBF70BDD80D04200346074A906903B9A1
:10DCC00009B9FFF775BF1379D26903F1804312696F
:10DCD000023B52F823301847D80D042003292DE9C0
:10DCE000F043054685B0174607D14388980723D4EB
:10DCF0000024204605B0BDE8F083428890F86830E3
:10DD0000D107DBB2F4D5002BF2D14FF00108DFF8D8
:10DD1000D49099F81060C6B105F042FF0828387019
:10DD200016D002AA0DF10701FEF74EFB38B940F6F6
:10DD3000F7612D20FCF74AFC4FF00208E7E702A943
:10DD40009DF8070006F01BFD06463B78082B08D11E
:10DD5000D9F8001011F8030BC0F3801006F00FFD86
:10DD60000646D9F8001005F1500395F84F2011F838
:10DD7000030BC0F3801005F0DEFED9F80010044656
:10DD800011F8030BC0F3801005F000FF8146FEF789
:10DD9000BBFB40B1B9F1080F1BD04846FEF7E6FACD
:10DDA00080F00103D8B23A78082A14D01CB9AC7DAF
:10DDB000A21A544254416A8853079AD4002897D132
:10DDC00076B9EC7C444518BF002C0CBF012400241C
:10DDD0008FE70020E7E780F001022240D4B2EAE7B3
:10DDE000344686E7D80D04202DE9F04F85B008238E
:10DDF000052104460DF107028DF80730FFF76EFF8D
:10DE0000064620B90026304605B0BDE8F08F794FB0
:10DE1000396807F112037A7C11F8030BC0F3801004
:10DE200005F089FE80460028ECD13B6840F2E249CB
:10DE3000A16918468D7D10F8032BC2F340122A40C9
:10DE40001D468A75D3F80320C1F8AD208288A1F859
:10DE5000B12015F81F1BA269C1F3801182F8AC1024
:10DE600002A9D3F81F00029028790871D3F80F0097
:10DE7000C2F8C800587D1D7D000440EA0520DD7C05
:10DE80002843C2F8D000B3F8190082F81E8109FBBC
:10DE900000F0C2F8C4009D7DC5EB451005EB800580
:10DEA00005EB85056D00A2F8D850B3F8170009FB03
:10DEB00000F0C2F8D400B3F81B00A2F8CC00B3F80D
:10DEC0001D00A2F8CE0093F8243003F01F005B0978
:10DED00082F8220082F81F31A56994F912A005F199
:10DEE000160005F051FF40F20113A5F814314FF070
:10DEF000FF0B85F816B1414605F1DC00FEF746FD43
:10DF0000514605F1A800FEF70FFBA36984F8738062
:10DF100004F17E01B3F8AA2084F891B0A4F874202B
:10DF20004FF6FF729DF80700A4F89220D3F8C420A2
:10DF3000B2FBF9F2A4F88A20B3F8CC20A4F88C2024
:10DF4000B3F8CE20A4F88E2093F81F2184F89020F7
:10DF5000627D62B394F84820012A28D194F84E20BB
:10DF600002F0C002402A22D1D4F84920C4F87E2011
:10DF7000B4F84D208A80082893F8AC2003F1AD0551
:10DF800004F1840184F8772004F17802D3F8AD30ED
:10DF900027D0C4F88430AB888B8004F17701FEF77A
:10DFA00013FA40B940F6E2312D20FCF70FFB0022B6
:10DFB000C4F87E20DEE794F8773043F0020384F85B
:10DFC000773004F16A000C4906F0AAF80B4B0022E6
:10DFD000A0691B683A71002B3FF415AF21469847A2
:10DFE00011E7A367AB8893800023C4F884308B804B
:10DFF000E7E700BFD80D0420874C09006C1304200C
:10E00000032937B5044604D0052957D0012003B0B1
:10E0100030BD08230DF107028DF80730FFF75EFED3
:10E020000028F3D0237C2A4D03B39DF8070094F811
:10E03000B630DBB92378082804F1B90284F8B73088
:10E040002DD004F1B801FEF7BFF920B94FF4776184
:10E050002D20FCF7BBFA94F8B83043F0020384F8A3
:10E06000B8301C4904F1AE0006F05AF82B680422BF
:10E0700020461A7006225A70FFF750FD616B94F823
:10E080003820286805F042FF032328682B7101F02F
:10E0900069FE0021286807F04AF90020B7E72868E0
:10E0A000034613F8031BC1F3801184F8B810D0F8AD
:10E0B0000310C4F8B9109B889380D2E7064B1B6805
:10E0C000002BEAD0984780F00100C0B29FE700BF64
:10E0D000D80D04206F4C090068130420F8B50446DD
:10E0E0000F4619B300F12005284606F088FFA0B9B5
:10E0F00063881A072ED5284606F096FF064628465E
:10E1000006F07DFF301AC0B206F09CFF494A9368C2
:10E1100003442846936006F051FF284606F053FF5B
:10E1200001F0B0FC2179252001F016FC414E0023BE
:10E1300094F856203068037043706388103B0D2BB1
:10E1400068D8DFE803F063675F0C67446767676759
:10E15000676767442046BDE8F840FFF729BD0623FE
:10E160004370202303702046FFF7D8FC638823F018
:10E1700008039BB2152B05D094F83020E16A306873
:10E1800005F0B5FE306801F0EDFD0021306807F0C4
:10E19000CEF8022321790020337101F081FC05467D
:10E1A00007B9F06063881B0704D506F048FF0544F3
:10E1B000C4F8F4506388103B0D2B36D8DFE803F029
:10E1C00038352F2F352F353535353535352F0C234F
:10E1D00021214370034603F8091B52B1D4F857209C
:10E1E0000121C0F80920B4F85B209A8005F078FE80
:10E1F000B9E7226DC0F80920B4F854209A8094F849
:10E200004F10F3E7062303704370ACE7022303705B
:10E210000623F9E740F259612D20FCF7D7F921795F
:10E220000120BDE8F84001F02BBE40F6F541F3E7D0
:10E23000F8BD00BFD80D042038B543880446102B24
:10E2400004D10121BDE83840FFF748BF0B4D2B7CBE
:10E2500023B101F0D1F8402001F0ECFD286801F075
:10E2600081FD608810F0040002D1217901F008FEE0
:10E27000002001F0C5FD01232B7138BDD80D04200D
:10E28000024B01219869FFF729BF00BFD80D042078
:10E2900010B5124C237C1BB101F0D8FD01F0D2F86F
:10E2A000A06906F0ACFB38B12379012B09D040F608
:10E2B00086312D20FCF78AF9A069BDE81040FFF7F0
:10E2C00077BC2379E26903F18043A069D268013BFE
:10E2D000BDE8104052F82330184700BFD80D042085
:10E2E000074810B5037903F0FF0433B9142221461F
:10E2F000043007F00EFB204610BD0C24FBE700BFE6
:10E30000D80D042010B50023094C2371FDF766FEDB
:10E310002060FFF7E5FF20B14FF442712D20FCF79C
:10E3200055F9E36913B940F20B31F7E710BD00BFAF
:10E33000D80D0420014B024ADA617047D80D042041
:10E3400004E60800034B044A1A60044B044A1A60AE
:10E35000704700BF68130420E9DD08006C13042037
:10E36000114B0900F8B5057D0446AF1EFFB2002D24
:10E370003AD0012F2DD800F1500190F84F0005F050
:10E3800005FC0828064624D0FDF7FCFF10BB023D23
:10E3900018BF0125012F84F84850A6758CBF0027AF
:10E3A00001276775FEF70AF8054607F02DF80022E9
:10E3B000144B84F85620E5FB0301C4E91001114613
:10E3C0002046FFF7BDFB70B940F2A3412D20FCF7BA
:10E3D000FDF80826022D09D104F149010020FDF7BE
:10E3E000BDFE60B90020F8BD0826F5E704F149013B
:10E3F0000120FDF7B3FE0028F4D00125CAE700256F
:10E40000C8E700BF40420F00F0B5444E85B0044657
:10E41000327902F0FF0312B90278FF2A04D140F6E4
:10E42000DD112D20FCF7D2F8B36080F869303C4B49
:10E43000684604F1200500933A4B01933A4B02934E
:10E44000F3695B68039301F085FC01F0B1FA01F018
:10E45000FDFC00F0F7FF354801F00AFB344801F0FD
:10E4600073FC284606F0AAFD284606F0ACFD01F034
:10E4700009FB2179252001F06FFA94F9120001F0CF
:10E48000F1FA04F12C01A06A04F026FE074604F11B
:10E490003401A06A04F047FE0546DFB1237FCBB10B
:10E4A000B4F92650ED43ED0F637D13B963885B0724
:10E4B00009D56FF00043D4E910129A4208BFB1F1B8
:10E4C000FF3F0DD19DB930680330FDF795FF3074E3
:10E4D00005B0F0BD002DE7D0657F002DE0D1E3E76A
:10E4E00006F092FFD4E9102390429941EAD3012229
:10E4F00029462046FFF724FB50B1FDF75FFF054694
:10E5000006F082FF0B4BE5FB0301C4E91001DAE7DB
:10E51000002DD8D040F61C2183E700BFD80D042081
:10E5200091E208001DDC0800B9DC0800D6BE898E27
:10E530005555550040420F0073B50446FFF764FF80
:10E5400000212046FFF7CAFD236E0BB101221A609D
:10E550006388DB0724D50023124EA569CDE900337B
:10E56000FF2373746846FCF793FBC8B9009CA5426F
:10E57000F8D005F1B40395F8B32004F1B40194F890
:10E58000B30005F0D8FA0028ECD094F8AC30B4F819
:10E59000B1207374D4F8AD30C6F81230024B9A80B3
:10E5A00002B070BDD80D0420EA0D0420024B986122
:10E5B000DB691B68184700BFD80D042043881B0780
:10E5C00010B504460FD583693C2209496A3042726E
:10E5D000B3F8AA304381FF2380F827304FF6FF734A
:10E5E000038505F09DFDFF2384F8693010BD00BF51
:10E5F000874C0900D34C090039E20800D94C0900C6
:10E6000001E0080039E50800F9DB080081E20800B4
:10E61000F4E50800F8E5080000E6080001380228E3
:10E6200008B503D9C4212F20FBF7D0FF13290A4BCB
:10E6300005D811290CD8102907D0D221F3E71529C4
:10E64000FBD103EB4003D88801E033F8100008BD8C
:10E6500003EB40039889FAE7C86E0A00294A38B5E7
:10E660000346948810681C43402B948004D10421F5
:10E67000BDE83840FFF7C6B9802B01D10521F7E787
:10E6800003F00304032C04D140F6A4313120FBF73E
:10E690009DFFDD0706D50C6891602478062C0FD00D
:10E6A0000B2C17D09C0706D509680978052911732A
:10E6B00019D00B2921D09B0644BF0823537338BDC2
:10E6C000C47B1B2CEED100240025C0E91C4501248D
:10E6D000C474E7E7C47B112C01BF0024C474012477
:10E6E00080F85240DEE7C17B1729E4D100240025E1
:10E6F0000121C0E91E450175DDE7C17B1029DAD192
:10E700000021F8E7F80D04200C4A0346517B89B933
:10E7100010683BB9B0F80411B0F8E820914209D86C
:10E72000FFF762B993881B0706D5007C073818BF2E
:10E73000012070470020704701207047F80D042029
:10E740002DE9F843614D06462C6800287ED1AB8840
:10E750001A0725D594F89E30FE2B04D140F2FB51C8
:10E760003120FBF733FFFE2384F89E30E37B1D2B23
:10E7700005D184F85100284605F0ECFDE673A37B33
:10E78000232B06D1E37B233B072B94BF2A2324238F
:10E79000A373237C072B02BF0223AB7384F89E3044
:10E7A000AB88DB0717D4AB885F0776D499077DD594
:10E7B000287B01222B680D2883F89F2073D0112815
:10E7C0007DD007287DD0FEF775FA034600286BD16F
:10E7D00040F2EE51C4E7D5F80080A96898F80F30F0
:10E7E000D1F80090103B99F800700F2B09D8BB1E90
:10E7F000DBB2092B67D840F2333222FA03F3D80791
:10E8000061D509793846FDF7D3FE20B939462F483E
:10E8100005F0BFFD39E0012F01D9162F21D198F85D
:10E820000E0005F0A6FD40B198F80E30232B04D061
:10E83000242B07D12A2388F80E303846FEF730FA09
:10E8400003461BE0162F14BF022620266B7B1B07F6
:10E8500004D5E37B103B0F2B98BF08263046BDE85C
:10E86000F883112F15D005D8072F14D00D2FE4D120
:10E87000174B05E0142FE0D1164B1B68002BC5D0B9
:10E88000AA68494611481279984700288BD0064655
:10E89000DCE7114BF4E7114BF2E7227C062A04BFB8
:10E8A0000122AA7382E70E4B08489847AB88DA0624
:10E8B000CCD5E37B092BC9D10A23E373C6E7094B07
:10E8C000F2E7094BF0E70826C0E700BFF80D042087
:10E8D000BB51090070130420FF51090071E90800C1
:10E8E000E5500900315109005B5109002DE9F04163
:10E8F000A0F10E040B1E1646E4B208BF1F23172C0E
:10E900000AD8012540F25121A5400D4207D115F446
:10E9100060051FD1082C07D00020BDE8F081002140
:10E92000BDE8F04106F092BB1468A17B242906D112
:10E9300019463046FDF78EFB84F82C5105E02A2954
:10E94000EAD1E37B233B072BF3D80023A37384F89E
:10E950004A30E1E7054A1468002CDDD01A4601462A
:10E9600023463046BDE8F041184700BF7413042029
:10E9700070B54D780446A5F10E03DBB2152B0CD80B
:10E98000012140F2512201FA03F6164207D1026832
:10E99000152B927B2AD0082B07D0002070BD024691
:10E9A0002846BDE8704006F051BB242A01D02A2A2F
:10E9B000F3D1204605F0BCFC2368DA7B252AECD095
:10E9C00093F863201A21204622F0010283F8632085
:10E9D000226892F8633023F0080382F86330FDF771
:10E9E00039FB2368002283F82C21D6E72C2AD4D1C6
:10E9F000024B1B68002BD0D09847CEE77813042039
:10EA00002DE9F04190F86E7204460D4690F86F6261
:10EA10007FBB90F8141176BB94F8153184F814116B
:10EA200084F81531FF2384F81631154B04F1A8083A
:10EA30001B680BB14046984794F82C31012B01D04C
:10EA40003E4303D0237B43F001032373404605F08C
:10EA5000ADFB18B1237B43F002032373062120464C
:10EA6000FEF7D0FF002384F82C3135B1A373BDE845
:10EA7000F0813946CFE73346D0E7E573F7E700BFCB
:10EA80007C13042073B5484D002604462860AE80F0
:10EA90006E73AE73FF2380F84C30B0F8B231002BA8
:10EAA0007CD090F89E30FE2B78D190F82031002B4E
:10EAB00074D0037C063B012B70D990F821310221E0
:10EAC000A0F84460012280F8A03006F018FB022173
:10EAD000284684F8BA61FEF737F8B4F8B611204634
:10EAE000B4F8DA300139B4F8B82189B2B1FBF3F3E4
:10EAF0001344A4F8B831B4F840300B44A4F84030C3
:10EB000006F04AFB10B1636B0B446363B4F8B23197
:10EB10000026012B9CBF0133A4F8B23109B184F85F
:10EB2000BE61E37B84F8BA61093B012B0FD8E3880F
:10EB3000B4F86C229B1A190409D404F26E2104F172
:10EB4000160005F021F9E673FF2384F84B30B4F882
:10EB5000B62104F1A801204605F05DF9E37B134AD4
:10EB6000103B13490F2B8CBF002301230093114B43
:10EB70002868FCF7EBFD2C68237BDA0703D500211E
:10EB80000948FDF767FA237B9B0703D504F23F1082
:10EB9000FDF712FF0023237302B070BD94F89E109E
:10EBA000FE299AD0004896E7F80D042009E70800EE
:10EBB0005DE60800B9EB08002DE9F047B24F0E46BC
:10EBC0008046B9883C688D05204655BFB4F8402082
:10EBD00000230132A4F840304CBF84F8BE31A4F8C1
:10EBE000402006F0D9FA38B10B4604F59B7204F1C7
:10EBF000A8012046FEF714FABB8803F4C06323B1D2
:10EC0000A37C002B45D0032B49D0A27CBB88012AD2
:10EC100003D1180544BF0222A274B8F1000F40F0DE
:10EC20008F80590657BFB4F8D8214246013292B2BC
:10EC3000A4F8D82103F00A020A2A0CD13A7B022A4E
:10EC400009D123F008033046BB80FFF779FD30433C
:10EC50000823C6B2BB803046FFF772FD3D683043E3
:10EC600095F89E30C6B2FE2B3BD1D6BB2B7C063B23
:10EC7000012B36D995F82031ABB195F8213101221D
:10EC80000221A5F8446085F8A030284606F037FA3E
:10EC900027E00121A1742046FEF7B4FEB5E7022368
:10ECA0000121A374F7E795F80FA0AAF10F0A5FFA04
:10ECB0008AFABAF1100F40F2E9802B68DA0702D520
:10ECC00032460921E1E7980740F18D8032460C2158
:10ECD000284606F014FA95F8533043F0010385F8FE
:10ECE0005330B4F8B83194F8BB510133A4F8B831BB
:10ECF000002D00F0FB81FCF7E5FD10B10023A4F826
:10ED0000B831A17C012940F22382237C072B40F0FB
:10ED10000582B4F84030022B40F21A82B4F8425017
:10ED20000135ADB2E3882B44A4F8B03194F8BC317E
:10ED3000002B00F011820123E2881344A4F8B431BF
:10ED4000BB883D685B0657BFB5F8C4310023B5F8F2
:10ED5000B6219B1858BF9BB2A5F8C43195F8203155
:10ED60001BB92B7C063B012B06D8B5F84430B5F80F
:10ED7000B6211344A5F8443095F84A1031B1B5F8DE
:10ED80004630B5F8B6211344A5F8463095F9502021
:10ED9000002AC1BFB5F84E30B5F8B6011B18A5F86A
:10EDA0004E3095F8313063B9B8F1000F40F05E8213
:10EDB000BB7B022B40F0168295F8A030062B18BFC3
:10EDC000162395F8302022B92F4885F83130FDF709
:10EDD0007BFF284606F040FA002384F84C30BDE85B
:10EDE000F047FDF78DB9590702D5324613214CE79C
:10EDF0001A0706D595F89830324685F8A0300721D5
:10EE000043E713F0300F3AD095F82331002B5BD154
:10EE100095F82231D3B1EB7B05F1A80005F591718E
:10EE200005F26E22282B28D0AB7BA3F1280CDCF155
:10EE3000000343EB0C0305F0ABF92B6823F0200330
:10EE400043F010032B60002385F822312B68DA068B
:10EE50003AD505F1A80005F0A9F918B105F23F105F
:10EE6000FDF7AAFDB5F8FE3000221521A5F8A03067
:10EE7000B5F80231A5F8A23007E70123DBE75B060E
:10EE800022D50022242100E7F80D0420D7F80090B5
:10EE900099F80F30172B2DD011D8102B1DD0152B12
:10EEA0001FD0AB7B002B63D1EB7B0F3B102B67D9C3
:10EEB00095F83E30002B63D001221221E5E61F2B8E
:10EEC000EFD1324606210AE03868C37B252B3FD0BC
:10EED000342BE6D100221121D8E632460B214846D8
:10EEE000D4E64846FDF764FF00283FF4FAAE00225E
:10EEF0000421F4E799F86832012B07D13246052145
:10EF0000484606F0FCF889F86862EAE699F8683243
:10EF1000022BD9B27FF4E5AE99F8523053B10623F3
:10EF2000324689F8A030484606F0E9F8002389F80F
:10EF30006832EAE73B6840F20632A3F89A2032468C
:10EF400099F8623013F0040F0CBF0D211121EAE78C
:10EF500090F82C31022B02D10022172196E690F86E
:10EF60002C31012B9DD190F82D31002BF4D098E756
:10EF7000082B05D195F89930012285F8A0303EE79D
:10EF8000BAF1100F7FF6ADAE3D6895F80E90B9F16D
:10EF9000000F7FF4A6AE95F833313BB101220E216C
:10EFA000284606F0ACF885F83391AEE795F8323193
:10EFB00083B195F8539019F0030A0BD149F0010978
:10EFC00001220C21284606F09AF885F8539085F81E
:10EFD00032A19AE795F822313BB395F8233123BB50
:10EFE000EB7B05F1A80005F5917105F26E22282B47
:10EFF00019D0AB7BA3F1280CDCF1000343EB0C032D
:10F0000005F0C6F8002385F8223101221421284694
:10F0100006F075F8B5F8FE30A5F8A030B5F8023165
:10F02000A5F8A2305DE60123EAE795F82C31012B23
:10F030003FD195F82D31002B3BD1EA7BA2F1230380
:10F04000072B36D995F81401012806D0022804D0E0
:10F050004FF43F710620FBF7B9FA95F81511012915
:10F0600001D00229F4D1022895F82E310BD0012BC2
:10F0700014BF0023012343B9093A042A7FF631AEB5
:10F080000122162101E6022BF2E7022995F82F3121
:10F090000DD0012B14BF00230123002BECD0002145
:10F0A0007548FCF7D7FF002385F82C3119E6022BB1
:10F0B000F0E795F835314BB195F82D3133B9EB7B4D
:10F0C000233B072B02D901222321DEE595F83431B9
:10F0D000012B05D1002385F8343101222521D4E507
:10F0E00095F83431022B7FF4FCADF3E7FCF7E4FB39
:10F0F00008B1A4F8B851FCF7EDFB00283FF401AECD
:10F1000094F8BE310133DBB2022B84F8BE3182BFEA
:10F110000023A4F8B83184F8BE31F2E594F83E300B
:10F1200013B1A37B0E2B13D1B4F842502046B4F890
:10F130004030ED1A033D06F02FF858B1A36B626B17
:10F14000033B9B1A9D42A8BF1D46012D3FF7E9AD29
:10F150000125E7E52B46F5E7012D7FF6ECADE37BD6
:10F1600013B10A2B7FF4E7ADA37B002B7FF4E3AD53
:10F17000237C002B7FF4DFAD02297FF4DCAD94F813
:10F18000BE31002B7FF4D7ADD4F8BC00B4F8DA90D0
:10F1900003F0F4FD00283FF4CEAD94F89E30FE2B32
:10F1A0007FF4C9ADB4F8B231012B7FF6C4ADB4F829
:10F1B000B821B4F8CC309A42BFF4BDAD013D9B1AE2
:10F1C000ADB29BB2B5FBF9F59D4228BF1D4605FBCC
:10F1D00009F3003D03F1010318BF01259BB284F838
:10F1E000BA51A9E5012B08D16B7C002B7FF4E9AD66
:10F1F00000212846FEF706FCEEE55EB1F00633D4AA
:10F20000310733D4B20633D4B30733D14FF431616D
:10F21000312020E739B1B5F84610B5F848309942A9
:10F2200001D32223CDE5002A05DDB5F84E20B5F83F
:10F2300048309A42F5D2B5F84420B5F842309A42A7
:10F2400009D2AA7CB5F8403052B1B5F842209A42B2
:10F25000CED80823B5E595F82031002BE1D1F0E7B1
:10F26000052BC5D93E23ACE51E23AAE53D23A8E521
:10F270002323A6E52A23A4E5F80D0420D0F8743250
:10F28000D0F8C420934213B50446019005D1D0F8BC
:10F290007812D0F8CC20914216D0B4F8AA2004F20B
:10F2A0007D101049A4F8872140F2E242B3FBF2F34B
:10F2B000A4F88931B4F87832A4F88B31B4F87A32F2
:10F2C000A4F88D3104F035FFB4F87A2201A8D4F8FF
:10F2D0007412FDF741F90023E3730323A37402B012
:10F2E00010BD00BF8D440900074B93F9003018444E
:10F2F000142804DC10F17F0F03DB40B270471420A8
:10F3000070476FF07E007047090E04207F2307B519
:10F310000DF107008DF8073000F0A6FD03469DF9BA
:10F32000070053B1094B5B785B425BB21844142869
:10F3300006DC10F17F0F05DB40B203B05DF804FB83
:10F340001420FAE76FF07E00F7E700BF090E0420F3
:10F35000024B00221A705A70704700BF090E042039
:10F36000064BD3F8000138B1D3F8040120B1D3F82B
:10F370000801B0FA80F04009704700BF00A00440C7
:10F38000034B00221A705A7010229A70704700BF07
:10F390000C0E0420F8B50646022014460D4600F077
:10F3A000CDF8114B114A01275C60191D9A6002F1DA
:10F3B000807203342D011F70DC601D83C3E90426B5
:10F3C0000022243303F80A2C0D2203F8092C084AE2
:10F3D000C2F83015074903C983E80300C2F808756D
:10F3E000C2F83835F8BD00BF0C0E04200300000B36
:10F3F00000A00440DC6E0A0008B5022000F09EF870
:10F400000D4B01221A7000220C4BC3F80021C3F8E7
:10F410000421C3F808210A4AC3F8802003F56433A5
:10F42000C3F88C20A3F57C33C3F88C21A3F50053DB
:10F430000822C3F8042508BD0C0E042000A00440D7
:10F4400003000080154A08B51378FBB10023144966
:10F45000C1F8803001F56431C1F88C30A1F57C3100
:10F46000C1F88C3108210F4BC3F80815FFF778FF5E
:10F4700088B101235370938EFF2B03D9BC213B200D
:10F48000FBF7A4F8DBB29370002313700020BDE8F3
:10F49000084000F053B810235070F4E70C0E04201D
:10F4A00000A0044000200440094B1A7862B1094BC7
:10F4B000D3F8002152B1D3F8040140B1D3F80801C8
:10F4C000B0FA80F0400970475878704702207047C2
:10F4D0000C0E042000A00440064A08B513782BB196
:10F4E000FFF73EFF20B192F8340008BD9078FCE7AA
:10F4F0001020FAE70C0E042038B5084C0025D4F88B
:10F500000035032B04BF01236360C4F80055C4F821
:10F51000005500F0A3FFC4F8805038BD00A004409F
:10F52000054B4FF48062C3F88820BFF34F8FBFF3C1
:10F530006F8FFFF7E1BF00BF00E100E010B50446A8
:10F54000FFF7DAFF012C06D0022C09D03CB18C2148
:10F550003D20FBF73BF8074B0222C3F8002510BD06
:10F56000044B0322C3F8002502F10042C3F88020B7
:10F57000F5E700BF00A00440024BD3F8A00300F061
:10F580000100704700C0FF00084BD3F8A423D3F854
:10F59000A833511C9BB203D14FF6FF718B4203D0AD
:10F5A00002608380012070470020704700C0FF0088
:10F5B0000B4B30B5D3F89053D3F89443D3F898134A
:10F5C000D3F89C2305EA04030B401340013317BF13
:10F5D00005600020446081601CBFC260012030BD16
:10F5E00000C0FF000B4B30B5D3F88053D3F88443F1
:10F5F000D3F88813D3F88C2305EA04030B40134097
:10F60000013317BF05600020446081601CBFC260E9
:10F61000012030BD00C0FF00064B0022C3F80022CD
:10F62000C3F81822C3F82022C3F80C22C3F814220E
:10F63000704700BF00A0084070B5134D0346084650
:10F640006E7F26B940F6C1013E20FAF7BFFF63B9CD
:10F65000012EAC69297F05D100F074FD20442B698F
:10F66000C01A70BD05F069FEF8E7012B09D1012E23
:10F67000AC69297F02D100F055FDEFE705F068FE87
:10F68000ECE70020EBE700BF480E04200B4B93F89B
:10F69000290088B193F828307BB1094BD3F80024B6
:10F6A00042F00102C3F80024D3F8200500F0F60070
:10F6B000023818BF0120704701207047480E04200F
:10F6C00000A0084008B50128084B1871084B06D067
:10F6D000022808D040F645513E20FAF777FF032272
:10F6E000C3F8002508BD0422FAE700BF480E042035
:10F6F00000A0084008B570B9104B28311846D960F1
:10F700000F4900F04DFF0130012816D940F2C261C7
:10F710003E20FAF75BFF01280CD1084B293118462F
:10F72000D960074900F042FF0130012805D940F2B5
:10F73000CC61EDE74FF4DA61EAE708BD2800042068
:10F74000E46E0A0008B50C4B5B78012B09D100F080
:10F7500033FF013001280ED940F611113E20FAF78F
:10F7600035FF022B07D100F02DFF0130012802D90F
:10F7700040F61711F2E708BD480E04200A4B40F48A
:10F7800009000A4A1B8940F04000B3F5166F36BFE6
:10F79000A3F63813A3F5166343F48073C2F8083751
:10F7A000C2F84005704700BF480E042000A0084082
:10F7B00073B50C460546134EFFF784FF20462146DD
:10F7C000FFF7DCFF01AB96F90520284600F084FE28
:10F7D0009DF8050000F0FCFE20B140F2E3513E2010
:10F7E000FAF7F4FE31469DF9040000F037FC064BB1
:10F7F00040F20312C3F8442E40F25B62C3F8482E75
:10F8000002B070BD480E042000A008402DE9F04170
:10F8100006460C46174605F001FE0028FBD02F4D8A
:10F820004EBB01236B7095F828301BB9A979384677
:10F83000FFF7BEFF2A4B4FF47A7253F8273003F5D7
:10F84000FA73B3FBF2F3274AE41A274BC3F80021FB
:10F8500029690127234B214485F82870234DC5F8D9
:10F860004015C5F8C031FFF711FF044660BB002406
:10F870002046BDE8F081012E21D102236B7095F85E
:10F880002830B3B995F806803846FFF71BFF40468D
:10F89000FFF774FF144BD3F8002442F01002C3F8B2
:10F8A000002440F20312C3F8442E40F25B62C3F816
:10F8B000482E0D4B293C0B4AC3F80421C8E740F6FB
:10F8C00034013E20FAF782FEEF64D5F84C358B42C6
:10F8D000CDDA3046FFF70EFFCAE700BF480E04201E
:10F8E000586F0A000B00008000A00840005008403C
:10F8F00040220021014806F00CB800BF480E042049
:10F90000024B0344187D00F516607047E46E0A0050
:10F91000024B98691B69C01A704700BF480E04204B
:10F920000A4B1A7FD3E90430C01A094B03EB820358
:10F93000DB6BC01A074B53F822304FF47A7203F294
:10F94000F313B3FBF2F3C01A704700BF480E042054
:10F95000E46E0A004C6F0A00FF2808B504D940F293
:10F96000CB213E20FAF732FE012904D0022919D01A
:10F970004FF44F71F5E7002343F4801340F000701B
:10F980000A4A43F4847340F44030C2F8203EC2F87F
:10F99000280ED2F8203503F0F703032B05D140F2EF
:10F9A0005631DEE74FF08073E6E708BD00A008405F
:10F9B000F8B5234E4FF48067C6F89070BFF34F8FB1
:10F9C000BFF36F8F05F026FD04461E4D05F0C6FD02
:10F9D0000121001B1C4C2861C4F8A410FFF71CFE79
:10F9E0004FF40023C4F8401EC4F80034174B187CB1
:10F9F00000F000FE02F0B0FE154B164AC4F8383392
:10FA0000154BC3F8C820013AC3F8C42040F6FE7273
:10FA1000124BC4F81433124BC3F804250023AB83F4
:10FA20002B85AB614FF48073C6F89071C4F88834AD
:10FA30002B6C376103B19847BDE8F84000F0A4BDD6
:10FA400000E100E0480E042000A008402800042047
:10FA50000300008006000080005008400100008084
:10FA600000200840014B5871704700BF480E042029
:10FA7000020E034B0002C3F8342EC3F82C0E70475D
:10FA800000A00840044B054A034490711B7D03F518
:10FA900016631381704700BFE46E0A00480E04200D
:10FAA000F8B5334C06460F4694F8293023B940F296
:10FAB00006713E20FAF78AFD01232E4A84F8283089
:10FAC000D2F8003443F00103C2F8003405F0A6FC7C
:10FAD0000028FBD02EBB0123A17938466370FFF7C5
:10FAE00067FE6378012B02D04FF4E961E1E7224A17
:10FAF000D36402F5A04213601F4B3046D3F84C5537
:10FB00002946FFF7F7FD2369ED1A76BB1B4B4FF42F
:10FB10007A7253F8273003F5FA73B3FBF2F35819EE
:10FB2000F8BD012EE8D10223A57938466370FFF7AE
:10FB3000C9FD2846FFF722FE0E4BD3F8002442F001
:10FB40001002C3F8002440F20312C3F8442E40F21E
:10FB50005B62C3F8482E6278022A02D040F25171EB
:10FB6000A7E7054AD6645E60C6E705F12900D7E736
:10FB7000480E042000A0084000500840586F0A00BA
:10FB800008B5FFF743FE58B9064B0122C3F84005FC
:10FB900003F5A04302201A61BDE80840FCF7C6BE89
:10FBA00008BD00BF0050084037B5254B4FF48061B9
:10FBB000244A4FF0FF30D3F88844C3F89004C2F8C9
:10FBC00090114FF40022204904F48074C3F80024FB
:10FBD00000221E4D2A85C1F84025C3F80821C3F82C
:10FBE0000021C3F80421D3F82015C9B2D1B18DF892
:10FBF0000700C3F8202201221A619DF8072012B1E4
:10FC0000D3F820223AB19DF807305BB940F6FF01E6
:10FC10003E20FAF7DBFC9DF80720013AD2B28DF8BE
:10FC20000720EAE7FFF78EFD0022054BC3F82022EC
:10FC30002A801CB14FF48072C3F8882403B030BD11
:10FC400000A0084000E100E000500840480E0420F9
:10FC500070B50024254D264EC5F84845C5F84445E5
:10FC6000C5F84045C5F84C45FFF79EFF00F092FCF3
:10FC7000C5F8C441C6F80841C6F80041C6F80441B9
:10FC8000C5F8C840C5F8C440C6F80441C6F80041EC
:10FC900002F07AFD174B40F6FE72C6F83843C6F8FC
:10FCA0001443C5F8C041C3F808254FF48062124BD5
:10FCB000DC70C3E90544114BC5F84845C5F8444517
:10FCC000C5F84045C5F84C45C5F84841C5F844411C
:10FCD000C5F84041C5F84C41C3F89020BFF34F8FA1
:10FCE000BFF36F8FC3F8902170BD00BF0050084074
:10FCF00000A0084000200840480E042000E100E079
:10FD000070B5104D06462C781CB96C70EC702C85C3
:10FD100070BD18B1BDE87040FFF746BF013CAA783E
:10FD20004FF0960118BF01242046FFF785FCAA7802
:10FD300001462E80204685F82860BDE87040FFF718
:10FD40001FBF00BF480E0420014BC3F84C0E704784
:10FD500000A0084010B50FC8014C84E80F0010BD8A
:10FD60008C0E04200A490B4B10B50124C1F8D00EAB
:10FD7000586283F82940FFF789FC40B9064BC3F865
:10FD8000400503200C61BDE81040FCF7CFBD10BD5D
:10FD900000A00840480E042000500840144A13698F
:10FDA00018449369834210B5124C09D30220FCF722
:10FDB000BDFD00230122C4F840350F4B1A6110BD70
:10FDC0000123D3706364D4F844250532824206D3FC
:10FDD000094AD2F80C120029F1D11361EFE7002390
:10FDE000C4F84431054BC4F84405C4F8C431E6E70F
:10FDF000480E04200050084000A008400900008080
:10FE000010B50B4C0346607F217F012822794FF00B
:10FE1000960009D100F0A4F9A36922699B1ABDE8F4
:10FE200010401844FFF7BABF00F0B4F9F4E700BF80
:10FE3000480E0420044BC3F8940ED3F8002442F07B
:10FE40004002C3F80024704700A00840054BD3F8D7
:10FE5000002422F04002C3F800240022C3F8942EAC
:10FE6000704700BF00A00840044BD3F8183703F0D8
:10FE70007F035B4203700120704700BF00A0084071
:10FE80000028034B14BF0222012299701A70704798
:10FE9000480E0420054B0022C3F84025044AD2F83E
:10FEA0002035DBB20BB101231361704700500840CD
:10FEB00000A00840044B30B5D3E90C459B6BC0E96A
:10FEC00000450B6030BD00BF480E04202DE9F0470F
:10FED0003D4C4FF001083D4E05F096FA0025C4E96F
:10FEE0000C01C6F84C80D6F84C35A363FFF72AFC0A
:10FEF000374BC3F80851C3F80051C3F80451C3F895
:10FF00000451C3F80051D3F8002422F01D02C3F8B5
:10FF10000024D6F8482584F82950A261D6F8442553
:10FF2000626162786277D3F81892D3F82002FFF703
:10FF300073FB6778022F2BD1E3784BB1D6F84431AD
:10FF400033B14046FFF7DCFE636CBDE8F04718476D
:10FF5000B9F1000F16D0237900202377FFF7D0FEE8
:10FF60001B4B0021D3F80C2ED2074CBFD3F81C0E2C
:10FF70000120A36C48BF00F0010080F00100BDE843
:10FF8000F0471847E8B10120FFF7BAFE236DDCE720
:10FF9000012F13D123792377B9F1000F06D028461A
:10FFA000FFF7AEFEE36C39462846E8E748B138462D
:10FFB000FFF7A6FEE36C49464846E0E708B1404635
:10FFC000E2E7BDE8F08700BF480E0420005008407B
:10FFD00000A00840024B03EB8003D86B704700BFC2
:10FFE000E46E0A00024B03EB8003986C704700BF7D
:10FFF000E46E0A00F7B501230D46477801464370C9
:020000040009F1
:1000000004462846164600F04DF94FF47A73124A1A
:10001000ADF80630BDF806309BB243B9BDF80630E6
:100020009BB27BB940F65F513E20FAF7CFFAD2F887
:100030000431002BF2D1BDF80630013B9BB2ADF884
:100040000630E7E7677016B9EB78A370AB707B1EDC
:100050005842584103B0F0BD00A004402E3008B50E
:10006000362854D8DFE800F05053535353534D53C0
:10007000535353535353535353534B535353535358
:10008000585358534953475345534353413F3D3BBE
:1000900039373533312F2D2B29272523215A1C00A1
:1000A0003F231F4AC2F8103708BD3323F9E72D2339
:1000B000F7E72823F5E72323F3E71F23F1E71B23C3
:1000C000EFE71823EDE71523EBE71323E9E7112307
:1000D000E7E70F23E5E70D23E3E70B23E1E70A2337
:1000E000DFE70923DDE70823DBE70723D9E706235A
:1000F000D7E70523D5E70423D3E70323D1E701237B
:10010000CFE74FF49873CCE74FF48873C9E74FF407
:100110008E713F20FAF75AFA0223C2E73923C0E76B
:1001200000A008404FF47A73054A584332F9112071
:1001300000F2E7301044B0FBF3F00238704700BF24
:10014000446F0A004FF47A73044A00FB033032F91B
:1001500011201044B0FBF3F0704700BF446F0A0059
:1001600038B51D460A4B33F9114003EB82030535C0
:100170009B681C444FF47A7304F6B73403FB0044C5
:100180001046B4FBF3F42544FFF724FF284438BDA0
:10019000446F0A0070B5064608461546FFF722FF71
:1001A000094B03EB85039C684FF47A7304F6B7346C
:1001B00003FB0644241A2846B4FBF3F4FFF70AFFB6
:1001C0000530204470BD00BF446F0A00024B00227E
:1001D0001A705A709A7070479C0E04202DE9F843EB
:1001E000064601200F4615469846DDF82490FFF795
:1001F000A5F99DF8342006F00303264C43EA026378
:10020000254AC4F804350023C4F88030C2F884308D
:10021000A2F57C32C2F884310222204BC3F80825B3
:10022000BDF828301E4A9380FB6893FA83FCBB68B4
:1002300018BA7B6819BA3B68C4F810C51BBAC4F871
:100240001405C4F81815290AC4F81C352D069DF8A4
:10025000203041EA0861D9F804702DBA003B21F042
:100260000041D9F800003FBA18BF0123022E00BA9E
:10027000C4F8207541EAC3714FF00103C4F82405A6
:1002800009BAC4F82815C4F82C55537008BF137068
:10029000BDE8F88300A0044000300840002004407E
:1002A0009C0E04202B4B5A782DE9F04704460D464E
:1002B00022B94FF4A8716C20FAF788F9264A03F1A5
:1002C000080E4F7803F1100603F1380CDFF88C901C
:1002D0004FF00E08DF809F8403F1480A04379D61C8
:1002E000C3F81C9083F82780A3F85C7092E80300A1
:1002F000C3E914498EE80300D2E9020186E803004D
:10030000E91C0026196283F82660D2E90401C3E9DA
:100310000A668CE80300611C196411495964D2E92A
:100320000601E21C8AE803009A65012183F85E60F9
:1003300083F85F80C3E91866AA78A270094AC2F8F8
:1003400030E5C2F838C599701970C2F804611160BF
:10035000BDE8F0879C0E04206C6F0A000100000DC0
:100360000100000C00A00440334B5A782DE9F04105
:1003700005460E4622B94FF4BD716C20FAF726F9F6
:100380002E4A03F1380C03F1480403F10807DFF8A3
:10039000B080DFF8B0E0C3F844801E65C3F854E0D5
:1003A00092E80300C3E9085E8CE80300711C19643D
:1003B000D2E9080184E80300F11C00249965224970
:1003C0005C6683F82E40C3E91714D2E9040187E87C
:1003D0000300691CC3E90418D2E90601EA1C03F111
:1003E00018089A629A889A850E2288E8030083F892
:1003F0002F200121C3E90C44B278AA70134AC2F835
:1004000030C5C2F8387599701B780BB9A921B4E7CB
:100410000F4BC2F80441C2F80841C2F880300D4ABF
:10042000C2F88430A2F57C32C2F8843102220A4B31
:10043000C3F80425BDE8F0819C0E04206C6F0A000F
:100440000100000C0100000DE803000E00A00440B4
:100450000100008000300840002004400C4B1A7856
:100460008AB100220B490220C1F8802001F56431D5
:10047000C1F88420A1F57C31C1F88421A1F5005197
:10048000C1F808051A7000225A709A70704700BFB0
:100490009C0E042000A0044008B50B4BD3F80821A3
:1004A00022B10420FCF742FA022008BDD3F804214F
:1004B00022B90520FCF73AFA0320F6E7D3F8000446
:1004C000003818BF0120F0E700A00440014B0122D2
:1004D0005A60704700A004402DE9F04F264C85B0CB
:1004E000054698460E46174600F0C2F82378814626
:1004F000AB4211D16378B3420ED194F90230BB42C2
:100500000AD1E378834207D1A388A8F8003094F990
:10051000060005B0BDE8F08F012D06D0022D10D0E9
:1005200040F289410620FAF751F800200DF10F033F
:100530003A46314600F0A2F8824620B14621A92071
:10054000F1E70120F2E730469DF90FB0FFF7D8F947
:10055000A91E0346CDF800A04A4258464A414146EA
:1005600000F03CF8B8F80030A071A38025706670E8
:10057000A77084F80390CAE73E000420014B1B6873
:100580001B68184770000420014B1B685B68184704
:1005900070000420014B1B689B6818477000042002
:1005A000014B1B681B69184770000420014B1B6836
:1005B0005B69184770000420014B1B689B69184752
:1005C00070000420014B1B68DB6918477000042091
:1005D000014B1B689B6A18477000042030B4044C20
:1005E0009DF8085024680295E468A44630BC604732
:1005F0007000042000220D49134610B540FA02F4A1
:10060000E40744BFCA545C1C02F1010248BFE3B2D4
:10061000042AF3D1054AFF24D118032B01D9107104
:1006200010BD013301F8014BDBB2F6E78C13042057
:10063000915309009753090099530900BF530900CA
:100640009D530900C9530900A3530900D35309005E
:10065000A9530900DF530900B5530900B953090034
:10066000AB530900B1530900CF530900D953090016
:10067000014B187D704700BF100F0420042810B5EF
:1006800011D883B104280CBF10242824A1420AD217
:10069000064C54F8200018B141568A42A8BF0A46B9
:1006A00000201A7010BD6FF01500FBE7100F04203A
:1006B0000728034611DC10F12D0F10DB094A101832
:1006C00090F82E0002EBC00292F93C209A4207D02B
:1006D000002918BF0130C0B270471B2070470020AE
:1006E000704700BF946F0A00072808B507DCFFF7C2
:1006F000DFFF044B03EBC00393F93C0008BD082067
:10070000FCE700BF946F0A0010F0FF0008B5074B2C
:1007100005D0012807D04D21B52001F04BFE012264
:100720009A601A6008BD5862FCE700BF00E0104004
:1007300010F0FF0008B5124B05D001281AD07C211B
:10074000B52001F037FE01225A60DA600D4AC3F885
:1007500000011070D3F80824D2070AD4D3F8682413
:1007600012F0010202BFC3F81021C3F81821C3F828
:10077000142108BD00229862C3F81C21EAE700BFDB
:1007800000E01040250F0420014B01221A70704731
:10079000250F042008B50B4B28B101280BD0C2212E
:1007A000B52001F007FED3F8103113B9064B1878C5
:1007B00008BD0120FCE7D3F81C01003818BF012058
:1007C000F6E700BF00E01040250F0420024BD3F8ED
:1007D000080400F00100704700E01040024BD3F81D
:1007E000480400F00100704700E01040024BD3F8CD
:1007F0004004C0B2704700BF00E010400749024605
:10080000D1F84C04D1F84C1410F4803005D0D0B29B
:1008100001F003031B1A58425841704700E0104092
:10082000084B1A7810B50AB100221A70EFF3108441
:1008300072B65B7803F0FF000BB9FFF779FF04B9DC
:1008400062B610BD280F042070B5174D0122044672
:100850000E462B18DA7004F0C4FDA0B934B1012C97
:100860000FD040F225116D2001F0A4FD11232A19AB
:10087000012105EB840451710C4AA660C2F80433CF
:1008800070BD8023F3E7002EFAD034B90220B047C0
:10089000002305EB8405AB60F2E7012C01D1204673
:1008A000F5E74FF4A071DEE7280F042000E01040C8
:1008B000044B0022191803EB80034A719A60CA7036
:1008C000704700BF280F0420014B1882704700BFFB
:1008D000280F0420014B588A704700BF280F0420BE
:1008E000014B188A704700BF280F042010B5EFF3A2
:1008F000108472B6064B03445A780132D2B25A7051
:100900005B78012B01D1FFF7FFFE04B962B610BD81
:10091000280F0420034610B5EFF3108472B6114976
:100920000B445A7822B940F257216D2001F042FD64
:100930005A78013AD2B25A705B7883B90B7D43B1D1
:10094000094BD3F80C34DB0306D44B7803F0FF00DB
:100950002BB9FFF7EDFE02E0487D01F0BDFE04B9C2
:1009600062B610BD280F042000E0104010B504F05E
:100970003BFD0C4C04F035FD60B1A37D3BB90A4B47
:1009800001229A610423E3750023237610BD04F04D
:100990002EFDF9E703230122E375034BC3F804237B
:1009A000F2E700BF280F042000E01040014B0122B5
:1009B0001A62704700E01040044B587E28B1044B87
:1009C000D3F81001B0FA80F040097047280F0420D6
:1009D00000E0104038B50C4B5D7E5DB901245C76BB
:1009E00004F002FD094B1022C3F81051C3F8042390
:1009F000DC6138BDFFF7E0FF0028FAD040F2932118
:100A00006D2001F0D7FC00BF280F042000E010404B
:100A1000024BD87D003818BF01207047280F0420F2
:100A200038B5174C237D23B940F206316D2001F013
:100A3000C1FC01232370A37DC3B9A37EB3B1227E81
:100A4000013B9A4212DA04F0CCFC054601F0DEFDCF
:100A5000A37E012B82BF237E0133237655B1E36948
:100A6000C31A0133022B09D935B1E061BDE8384022
:100A7000FFF77CBF236AF3E72062F7E738BD00BFCA
:100A8000280F042037B5184CA37D63B9606A00F0C5
:100A90000300FFF7B3FE30B1EFF3108372B6E27DCF
:100AA0001AB103B962B603B030BD0122E27503B9D1
:100AB00062B608230D4DC5F808334FF42073ADF826
:100AC0000630BDF806309BB25A1E92B2ADF8062031
:100AD000002BF6D1C5F80C3184F82830FFF746FF1B
:100AE0000823C5F80433DEE7280F042000E0104097
:100AF0002DE9F74F524C237D002B00F09D800323FE
:100B0000ADF804304F4BD3F80051D3F81C21003D11
:100B100018BF012522B1012245F080058DF805207E
:100B2000D3F80881D3F8142112B9D3F8183173B16E
:100B3000444B0026C3F81461C3F81861C3F8106170
:100B4000637E0BB104F053FC667604F09FFD3D4BD1
:100B5000D3F810316BB3637E1BB104F048FC002363
:100B60006376637913B102238DF8043045F01005E4
:100B7000354E0DF1040A334B4FF00009F71EC3F850
:100B800008531AF8010B03280AD03B7843B14FF001
:100B9000000B336887F800B013B19847C6F800B06F
:100BA00009F10103043601374FF00109022BE8D1A6
:100BB00001E0002DDCD1B8F1000F08D0214B00225C
:100BC000C3F808210422C3F80823FFF75BFF94F859
:100BD0002860EA071B4BF6B2D3F80C7108D5E27D0A
:100BE000032A05D1A27D82B90422E27501229A610D
:100BF000A7B1144B0022C3F80C21E37D042B09D0CC
:100C000040F269316D2001F0D5FB04F0F0FB0223C6
:100C1000E375EDE70223E37504F0E9FB66B1002319
:100C200084F82830E37D022B01D1FFF79FFE03B04B
:100C3000BDE8F04F04F0DBBB03B0BDE8F08F00BFB0
:100C4000280F042000E01040300F042010B5054CA0
:100C5000606A00F00300FFF7D1FD0028F8D0002003
:100C600010BD00BF280F0420F8B5054650B102782A
:100C7000022A07D8437842B9013B1F2B02D8837858
:100C8000212B07D96FF0150087E0002BFAD183786C
:100C9000002BF7D1634B4FF48042C3F8A020BFF381
:100CA0004F8FBFF36F8F604EC3F8A021FD235F4CC1
:100CB000C6F808330023C6F81C31C6F80031C6F860
:100CC0000831C6F80C316370A370AB886382FFF7FC
:100CD0007DFD10B10123E3706370D6F80C0440F27F
:100CE000563310F4803023821BD0FFF74DFD50485F
:100CF00001F0C8FC4C4E602360750022C6F8043336
:100D00002B78A978012B62766262A375A176227690
:100D10001BD0022B12D0CBB140F21E516D2001F03E
:100D200049FBC6F81001FFF7EFFC3F4AD2F810313B
:100D3000002BFBD00020FFF7FBFCD8E704F054FBAE
:100D4000D6F80C34D903FBD502236362FFF746FDC6
:100D500048B3FFF74BFD636A03F00303984222D1C7
:100D6000AB79DBB9FFF772FFA37E63B12B7853B980
:100D700004F037FB054601F049FC6FF00043002DFD
:100D80004CD0C4E9070301234FF4804200202375AF
:100D9000244BE075C3F8A0211A62F8BD224B04224F
:100DA000C3F80423E0E7204B012200215A61C3F875
:100DB000081194F82410C3F840141A610422C3F8EF
:100DC0000423AA79002ACFD1D3F80423520702D4EE
:100DD00040F2D141A2E7174A1769116907F01007DD
:100DE00041F010011161D3F808310BB904F007FD8F
:100DF0000D4ED6F8083173B1FFF728FF27B90D4A19
:100E0000136923F0100313610423C6F80833002389
:100E1000C6F80831A8E704F0F0FCEAE7C4E90730B7
:100E2000B1E700BF00E100E000E01040280F04201F
:100E30002108090000ED00E038B50E4B04460D46D0
:100E40001A791AB183216F2001F0B4FA01280DD864
:100E500003445A790AB1002038BD01225A71FFF7C4
:100E600045FD29462046FFF7EFFCF4E76FF015003B
:100E7000F2E700BF540F042070B50C4D04462E79E4
:100E80001EB19A216F2001F095FA01280BD8054474
:100E90006B790BB9002070BDFFF70AFD20466E711B
:100EA000FFF738FDF6E76FF01500F4E7540F042064
:100EB00010B501B3F0B14FF0FF33104A1C46E0FB10
:100EC0000134944203D9DB216F2001F073FA1A0D2B
:100ED000C3F30F100A4B42EA04324FF22444B2FB30
:100EE000F4F100EB024003FB1100B0FBF4F040EA28
:100EF0000140013010BD0846FCE700BF3F420F0033
:100F0000000024F4014B9B68184700BF540F0420D5
:100F1000014BDB68184700BF540F0420014B1B69CD
:100F2000184700BF540F042008B5064B1B7923B1A6
:100F300040F237116F2001F03DFABDE80840FFF79D
:100F40006FBD00BF540F0420034B1A790AB9FFF795
:100F5000C1BC988D704700BF540F0420034B1A7911
:100F60000AB9FFF7BDBC988A704700BF540F042030
:100F7000024B1B790BB9FFF785BD7047540F042056
:100F8000014B9B69184700BF540F042038B51D4C16
:100F9000237933B3FFF7C2FF50B91B4DC5F81001D9
:100FA000FFF7B0FFD5F81031002BFBD0FFF7B0FFF3
:100FB000154B6022C3F80423636A9847002806DBB8
:100FC00094F82E3023B10123002084F8303038BD4E
:100FD000FFF7D6FF0028F6DA40F28D116F2001F0FE
:100FE000E9F90A4BA3610A4BE3610A4B23620A4BFE
:100FF000A3600A4BE3600A4B2361FFF735FE00282C
:10100000E1D0E4E7540F042000E010404D0C09004B
:10101000FB530900110A0900E9530900EF530900C5
:10102000F553090038B5084B04461D7925B140F247
:10103000E1116F2001F0BEF900F0C6FD2046FFF778
:1010400043FC284638BD00BF540F042008B50748AC
:1010500000F0A8FD054800F019F801F0B3F800F021
:10106000D1FF00F0E5F9012008BD00BF880F042082
:1010700008B5054B1A781AB12721032001F09AF917
:101080005860197008BD00BF900F0420024B986093
:1010900000221A705A607047900F0420F7B51E4C5A
:1010A0002378012BDAB204D0022A2ED0012003B01B
:1010B000F0BD0DF10701606800F0D8F965686B7D3F
:1010C000DB071CD5AB7F042B19D000F0FFFD0646D3
:1010D000A8B100F001FE2B69D5E900279A18B36882
:1010E00047F100070A332CBF012500251B1845EBEB
:1010F00001059342BD4102D3606800F0BBFA0023B2
:10110000636023709DF80700D1E70DF10701606867
:1011100000F0B6F9F3E700BF900F042073B5054661
:101120000C4600F0D3FD0646AB7F012B1AD02146BA
:101130002B4604F1180251F8040B914243F8040BBA
:10114000F9D101230DF107012846AB7700F08EF9A4
:1011500016B1012002B070BD034B0421986804F061
:10116000BAFAF6E70020F5E7900F0420024B0621BB
:10117000986804F0B0BA00BF900F0420174B1868AD
:10118000F0B560B150F8102C50E9063418380A3325
:1011900044F100049B18826944F1000402B9F0BDD7
:1011A00052E90615994275EB0406F8D2077D12F84C
:1011B000046CB7420BD00FD90A3152F8103CA2F19F
:1011C000180045F100055B1845F1000404E096881D
:1011D000878BF61B3604EFD41268DFE79C0F0420E0
:1011E000F8B5244C002323716371A371E371EFF30D
:1011F000108272B6A168E3606160A36002B962B652
:1012000000261D4D636803B9F8BD9A79A3F1180053
:10121000032A07D11A6801219E7153F80C3C6260C1
:101220009847EFE71B6863B1183B07462A46997F4A
:1012300004290ED09B7F032B04D063219F2001F053
:10124000B9F82A46136802211B681360C3688677C1
:10125000E6E7B0F81CC0998BA1EB0C010904996971
:1012600044BF07F1180218460029EBD01F46A1F130
:101270001803DCE79C0F0420A00F0420042300F1D6
:10128000180283770023037643768376C376044B74
:10129000996811B99A60DA607047D9680A60FAE70C
:1012A0009C0F04202DE9F041134C06460F46002008
:1012B000236833B9E8B1114BBDE8F041187801F06B
:1012C0000BBA53E9061553F8082CD3F800805218CE
:1012D00045F10005B242BD4109D22268A3F11800D0
:1012E00012682260FFF7CAFF01204346E1E71C466F
:1012F000FBE7BDE8F08100BF9C0F042074000420D0
:10130000494B1B682DE9F74F044682838B46D0E991
:10131000002003B1183B94F815C0DFF80CE10CF085
:10132000010C002B3BD0D3E90056AA4270EB06011A
:1013300035D3BCF1000F2CD0277D197D8F4228D3E7
:1013400099684D1946F1000615F10A0846F1000E9C
:10135000424570EB0E0119D22169891840F100074E
:1013600088457EEB070901D241467746A942B7413D
:101370000FD22046FFF782FF2C4B187801F0ACF912
:1013800000238BF8003003B0BDE8F08F114607460C
:10139000ECE703F1180E9B690BB1183BC3E7BCF1F6
:1013A000000F34D0A168891840F10009019173B38E
:1013B0000199D3E9007611F10A0549F10001AF4224
:1013C00076EB010123D2257D197D8D4218D39D68CE
:1013D000ED1946F1000615F10A0A46F100085245DA
:1013E00070EB080110D22169891840F100078A4585
:1013F00078EB070C01D251464746A942B741B8D312
:101400009B6923B1183BD3E711460746F5E7DEF8A1
:101410000020234643F8182FCEF80030FFF7AEFE29
:101420008442ADD10123ACE79C0F0420740004205A
:1014300010B50B4C2378FF2B04D04FF48D719F20F7
:1014400000F0B8FF074801F01DF9074B002220709B
:101450001A705A709A70DA709A60DA601A8210BD47
:1014600074000420E11109009C0F0420034B1A8A28
:1014700010B4541C1C8210BCFFF742BF9C0F042008
:1014800038B504460D46FFF779FE231A04F118011A
:10149000584258412870044804F043F910B1002321
:1014A0000120A37738BD00BF9C0F042038B5114B35
:1014B000044600F118019A68B2B19A6800209AB106
:1014C00091420ED108B1A56905609D68A94204BF8B
:1014D00012689A60DA68914200D1D8600023A3773D
:1014E00007E010461268EAE7034804F01AF90028FA
:1014F000F4D138BD9C0F0420A00F04202DE9F04149
:10150000264E04460D46FFF7CDFE3068002843D036
:10151000A0F1180C50E90631A34271EB050250F816
:10152000102C3CBF234629460A322CBF0127002736
:101530009B1841EB07020768604627B900F11803C2
:101540007361BDE8F08157E906EC9E457CEB020132
:10155000F4D290F8148017F8041C884513D019D9D8
:10156000744523462A46A7F1180075EB0C0157F87D
:10157000101C3CBF734662465B1842F100020A33FE
:1015800042F1000206E0B988B0F81C80A1EB080126
:101590000904E5D43F68D0E70346D1E79C0F042057
:1015A00010B5054C6169204604F0BBF818B16069BC
:1015B00000231838636110BD9C0F04209C46144B17
:1015C000F0B51D68FDB115F8043C183D834218D8EC
:1015D00012F10A04D5E900364CF10001A34276EB82
:1015E00001070BD22F69FF1846F10006A7428E4172
:1015F00007D3B4F10A0041F1FF31F0BD1C4631467A
:10160000F7E7AD69DEE74FF0FF300146F5E700BFD1
:101610009C0F042008B5837F022B1CD1437D13F05F
:10162000020302D00023837708BD032203764376AA
:101630008376C3760D4B827700F11802996839B929
:101640009A60DA600A4B1878BDE8084001F044B8A7
:10165000D9680A60F5E7837F012BE5D0837F042BEF
:10166000E2D04FF4FF719F2000F0A4FE9C0F0420F5
:101670007400042010B500F118010446084804F075
:1016800050F820B94FF402719F2000F093FE2046DD
:10169000FFF7F4FD034BBDE81040187801F01CB8CB
:1016A0009C0F0420740004202DE9F74FD0F810E0BF
:1016B000BEF1000F04D040F227219F2000F07AFEF7
:1016C000836890F814800193D0E90014EFF3108937
:1016D00072B6274BB3F810C01B686BB1019D183B65
:1016E0000A35D3E900264EF1000A6D1844EB0A0AC8
:1016F00095427AEB060707D2B9F1000F35D0C0E961
:10170000001403B0BDE8F08F8A4276EB04070CD3D7
:101710001F69BF1846F1000BAF427BEB0A0B34BFC9
:101720000125002575B99B69D7E712F10A0A9D6862
:1017300046F1000715EB0A0547F10007A94274EBD3
:101740000707ECE71D7DA84509D0ECD912F10A0185
:101750009D6846F10004691844F10004E3E79D8B9D
:10176000A5EB0C052D04DED5F0E762B6C7E700BF98
:101770009C0F0420024B0521186803F0ACBF00BF8A
:10178000B80F0420064B586810B520B94FF41B71F0
:10179000B02000F00FFEC3680521BDE810401847D7
:1017A000B80F04202DE9F84F274C8146237BA6680B
:1017B000A3BB94F80D8018F0010803D0E3899E4282
:1017C00038BF1E4600F03CFD10EB060B05460F46E9
:1017D00041F1000A58465146FFF790FE08B3D0E9A0
:1017E00000329B457AEB020104D29D1B9B46924638
:1017F00062F100070023154A284639462362C4E9EE
:1018000004BAC4E9065700F0EFFCB8F1000F02D0AB
:10181000E3899E4216D002230D4A0DE04FF00008E6
:10182000D0E7237B2BB1637B9B0702D5636A012042
:1018300098470023074A237384F82830C9F800200A
:10184000BDE8F88F0123E7E7B80F042075170900FA
:1018500065190900135609002DE9F04717463D4C5C
:10186000002B67D0E289D3E900656432864275EBCC
:1018700001034FF000033CBF06460D462362B6EB62
:10188000000A65EB010952451A4672EB0902C4E9E8
:10189000046527DA237B3BB1637B9A0702D5636A31
:1018A000012098470023237394F80D8008F0010865
:1018B000A36803F5E1739A4579F100011DDAB8F1E7
:1018C000000F11D0E089244A301A65F10001C4E903
:1018D000060100F089FC0623204A84F828303A608B
:1018E000BDE8F0879846E3E71B4A30462946C4E93D
:1018F000066500F079FC0523EEE7FFF709FBE089B8
:10190000A368B8F1000F0BD0984209D9301A124AD7
:1019100065F10001C4E9060100F066FC0123DBE784
:10192000F01A0D4A65F10001C4E9060100F05CFC03
:101930000223D1E7237B2BB1637B9B0702D5636A2C
:101940000120984700252573FFF7E2FA2B46044A49
:10195000C3E700BFB80F0420751709006519090017
:1019600013560900023970B50546032900F2D480E8
:10197000DFE801F006020840694B002283F82920C5
:10198000002024E0664C94F82830042B09D8022B60
:1019900028D8013B012B1BD94FF4CD71B02000F0AA
:1019A00009FD053B012BF7D8FFF778FB0028E7D0AE
:1019B00000F036FC00F044FC06460C46FFF79EFDA6
:1019C0002A46034621463046FFF746FF022070BDF7
:1019D000FFF764FB0028D3D000F022FC2846FFF775
:1019E000E1FEF3E7FFF75AFB0028C9D0012384F892
:1019F0002930C5E74A4C94F828301A1F012A2AD802
:101A0000042B94F829600CD100F04AFB48B900205F
:101A10000021FFF773FD08B1FFF72CFEFFF778FAFE
:101A2000DCE7002EC6D1FFF7BBFD0028C2D0606006
:101A3000C4E90B6600F004FB60680223314683773B
:101A4000C3689847D4E9040103F0E1FD354B84F8FD
:101A500028602B60BAE700F0F3FBA369C01A236A81
:101A60009842ACBF2062236294F82830022B19D12F
:101A7000FFF748FA94F82830022BD4E904012CD15E
:101A8000637BDB071BD5237BCBB9E389264AC01ACE
:101A900061F10001C4E9060100F0A6FB032384F80C
:101AA00028306DE7637BDA0701D5207B10B140F267
:101AB000B31173E7636A984701232373DAE7323877
:101AC000236A194A41F1FF31C01841EBE371C4E9BF
:101AD000060100F089FB0423E1E7012B0AD1A3688A
:101AE000114AC01A61F10001C4E9060100F07CFB53
:101AF0000223D4E7236A32380B4A41F1FF31181828
:101B000041EBE371C4E9060100F06EFB94F8283064
:101B1000062BE0D10523C2E740F2F1113EE700BFFA
:101B2000B80F04202D1B09007517090002392DE993
:101B3000F041064604292ED8DFE801F003090B2DF9
:101B40000E00174A537B003B18BF0123137300207C
:101B50001FE0FFF7A3FAFAE7DFF8448000F080FA0D
:101B600000F06EFB0C460546FFF7C8FC0746D8F8A8
:101B70000400FFF74FFD002300222846C8F8043078
:101B800000232146C8E904233B463246FFF764FEA2
:101B90000220BDE8F08140F21721B02000F00AFCDD
:101BA000B80F0420064A002310B5064C02602060DE
:101BB00084F828306373FFF7D1F93230A06010BD8C
:101BC00013560900B80F042008B5074B1A681168AE
:101BD000064A914204D040F25121B02000F0EAFBC5
:101BE0003230986008BD00BFB80F042013560900BA
:101BF00010B5EFF3108472B6034B0421186803F09C
:101C00006AFD04B962B610BDB80F042008B5094BCF
:101C10005A6822B940F27221B02000F0CBFBD3E920
:101C20000421BDE808408018034A41F1000100F09A
:101C3000DBBA00BFB80F04208517090008B5064BB2
:101C40005B6823B94FF41E71B02000F0B3FBBDE810
:101C5000084000F0E5BA00BFB80F042008B5054BF6
:101C60005A6822B940F27E21B02000F0A3FBD8626E
:101C700008BD00BFB80F042008B5054B5A6822B94B
:101C80004FF42171B02000F095FB186308BD00BF30
:101C9000B80F0420054B1B6B10B523B940F28A2105
:101CA000B02000F087FBBDE810401847B80F0420B3
:101CB000054BDB6A10B523B94FF42471B02000F056
:101CC00079FBBDE810401847B80F0420014B586855
:101CD000704700BFB80F042008B5054B5A6822B9F9
:101CE00040F29B21B02000F065FBD3E9040108BD60
:101CF000B80F0420034B587B10F0010018BFD8899F
:101D0000704700BFB80F04200028ADBF00F160404D
:101D100000F00F00044B00F56140B4BF185C90F870
:101D200000034009704700BF14ED00E02DE9F041C9
:101D300005460E46E1B9114F3B681BB1862145208F
:101D400000F038FB38600E48FFF788FF0D48FFF7BA
:101D500093FF03F003FC6B7D04465B0708D503F09B
:101D600059FB0A34241A7C6000F07CFA0028FBD06E
:101D70002B6A3146686ABDE8F0411847F00F04202D
:101D8000A91D0900891D0900064B1B6810B51BB968
:101D90007221452000F00EFB1A6A0421586ABDE842
:101DA00010401047F00F0420064B1B6810B51BB9FC
:101DB0006C21452000F0FEFA1A6A0321586ABDE83A
:101DC00010401047F00F0420024B00221A601A81C5
:101DD000704700BFF00F042008B5074B1A681AB906
:101DE000B921452000F0E6FA0449D16000221A60CA
:101DF000BDE80840FFF7BAB9F00F04202D1D090017
:101E000030B587B00C46182200210546684603F01D
:101E100080FD637A4FF000026168C3F38003029192
:101E200083F0010363F38202237A8DF81430224B8E
:101E30008DF81520039323785BBB9DF81500D4E93A
:101E400004324007CDE9003207D50A3B01F10A010F
:101E500042F1FF320291CDE90032637A69469DF882
:101E60001520C3F3400322F003025B0043F001039B
:101E700013438DF81530114B5868C0F30800B8B102
:101E80001038FFF741FF98B92846FFF747F907B028
:101E900030BD2369049303F0B7FA9DF815305B0752
:101EA00044BF029B0A33CDE9000148BF0293D4E747
:101EB000284603F0B5FAEAE72D1D090000ED00E021
:101EC00070B50B7886B023B140F21F21452000F099
:101ED00071FA4C7A4FF000060593C4F380034D6805
:101EE00083F00103029563F382060B7A8DF81430B8
:101EF0000F4B8DF8156076070393D1E90431CDE9D6
:101F0000003107D50A3B05F10A0541F1FF31029581
:101F1000CDE900319DF81530C4F3400469460492C0
:101F200064F341038DF8153003F07AFA06B070BD02
:101F30002D1D09007FB503F067FA002305930B4BB5
:101F4000039340F21E2302934FF0FF33CDE90001CB
:101F5000694607480493FFF7E1F818B99B2143202D
:101F600000F028FA07B05DF804FB00BF991F0900D4
:101F70002810042010B5074C94F820304BB9FEF718
:101F8000CDFF30B9012384F82030BDE81040FFF7C1
:101F9000D1BF10BD2810042008B505292DD8DFE8D1
:101FA00001F0032E282C2C0D03F02AFA144803F01C
:101FB000D7FA1E38BDE8084003F028BAFEF7AEFF96
:101FC00038B10F4B002283F82020BDE80840FFF70E
:101FD000CDB803F017FA08B903F012FA00214FF454
:101FE000007003F08DFA0028E0D1B921432000F001
:101FF000E1F9BDE80840FFF79DBFC521F6E708BD40
:10200000281004204FF000430B4A0021C2F8803012
:10201000A2F58022C2F88031012302F57832C2F89D
:102020000435A2F58022C2F804352022034B18465D
:1020300083F8201003F06DBC00400C4028100420F1
:1020400008B50DF041FA054AD2F8583743F00103BC
:10205000C2F85837BDE80840FFF78CBF00200E409B
:1020600008B50DF037FA0B4AD2F8583723F00103C0
:10207000C2F858370122084B5A604FF0FF32C3F8BC
:1020800008232022054BC3F89021BDE8084000F04A
:10209000C7B800BF00200E400050084000E100E03B
:1020A00008B5FEF73BFFB0B90D4BD3F800314BB983
:1020B0000C4A536A0133312B53620BD96C214320F4
:1020C00000F078F903F09EF908B17021F7E703F00A
:1020D00095F9012008BD034B00225A62F9E700BFC1
:1020E00000E010402810042040F20251014808B5D9
:1020F00000F056F94F9A0A001848202208B5C0F897
:102100009020BFF34F8FBFF36F8F154BC0F8902116
:10211000D3F8041521F00301C3F80415D3F808150A
:1021200041F00301C3F8081592FAA2F1B1FA81F166
:10213000092904DD40F29F310A4800F031F9C3F863
:10214000101501215960D9604FF00041C3F880108B
:102150004FF0FF31C3F80813026108BD00E100E051
:10216000005008404F9A0A00134A4FF4E0632021C0
:10217000C2F838330023C2F8AC35C2F8BC35C2F817
:10218000CC35C2F82031C2F82431C2F828310B4ACC
:10219000C2F89C11C2F89C10BFF34F8FBFF36F8F32
:1021A000C2F89010BFF34F8FBFF36F8FC2F890113A
:1021B000034A1360704700BF00200E4000E100E0BA
:1021C0005010042008B5FFF7CFFF054B4FF4A06275
:1021D000C3F834232022034BC3F89C21DA6108BDE5
:1021E00000200E4000E100E00B4B10B51C681CB154
:1021F0004C21042000F0DEF8B1F5801F1A6001D3F5
:10220000FFF772FF054B0122C3F8A005C3F8A41520
:10221000C3F8AC2510BD00BF5010042000200E40B4
:10222000054A136833B100230449C1F8AC35C1F83D
:1022300020311360704700BF5010042000200E4072
:1022400030B54FF0FF30064C6FF04041D4E9002329
:10225000904271EB0305F9D31046C3F3130130BD6F
:1022600030270E4008B5FFF7EBFF044BD3E90223FC
:10227000904299412CBF0120002008BD501004203D
:1022800010B5FFF739FF0F4C0023C4F8BC35C4F874
:102290002431FFF7D5FF0A3041F10001B1F5801F6D
:1022A00001D1FFF721FF4FF00043C4F8B005C4F897
:1022B000B415C4F8A4310123C4F8BC35024BC3E9FA
:1022C000020110BD00200E4050100420144BD3F822
:1022D000342312F4A06F10B503D1FB21042000F0C9
:1022E00069F8D3F8202162B100220E49C3F8AC2569
:1022F000C3F820210B6813B940F20311EEE70A601E
:102300009847074BD3F828214AB10022C3F8CC25BF
:10231000C3F82821034BBDE810401B69184710BDC6
:1023200000200E4050100420014B1879704700BF68
:1023300068100420044B1A79824283BF1B68602214
:1023400002FB00300020704768100420BFF34F8F5D
:102350000549064BCA6802F4E0621343CB60BFF341
:102360004F8F00BFFDE700BF00ED00E00400FA055D
:10237000094B01225A604FF0FF32C3F808234FF493
:102380000062064BC3F88820BFF34F8FBFF36F8FF7
:10239000C3F88821704700BF00B0044000E100E0AE
:1023A00008B572B6024B5B6803B19847FFF7CEFFE2
:1023B000701004201FB572B6144B5C6894B9FFF717
:1023C000C5FFB2FBF6F22B465D1C002AF9D1DBB249
:1023D00003F110056D4405F80C2C0A2233B901A84D
:1023E000A047ECE7024600230A26EDE7013BDBB2FB
:1023F00003F110050DEB0506B0FBF2F502FB15002D
:10240000303006F80C0C2846E8E700BF70100420B6
:10241000F8B5234F05460C4616463B78002B3CD1B9
:1024200002F0DEFF7E601F4B01263C814FF480628C
:10243000C3F8A4601C4BC3F89020BFF34F8FBFF3C9
:102440006F8FC3F89021FFF793FF184B002D14BF37
:1024500028461846FEF79AFD0546E0B9FFF7B4FC9A
:10246000FEF786FD03F026F9FEF7F0FD18B9B82156
:102470001120FFF79FFF002C0BDB04F01F03640902
:10248000A4009E4004F1604404F56144C4F88061F6
:10249000266001233B702846F8BD4FF0FF35FAE770
:1024A0007010042000A0084000E100E0AC700A00B9
:1024B000074BB3F90830002B09DB5A09012103F05F
:1024C0001F03994002F14003024A42F8231070476B
:1024D0007010042000E100E0014B1878704700BF45
:1024E0007010042050B1074B03F1140253F8041B81
:1024F000934240F8041BF9D1002070476FF015009B
:10250000704700BF7D9A0A002DE9F84F07468946BB
:1025100093469846374CDFF8E0A0384D2E780136C8
:10252000F6B2D5E84F3F0133DBB2C5E8403F0028A3
:10253000F7D101216160C4F80001C4F80401EFF390
:10254000108072B62E4BC5F80490AB60C5E905B398
:102550003B68C4F810357B68C4F81435BB68C4F810
:102560001835FB68C4F81C35264BC4F830351033D9
:10257000C4F83835216000B962B6D4F800312BB9FF
:10258000D4F8043113B92B789E421CD0B8F1000F57
:1025900009D00A9B3BB1D4F840350A9AC8F80030FC
:1025A000D4F83C351360D4F80431002BB5D1297828
:1025B000B142B2D1C4F80031C4F804310323C4F8E5
:1025C0000833BDE8F88FDAF81030DB06D5D50323E1
:1025D0004FF40061C4F804330B4BC3F88811D4F8EE
:1025E0000031002BC9D1D4F80431002BC5D103F040
:1025F00004F9C2E700B0044000ED00E07C100420C4
:102600001000000B8010042000E100E01A4B4FF492
:10261000000270B5C3F89820BFF34F8FBFF36F8FE0
:10262000164C0021164DC4F80011C3F898212E69EC
:102630002B6906F0100643F010032B610123C4F848
:1026400004332360D4F800319BB11EB92B6923F009
:1026500010032B610123D4F808054FF400026360D6
:10266000C4F808330023C4F80031034BC3F89821A1
:1026700070BD03F0C2F8E5E700E100E000700D4036
:1026800000ED00E038B50B49042301EBC3021579D6
:1026900005F0FF042DB1013BF7D240216920FFF77F
:1026A00089FE41F8330001215471D8B2947111713F
:1026B00038BD00BFA0100420042808B503D9472165
:1026C0006920FFF777FE034B002203EBC0031A716A
:1026D00008BD00BFA0100420042808B503D950216C
:1026E0006920FFF767FE094B03EBC0000379012B5C
:1026F00001D05121F4E7437982790133DBB29A4268
:1027000018BF4371BDE80840FFF7D2BEA0100420F7
:1027100038B505240F4D95F8281005EBC1031A793B
:10272000012A09D158799A79904205D05A79D2B2C2
:102730009A7155F83130984795F82830013C0133AB
:10274000DBB2052B28BF002314F0FF0485F82830E6
:10275000E1D138BDA0100420094B0A4AC3F8002378
:102760000132C3F80C230132C3F818230132C3F835
:1027700020230132C3F81C230132C3F81021704713
:1027800000A0084004000080074B0022C3F800238B
:10279000C3F80C23C3F81823C3F82023C3F81C2361
:1027A000C3F81021704700BF00A00840844641EAEA
:1027B000000313F0030359D1403A33D3F0B4F0C906
:1027C000F0C0F0C9F0C0F0C9F0C0F0C9F0C0403AA4
:1027D000F5D2F0BC26E0403A24D300BF0B6803607A
:1027E0004B6843608B688360CB68C3600B6903618F
:1027F0004B6943618B698361CB69C3610B6A036277
:102800004B6A43628B6A8362CB6AC3620B6B03635E
:102810004B6B43638B6B8363CB6BC3634030403143
:10282000403ADBD230320BD30B6803604B68436015
:102830008B688360CB68C36010301031103AF3D2DC
:102840000C3205D351F8043B40F8043B043AF9D26A
:10285000043208D0D2071CBF11F8013B00F8013B3D
:1028600001D30B8803806046704700BF082A13D34A
:102870008B07B0D010F00303ADD0C3F10403D21A1C
:10288000DB071CBF11F8013B00F8013BA3D331F873
:10289000023B20F8023B9EE7043AD9D3013A11F8F3
:1028A000013B00F8013BF9D20B7803704B78437081
:1028B0008B7883706046704755590900615909004B
:1028C000655909006D5909007159090053B94AB990
:1028D000002908BF00281CBF4FF0FF314FF0FF3028
:1028E00000F00CB8ADF1080C6DE904CE03F052F81D
:1028F000DDF804E0DDE9022304B07047704700BF53
:1029000008B5F7F789FFF9F759FBF7F79BFE0020A9
:1029100008BDFFF7E7BD00F09ABE00F09BBE10B502
:1029200086B0044601A8FFF7DDFD022300202370D6
:1029300005236070A3709DF80430E0706371BDF8EA
:1029400005302071E380DDF80730A36006B010BDCC
:1029500000F0E6BC70B50446FCF70EFE0128054603
:102960001AD1601CFCF710FEB0B1A3790020E61D5F
:1029700063F03F03A371F9F70BFC38B1102200217B
:10298000304602F0C6FF0020257070BD3046FCF7CF
:102990000FFE0028F2D0F6E70025F4E710B5044654
:1029A0001022002102F0B5FF04F1100310220021D3
:1029B000184602F0AEFFFCF715FE0020F9F7E8FB21
:1029C00020B12046FCF7F4FD002010BDFCF7D4FD3B
:1029D0000028F6D0F8E710B50446FFF717FEB0F56B
:1029E000007F09DA10F5007F08DD031EB8BF03334E
:1029F0009B100020237010BD7F23FAE76FF07E0349
:102A0000F7E78178008800F0E5BD37B505460C464C
:102A100000880DF1060100F012FD2B882380BDF81F
:102A20000630638003B030BDF7B504462046F9F7A1
:102A30009FFE022805462ED004282CD123788A2B0D
:102A400018D13E20F7F7FCFE78B9E37801A9227986
:102A5000684643EA0223ADF8003000F06FFD00281D
:102A6000E4D053210820F7F7B1FD0520F7F72CFF3C
:102A70000028EAD0204600F013F82678A7783046E0
:102A8000F7F7DEFE0028D1D03E2E04D13846F7F706
:102A90001BFF0028CAD0284603B0F0BD01F0FABAE7
:102AA00010B503780446813B0E2B2FD8DFE803F0E6
:102AB0002F3541454F676D08613B71775B2E7D0077
:102AC0002920F7F701FF30B13E23237022236370E2
:102AD0002923A3701AE00A20F7F7F6FE3E2323709D
:102AE00018B11F2363700A23F3E70123A370132394
:102AF0006370E37903F00103E371D4F81A30C4F88A
:102B00000E30E38B638294F82030237510BD3E2392
:102B10000370042343701423DBE73E2303700A236E
:102B200043700323D5E73E2303700D234370052331
:102B3000CFE705232370042307E05A20F7F780FE30
:102B400008230028F6D05A2222706370DEE75B204B
:102B5000F7F776FE18B15B2323700623F5E73023E1
:102B600023700323F1E73E2303700B2343700723F5
:102B7000AFE73E230370062343700C23A9E713231A
:102B8000037083789B000133DFE757230370022330
:102B9000DBE73E23037006234370122399E73E23AD
:102BA000037009234370132393E7FF2303700D235E
:102BB000437080238DE708B510B96FF0150008BD8C
:102BC000FFF76CFF0028F8D00020F8E710B50C469E
:102BD00048B141B1FFF728FF002820700CBF6FF00B
:102BE0002200002010BD6FF01500FBE7F8B5941C23
:102BF0000E46054617460C446343B3F5004FA8BF85
:102C00004FF0FF3310F003019CB203D0B021142029
:102C1000F7F7DCFCB4F5004F01D9B121F7E7142236
:102C2000043002F076FEEF746C802E80F8BD38B56B
:102C30000388C4888B420589C4F30E0203D2D121D4
:102C40001420F7F7C3FC84EA0503C3F30E030BB9A2
:102C5000AC4206D102F118030122C1528274184419
:102C600038BD1846FCE7023101444A43B2F5004F33
:102C7000A8BF4FF0FF3290B21B3020F00300B0F538
:102C8000004F34BF00B24FF0FF30704740881B3018
:102C900020F00300B0F5004F34BF00B24FF0FF301A
:102CA00080B2704738B503888B4203D2F7211420D5
:102CB000F7F78CFC857C65B1C388C3F30E0318332A
:102CC000C25A8A4207D3C152811DF7F70DFE002375
:102CD0008374284638BD0025FBE703461830F0B55D
:102CE0009E88DD88B4B2C6F30E06A54214D05F8973
:102CF000DD7C845B3D44E41B0235A4B235442844AA
:102D00000D88A54284BF0C8025465989B1FA81F10E
:102D100049091170DD81F0BD00252846FAE7F8B5B4
:102D200082880026C38904460D4692B20E60CBB15C
:102D30004189C2F30E020B4418329BB28718825AA3
:102D40004381934204D94FF4A2711420F7F73EFC5B
:102D500004D1011DF7F7C8FD46812F600023012033
:102D6000E381F8BD1846FCE78388014602899BB2DF
:102D70009A4202D00831F7F7B7BD70478388C08800
:102D80009BB2C31A584258417047828873B595B2B6
:102D9000C488C2F30E02AC4202F1180212D041897B
:102DA000C689835A314499420EDB0DF10601ADF814
:102DB0000650F7F799FDBDF80600001B18BF01206B
:102DC00002B070BD0020FBE70120F9E770B5C488B0
:102DD000034606891830C4F30E0584EA0602C2F3DE
:102DE0000E020AB9B4420FD19C891A880CB1465B15
:102DF000921B914207DCDA7C2C44023222441044BC
:102E00000A461A8270BD00221046FAE7F8B5038A16
:102E1000002B38D08B4236D3C48800F11803858943
:102E2000C4F30E041E1995B91D55757085891E5B76
:102E30000D443144ADB285811953D2B1811DF7F7EC
:102E400053FD00238381002303820120F8BD1E5B14
:102E5000AE4204D04FF4F6711420F7F7B7FBC57CEF
:102E60002644878A023535445E195F53857DB570E7
:102E7000DCE7C27C254402322A4499189B5A83829B
:102E80008B788375DFE70020E0E78388C2889BB2F8
:102E90009A4206D0428922B9C3F30E03183318446C
:102EA000704700207047C37C0233C8187047023057
:102EB000704738B58388C2889BB29A4207D045894B
:102EC0002DB9011DF7F710FDC581012038BD002087
:102ED000FCE703881380C388C3F30E03183303444D
:102EE00080890B6070470368002223B9C0E9013272
:102EF000031D0360704759681B680A44F5E70729FA
:102F0000034670B504D84FF4EC711520F7F75EFB5B
:102F10000068C0B1446806461A688C4210D0106838
:102F200060B901F10805AC420DD3546850501868DF
:102F3000651A541800686560505002E01346E9E7CE
:102F4000146830461C6070BD0023C1E9003203687C
:102F50000B600160704730B590B18478B1FBF4F339
:102F600004FB131300EB430252898A4201D1D8B209
:102F700030BDC27822B900F10803D0B2844201D832
:102F8000FF20F5E733F8025F01328D42F5D1EFE71C
:102F90008278038805324B4303EB420318447047A1
:102FA00037B500240546CDE900448DF80600684693
:102FB000ADF80440F7F76CFEBDF8044008B103B06B
:102FC00030BD29462046F7F73FFE0028EFD040F2FB
:102FD00035211720F7F7FAFA70B51E460D4609217C
:102FE000FFF741FE0446324609212846FFF73BFE23
:102FF00040EA04031B0454BF00194FF0FF3070BDBA
:1030000001230370704710B5FF238B70C2F3800358
:1030100001245B00DBB2CA18127D032A08BF01330A
:10302000CA18147503F10C04002201EB830321F884
:1030300014205B688A700360828010BDF8B50C466E
:10304000054611461E4684F001046400E4B2FF23E5
:10305000837003191B7D012B05D00134E4B20319E1
:103060001B7D012B0AD105EB44073B8B3A8C981949
:10307000904205DD00232C443B8323750020F8BDDE
:1030800005EB8404324660681844FFF78FFB3B8BE6
:103090001E443E830023AB700120F0E781F0010164
:1030A000490010B5C9B2FF23837043181C7D012C61
:1030B00007D10C3120F8112002221A7500238370E9
:1030C00010BD0131C9B243181C7D012CF1D04FF461
:1030D00099710920F7F77AFA024630B5837803F040
:1030E000FF00F3B9137D022B19D0537D022B15D1AC
:1030F0000346012089B10024D5180C332C7522F821
:103100001340131803241C7502EB80035B680B60EB
:1031100000F10C0332F813308B80012030BD012305
:10312000E8E70020FAE7034630B5827802F0FF00B6
:10313000E2B99A7D022A17D0DC7D022C13D103223A
:1031400081B11D1900200C34287523F8140098183B
:103150000324047503EB82000C32406833F812300C
:1031600008608B80012030BD0324E9E70020FAE7E6
:10317000037D012B01D1008B7047437D012B0CBFD8
:10318000408B00207047837D012B01D1808B7047DD
:10319000C37D012B0CBFC08B00207047027D022A2B
:1031A00001D1008B7047437D022B01D1408B7047CA
:1031B000032AF6D0032BF9D000207047827D022A23
:1031C00001D1808B7047C37D022B01D1C08B70472A
:1031D000032AF6D0032BF9D000207047F7F746BE3C
:1031E000F7F7A2BE002307B5CDE9003301238DF820
:1031F00006306846F7F74CFD08B1002004E000985F
:1032000001F02FFD0028F4D003B05DF804FB1FB5DA
:10321000002240F6881303A90092FDF7DFF905B0FC
:103220005DF804FB10B5044638B1F8F7F1FE24EA66
:103230000000B0FA80F0400910BD0120FCE710B595
:10324000FFF7D0FF60B1F8F753FB044601F04CFEE6
:1032500040B9204601F044FE80F00100C0B210BD2C
:103260000120FCE70020FAE7006890F8BA3123B1AA
:10327000002380F8BA3101F0E9BB7047112243F214
:1032800039030270C2705922A0F801308280C380D5
:1032900000207047082108B5F7F71AFE002008BD86
:1032A00073B5064600880C46088001A980B200F07C
:1032B000D3FC054640B9B3784BB9019B93F91C0187
:1032C000A070FCF711F8A070284602B070BD7F20F6
:1032D000FFF79DFFF4E710B504466FF07F00FFF79E
:1032E00096FFFCF701F820707F20FFF790FFFBF7B7
:1032F000FBFF6070002010BD0A4600F1100108B508
:10330000072302F070FA002008BD10B501460446FC
:103310000020F8F723FF08B92060A080002010BD2E
:1033200010B50446F8F744FE28B900202146F8F706
:10333000FDFE002010BDFFF782FF0028F5D10C2014
:10334000F8E710B50446FFF77AFF28B101202146BF
:10335000F8F7ECFE002010BD0C20FCE713B5008848
:103360000C46088001A980B200F076FCC8B9019B28
:1033700083F8160193F81421012A06D0022A04D0FA
:103380004FF43F710620F7F721F9A27093F8152149
:10339000012A01D0022AF3D1E27093F81621002A03
:1033A000E6D102B010BD1FB5044603A9008800F0A5
:1033B00053FC38B9A388022B14D8E078FFF732FF0A
:1033C00010B9112004B010BDA078FFF72BFF002822
:1033D000F7D0012303A80093A388E278A17800F036
:1033E000A9F9EFE71220EDE737B58378C17803F04C
:1033F0000104027903F0020351EA04051DD052EAE8
:1034000003051AD0002C18BF0021002B037818BF29
:1034100000228DF802108DF80320427843EA02233F
:10342000ADF8003043798279684643EA0223ADF86B
:103430000430FFF7B8FF03B030BD1120FBE713B530
:103440000C4601A900F008FC18B9019BDB88013388
:10345000238002B010BD07B5008801A900F015FC5B
:1034600030B9019B93F8332112B9FF2283F833213D
:1034700003B05DF804FB10B50446F8F7C3FD206007
:103480000020616010BD37B50446F8F731FA0546F3
:1034900023781F2B18D8816A04226846FFF7B3FDF2
:1034A00022460021A86A12F8013BFFF7C7FD68B168
:1034B000AC6A2046FFF767FE002102462046FFF770
:1034C000EDFD002003B030BD1220FBE70720F9E737
:1034D00037B50446F8F70CFA054623781F2B18D8A1
:1034E000816A00226846FFF78EFD22460121A86A04
:1034F00012F8013BFFF7A2FD68B1AC6A2046FFF766
:1035000037FE012102462046FFF7C8FD002003B028
:1035100030BD1220FBE70720F9E710B5044634F868
:10352000020B0880002180B2F7F778FB20B121461A
:10353000BDE8104001F09BBE022010BD008808B518
:103540000880002180B2F7F769FB20B10021BDE8B7
:10355000084001F08CBE022008BD13B500880C465F
:10356000088001A980B200F077FB10B9019B9B8F06
:10357000638002B010BD37B5038804460B8098B253
:10358000638813B9122003B030BD01A900F064FBB9
:103590000028F8D1658842F21072019BA9B2D3F8D5
:1035A000C4405143B3F8DA206243B3F8CC4004FB83
:1035B00002229142E6D3D3F8C420D3F8C440944207
:1035C000F9D100229D875A63621E0A44B2FBF4F2CD
:1035D0009A63D8E710B50C460021F7F71FFB90B1AE
:1035E000022C12D804F00102C4F3400480F8BC217C
:1035F00080F8BB4112B190F8BA310BB9002010BD70
:1036000001F024FAFAE70220F9E71220F7E710B5F3
:1036100004460078FF280AD00121F7F7FFFA58B1D5
:103620006378A27843EA0223C383002010BDB4F874
:103630000100FAF76DFAF8E74220F7E708B50078DD
:10364000003818BF0120FAF7C9F9002008BD08208A
:10365000F8F7CCBC01F035BE10B5044604B910BD76
:10366000236898476468F9E703680BB901607047FD
:103670001A465B6813B18A42FAD170478A4218BF72
:103680005160704708B5FAF755FEFAF79BF9BDE8A7
:103690000840FAF737BE08B50020FFF781FCF7F7BE
:1036A00081FBF8F7FDFCF8F727F820B140F2431151
:1036B0009320F6F78BFF08BD08B5FAF753F9FAF730
:1036C0000FFE20B140F263119320F6F77FFF012037
:1036D000BDE80840FFF764BC08B5FFF7EDFF01F057
:1036E000B2FD20B14FF4BC719320F6F76FFF08BD17
:1036F000FDF72ABC0B46892203F8032BD0F80920DA
:10370000C1F80320427B1A71704738B50D46044654
:10371000F8F77EFC2B78002B08BF034684F868304E
:103720006B78002B08BF034684F869306B88A4F8D7
:103730006A3038BD2DE9F743046899460F461646AE
:1037400094F8633094F80F8043EAD303DB0702D484
:10375000B8F1250F36D16FBBF8F75AFC0546BEBB52
:10376000F8F756FC45BBB8F1250F2ED100200546D1
:10377000FF2384F82D3194F82C3103F0FF08F3B9BE
:103780009DF8283001A984F82F0104F1A80084F8DD
:103790002C3184F82E518DF804708DF80560ADF849
:1037A0000690FFF7B2FF002384F82D31404603B0A6
:1037B000BDE8F0833D46D2E70028D4D0D8E74FF0EB
:1037C0003A08F0E74FF01A08F0E74FF00908EDE784
:1037D000002DC8D03046CBE738B5036804460D4607
:1037E00093F82C31012B02D11E21F8F733FC23680A
:1037F000002083F82C0165B1182283F89920082253
:103800009A7393F84A3093B940F25B41AE20F6F7D1
:10381000DDFEDA7B233A072A03D82046DD7300F069
:1038200099FD20461821BDE8384000F0B2BD38BDF2
:1038300008B503689A7B22B14FF4E671AE20F6F723
:10384000C5FE23229A7308BD034610F0010002BF93
:10385000C3F340035B00D8B270472DE9F84F074629
:1038600010461E4642EA0104FFF7EEFF8346084673
:1038700092464BEA0404FFF7E7FF88460A9D04439B
:103880008146E4B2003C18BF0124F8F7C1FB10EAFE
:103890000A0A18BFDA46F8F7BBFB97F8143110EAAA
:1038A000080118BF4946534508BF4FF0000A85F884
:1038B00000A097F815318B4208BF002169705AEAC1
:1038C00001010AD1FB88013EF61A47F6FD73B6B234
:1038D0009E428CBF002404F001042046BDE8F88F0E
:1038E000F7B504680646E57BA5F12303072B4FD9FE
:1038F000002D4BD1A37B282B4AD04B7813F0070324
:103900003DD08A7812F0070239D084F80C31252393
:1039100084F80D21E37394F82D31F3B994F82C3128
:10392000012B1AD094F80C7194F8150194F8101129
:10393000874294F81121B4F8123114D194F80D7122
:1039400094F8140187420ED1022084F82E1184F8D5
:103950002F2184F82C01A4F83031304600F0F0FC1F
:10396000284603B0F0BD022000903046FFF7E2FE8B
:103970000028F2D04FF46671AE20F6F727FE0978E2
:10398000304603B0BDE8F04000F003BD0125E7E795
:103990002025E5E72DE9F04F056887B0044695F846
:1039A0000EB0ABF12403D3F1000848EB0308052A5D
:1039B00070D1EB7B262B73D10F358A784F7802F0CC
:1039C000070A039207F007090AF1FF3009F1FF33F4
:1039D00000EA0A0003EA0903034366D1B1F8036071
:1039E000F8F716FB039A174307F0070787435CD1E4
:1039F0005046FFF729FF2768A8B197F8143198427D
:103A000011D097F82E211AEA020F4ED0BBF1240FE5
:103A100009D097F80D211AEA020F04D1022870D1BB
:103A2000013B012B71D84846FFF70EFF40B197F8D4
:103A30001531834204D097F82F3119EA030F34D09F
:103A400005AB38465246494600933346FFF705FF1B
:103A50002368074678BB93F82C21012A28D1014618
:103A60002046F8F7F7FA236883F82C712F70236843
:103A700003F10F02954201D10022DA73236803F1AA
:103A80000F02954237D1204600F064FC002007B0B9
:103A9000BDE8F08F414607B0BDE8F04FFFF79CBE90
:103AA000BBF1240F2BD10E3587E741462046F2E7C4
:103AB00083F82C01DBE7DA88A3F86C62013EB61AC2
:103AC00047F6FD72B6B2964206D92822204683F800
:103AD0003120F9F7F9F8D1E7DA7B0C2A02D0093A5C
:103AE000012A01D82A22F1E7BDF81420A3F86E229A
:103AF00028232B70C2E7002283F84A20C6E7022061
:103B0000C5E7012B8FD0022BCFD04FF4DD710620FB
:103B1000F6F75CFD08B50368DA7B252A05D022B1EB
:103B200040F2D351AE20F6F751FD2622DA7308BDDC
:103B3000F8F7B6BA704730B542401C7808785D781F
:103B400060404C786C409D7820448C786C40DD78E7
:103B50002044CC786C401D795B7920440C794979FC
:103B60006C404B40204418441044B0FA80F04009A7
:103B700030BD024600200139C9B2FF2900D170478B
:103B8000535C83F001030344D8B2F4E708B5F8F7B7
:103B90000BFB082803D0BDE80840F8F727BB08BD99
:103BA00008B501F09BFB18B1BDE80840FBF794BCD9
:103BB000082008BDF8B505460C46D0E9047601F0AA
:103BC00045FD18B952212920F6F700FDE4B1D5E9E9
:103BD0000423D21B63EB0603012A73F100014FF0AB
:103BE000000113DB6FF001009042994101DA5C2182
:103BF000E9E7631E1344B3FBF4F35C43E41946F1B5
:103C00000006C5E904461C462046F8BD0C46FBE705
:103C1000022905D13C2808D980100F3880B270479E
:103C2000702802D9C0100E38F8E70020704701292B
:103C300008B5034605D002290BD0E7212920F6F765
:103C4000C5FC40F6C41040F2E242002B08BF10460B
:103C500008BD40F6C410FBE710B50C460021F6F78E
:103C6000DDFF2060B0FA80F04009400010BD03681D
:103C7000587BC0B293F830302BB900F0FB0000380D
:103C800018BF012070470020704710B50C46FFF7A1
:103C9000E3FF38B92046FFF7EAFF80F0010040005B
:103CA000C0B210BD0220FCE738B54FF426720D46B5
:103CB0000021044601F02DFE6FF036020123A4F826
:103CC000AA5084F863200422A37584F864206FF05E
:103CD0003B0284F8A83084F865206F2284F86620BF
:103CE000032284F86720002284F868206FF07F02A6
:103CF00084F869202B2284F86220FE2284F89E201A
:103D00007F22E27238BD40F6B83307B5B0F8CE2056
:103D1000D0F8C4100190838701A8F8F71DFC03B008
:103D20005DF804FBC2B292FAA2F2030A93FAA3F37B
:103D30001B0E100E40EA03207047013105300022AF
:103D4000C9B270B510F8013F8B4216D310F8054C7C
:103D50000023012505FA03F626421CBF01F1FF31BD
:103D6000C9B269B10133082BF4D10132D2B2052AAC
:103D7000E8D19B214620F6F729FCC91AC9B2F4E71D
:103D800003EBC200C0B270BD0B6870B5C0F8013063
:103D900004460B790546461D03F01F0343710023BB
:103DA000C37215F8010F00F0B2FA6871B542E37AF8
:103DB0001844E072F5D170BD81EA114170B58CB242
:103DC0000546C17A032682EA0400FFF7ABFF013EF5
:103DD00000EB001016F0FF0604EB000290B2F4D1E5
:103DE00044402522B4FBF2F302FB1343C3F3C402A5
:103DF000D8B203F007032A445678012202FA03F3EB
:103E00001E4207D161432846C1F30741BDE8704017
:103E1000FFF793BF70BDF8B590F8215004466B1EB4
:103E2000242B03D9E1214620F6F7D0FBDAB1807DBF
:103E3000002843D194F8233094F8221002FB013279
:103E40002523B2FBF3F103FB1123DBB204EBD30216
:103E500003F0070684F82330D17D0122B2401142DD
:103E600002D084F82430F8BDB3FBF5F205FB123321
:103E700004F11B01013303F0FF0311F8012F9A42F3
:103E800019D311F8055C0022012606FA02F72F4229
:103E900008D0013B13F0FF0304D102EBC00284F809
:103EA0002420E0E70132082AEFD10130C0B2052812
:103EB000E3D1D721B7E79B1ADBB2F6E7E28804F13A
:103EC0001600096AFFF778FF84F82400CBE703782F
:103ED000890123F0400301F040010B430370704758
:103EE000037803F07F0343EAC113037070471F2A6E
:103EF00038B50546144603D9A8212A20F6F766FBF3
:103F000006340930FEF752FC6C7038BD1F2A38B5F4
:103F10000546144603D9CA212A20F6F757FB063472
:103F20000930FEF743FC6C7038BD0378024603F09D
:103F30000F03032B3ED0052B42D1C37F90F8200006
:103F4000034392F82100034392F82200034392F8BE
:103F5000230000F01F00184333D05378222B2FD1B9
:103F6000B2F81930B1B1B3F5506F13D940F607511B
:103F70008B4225D8B2F81B30B3F5FA7F20D2B2F8C5
:103F80001D0040F676430A3880B298428CBF00206C
:103F900001207047991F40F67A4089B281420FD8BC
:103FA000917D481E07280BD8994209D2B2F8171004
:103FB0009942DEE74078A0F10C035842584170471F
:103FC000002070478388A1B1B3F5506F11D940F636
:103FD000075293421BD8C388B3F5FA7F17D20089E2
:103FE00040F676430A3880B298428CBF0020012008
:103FF00070479A420BD8B3F5486F08D84278511EE3
:10400000072904D89A4202D242889A42E2E7002065
:1040100070472DE9F3470E4601A914469946FFF76C
:104020001BFE054618B9019F2CB901237B750120A1
:1040300002B0BDE8F087D7F8BC8021464046FEF7C5
:10404000F6FD824608B90020F2E7F7F76BFC8442E0
:10405000F9D851464046FEF726FF7B7D4946A0F839
:104060000150002B224618BF022600F8036BFEF712
:104070009DFB21464046FEF715FE18B983212B20F3
:10408000F6F7A4FA01A8FFF7EFF8019BA3F8B251E5
:104090007D75CCE743780246C3F30111012910B5C1
:1040A0000ED0022915D00478022103F00F00131D51
:1040B000528844EA0020FFF7ACFF38B1012010BD60
:1040C000047803F00F00131D5288F2E7F8F720FC84
:1040D000F4E70020F3E71A230B7001234B708B7079
:1040E0007047F8F7EDBA10B521B940F2A9211020B8
:1040F000F6F76CFA4A600B72EFF3108472B6031D88
:104100000B6042681AB1127A012A08BF0360036883
:104110001960016004B962B6BDE81040F8F71ABB37
:104120000222F8F7E3BB0322F8F7E0BB0422F8F71A
:10413000DDBB0222F8F71EBC8D230B7030F8953CD6
:10414000A1F8033030F8573CA1F8053030F8533C63
:10415000A1F8073030F8553CA1F8093030F8513C4F
:10416000A1F80B307047012908B503D10E30C0000B
:1041700080B208BD022902D10F308000F8E74FF469
:104180000C710620F6F722FA40687047C08A704723
:104190008A880B8910B5CC884988A0F85840A0F8C7
:1041A0005410A0F85620A0F85A3010BD0346B3F8BA
:1041B0004C10B3F85820914270B528BF1146B3F89F
:1041C0005A40B3F85020B3F84850A242B0F84260C9
:1041D000B0F8460028BF2246B3F84A40A3F8421080
:1041E0009442A3F8462038BF14468D4238BF0D468E
:1041F0008E42A3F84A40A3F8485021D1801A18BF34
:104200000120B3F84E10B3F85420B3F85660914231
:10421000B3F84050B3F8444028BF1146B3F85220D9
:10422000B242A3F8401028BF32468D42A3F8442082
:1042300008D1944218BF40F0010000F0010070BDA9
:104240000120DEE70120F8E738B5C58B0446438C32
:10425000007A9D4228BF1D46FFF785FF6389AB4268
:1042600028BF2B46984238BF184680B238BD2DE98A
:10427000F041984607460E46808919461446FFF7D6
:1042800072FF054641463846FFF7DEFF85429DF83E
:10429000181028BF0546B88AFFF765FFFB8AADB244
:1042A000834228BF0346A01D9BB230442B441844D0
:1042B000BDE8F08107B590F86D30002296213430CA
:1042C000009390F83830FFF7D2FF03B05DF804FB9D
:1042D00038B514460D4619469634FFF7EBFF2044D7
:1042E000A84294BF281A002038BD38B50D461146A3
:1042F0000446FFF7DFFF2844A06338BD01F19C03AB
:1043000083423DBF9C38401A40080020704700F0AF
:104310005503400800F05500034403F033009B08A8
:1043200003F03303034403F00F0000EB1310704756
:10433000036800229A7383F84A20A3F84620704746
:1043400003680022A3F84E2093F85020013283F82E
:1043500050207047026808B592F85030013B5BB2BC
:10436000002B82F8503003DA52214A20F6F72EF95A
:1043700008BDA0F10903042B09D9A0F14603012BC4
:1043800005D9233807288CBF002001207047012061
:1043900070470268136810B513F0080408D143F0A1
:1043A000080382F898101360FFF7CAFF204610BD7B
:1043B0000120FCE730F8023CF7B505460E46B0F8A0
:1043C000827073B101226846ADF801708DF800204B
:1043D000ADF80330F7F732FB18B195216320F6F7FB
:1043E000F5F883230024A6F803703370B4706B7A59
:1043F000D5F898007371FEF7C1FC08B9BA21EDE752
:1044000021463846F6F720FC4FF40173204603F0AE
:1044100004021B0A62F3070063F30F2003B0F0BD30
:10442000036800201A7C063A012A81BF4A785A7430
:1044300006221A7470470268137C063B012B84BF66
:10444000072313747047026870B5D57BE5B9CB8834
:10445000D688A2F86C32013B9B1B47F6FD769BB2D7
:10446000B34206D9282382F83130F8F72DFC2846CC
:1044700070BDD1F80130C2F86E324B7982F87232D9
:1044800009220368DA73F2E70125F0E70B4682227E
:1044900003F8032BD0F80920C1F80320D0F80D2031
:1044A0005A60427C1A720023CB707047036870B563
:1044B000DD7B06460C46002D3CD1062229462046CF
:1044C000FFF780FD28B921783046BDE87040FFF73E
:1044D00060BF32686389D188A2F86C32013B5B1AF5
:1044E00047F6FD719BB28B4207D92823304682F8EC
:1044F0003130F8F7E9FB284670BDA38840F2E2416D
:104500004B43C2F874326378C3EB431003EB800370
:1045100003EB83035B00A2F86E3263884B43C2F85F
:104520007032E388A2F878322389A2F87A320C2319
:10453000D373E0E70125DEE70B46842203F8022B64
:10454000D0F80920C1F80220D0F80D205A60704739
:104550000B46852203F8022BD0F80920C1F802206F
:10456000B0F80D209A80704738B503680546DC7BAB
:1045700034B1103C0F2C8CBF01240824204638BDD8
:104580001B7D002BFAD0FFF7DBFE2B681022DA73BD
:10459000F4E708B50368DA7B152A04D040F253210A
:1045A0001F20F6F713F8012283F851201722DA733F
:1045B00008BD0368DA7B112A05BF12220020022001
:1045C000DA737047036810B5DB7B04461B2B06D1FA
:1045D000FFF7C0FE23681F220020DA7310BD0220FF
:1045E000FCE708B50368DA7B102A04D040F27E218C
:1045F0001F20F5F7EBFF012283F851201122DA7317
:1046000008BD08B50368DA7B172A04D040F28A2176
:104610001F20F5F7DBFF1B22DA7308BD3E230B706A
:104620000C234B7004238B70D0F80930C1F8033091
:10463000D0F80D30C1F80730B0F81130A1F80B30C8
:10464000C37C4B73704708B503689A7B1AB1CF21BE
:104650001C20F5F7BBFF04229A7308BD026808B559
:104660001368D90703D4DD211C20F5F7AFFF23F031
:1046700001031360BDE80840FFF76CBE87230B7091
:1046800030F88C3C4B807047036800209A7B0E2AE0
:1046900001BF002283F83E2083F84A209A737047B6
:1046A00038B505682B6813F0040407D1FFF748FEFE
:1046B0002B68204643F004032B6038BD0120FCE743
:1046C0000268136823F004031360FFF743BE08B5C4
:1046D00003689A7B1AB172214B20F5F777FF0E22FF
:1046E0009A7308BD10B5D0E90D42A24206D38B8C57
:1046F000121B498E05334B43934202D3012380F8AA
:104700003E3010BD0C230B7008234B7000238B70C0
:10471000B0F85630A1F80330437A4B714389CB800F
:1047200083890B81704710B5046894F853309A0759
:104730000CD4A37B1BB177214020F5F747FF012262
:10474000A4F84630A27384F84A2010BD23689B0762
:1047500005D5FFF7FFFD236823F002032360002344
:1047600084F83231F1E710B50B7901284C790A68E9
:1047700043EA0421104608BF41F4803110BD07B55B
:10478000FFF7F1FF0DF10702F8F7C6FC03B05DF883
:1047900004FB002307B501A80193FBF7EFFE019886
:1047A00010F0030018BF012003B05DF804FB08B54A
:1047B000FFF7EFFF002814BF1420002008BD10B53C
:1047C000FBF710FC0446FFF7F2FF4FF47A7204F592
:1047D0004443A4304933B3FBF2F3184410BD10B581
:1047E000044690F86D00FFF7EAFF012201462046DB
:1047F000BDE81040FFF779BD7FB5044618B9A52183
:104800003020F5F7E3FE052900F2B580DFE801F07E
:1048100003AE2A25B3A990F80032C288A3B1B0F83C
:10482000FE31934208BFB0F8B4319A1AA0F8B6210D
:10483000E3802046D4E99023C4E99223FAF722F9D1
:1048400094F84C3004B070BDB0F8FC319B1AA0F85D
:10485000B631B0F8FC319BB2EAE704B0BDE8704075
:10486000FBF734BB00F0D0FDD4E99223801A61EB52
:104870000301012871F1000302DA40F20161BFE790
:104880006FF0010383424FF000038B4102DA40F2E4
:104890000261B5E7D4F8C4300BB1B0FBF3F3E17BB0
:1048A000B4F8FE210C2931D10132A4F8FE21B4F86C
:1048B000623203AEE5880133A4F86232B4F84230C4
:1048C0001D44B4F84030013DED1AADB2B4F8FE110C
:1048D0006B1A180434D40023204600961A46F8F7C1
:1048E000C3FC0128AED1B4F8FE21B4F8B011BDF874
:1048F0000C301344521A12049BB204D5EA1A12F473
:10490000004F18BF0B46A4F8FE31DFE7E1880B44E7
:104910009BB2D11A0D044BBF013301329BB293B24B
:10492000A4F8FE3194F80132002BC0D1B4F8B431B0
:10493000B4F8FE21934204BF0133A4F8FE31B6E778
:10494000A37C30460394002B14BF08233E2384F835
:104950003130F8F7B9F9204600F07EFC002363738C
:1049600070E704B0BDE87040FEF73ABC437B042B0F
:10497000F4D0C62144E7CB2142E7002313B51A4601
:104980004373A0F86032194600930446F8F76CFCB4
:1049900020B140F2E7113020F5F718FE0123C4F8EA
:1049A000E801C4F8E0016373A4F8FE01A4F8FC0177
:1049B00084F80102E388A4F86202013BE38002B0BC
:1049C00010BDD0F8E800704738B5044690F828319B
:1049D0009BB1FF2380F83031012100F09EFA94F85A
:1049E000283153B104F1C005284600F030FD2846B7
:1049F00000F039FD002384F82831002038BD08B5C7
:104A000090F8302142B990F8EC2042B1D0E93C3125
:104A1000994202D9F9F7D2FD0022104608BD0122C1
:104A2000FBE710B50446FFF7C2FE00F25911E26938
:104A3000636B9A4228BF1A461046FFF75FFC40F6A8
:104A40004803984228BF184680B210BD7FB504467F
:104A500090F84C3003F0FF05002B57D1437B032B1C
:104A600054D100F0D1FCD4E99223801A61EB030108
:104A7000012871F1000349DB6FF00103834275EBFC
:104A8000010104DA40F2AA513020F5F79FFDD4F875
:104A9000C420E3880AB1B0FBF2F2013313449BB2A5
:104AA000A4F8FC31B4F8B431B4F8FC219B1A1BB261
:104AB000002B2BDD04F5027000F0C9FC30B3FF239E
:104AC00084F80132B4F842300DF10E06E5881D4439
:104AD000B4F84030013DED1AADB2B4F8FC31EB1A38
:104AE0001B0413D4B4F8FC1100230122204689B220
:104AF0000096F8F7B9FB012808D1B4F8FC31BDF8ED
:104B00000E2013449BB2A4F8FC31E6E704B070BD5C
:104B10002DE970430C461546E2B9FAF7F9FE84F820
:104B2000EC500646D4E9468984F82851D4F8E800C8
:104B3000FFF7E9F8D4F8E800C0E99289C0F86462A8
:104B4000C0E99689FFF719FFFBF782F8BDE87043CB
:104B5000FDF742B940F2C3713020F5F737FD70B56B
:104B6000044621B1012978D040F2D37172E000F0FF
:104B700007F994F8293105460E46DBB150EA0103E6
:104B800018D0D4E93E32D4E94601C01A334661EB6D
:104B900002012A4600F074FE05FB01F300FB063318
:104BA000A5FB00021344D4E93E21121843EB010394
:104BB000C4E93E23E08B30B1F7F704FFE38BB0FB91
:104BC000F3F202FB1300D4E93E32ED184FF000037C
:104BD00046EB02062D1840F2024284F8083146F1F5
:104BE000000684F82931A4F81021C4E93E56C4E92E
:104BF000465694F8303103F0FF01DBB96FF0004303
:104C0000D4E948029A4208BFB0F1FF3F18D02046CD
:104C1000D4E9465600F0A9F8AE30D4E948325B1B1F
:104C200062EB06021B1A62F10002002A08DA204633
:104C3000F9F7C4FCFBF70CF8BDE87040FDF7CCB801
:104C400004F5847104F1C000FDF7DAF80028F1D111
:104C50004FF4E0613020F5F7B9FC002380F8EC3028
:104C6000E8E790F82801003818BF012070470B468C
:104C70008C2203F8032BD0F80920C1F80320D0F8C8
:104C80000D205A60704738B588220B460C4603F851
:104C9000032B00F10902293052F8041B824243F829
:104CA000041BF9D1127800211A700123A588A37181
:104CB0002846F5F7B3FF58B1E3784BB100212846F9
:104CC000F5F7C2FF20B140F233212D20F5F77EFC2D
:104CD00038BD0121F9F702BAFFF7FBBF90F8723037
:104CE0000BB10120704790F8AA2002F0FF03002AC0
:104CF000F7D190F89C201846704737B50D464FF411
:104D00009C720021044600F004FEFF23237013234D
:104D1000638042F21073E383F6F77AF800220146CB
:104D2000A0626846FEF76FF9A06A00220121FEF733
:104D3000B5F9A16A68460422FEF765F90022A06A67
:104D40001146FEF7ABF904F12000A57403B0BDE8ED
:104D5000304000F019B9FF23886A0B70FEF750B994
:104D60000078FF3818BF0120704710B50446203086
:104D700000F05AF928226188F9F750FC6D3010BD17
:104D8000D0E9020170472DE9F04F07468FB00C467D
:104D9000064606AD0DF110080FCF0FC597E80F00BE
:104DA00085E80F00404600F0EFF8677894F814901B
:104DB00007F07F0594F80AA0B9F1010F94F800B04C
:104DC0002F4607D0B9F1020F04D040F2123106206D
:104DD000F5F7FCFB617A404600F0DDF8237D227F89
:104DE0004046022B02F101020CBF617D0121D2B2CB
:104DF00004BF0131C9B200F0D0F815F0080360D14A
:104E00004046019300F010F928223946F9F706FCD4
:104E100040F2712100F28622E5782079019B45EA73
:104E200000256079B2FBF1F245EA00454A434D4363
:104E3000AA420AD9E079A57945EA0025207A45EA0F
:104E400000454D43954228BF1546227E0393531ECD
:104E5000A17CB06A5A4202915A410192FEF79EF932
:104E6000B06AFEF7ABF9039B019A0299ADF81A708C
:104E700006AF8DF818B0089535468DF828208DF8C6
:104E80002B108DF82CA08DF81C9009930FCF0FC517
:104E900097E80F0085E80F0098E8030030620020D3
:104EA000B184E37A03F0FD03003B18BF012386F8C9
:104EB0004F30E3683365238AA6F854300FB0BDE85D
:104EC000F08F00252B46C0E74FF40043C38443888E
:104ED0001D2B08BF00214174704790F912007047E4
:104EE000408800F0010070478078C0F340007047B0
:104EF0008078C0F3C000704790F84830816181F835
:104F0000B330D0F84930C1F8B430B0F84D30A1F822
:104F1000B83070477047F8F74BBE80F8681070479C
:104F20008278034612F0010002D0D978C90710D563
:104F3000900702D5D97889070AD512F0040008D065
:104F4000D878C0F3800080F001008000C0B27047C4
:104F500002207047C0F34002C0F3800300F001005C
:104F6000134418447047022808B507D0042807D016
:104F7000012807D039212E20F5F728FB262008BD6F
:104F80002720FCE72520FAE70023C0F802300123A0
:104F90004370037070478170704710B542701446BB
:104FA00001708078FFF7D6FF484304FB00F2FE2A29
:104FB00003DD5C212E20F5F709FB10BD0023C37033
:104FC00043710371704710B50446FFF7A9FF637979
:104FD00062780133DBB29A4263710CD1E37800222C
:104FE000A17803436271DBB29942E37001BF237978
:104FF000E27001332371BDE81040FFF7B4BF38B54C
:1050000004468078FFF7A6FF0146E078FFF7A2FF8D
:105010002378227965789B1A6B4359436379C91ABF
:1050200000FB1510C0B238BD014608B58078FFF707
:1050300091FF4A780B7853435843C0B208BD40F201
:10504000EE20704740F25A335843704738B50E3857
:10505000136814460D469A7B09283ED8DFE800F015
:10506000053D3D3D0F3D183D3D27042A05D1204615
:10507000FFF75EF92046F7F791FF002038BD0E2AB2
:10508000FBD1002220461146BDE83840FFF7FCBAAC
:10509000202AF2D12046FFF74BF9002DEDD02268EF
:1050A00092F8623023F0200382F86230E5E7DA7B81
:1050B000262AE2D100252046DD73FFF74BF923684D
:1050C00093F82C31012B03D129462046F6F7C2FF75
:1050D0002368002283F82C21CFE740F2622131209F
:1050E000F5F774FA08B50368DA7B172A04D040F2A2
:1050F0007E513120F5F76AFA1D22DA7308BD08B532
:1051000090F89E30FE2B04D040F66F113120F5F759
:105110005DFA002380F89E1080F89F3012B9A0F845
:105120004E2008BDA0F84630012380F84A30F8E749
:1051300008B50368DA7B342A05D10022DA73BDE8AA
:105140000840FFF707B9172A02D11D22DA7308BDFC
:1051500040F293513120F5F739FA08B503689A7B8C
:10516000082A0AD193F8991093F8A020914204D10B
:1051700000229A7383F84A2008BD1A68110706D5E1
:1051800022F008021A60BDE80840FFF7E3B84FF4C8
:10519000AF613120F5F71AFA037D63B9C37BA3F140
:1051A0000F02032A07D990F8520028B11F2B8CBF99
:1051B00000200120704701207047024600684978AE
:1051C000837B202B13D00AD8042B12D00E2B12D0A5
:1051D000C37B262B0CBF1720FE20F9F787BB2A2B99
:1051E00003D02C2B09D0242BF2D11620F5E7142064
:1051F000F3E70E20F1E71220EFE72320EDE7024668
:1052000000680B4690F8621041F0040180F86210CB
:1052100099785878F9F76ABB38B50C460546D1E954
:105220002F01F5F7ABFD637B3BB104F5027420461B
:1052300000F00DF9204600F016F928460221BDE8DD
:105240003840F5F701BD0020704708B5F7F704FCBA
:10525000BDE80840F7F79EBD0022C281827490F835
:105260004C3013B10221F8F7CDBB0321FBE738B571
:1052700004460846E37B03F0FD0394F8682212B16C
:105280000C25284638BD152BFAD194F8843203F04A
:10529000FF05002BF4D191B194F8D63123B940F633
:1052A0006C313120F5F792F9052304F1800204F501
:1052B000E37100F098FA012384F86832E1E70223F1
:1052C000FAE7F7F729BC08B5FAF712FBFAF728F95D
:1052D000FAF756F8BDE80840FAF778BF10B5C824C9
:1052E000FAF7E2F8022808D1013C14F0FF04F7D1E4
:1052F0000620F7F71BFB204610BD431E58425841BD
:10530000FAE710B5FAF70CFB044600F027F920186D
:1053100041F1000110BD38B504461546FAF78CF985
:1053200001462A462046BDE83840FAF729BC19B99B
:1053300043780BB1C3788370704710B504460846B4
:10534000FAF750FE4FF47A73B0FBF3F0201A10BD59
:1053500010B504460846FAF745FE4FF47A7200F29B
:10536000E733023CB3FBF2F3E01A10BD00F038B8AB
:10537000801A00F3070038B50D46144659B240B202
:10538000FBF7B2F90023287020446B7040B238BD9F
:105390000023036070477047002070474FF0FF30D4
:1053A00070474FF0FF30704770474FF0FF30704745
:1053B00000207047002070470023037070479DF85D
:1053C00000300022FFF7D4BF4FF0FF3070470020BD
:1053D00070474FF0FF3070474FF0FF307047704715
:1053E00070470020FBF7D6B90020FBF77FBA0020FA
:1053F000FBF790BA0020FBF7CDB97047FBF7D6BAA0
:10540000FBF7E8BAFBF7D8BAFCF71ABFFCF7FEBB0C
:10541000FCF714BCFCF734BF00F03AB9FCF722BF2C
:1054200010B5837F8BB9034601F1180251F8044B84
:10543000914243F8044BF9D1012484772146FBF7CC
:1054400017FEFCF7D5FB204610BD0020FCE710B589
:1054500004460221FBF70CFEFCF7CAFBA07FB0FA62
:1054600080F0400910BD38B50446A37F03B938BDAC
:10547000A37F032B02D0A37F042B0ED1EFF3108563
:1054800072B62046FCF712F805B962B6A37F002B6E
:10549000EDD0FF210320FCF78DFFA37F012B02D16C
:1054A0004FF48271F6E700F0A8F9DEE7F8B5074699
:1054B000FCF70CFC044620B940F229110320FCF74C
:1054C00079FFFCF709FCA46800252418384641F14F
:1054D000000622463346FCF771F8A04271EB060342
:1054E00009D3001B6FF0010361EB0601834275EBEA
:1054F000010102D3F8BD2846FCE74FF0FF30F9E781
:105500002DE9F04104460F46FCF7E0FB064620B9C2
:105510004FF4A3710320FCF74DFF85680023621947
:105520005B4113B10020BDE8F081FCF7D5FB2A18E0
:10553000384641F1000314EB020843F10005FCF783
:105540003DF84045A941EDD3FCF77AFE00F05FF845
:10555000B368012037752344B360E4E7FCF7BCBBB4
:1055600080687047F8B50369044623B14FF4D171E0
:105570000320FCF71FFFFCF763FE05460E46FBF712
:10558000CDFC70B36435D4E9003246F10001AB4282
:1055900072EB010001D22B460A46C4E90032EFF358
:1055A000108572B6FCF792FB064698B1FCF794FBA7
:1055B000B3680B332CBF012200221B18D4E9006012
:1055C00042EB0101B34271EB00023CBF334601469E
:1055D000C4E9003105B962B62046BDE8F840FCF7E1
:1055E00063B8FBF7BBFC0746FCF784FBB84238BF47
:1055F0003846963546F100024319D4E9000142F1DC
:105600000002834272EB0105C7D20346C4E7FBF7F1
:1056100049BE032910B5044606D801290ED840F228
:105620005D11B020FCF7C6FE0429F8D1FBF736FD6A
:1056300020B12046FCF7B6F8022010BD0020FCE7A0
:10564000C0E908122022002100F063B910B50378E8
:1056500086B0044623B14FF4AB714520FCF7AAFE97
:105660000593CDE90333D0E90423CDE90023436852
:105670000293037A68468DF81430FFF773FF012018
:10568000DDE90023C4E9042306B010BDFCF772BCB9
:1056900010B5029C241841F10001A01A61EB03012E
:1056A000B0F1004F71F1000103DBAA210420FCF7E7
:1056B00081FE10BD70B50024FCF736FE0546264677
:1056C000E0B2854200D870BDFCF734FE0134068597
:1056D00080F82A60F4E7F8B5037904461BB11B2172
:1056E0009D20FCF767FE4679017126B901234371BD
:1056F000217909B96171F8BD276820462671B8473C
:1057000002280546F4D103212046B84708B12F21CD
:10571000E6E723682946204698470028E8D030214C
:10572000DEE70346006800B970478842F9D1026895
:105730001A60704701F11003013813F8012D8B42F4
:1057400000F8012FF9D170472DE9F04713F0010F50
:105750008EB004460D4617469A46DDE9168924D0D8
:1057600006A8FFF7E7FFA30735D002AA04F110054A
:105770002068083454F8041C1346AC4203C31A468C
:10578000F6D106AD02AC1AF0020F4346CDF80090F8
:1057900023D0294620460AAAFCF7B6FE0AA93846B5
:1057A000FFF7C8FF0EB0BDE8F08713F0040F0DD16E
:1057B00006AB0E4601F1100C1D463068083656F84F
:1057C000041C1A46664503C21346F6D1214602A8B8
:1057D000FFF7B0FFD6E706ADD5E73A4629462046A3
:1057E000FCF792FEDEE713B50024CDE90044FFF795
:1057F000ABFF02B010BDFCF78BBF20BF704720BFCE
:1058000070479142F8B503D373219620FCF7D2FD7F
:10581000B2FA82F33BB1C3F1200499409A4020FAD6
:1058200004F4984021434FEA124C93B2040C87B21F
:10583000B1FBFCF50CFB151E05FB03F64FEA0E4E03
:105840000EEB1040864205D9361A964294BF0126C7
:105850000226AD1B04EB0141280405FB1211B1FB2C
:10586000FCF40CFB1411634307EB0147BB4205D961
:10587000DB1B934294BF01230223E41A2043F8BDAB
:105880002DE9F0411D4607460C46164652EA05032F
:1058900003D1A6219620FCF78DFD85B9914204D253
:1058A000FFF7AFFF2946BDE8F08108462946FFF71C
:1058B000A8FF05463246384606FB1541F0E7B5FA23
:1058C00085F80123400803FA08F3C8F11F0840EAED
:1058D000C470A3FB0212610803FB0522FFF791FFCE
:1058E00030FA08F04FF0000102D0013861EB0101FD
:1058F00000FB05F3A0FB062C06FB0133BF1A634433
:1059000064EB0304B742AC41CDD3013041F1000157
:10591000C9E7F0B5C9B20446A30726460ED14FF039
:10592000013522F003034D43E718BC420CD1334448
:1059300002F003021A44934209D1F0BD002AFCD0C0
:10594000013A04F8011BE7E744F8045BEDE703F8CC
:10595000011BF0E700280CBF6FF015000020704716
:105960000020704707230370002070470020704715
:1059700000207047034611F8012B03F8012B002A81
:10598000F9D17047034613F8012B002AFBD1181AEE
:10599000013870472DE9F0478C468E46089E154623
:1059A00004461946002B40F0D080724547D9B2FA20
:1059B00082F74FB1C7F120030EFA07FCBD40BC408F
:1059C00020FA03F343EA0C0C4FEA154EA8B2230C5D
:1059D000BCFBFEF80EFB18CC08FB00F943EA0C43B5
:1059E000994528D9EB1808F1FF3204D2994502D91C
:1059F000A8F102022B44A3EB0903A4B2B3FBFEFC03
:105A00000EFB1C330CFB00F044EA0344A04214D903
:105A10002C190CF1FF3304D2A04202D9ACF10203DD
:105A20002C44241A43EA02401EB1FC400023346097
:105A30007360BDE8F0874246DDE76346F1E7002A80
:105A400079D0B2FA82F3002B3FD01946C1F120037E
:105A500002FA01F500FA01F42EFA03F20EFA01FE41
:105A600020FA03F3AFB243EA0E034FEA154EB2FB3E
:105A7000FEFC0EFB1C201A0C0CFB07F842EA00424D
:105A800090455AD9AA180CF1FF3004D2904502D99A
:105A9000ACF102002A44A2EB08029BB2B2FBFEFC6E
:105AA0000EFB1C220CFB07F743EA02439F4246D938
:105AB000EB180CF1FF3204D29F4202D9ACF1020282
:105AC0002B44DB1B42EA004202E0AEEB0203012260
:105AD0004FEA154EAFB2200CB3FBFEFC0EFB1C339D
:105AE0000CFB07F840EA034398452AD9EB180CF160
:105AF000FF3004D2984502D9ACF102002B44A3EB4D
:105B00000803A4B2B3FBFEFC0EFB1C330CFB07F72F
:105B100044EA0344A74216D92C190CF1FF3304D2EE
:105B2000A74202D9ACF102032C44E41B43EA004033
:105B30000F46114678E71F2188E76046ABE76246CB
:105B4000BFE76046DBE76346EFE7734506D916B962
:105B5000002108466DE7C6E9000EF9E7B3FA83F7BE
:105B600087B9734501D3824207D8841A6EEB0303C9
:105B700001209C461EB900215BE73846FAE7C6E9DA
:105B8000004CF8E7C7F1200CBB4000FA07F422FAFA
:105B90000CF520FA0CF1BA401D432EFA0CF30EFA64
:105BA00007FE4FEA154941EA0E011FFA85FEB3FBD5
:105BB000F9F809FB18300B0C08FB0EFA43EA004316
:105BC0009A4540D9EB1808F1FF3004D29A4502D922
:105BD000A8F102002B44A3EB0A0389B2B3FBF9F846
:105BE00009FB183308FB0EFE41EA03418E452CD910
:105BF000691808F1FF3304D28E4502D9A8F10203D7
:105C0000294443EA0040A1EB0E01A0FB0298414564
:105C1000CE46434602D306D14C4504D20138B9EBF7
:105C2000020E68EB0503002EA5D0B4EB0E0261EB6B
:105C3000030101FA0CFC22FA07F3F9404CEA0303D2
:105C4000C6E9003197E74046C5E74346D9E700007B
:105C500013B500246FF009034FF48062144915480E
:105C600000940BF0D5F9144912480BF075FA13495A
:105C700013480FF006FF224604211C2001F0CAFF42
:105C80000122104BD3E8EF1FC3E8E02F0028F9D121
:105C900005A3D3E900230C4906480BF0F9F9204687
:105CA00002B010BDAFF30080389C1C000000000063
:105CB000184604209823042074970A00574E0A00BF
:105CC000B02A0420AC2A04200002042000000000B6
:105CD00010B50B4BD3E8AF3F53B1FBF725F906A343
:105CE000D3E90023BDE81040064907480BF0D0B9BE
:105CF00010BD00BFAFF30080389C1C000000000006
:105D0000AC2A042000020420982304201FB501249B
:105D10000294044C0194BDF8184000940EF03EFD2E
:105D200004B010BD982B04200B4610B5064C074854
:105D30000321074A0DF050FA206818B104F04EFF15
:105D40000023236010BD00BFB8270420A86C0A0000
:105D50008C770A0080B50D4A0D4B00AF88B0012941
:105D600008BF13466A460B49CDE905134FF400738B
:105D7000ADF81C30084B42F8103F00234FF4E651B9
:105D8000064801F015F9BD4680BD00BFA5770A00A1
:105D9000AD770A00B6770A0003000001A86C0A007C
:105DA00030B50B4B0B4D1C6887B0287074B10021C7
:105DB0001822684610F0D7F8074B6946CDE901353F
:105DC00001232046ADF80C3007F01AFD07B030BDB6
:105DD000B8270420982B042004710A0003460121EF
:105DE000014A02480DF0F8B9C7770A00A86C0A000A
:105DF00010B50446084619B1BDE81040FFF7EEBFE4
:105E00000321054A05480DF0DEF920460DF029FE74
:105E1000034B186010BD00BFE2770A00A86C0A00AF
:105E2000B827042008B505480321054A0DF0CBF931
:105E3000BDE808400020FFF7B3BF00BFA86C0A0010
:105E4000F7770A002DE9F04F97B00321634A6448C1
:105E50000DF0B9F9634E30460FF022FC40B9624AAA
:105E600001215F480DF0AFF9002017B0BDE8F08FB9
:105E7000002003F0ABFE08B15C4AF1E701275C4C5F
:105E800007AD0FCC0FC5236802222B6059495A4B2E
:105E9000009707A804F0F6FA054608B1574ADFE76D
:105EA00003210DF11008564A4D4804340DF08BF9CA
:105EB00094E8070088E8070029461E220DF13A0001
:105EC00010F051F84F4A504BB468CDE90C23282309
:105ED0008DF838303C238DF839301023119302238C
:105EE000CDF840808DF854308DF8567023680CA999
:105EF0003046984739463046636898470321434BFC
:105F0000434A37480DF068F92C46A846DFF8FC9064
:105F10004FF47A720021B36800929D68304603AB5B
:105F2000CDE9021102AAA8470346002844D1DDF8B2
:105F300008E0BEF1000F3FD0002000211F46039D66
:105F40006D08AB423BDB25B12A460023FCF7BEFCC3
:105F500005460FF09FFF4FF47A7CA0FB0C0E002348
:105F600047F612220CFB01E1FCF7B0FC4D458346DD
:105F70008A46034602D8B7F5FA5F19DD40F6B93113
:105F80001B1B6AEB08028B4272F1000210DB03213B
:105F90003B46204A124800950DF028F90120FFF7F2
:105FA000FFFE00231C4A1D480BF0D0F85C46D0468B
:105FB00002991B480FF0CDFB0BF042FBA8E73EF91E
:105FC00013C001338CEAEC72A2EBEC7292B2BA42CB
:105FD000CCFB8C01C8BF17B2B3E700BF25780A001D
:105FE000A86C0A0068620A0051780A0071780A00F9
:105FF000706D0A00E0700A00D8700A0087780A0005
:106000009A780A0040420F00006A180060E3160008
:10601000C9780A00F3780A00366E01008000042077
:106020009C0604202DE9F84F8A4600AF002974D061
:1060300004680E1F361BF50826F0070604EB060859
:10604000B8F802B01BF0010B16D1E94688B06A46D9
:10605000334BCDE90531032342F8103F4FF4C251D1
:106060005B46304800F0A4FFCD468BF31188BFF3A8
:106070006F8F0423184602DF294620460CF009FBE7
:10608000284434F83030C01A854217D0E94688B029
:106090006A46254BCDE9053A032342F8103F002319
:1060A0004FF4C2511F4800F083FF0023CD4683F315
:1060B0001188BFF36F8F0423184602DFB8F802304F
:1060C000294623F00103A8F8023020460CF0E1FA3B
:1060D00005EB000804EBC8035B88DA0708D44146E7
:1060E00020460CF01FFB4246294620460CF05FFB81
:1060F000A65BAE1B04EBC6035B88DB0709D4314605
:1061000020460CF00FFB2A46314620460CF04FFB90
:106110003546294620460CF0C1FABD46BDE8F88F49
:1061200090790A00F86C0A0067790A002DE9F04FAF
:1061300091B0009302F004030293C2F3C20301334F
:10614000840705460E46DDF868A00392059340F0EB
:106150009C81041D002849D101F00706341DC6F1B9
:106160000806009B00274FF004085A1E4FF0FF332B
:10617000B9460193BB46434604970DB1009921608F
:106180000598002800F3D6808F480099814203D3F8
:106190008E488142C0F0CE800399601B11F0020C42
:1061A00040F0D680B9F10F0F00F2CF80002D00F043
:1061B000D68009F140010DEB010E0199C0F3870073
:1061C0000EF8200C0EF8101CBCF1000F00F0C3807C
:1061D00060F07F000EF8200C013709F10109C5F1CC
:1061E00008014FF6DA7E043406918CE00729B8D80E
:1061F0006FF01B0011B0BDE8F08F7A285BD84B28F8
:106200000FD8472857D829282ED8252850D052D81B
:10621000202818BF23280CBF4FF0010B4FF0000BB4
:1062200071E04C382E2846D8DFE800F06D45454532
:10623000454545454545454548454545454545450B
:1062400045564548485656566D486A456D45184866
:106250001845457F7C48454548457C0000204FF067
:10626000000B4FF0040835E001212A38C0B201FAD2
:1062700000F010EA0E0F46D110F0625C2CD110EA4B
:10628000010B40D06046013C4444B4FBF8F408FBE9
:1062900004F425B1A3EB050CA444B445A8D8002808
:1062A00070D00599013905915AF8041B009164E7F3
:1062B0000199013901914FF0000B24E012F8010C13
:1062C0006C2834D1002012F8023C83466C2BC8D1D4
:1062D0004FF008084346D6E70AF1070A2AF0070AF2
:1062E000073424F00704FAE802BC35B106982044CC
:1062F000B0423FF67DAFC4E900BC4FF0000B08345C
:106300004FF00808434612F8010F002853D0BBF1A4
:10631000000F7FF472AF2528F5D14FF0010B019BE0
:10632000013301934FF00408ECE7584697E700204B
:106330008346A8E7039988077FF551AF4FF0010C1A
:10634000601BB0F5007FFFF42DAF6FF0150051E733
:106350004FF0000CF5E70498013004903DE7BCF1E4
:10636000000F01D0013638E70298023600287FF48A
:1063700034AF0098CDE90632FFF704FBDDE90632C1
:1063800006442AE7042B08D10AF1040015B1DAF813
:106390000010216082460434B5E70AF1070323F0B8
:1063A000070303F1080A1DB1D3E90001C4E90001A4
:1063B00008230834A7E7631BB3F5806FC5D23DB946
:1063C000A6F10804E01815E7A8600A006C9B0A0013
:1063D000029A9B0828602B709DF81030AAB1EB70D0
:1063E000AF702FB1002208A8C5F1010C91450ED164
:1063F0004FF0000AC5F101030DF1200801930DF1E2
:10640000300BD14512D1601BF4E66B70E8E710F851
:10641000013B190608D50CEB040EB64503F07F03CB
:106420003FF6E6AE04F8013B0132DFE71FB198F911
:106430000020002A17DB029BD3B11AF80B2004F8C6
:10644000012B0022019B18191044B0423FF6D0AE38
:1064500098F80000009904F8010B204603920FF011
:1064600075FD039A14440AF1010A08F10108C8E70E
:1064700098F8002055F822300093029B009845F8C8
:106480002230FFF77FFA421CDCE76FF00D00B1E627
:106490002DE9F04F97B000AF05468A46C7E90A32AA
:1064A00049B903784678807800EB83002844564544
:1064B00024D8A0EB050AD7F8803095F8028003F0C5
:1064C0000103D7F88040FB61EB78B8F1000F0CBFF7
:1064D000002404F001047B621BB1D7F880309A07D6
:1064E00015D4A4B9FB6A1BB151462846BA6A98472D
:1064F000564630465C37BD46BDE8F08F441C20460A
:10650000FFF740FA013020440AF1010ACFE7D7F83B
:106510008030C3F3C0033B622B78BB619B003B61BF
:106520006B687B61BB6905EB830BFB6A002B77D142
:106530005646D844BCB11C461BF8013B55F8230015
:10654000FFF720FAD7F88430013043B1D7F888300C
:10655000A34282BFD7F8843023F814000134C34526
:106560000644E9D1D846D7F880304FF0000913F03F
:10657000050F0CBF4FF0020B4FF0010B7B6A9945E2
:10658000B7D298F8013008F1020855F823A0AE4BB5
:106590009A45C0F04C81AD4B3A6A9A452CBF002316
:1065A00001230AB318F8021C7869FB620CF0D4F9D5
:1065B000FB6AC8B1EA468AB06A46A54B05937B6977
:1065C000CDE906314FF40073ADF82030A14B42F80D
:1065D000103F00234FF412519F4800F0E9FCD546CC
:1065E000023E09F10109C9E723B1FB6933B9A6EB02
:1065F0000B06F6E7D7F880309B07F2D55046FFF739
:10660000C1F9D7F884304BB1D7F888309C423FBFEE
:10661000D7F88420431C22F8143001340644E0E704
:10662000002C6AD1B8F1000F6DD0D7F88030580730
:106630006CD5C14607F14800424659460FF086FC2A
:1066400000220BEB0803FB600233796A8A425FD3B6
:10665000D7F8802095F801B0F969920704EB0B0395
:1066600048BF0022DBB258BF4FEA5902002940F070
:10667000A680D7F8801011F0040F14BF49460021FE
:106680006B70A970EA702846BA6A3969FB6A984744
:10669000061EFFF62EAFBB6949462B707B6ABA6AAD
:1066A000EB7085F801B0FB6A85F8028007F14800BD
:1066B0009847B0F10009C0F2B6803B697A6A786AFF
:1066C00003EB4201FB68414403EB4000BA6AFB6AFA
:1066D000AAEB010198470028C0F2A7804FF0000BF9
:1066E000B14409EB000607F1380AA34569D300213C
:1066F000BA6A0846FB6A9847FBE644464FF0000931
:1067000007F1380098E74446C14699E7A14697E764
:1067100013F8016CDFF830C155F8260013F8021C9D
:106720006045C0F08A80DFF824C16045386A2CBF1C
:106730004FF0000B4FF0010B38B17869C7E9013217
:106740000CF00AF9D7E90132F0B9BBF1000F1ED005
:10675000F96949B1611C04F1280007F130040419FA
:1067600004F8206CCCB20FE0D7F8801049070BD5A5
:1067700009F1280007F1300C09F1010100EB0C09C7
:1067800009F8106C5FFA81F9013202335DE7D7F83E
:1067900080008007DED409F1280C07F1300EF444A4
:1067A00009F101000CF8101C07F1580109F1020968
:1067B00051FA80F05FFA89F900F8106CE4E70021E3
:1067C0005EE71BF80A3055F8239087F83730D7F882
:1067D00084302BB3D7F888309B4521D2D7F884304A
:1067E00033F81B800121BA6AFB6A07F1370098472A
:1067F00000281ADB0644B8F1000F06D14846FFF71F
:10680000C1F800F101081FFA88F841464846BA6A03
:10681000FB6A9847002808DB06440BF1010B64E78C
:106820004FF00008DEE74E4663E6064661E63B6A47
:10683000002B3FF4DFAE0023B4E6386A0028A6D070
:106840004FF0000B79E700BFA8600A006C9B0A00BC
:10685000BD790A0004000001906C0A00014B186029
:10686000704700BFE002042080B505460E4617467B
:1068700098460AF063FF034601F0C2FA0446DFF8C7
:106880001890424649F8003039463046A84754F837
:10689000090001F04FFA00BF080000002DE9F047A1
:1068A000058B0446280717460CD501290CBF45F077
:1068B000100545F02005258387F31188BFF36F8FFE
:1068C000BDE8F087022905F0070540F094802046D6
:1068D0000CF0E9FA052864D801A353F820F000BFB2
:1068E000B9680900F7690900A36909006569090029
:1068F0007F6909009169090001F007035A1F012A05
:106900001FD8002221F00701062BD4F8008089B29D
:10691000C4E9002209D1434603E0628B013262835D
:106920001B68002BF9D141F00201204621830CF0B5
:10693000BAFA4FF0000900286DD041F02001218300
:1069400069E0042B0AD121F0070189B22046218396
:106950000CF0A9FA10B141F0200121834FF000089A
:10696000C14658E02369D3F80090238B23F0070336
:1069700043F006034FF00008238346464BE02369AB
:10698000D3F80490238B23F0070343F00403F1E7CB
:106990002369D3F80890238B23F0070343F0050302
:1069A000E8E74FF00008C146E7E7012243F008039B
:1069B000238387F31188BFF36F8F002A3BD1B8F18F
:1069C000000F4AD1B9F1000F02D020462C49C84728
:1069D000EFF31187402383F31288BFF36F8F238B6C
:1069E00023F008039BB22383D9063FD523F010027E
:1069F000228303F007056669218B002EBFF67CAF6A
:106A000000239946D4F8008021F00701C4E900333F
:106A100041F001012183238B03F0070AAA4502D02C
:106A2000A268002AC1D1B8F1000F02D1B9F1000F5C
:106A3000DAD00022BAE7A1680029C0D00D68002989
:106A4000BDD03346524620464F68B8471DB12B682B
:106A500029461D46F3E72B46FAE7414633465246A0
:106A60002046D8F800800CF04AFAA8E79A067FF58D
:106A700023AF23F02002228303F0070527E700BF9E
:106A80002B2F0A002DE9F047044607464FF0010975
:106A9000DFF84C8094FAA4F5B5FA85F509FA05F308
:106AA0002E0108EB05156FEA030A24EA03042B7B89
:106AB00063B158F806301B696BB946447368042209
:106AC0002846196807EA0A070CF00DFB002CE1D1F3
:106AD0003846BDE8F087284698470028F6D1ECE70D
:106AE000186D0A0010B5002288B00E490E480FF04C
:106AF00019FA002200230024CDE906230E234FF4C7
:106B00004072CDE90334CDE90144084B08490094B3
:106B100008480AF097FB084906480AF01DFB204682
:106B200008B010BD3D6B090060180420596E0900C3
:106B3000B82E0420981304207C7A0A0001480AF039
:106B400095B800BFFC0604202DE9F0478046214897
:106B50000F460CF0ACFA0646002833D00025284634
:106B6000BDE8F087237B83B12368DB680BB1204647
:106B70009847636883F8069023681B69D3B96368F4
:106B80000422204619680CF0AEFA01361034544540
:106B9000E8D3B8F1000FE2D0002DDFD02846FFF790
:106BA00071FF0546002FF7D0002140F239100FF099
:106BB000C2F8F1E7204698470028E0D009FA06F32A
:106BC0001D43E2E705464FF00109034CDFF80CA036
:106BD000DDE700BFCC270420186D0A00286D0A00ED
:106BE000014B53F82000704754710A0008B5034662
:106BF00008462BB1044A136000F03AFC002008BD9F
:106C00006FF01500FBE700BFE402042010B5044C50
:106C1000237813B903480AF029F80123237010BD23
:106C2000992B0420FC06042010B5044609480CF0FA
:106C30003EFA3CB1084BD3E8EF1F0139C3E8E21F2D
:106C4000002AF8D105480BF0C1F8BDE8104004480F
:106C50000AF00CB8C4270420C827042060180420B8
:106C6000FC0604200022044BD3E8EF0FC3E8E12F19
:106C70000029F9D1704700BFC427042070B5FFF781
:106C8000F1FF0546074C084EB44200D370BD63685F
:106C90005B792BB123685B6813B12946204698477E
:106CA0001034F1E7186D0A00286D0A0010B5044C85
:106CB000044920460BF08CFF034B1C6010BD00BF45
:106CC0002806042040710A00BC27042000230D4A36
:106CD00010B513700C4A0D4913600D4A0D4813602E
:106CE000FFF784FFFFF7E2FF0B4B0C4918468B427E
:106CF00000D310BD1A1A5C681211013222711033D0
:106D0000F5E700BF9A2B0420C427042040420F005F
:106D1000C8270420AB300A00186D0A00286D0A004D
:106D200001460022002301480BF073BF280604200F
:106D300001480CF00AB800BF28060420024B0146A7
:106D400018680CF05DB800BFBC27042001480CF0A7
:106D500092B800BF28060420F8B5284B1B78002BFA
:106D60004AD0FFF7E5FF0446002842D1244B254DC9
:106D70001B68002B19DD0FF08DF84FF47A76A0FB1D
:106D8000060747F61222002306FB0171FBF79EFD62
:106D9000D5E90032C01A40F2E93361EB02019842B2
:106DA00071F1000101D3FFF769FFD5E9003213F556
:106DB0007A7342F10002C5E90032ECB1BDE8F84057
:106DC000FFF7C4BF6B685B7923B12B682146284667
:106DD0001B6898471035B542F4D32046FFF7AEFF45
:106DE000094BD3E8EF1F0139C3E8E21F002ABDD0E9
:106DF000F7E7064D064EEEE70020F8BD992B04207C
:106E0000C427042058180420C8270420186D0A003D
:106E1000286D0A0070B50D4D297861B90120FFF782
:106E200093FE0B4C0B4EB44206D3FFF795FF0028A0
:106E3000FBD101232B7070BD63685B791BB12368A4
:106E400020469B6898471034EDE700BF9A2B04203A
:106E5000186D0A00286D0A0000212DE9F843084644
:106E6000FFF772FE044648B340F21B684FF000097A
:106E700000F0C6FF1A4B1B4A1B58136033B11A4B64
:106E80001B68092B02DD194809F0F0FE0025184F98
:106E900044B12046FFF7F6FD044618B94FF0FF381D
:106EA0004FF0FF39FFF758FF064628B9B5B90F482C
:106EB00042464B4609F00EFF3546E9E74FF0FF38F2
:106EC0004FF0FF39D4E72B689B691BB1002228469D
:106ED000114698471035BD42F5D3E8E7054DFAE76E
:106EE00008000000C0270420C8270420FC06042056
:106EF000286D0A00186D0A0013B518480CF0D7F871
:106F0000174B1B7873B1EFF31184402383F312887E
:106F1000BFF36F8FFFF720FF84F31188BFF36F8FEC
:106F200002B010BD0F4B1B68002BF9D050B90022E6
:106F300000230D48CDE9002347F6122200230AF072
:106F40000DFFEDE70928EBD107480AF03FFF07489E
:106F500002B0BDE8104009F089BE00BFC827042078
:106F60009A2B0420C027042060180420FC0604206B
:106F700010B5064B04461B6898472146A06004489C
:106F80000BF0C4FEBDE81040FFF7B6BFE4020420DA
:106F900028060420044A054B9B1AB1EBD30F34BFDB
:106FA00052F8310000207047306C0A00186D0A005A
:106FB0002DE9F04F8FB0C1F34A2604AF0D4690463D
:106FC000B8607B600C0D002E61D04FF000090A23E1
:106FD0004FF0040B07F1140AFE60C7E90799C7F8E0
:106FE00024900093CDF808B0CDF804A007F11C035D
:106FF0004A464046F968FFF74BFAB0F5006F034682
:107000001CD36C468AB0D8F8041004AB24481A4646
:10701000C3E9050140F2FF71D9614FF40071198491
:10702000204B42F8103F4FF412514B461E48FFF7D9
:10703000BFFFA5462C37BD46BDE8F08FC0F30A065A
:1070400004F11700184420F0070080083B60FFF7A8
:1070500067FE66F35325044680B13B6800F11001DA
:10706000C7E908390A23F961CDE901AB009340462D
:107070000E4AF96807F11C03FFF70AFA66F3532575
:107080002A4620467B68B9680CF04DF8D2E704F137
:10709000170020F007008008FFF742FE0446EDE7E6
:1070A000917A0A0004000001B06C0A00F9300A006D
:1070B0002DE9F04F87B00546DDE9106BDDE9127A66
:1070C000884614469946BFB110213B465A460020D7
:1070D000CDF800A0CDF814A0FFF728F8B0F5006FA8
:1070E00001460BD340F2FF730221184A184807B03B
:1070F000BDE8F04F0CF070B83946384604F007038D
:1071000005F00704E40044EA831444EA402444EA16
:10711000065406F11700084420F007008008039188
:10712000FFF7FEFD054640B13FB13B465A46039985
:10713000CDF800A01030FEF7F9FF4B46224641463D
:10714000284607B0BDE8F04F0BF0EDBFD07A0A003B
:10715000B06C0A00406820B1034BC01A40F3CF0066
:1071600070474FF0FF307047306C0A000EB403B523
:1071700003AB53F8042B01460448019301F074F863
:1071800002B05DF804EB03B0704700BF3B320A0069
:10719000CA0605D48B064CBF02490349FFF7E6BF78
:1071A000704700BF097B0A00087B0A002DE9F04FF9
:1071B00089B098469DF85090159B044606930D465D
:1071C000DDE916A3189F05920493B9F1000F00F0B2
:1071D000B08007F4807307930BF083FF07F0020B76
:1071E0000246002874D020467749FFF7BFFF0646C5
:1071F000BBF1000F08D017F0440F6BD12A46204690
:107200007249FFF7B3FF064407F0010353B1704B17
:10721000204653F829206F4B6F49002A08BF1A46B1
:10722000FFF7A4FF07F48073002B07F0080318BFD3
:107230004FF00008002B79D0684B204653F82920E6
:107240006749FFF793FF0546059B2BB11A46204679
:107250006449FFF78BFF0544B8F1000F05D04246A3
:1072600020466149FFF782FF054460483544069B8C
:107270001BB122465E490BF03EFB049B002B00F045
:107280008E80DDF810803946B8F1100F204628BFF7
:107290004FF010080026FFF77BFFB54250DC0026B8
:1072A000334620461AF803205249FFF75FFF0136A4
:1072B000102E4BD0710703D120464F49FFF756FFE0
:1072C00046453346EDD320464C49FFF74FFFEEE7E6
:1072D00006468DE74A4B1868002894D0494B4FF476
:1072E0007A7B1B684FF03C0CB5FBF3F5B5FBF0F176
:1072F0004FF4616300FB11550BFB05F5B1FBF3F295
:10730000B5FBF0FE03FB121100FB1E55B1FBFCF3B5
:107310000BFB05F5B5FBF0F50CFB131120460091B6
:10732000CDE901E53849FFF721FF6CE707F00805D3
:107330008AE7B8F1010F4D460CBF2C48334896E759
:1073400020462D49FFF712FF0136A6E7002620460A
:107350002F49FFF70BFF33461AF803202046A2F10E
:1073600020035F2B28BF2E222A49FFF7FFFE01369C
:10737000102E0DD0720703D120461F49FFF7F6FEED
:10738000B0453346E8D820461B49FFF7EFFEEEE74D
:10739000049BC244B3EB080304937FF472AFB9F1CA
:1073A000000F0AD0FB0704D520460A4A0A49FFF716
:1073B000DDFE39462046FFF7EBFE204609B0BDE86A
:1073C000F04F0BF02DBF00BF107B0A00147B0A00AA
:1073D00064710A000B7B0A0063850A0078710A0059
:1073E000397B0A003F7B0A00437B0A003B320A00DC
:1073F00069820900487B0A00507B0A004E7B0A0024
:10740000D4270420D02704201D7B0A0069320A00FB
:10741000527B0A00547B0A0042F20F7373B58B4211
:1074200028BF0B4605680446052168460D4A0AF048
:10743000B5FE0646636828460B225B680A490BF0D6
:10744000E1FE63683246694628465B680BF0DAFE67
:1074500063681B2228465B6804490BF0D3FE02B028
:1074600070BD00BF71970A00BD9A0A00A19A0A0078
:1074700000210123064A904206D8064A01B9012399
:107480001360054B18607047012140085B00F2E76C
:1074900040420F00D0270420D4270420F8B50D4621
:1074A0000446064F4618B44201D12846F8BD14F8E8
:1074B000011BBB6801485B689847F4E730620A002B
:1074C000014B036000207047C0710A0010B54FF4F3
:1074D0002814DFF820C086B0CDE904C40824029443
:1074E00004AC0194BDF8204000940DF057F906B0AB
:1074F00010BD00BF1800280008B504480BF04DFA75
:1075000003480BF04AFA002008BD00BF917B0A0037
:10751000C67B0A0008B50348034A0021121A0BF083
:1075200054FF08BD28080420B42E0420074808B5DD
:10753000074A0849121A0BF04AFFBDE808400648FE
:10754000064A0749121A0BF042BF00BF0000042090
:10755000280804206C9B0A0000000420000004207E
:107560006C9B0A002DE9F04706460C4600AF002947
:1075700036D0D1E90012E9468AB06D46A3684FF0D3
:10758000050AE8461F48CDE90723CDE9050148F87B
:1075900010AF002342464FF421511B48FFF708FD6E
:1075A000D4E90312CD466369AD461848C5E90723FF
:1075B000C5E90501C5F810A0002342464FF421514A
:1075C0001148FFF7F5FCCD46E3690121104A0E484A
:1075D0000BF002FEA36901210E4A0B480BF0FCFDE3
:1075E000012E07D1EFF305830B4A31460648103BC5
:1075F0000BF0F2FD2146304608F09CFFBD46BDE889
:10760000F08700BFF37B0A00F06C0A00227C0A00BE
:10761000517C0A00607C0A008E7C0A0030BFFFF7B4
:10762000FDBF00BF2DE9F04105460B4EDFF82C8071
:10763000324606EB0807CC1B204609490EF086FCB3
:10764000A01942460021083C0EF08DFCC5F8AC4064
:1076500007F10800BDE8F081000000000400000010
:107660006C6D0A0010B5244C244925480BF0BCFE73
:10767000A36A99013ED5224822490BF0B5FE1E208F
:10768000A36ADA0104D51E481F490BF0ADFE1F2086
:10769000194CA36ADB0204D519481C490BF0A4FE5F
:1076A0002020A36A1C0304D5154819490BF09CFE41
:1076B0002120114CA36A590304D5114815490BF038
:1076C00093FE2220A36A9A0304D50D4812490BF0B9
:1076D0008BFE2320084CA36ADB0304D508480F491E
:1076E0000BF082FE2420A36A6FEA03436FEA134380
:1076F000A36210BD1D20C3E700ED00E0A17C0A00DD
:10770000F06C0A00B97C0A00CC7C0A00E67C0A0016
:10771000107D0A002E7D0A00537D0A006D7D0A004F
:1077200070B506460D46294C29492A480BF05CFEE7
:10773000A36ADB0647D5274827490BF055FE1120E1
:10774000A36A1C0704D5234824490BF04DFE1220E0
:107750001E4CA36A990712D521491E480BF044FE1E
:10776000636BA26A120609D501211E4A19480BF063
:1077700033FD1EB1A36A23F08003A3621320134CD0
:10778000A36ADE0704D5134817490BF02DFE142019
:10779000A36A9C0604D50F4814490BF025FE15205A
:1077A0000A4B9A6AD10658BF9A6A9A6A920642BFF1
:1077B0005A6A22F400525A629A6A42F0FF029A62AE
:1077C00000232B7070BD1020BAE700BF00ED00E071
:1077D000987D0A00F06C0A00AE7D0A00E17D0A0087
:1077E000F47D0A000C7E0A00227E0A00417E0A0017
:1077F00070B506460D46284C284929480BF0F4FD83
:10780000A36AD9043CD5264826490BF0EDFD172084
:10781000A36A1A0504D5224823490BF0E5FD182078
:107820001D4CA36A9B0512D51D4820490BF0DCFDB9
:10783000A36BA26A100409D501211D4A18480BF058
:10784000CBFC1EB1A36A23F40043A3621920124C9F
:10785000A36A590504D5124816490BF0C5FD1A2034
:10786000A36ADA050ED50E4813490BF0BDFD1B20A7
:10787000094A936A43F47F43936200232B7070BDDF
:107880001620C5E7A36A9B04F2D505480B490BF007
:10789000ABFD1C20ECE700BF00ED00E0707E0A00AD
:1078A000F06C0A00867E0A00E17D0A00977E0A00DD
:1078B000B07E0A00C57E0A00E07E0A00417E0A0012
:1078C0002DE9F0478AB06B4B0446D3F804A08946F3
:1078D0001646002500AFCAF3080885F31188BFF3E8
:1078E0006F8F02F07F43B3F17F4F1ED1D3071CD4BB
:1078F000500603D4110708D4012508E05E495F480B
:107900000BF072FD16F0040600D04C460025002353
:10791000FB71A8F10303092B00F28B80DFE803F071
:107920000781847D8989898989872C46EFE75449B5
:1079300052480BF059FD00234E4EFB71F36A9A0733
:1079400005D550494D480BF04FFD00232DE0F36A5B
:10795000002B01DA4C49F5E7F36A5B00F5D54B499A
:1079600046480BF041FD7369A26943F4807373616B
:10797000BFF34F8FBFF36F8F32F8023C726922F46E
:1079800080727261BFF34F8FBFF36F8F03F47F423A
:10799000B2F55F4F2BD1DBB2022B28D12368012136
:1079A0003B4A36480BF018FC2368FA79DAB907F13C
:1079B000080604F1200C324620686168083403C2CE
:1079C00064451646F7D17A6A002D50D0C2F30801FB
:1079D00021B96FEA52226FEA42227A62184607F111
:1079E0000801FFF7BFFD2837BD46BDE8F087214BF2
:1079F0009A6AD2B222B10120F91DFFF791FE0EE082
:107A00009A6A12F47F4F04D00120F91DFFF7F0FEAF
:107A100005E09B6AB3F5803F97D3FFF723FE03464B
:107A2000C3E70020F91DE8E70020F91DEEE719493A
:107A300088E7194A6E461AF4F87F8AB0174B08BFD8
:107A400013466A461649CDE90513A8F110030793BA
:107A50004FF40073ADF82030124B42F8103F002372
:107A60004FF411510548FFF7A3FAB5466DE76FF3E0
:107A70000802B2E700ED00E0267F0A00F06C0A0081
:107A8000497F0A00607F0A00817F0A008F7F0A0019
:107A9000AE7F0A00CA7F0A00F87E0A000D7F0A0046
:107AA000EE7F0A0004000001044B5A6942F0100204
:107AB0005A615A6922F008025A61704700ED00E0ED
:107AC000EFF30880EFF3098101B57246FFF7F8FE86
:107AD00001BD00BF002080F31488BFF36F8F00202A
:107AE00080F30A8880F30B88104880F30888002010
:107AF0000F49087007F0E4FF00200E490860BFF34B
:107B00004F8F00F02DF8402080F311880A484FF481
:107B10000061401880F30988EFF3148002210843C4
:107B200080F31488BFF36F8F00F09CF85863042033
:107B3000B22E042094ED00E0184A042000231846D9
:107B40000649D1F89020C2F30722934200DB704728
:107B5000C1F89830C1F8A0000133F6E700ED00E06D
:107B600010B572B6002484F31388FFF7E7FF2346AD
:107B70004FF0FF300C4A03F120010133102B42F883
:107B80002100F8D100234FF0FF30074A03F16001D4
:107B90000133102B42F82100F8D162B6BFF34F8FAA
:107BA000BFF36F8F10BD00BF00E100E01EF0040FB7
:107BB0000CBFEFF30880EFF30980816911F8021C14
:107BC0000229FFD001B572460BF003FC01BD00BFD6
:107BD00000B2002807DB01234109034A00F01F001F
:107BE000834042F82130704700E100E000B20028F5
:107BF0000CDB01220649430900F01F0082402033BC
:107C000041F82320BFF34F8FBFF36F8F704700BF42
:107C100000E100E0D30748BF002100B258BF0231A5
:107C20000028ACBF00F16040064A4FEA4113DBB2C6
:107C3000ABBF00F5614000F00F0080F80033135433
:107C4000704700BF14ED00E0044B054A23F07F03AA
:107C50009360BFF34F8FBFF36F8F704700A0080092
:107C600000ED00E008B5FFF7EFFF074AD2F88830D3
:107C700023F47003C2F88830FFF74CFCFFF756FC82
:107C800000F09EF808F07CFD00ED00E04FF43C4170
:107C9000C0F8B81042F8203C009B0B4942F81C3C4D
:107CA000019B21F0010142F8183C029B42F8081C9C
:107CB00042F8143C4FF0807342F8043C0023203A11
:107CC0000265C0F8B03070476968090000B50C4B18
:107CD00015469860D0F8AC200A4B0E461A602C4628
:107CE00086F309880020044B984720460021002293
:107CF0000023024C20470000FF330A006968090096
:107D0000382B0420FC2704201022014B1A617047F5
:107D100000ED00E0054B5A699B689A421FBF044A78
:107D2000536843F080535360704700BF382B0420E2
:107D300000ED00E0084B9B6883420BD1EFF3058315
:107D400043B1064B5A6842F080525A605A6A22F494
:107D500000425A6209F0F8BC382B042000ED00E024
:107D600014498A6882F8B9E04FF030001044EFF30C
:107D7000098C80E8F01F402080F31288BFF36F8FDA
:107D80000D4F4FF000664A698A603E60D2F8AC0041
:107D90000A4C206092F9B9E0D2F8B0000023C2F892
:107DA000B03080F3118802F1300090E8F01F8CF3BE
:107DB00009887047382B042004ED00E0FC270420DC
:107DC000002340210448C2180133B3F5917F82F8A3
:107DD0000013F8D1704700BF00E100E008B5EFF3F1
:107DE0000583064A103B02EBC30152F83300496891
:107DF0008847BDE80840FFF78DBF00BF84620A00D6
:107E00000148006870470000FC2704201FB50121CD
:107E1000094B0A4A0A4800F00FF90023064A039367
:107E2000084B0121019301A8D31A029300F00EF927
:107E300005B05DF804FB00BF00F00720000004203F
:107E40004C720A00280804200A7A0B6810B562F305
:107E500004031C46CB68520923F01F0343EA420384
:107E6000044A43F00103C2F89800C2F89C40C2F8EB
:107E7000A03010BD00ED00E010B50A4BD3F89030F3
:107E8000C3F30723013B984208D901210346064A60
:107E900006480BF0A1F96FF0150010BDFFF7D4FFF5
:107EA000FBE700BF00ED00E005800A00D06C0A008F
:107EB0002DE9F04F8946144606464FF000084F4D15
:107EC00085B0C84527DAD6F804A0BAF1000F44D02F
:107ED000BAF11F0F17D91AF01F0F14D1D6F800B03E
:107EE0001BF01F0F0FD158460BF0ACFA07460AEBF8
:107EF0000B0001380BF0A6FA874210D06FF015077F
:107F00003F4A3B4601E043463E4A01213E480BF0D2
:107F100063F96FF01504204605B0BDE8F08F17F146
:107F2000160FEDD0BC42EBDDC5F89870D5F89C106B
:107F3000C5F89870D5F8A03021F01F0143F01F0B51
:107F4000D6E900321A44994202F1FF3A1AD1D345D8
:107F500007D13146F8B20BF07EFA08F101080C3671
:107F6000AFE73146C5F89870D5F89C30E0B263F3BE
:107F70000402C5F89C200BF06EFA10F1160FC8D061
:107F8000441CEAE7C5F89870D5F8A020013B23F01F
:107F90001F0302F01F021343D3453146E0B2C5F878
:107FA000A030E8D00BF057FA10F1160FB1D0C5F899
:107FB0009870D5F89C209DF808300BF1FF3B62F3D8
:107FC00004038DF80830D5F8A0309DF808205B0830
:107FD00063F347128DF80820D6E90032134400936A
:107FE00023F01F035B44A3EB0A03013023F01F03BC
:107FF0006946C0B20393FFF73FFFBEE700ED00E024
:1080000051800A002B800A00D06C0A000522044B24
:10801000C3F89420BFF34F8FBFF36F8F704700BF3B
:1080200000ED00E0BFF35F8F0022024BC3F8942005
:10803000704700BF00ED00E010B5034C2278FFF759
:1080400037FF207010BD00BF9C2B04202DE9F74F97
:10805000294D8A4606464FF00008AB46274FD045CB
:108060001BDAD6F80490B9F1000F3FD0316808460A
:1080700001910BF0E7F90199044609EB0100013881
:108080000BF0E0F984424FF014021D4B08D002FBC4
:1080900008F36FF015024BF8032003B0BDE8F08F32
:1080A00014F1160F2C60F8D01978A142F5DD02FB0F
:1080B00008B0C7F89840C7F89840D7F89C4000F13E
:1080C0000801007B64F304000871D7F8A0000C7964
:1080D000400860F347140C71D7F89C1021F01F0181
:1080E0006960D7F8A01021F01F01296108F101088B
:1080F00014350C36B3E700BF0028042000ED00E083
:108100009C2B0420F0B55349534DD1F890302C6886
:10811000C3F307239C4287B000F299800020FFF749
:1081200081FF4E4BC1F8C030844216D14C4D01A89E
:108130002C70FFF7C5F9002607464A4CB74213D109
:1081400000202B784349D1F89020C2F307229342B4
:1081500077DBFFF75BFF002046E0696801EB001169
:10816000FFF772FE0130DFE70199300101EB0613E2
:10817000DA682240B2F1807F52D00AD8B2F5001FEF
:1081800034D0B2F5800F3ED0B2F5801F12D0013648
:10819000D4E7B2F1006F43D0B2F1805FF7D15A68F3
:1081A0009B680958013B22F01F00034423F01F0382
:1081B000012032E05A689B680958013B22F01F00F9
:1081C00003440120844623F01F0340EA4C10CDE90C
:1081D00002218DF8100002A928780593FFF74CFEC4
:1081E00000282ADA6FF0150007B0F0BD5A689B68C6
:1081F0000958013B22F01F0003444FF0020C0120FC
:1082000023F01F03E1E75A689B680958013B22F0FD
:108210001F000344062023F01F034FF0000CD4E797
:108220005A689B680958013B22F01F0003444FF035
:10823000030C012023F01F03C7E72B7801332B70B9
:10824000A5E7C1F89830C1F8A00001337BE74FF0F3
:10825000FF30C9E700ED00E058720A00AAFF4400B1
:108260009C2B04200000F0FFF0B587B007460E46B7
:1082700014460021102268461D460DF074FE0223AC
:108280008DF80230054B2A4621466846CDE9047632
:10829000019309F0ADFF07B0F0BD00BF89340A00BB
:1082A00008B5024809F05AFFFEE700BF83800A00C4
:1082B00008B5024B1B689847002008BD142804200D
:1082C000034B044A1860937843F00203937070479D
:1082D000142804200803042008B50649064821F0A4
:1082E0000701C1F1005202F5FE220AF0C3FA002094
:1082F00008BD00BFE79C04201828042070B5416920
:108300000446867A0A4D59B1437ADB0706D4242302
:1083100003FB0653DB691B689B6898470023636176
:108320002420214600FB0650BDE870400DF013BB31
:108330002C0704202422024B02FB0030704700BFB0
:108340002C0704202421827A054B01FB02331A6A90
:108350001B7D801A1B3323F00303B0FBF3F070473F
:108360002C07042038B52424827A064B04FB023300
:10837000DB69D3E901240C601568FFF7E3FF04FB18
:10838000005038BD2C0704202DE9F04385B0054688
:10839000684690461C4603910DF07EFDDDE90067BE
:1083A000EFF31189402383F31288BFF36F8F6B8A39
:1083B000002B41D02A8A9A4225D900220023284640
:1083C00008F022FC0446F0B189F31188BFF36F8FE7
:1083D000039B002B41D032463B4668460DF081FDA1
:1083E0002421A27A254B204601FB0233DB6903A935
:1083F0001B681D68DDE90023A847606170BB20464B
:10840000FFF77CFF24E0698A4B1E6B8289F3118899
:10841000BFF36F8F2B7D2A8A2C6A1B3323F0030353
:10842000521A02FB0344154B154AEB1A9B10534397
:10843000A3722B7DE372CBE789F31188BFF36F8FB3
:1084400023464246284608F0DFFB04460028BFD1F9
:108450000024204605B0BDE8F083636101230025B8
:108460002381039B29466382E27A656004F1180048
:108470000DF079FD63692582E360EAE72C070420AB
:10848000398EE33870B524250C4C00B970BD037AE1
:108490004668002BFAD0013BDBB20372002BF5D10A
:1084A000C3604360837A05FB03439B6913B198471C
:1084B0003046EAE7FFF722FFFAE700BF2C07042067
:1084C000024B034A00201A60704700BFC805042011
:1084D0000020A10748B1054B054A1B68B3FBF2F326
:1084E0005843044B43F0010318477047C805042064
:1084F00040420F00C0700A0070B50B7892B006467B
:108500000C4607AD032B31D8DFE803F0022A2C2EEE
:1085100019492846FDF72EFA05956378174A049302
:10852000A3781E210393E3780AA80293237910AD60
:10853000019363790093A37909F030FE32460AABC8
:108540001C4603CCAC4210605160234602F1080285
:10855000F6D1206810603046A388938012B070BDB9
:108560000749D6E70749D4E70749D2E70A21284651
:10857000064A09F013FECFE7A3800A00C5800A006F
:10858000AA800A00B1800A00BB800A0083900A001A
:108590000E4B402928BF402170B51D460C4C461893
:1085A000B04203F1020304D1002305F8113007485B
:1085B00070BD02781209A25C03F8022C10F8012B9E
:1085C00002F00F02A25C03F8012CE9E79D2B0420C6
:1085D000E39A0A0010B50024094B86B009480393BA
:1085E000CDE904440DF094FA03AB009340F6380251
:1085F0000A230549034808F00BFD204606B010BDCC
:10860000E8800A0098180420B83104200146014887
:1086100008F03EBD9818042030B50378012B11D026
:10862000022B21D06BB90A46144B03F1100453F806
:10863000045BA34242F8045BF9D143881A0A8A70AA
:10864000CB7030BD0A460D4B03F1100453F8045BA8
:10865000A34242F8045BF9D143681A0C180E4A7021
:108660000870C3F30722EAE700F11003013913F899
:108670000129984201F8012FF9D1E2E7F49A0A00A2
:1086800010B50BF024F80DF093FA044608B908F081
:1086900091FF064BD3E8AF3F0BB10A2098471CB9B6
:1086A000BDE8104008F09ABF10BD00BF2428042088
:1086B00038B5044608480AF0F8FE054648B1631E7E
:1086C000DBB21F2B96BF054A0021D15C0C300AF0AB
:1086D0005BFF284638BD00BFE0070420049B0A006A
:1086E000034BD3E8EF2FC3E8E10F0029F9D170471E
:1086F000242804200F2810B50CD80D280CD90A48BE
:108700000AF0D3FE044618B104210C300AF03CFFF5
:10871000204610BD1328F2D009B10448F0E702202A
:10872000BDE81040FFF7C4BF04080420740704200C
:10873000C3681B780221024A02480BF038B800BF18
:1087400000810A00606C0A0038B5C5682B7893B9BF
:10875000B5F801400F21204602F078FBEB78054682
:1087600050B90A4A118831B96FEA04506FEA1050C3
:108770001080074A137038BD4372012102F080FA5D
:108780002846BDE8384002F029BA00BF842B0420F7
:108790001E2C042070B5C3681D78BDB9B3F8016004
:1087A0000F21304602F052FB044638B9012133460E
:1087B000BDE87040064A07480AF0F9BF294602F0B2
:1087C0005FFA2046BDE8704002F008BA70BD00BFF5
:1087D00028810A00606C0A0010B5C3680121B3F853
:1087E0000140204602F032FB38B901212346BDE8A2
:1087F0001040044A04480AF0DABFBDE8104002F015
:10880000EDB900BF4E810A00606C0A0010B501216D
:108810000C300AF0DAFE03780121BDE81040024A6C
:1088200002480AF0C4BF00BF72810A00606C0A00EF
:10883000014610B508480AF03CFE084908480DF00A
:108840003CF9031E06DABDE810400121054A06483E
:108850000AF0ADBF10BD00BFE40104209004042065
:10886000581A042094810A00606C0A0010B5002494
:10887000084B86B0039303AB00934FF462724FF042
:10888000FF3305490548CDE9044408F0C1FB204603
:1088900006B010BDB1810A00F03904207819042017
:1088A00010B5084C0146062294F86F0002F0D6FD80
:1088B00038B994F86F000522BDE81040024902F073
:1088C000CDBD10BDB0000420C99A0A000121024AA2
:1088D00002480AF06ABF00BFC1810A00606C0A004A
:1088E0000B46B0B50D8A00AF04462946D868FFF79D
:1088F0004FFE8AB06A46094BCDE90750CDE90534F1
:1089000040F20243ADF82430054B4FF43251054894
:1089100042F8103F0AF058FFBD46B0BDDB810A00A7
:1089200005000001606C0A0070B5C5680121B5F84A
:108930000160304602F08AFA044638B90121334614
:10894000BDE870400B4A0C480AF031BF2B783BB9A8
:10895000D5F80330C0F89930D5F80730C0F89D300D
:10896000201D4FF480310AF024FF2046BDE87040FE
:1089700002F034B94E810A00606C0A002DE9F84F0C
:10898000D0F80C90018A99F8004000AFA3000133A1
:108990008B425FD96D468AB06A46CDE9073105231F
:1089A0002E484FF42151CDE905042D4842F8103FDF
:1089B0000AF00AFFAD46BD46BDE8F88F01212B46FF
:1089C000284A27480AF0F3FE013699F800309E4203
:1089D000F1DA09EB8603B3F801500F212846B3F80A
:1089E000038002F033FA04460028E7D000F1C00A01
:1089F000B8F1000F06D0656945B901211A4A184837
:108A00000AF0D3FE204602F0E9F8DDE7A2692B6800
:108A100095422046636108BFA36102F005F808F0A3
:108A200025F9C5F800B0236A8BB9C4E90755DAE81F
:108A3000EF3F013BCAE8E23F002AF8D1002120467F
:108A400008F1FF3801F0FCFF1FFA88F8D0E71D603D
:108A50002562ECE70026B346B7E700BFFD810A00B8
:108A6000606C0A0028820A0044820A0037B5044676
:108A7000084602EBC3039A4202D16FF05E0010E099
:108A8000114611F8085BA54211D1038A5178994229
:108A900009D908480121084A00940AF0A7FB6FF0A1
:108AA000150003B030BD536898470020F9E70A4627
:108AB000E1E700BF606C0A005B820A002DE9F04725
:108AC0000C4608F077FDE5682B78022B75D0042B57
:108AD0000AD001213D4A3E480AF069FE2046FFF7D0
:108AE000D1FC6FF015040EE0B4F81080B8F1020F5D
:108AF0000ED84346374A364801210AF058FE204630
:108B0000FFF7C0FC002408F069FD2046BDE8F087AF
:108B100068783E280CD1B8F1030F02D12E4A4346A3
:108B2000E9E7EB78012B01D00A2B46D1032704E0BB
:108B30000AF029FE0746F8073FD504F10C0601218B
:108B40003046D4F814A00AF038FD022130460AF06D
:108B50003CFD814600783E2807D1E3681B78012B55
:108B600001D00A2B06D1032614E00AF00CFEC1073F
:108B700006460FD441F26813184A1949194809F0FA
:108B800019FF002383F31188BFF36F8F0323184667
:108B900002DF0226144A0623214699F800000AF053
:108BA0003AFEB2070DD56369A5EB0A0513FA85F500
:108BB000E560A4F81080BB07A4D52046FFF738FE77
:108BC000A0E72046FFF75EFCF5E700BF23830A001D
:108BD000606C0A007D820A0099820A00B9820A004C
:108BE000ED820A0006830A0008730A0010B501210D
:108BF00004460C300AF0E9FC2146BDE8104002238F
:108C0000014A00780AF007BE38730A0073B53E487F
:108C10000AF064FC0446002873D000F10C052846D5
:108C20000AF0DBFC0228034603D0042847D0374A69
:108C300003E0238A032B05D8354A012135480AF081
:108C4000B6FD13E0042128460AF0BFFCFF2342884A
:108C500006882376238AC6F30B009A42608309D0E4
:108C6000012100922B482C4A0AF0C0FA2046FFF757
:108C700009FC12E00F2102F0E9F8054610B9638BF8
:108C8000264ADAE702F008F921462076320B284618
:108C900001F028FF284601F0A1FF214BD3F8343121
:108CA0007BB3204920480CF008FF031E29DA01217C
:108CB0001E4A184802B0BDE870400AF078BD284648
:108CC00002210AF082FC054600783E2812D00AF004
:108CD0005AFD10F002060DD140F69A43144A154988
:108CE000154809F067FE86F31188BFF36F8F0323E1
:108CF000184602DF04232146104A28780AF08BFD2B
:108D0000B4E702B070BD00BFE4010420CC830A00C8
:108D100037830A00606C0A0058830A007C830A00CB
:108D2000B000042090040420581A042094810A0002
:108D3000B9820A009E830A0006830A0048730A006B
:108D400010B5012104460C300AF03FFC2146BDE875
:108D500010400623014A00780AF05DBD68730A00DE
:108D6000F8B50121044600AF0C300AF02EFC06785D
:108D7000002321463046104AFFF778FE5F3019D1B4
:108D8000258AE0682946FFF703FC6C468AB06A46EC
:108D90000A4BCDE90750CDE9053640F20243ADF864
:108DA0002430074B4FF43251064842F8103F0AF086
:108DB0000BFDA546BD46F8BD98730A00E0830A0086
:108DC00005000001606C0A002DE9F74F0023804682
:108DD00089461746DFF800A1DAE8EF4FCAE8E23F1C
:108DE000002AF9D1264644B9012143463B4A3C4872
:108DF00003B0BDE8F04F0AF0DABC2046FFF7A2FA54
:108E00004FF00C0B374D0BFB0050438843451BD0F4
:108E10002046FFF797FA0BFB00504388012100938F
:108E2000314A43462E480AF0E1F9DAE8EF3FCAE852
:108E3000E26F002AF9D1002B4BD01E46304603B01A
:108E4000BDE8F04FFFF71EBBA74208D020460AF04E
:108E500027FB3A8AF96804F10C000AF08CFB2046E3
:108E6000FFF770FA0C2707FB00504368ABB1B9F16C
:108E7000000F12D12046FFF765FA012107FB0050D1
:108E80004268536803F01F00814010685B0900EBE3
:108E90008300137ACBB10AF08CFC2046FFF752FA1C
:108EA0000C2707FB00508368002BC7D02046FFF734
:108EB00049FA784305F800902046FFF743FA07FB8C
:108EC0000055A86807F0D2FEB8E7C9430AF07FFC56
:108ED000E3E703B0BDE8F08FE001042012840A004C
:108EE000606C0A00282804203A840A0073B5C5681B
:108EF0000121B5F80160304601F0A8FF044640B9F1
:108F0000012133463B4A3C4802B0BDE870400AF0BC
:108F10004EBC2B78061D1A2B19D1C378012B50D1CA
:108F20004FF4804130460AF044FC42040FD4D4F898
:108F30008C3069460093D4F894302046019302F0B7
:108F4000BDFD204602B0BDE8704001F047BE2B7861
:108F5000BBBB40F2E242B5F8033028495343C4F8A2
:108F60008830B5F80520A4F89020B5F80720A4F8BB
:108F70009220A3F5EA520C3A8A4204D90221204AEF
:108F80001D480AF014FCB4F89030B3F5FA7F04D30E
:108F900002211C4A18480AF00AFC40F67641B4F84F
:108FA0009230A3F10A0292B28A4204D90221164AEF
:108FB00011480AF0FCFB6FF4805130460AF007FCC0
:108FC00013E0D6E8AF3FDB04F5D52B78202BF2D1A8
:108FD00094F89830002BEED0013B84F898300B4A7F
:108FE000002304F1400008F07DF8204602F02EF93D
:108FF000A7E700BF4E810A00606C0A0095F03C00B4
:109000006D840A0094840A00BB840A005A6202003C
:10901000B0B53C28044600AF1AD101F02FFA6FF426
:10902000807110300AF0D3FB0020FFF739FC0546B1
:1090300030B90121114A12480AF0B7FBBD46B0BD54
:109040004472002101F01CFE284601F0C7FDF5E73F
:109050006D468AB06A460B4B4FF41251CDE905308C
:10906000094B0748079340F20133ADF82030074B16
:1090700042F8103F0AF0A8FBAD46DFE7E7840A009C
:10908000606C0A0008850A000A7B0A0004000001DF
:10909000054BD3E8AF2F02F00B02D3E8EF1FC3E874
:1090A000E02F0028F9D170478401042010B5C1E9F0
:1090B00000239DF808300C460B72FFF743F90C2291
:1090C000024B02FB00335C6010BD00BF2828042067
:1090D000F8B502460B4610480AF0E7F90446C0B15D
:1090E00004210C300AF036FA2046FFF72BF90C2742
:1090F00000260A4D07FB005046802046FFF722F964
:1091000007FB005086602046FFF71CF907FB00555F
:109110006E602046F8BD00BFBC070420282804204C
:1091200010B5044692B04822684606490CF00EFF7E
:10913000112C9DBF12AB03EB840454F8480C024879
:1091400012B010BD906D0A0024850A00034B014641
:10915000D3F84C0182689268104700BFB000042029
:109160002DE9F04F91B0042100AF4A480AF021FBED
:109170006D4688B06A46484B4FF4E6510593474B1D
:10918000474806934FF40073ADF81C30454B464CEE
:1091900042F8103F0AF018FBAD46E179434B444ECC
:1091A00007F12008012998BF1E4640462146FFF7D7
:1091B000A3F98AB06A463F4BCDF81C80CDE905364D
:1091C0003D4B4FF4235108933C4B354842F8103F38
:1091D0000AF0FAFAA246AD460125394EDFF8E480DE
:1091E000E3790AF1070A9D423BDB94F870506E4622
:1091F0002846FFF795FF8CB06A46B4F87210B4F8B1
:109200007630CDE907514FF40075DFF8BCC0099303
:109210002E4BCDE905C0ADF828504FF4535142F81C
:10922000103F1F480AF0D0FAB54694F871603046F6
:10923000FFF776FF8AB06A46B4F874302449CDE966
:109240000763244BCDE90510ADF824504FF433519A
:10925000134842F8103F0AF0B7FA4437BD46BDE85C
:10926000F08F51463846FFF747F9E9468AB06A461B
:1092700040F20133CDE905650797ADF820304FF492
:109280001351074842F8108F0AF09EFA0135CD4677
:10929000A6E700BF8401042030850A0042850A0049
:1092A000606C0A0003000001B00004200A7B0A0081
:1092B0002C850A0046850A00000201030400000212
:1092C00055850A000400000166850A0006000001B9
:1092D000A4850A00050000010048704722790A00B1
:1092E000014902480CF0E9BB8004042078190420ED
:1092F00070B505460C4639B1CB684A699B1A032BF9
:109300000ED86FF0150509E04FF0FF304FF0FF3138
:10931000FFF7DEFE044618B96FF06805284670BDF9
:109320002046FFF70FF80C22164BA61802FB00335D
:10933000032130465D800AF02FF90580238A012140
:10934000033B837030460AF02FF940F635439D42C7
:109350000FD12046FFF7FAFE05460028DED0012196
:109360000346094A09480AF022FA2046FFF78AF81C
:10937000D4E7214606480CF0E3FA0025FFF7B0FFDA
:10938000CCE700BF28280420CB850A00606C0A00C7
:10939000EC0104202DE9F04784B0804691460C464C
:1093A00000AF71B94FF0FF304FF0FF31FFF790FE83
:1093B000044660B96FF0680528461037BD46BDE821
:1093C000F087887AFEF7B6FF3B4B83426ED10122CD
:1093D000002138460CF0CDFA2046FEF7B3FF0C23EF
:1093E000DFF8D8A003FB00A0876020460AF08CF8C5
:1093F00001464046FFF77CFF054618B12046FFF7BF
:1094000041F8D9E7002338462D4A07F063FC0646A9
:1094100090B14FF4F1732B4A2B492C4809F0CAFA4A
:10942000324641462A4809F0C5FA85F31188BFF350
:109430006F8F0323184602DF2046FEF783FF0C23BD
:1094400058431AF800605EB36D468AB06A46214BF5
:109450000796CDE90538204B4FF43251089340F27E
:109460000243ADF824301D4B1D4842F8103F0AF06E
:10947000ABF92046AD46093EFFF704F8092E0CD89B
:10948000DFE806F0050B0B08170B0B0B0B146FF046
:109490006E0591E76FF00C058EE76FF004058BE722
:1094A000B9F1000FAAD0C9F8004085E76FF01505A3
:1094B00082E76FF00B057FE7BC0704202828042013
:1094C000B4C40400B9820A00ED850A0006830A00CC
:1094D000F6850A003B860A000A7B0A0005000001A7
:1094E000606C0A002DE9F04F8DB000265D4BB0F89E
:1094F0000190198849F47042914204BF1E805A4B72
:1095000000F1040A08BF1E78C37800AF012B08BF22
:10951000564B0546504614BF002493F86F400AF09E
:10952000D2F807F10808514680B34FF0010B4046CE
:109530000AF0BEF8D5F81130C7F80130B5F815308B
:10954000A7F80530EB78012B37D007F1100451460E
:109550002046FEF7D1FF6D4688B06A46444B4FF473
:10956000E251CDE905344FF40073ADF81C30414BA6
:10957000414842F8103F0AF027F91321AD4648460A
:109580000AF07BF93437BD46BDE8F08F20460AF07B
:10959000D9F90346006895F804B0B8609A889B79B9
:1095A0006868A8F8042088F80630BAF804209AF809
:1095B00006303860BA80BB71C4E74046FFF770F9E7
:1095C00004460028C1D00346B5F8012023F8702BCB
:1095D00098F80620B868B8F8041020679A7140F22D
:1095E000E2429980B5F8173053430022C4F888301E
:1095F000B5F81930A4F89030B5F81B30A4F89230C3
:10960000EB786272012BE3701AD187F800B0BA8848
:10961000BB793868A4F87B2084F87D30C4F87700E3
:1096200000F02CFF237A1149C3EBC3035A18CB581F
:10963000C4F87E309388A4F88230937984F884301B
:109640000721204601F01CFB26B10121204666724D
:1096500001F016FB204601F05BFC204601F0BEFA4B
:1096600090E700BF842B04201E2C0420B0000420AF
:109670005A860A0003000001606C0A0000B5C36846
:1096800089B0187820B109B05DF804EBFFF7C0BCD1
:10969000B3F801208DF80000ADF80120DA788DF8DC
:1096A0000320B3F80B20ADF81720B3F80D20ADF868
:1096B0001920B3F80F20ADF81B205A7C8DF81D201F
:1096C000586801901A899B7AADF808208DF80A3005
:1096D000084B68461A689B88CDF80B20ADF80F3010
:1096E000CDF81120ADF81530FFF7FCFE09B05DF89C
:1096F00004FB00BFDD9A0A000022F0B585B01146D8
:1097000040F6034002AFFFF745FE044600285BD158
:10971000FFF7BEFC214641F203003A1DFFF73AFE77
:109720000446002850D17A68B14DD16805F178031C
:10973000D1F80100D1F8051003C31046FEF7A2FED0
:10974000214641F201003A1DFFF724FE044600289D
:109750003AD17868C3685A7885F870205A88A5F895
:1097600072201A7985F87120B3F80720A5F87420C3
:10977000B3F80530A5F87630FEF784FE214641F2B5
:1097800002003A1DFFF706FE0446E8B9D7F804C008
:1097900005F18006DCF80C20531C41323446186871
:1097A0005968083303C493422646F7D16046FEF752
:1097B00069FE95F87C305E060AD401218D4A8E48F8
:1097C00009F0F3FF6FF0120420460C37BD46F0BDE0
:1097D000002142F203003A1DFFF7DCFD0446002899
:1097E000F2D17A68854BD168D1F80100D1F8051023
:1097F00003C31046FEF746FE214642F202003A1D20
:10980000FFF7C8FD04460028DED17E68F468B4F88E
:1098100001309AB292B1E27882B1A5F8FC30E378D7
:10982000032B06D00322022100927348744A09F0E8
:10983000DDFCE278734811460CF09BF83046FEF7E9
:1098400021FE1F2395F87C60A5F8103116F0200644
:1098500019D14FF0FF304FF0FF31FFF739FC0446CC
:10986000002800F0728102210C3009F07EFE0123F5
:10987000214603704670324640F66D40FFF78AFD80
:1098800004460028A0D195F89C301C0712D5002171
:1098900042F21C003A1DFFF77DFD0446002893D1DB
:1098A0007868C368D3F80120D3F80530C5E93823B8
:1098B000FEF7E8FD4FF0FF304FF0FF31FFF708FCF7
:1098C0000446002800F0418108210C3009F04DFECB
:1098D00095F8D83095F8D92013F0020F14BF2F2334
:1098E0000F2312F0090F4FF0000218BF43F400637A
:1098F00003701B0A214643708270C270027142716C
:109900008271C27142F20100FFF744FD0446002853
:109910007FF45AAF95F87C30B5F8FC1098065DD40A
:10992000C9B941F205003A1DFFF734FD044600288D
:109930007FF44AAFB5F8FC307C684BB9E368B3F804
:109940000120A5F8FC209A882E4811460CF011F849
:109950002046FEF797FD4FF0FF304FF0FF31FFF745
:10996000B7FB0446002800F0F08008210C3009F015
:10997000FCFD10230370882300224370022620235D
:1099800021468270C670027142718271C37140F6C5
:109990000140FFF7FFFC044600287FF415AF0146A5
:1099A0003A1D4FF60140FFF7F5FC88B3164A022135
:1099B000114809F0FAFEEB79002B40F0B68000F078
:1099C000A7FC044600287FF4FFAE01F077FE0446B2
:1099D00000287FF4F9AEFFF7C3FBF5E60029BAD102
:1099E00001210A4A044809F0E0FE6FF00404EBE6A6
:1099F000B000042076860A00606C0A00880104200A
:109A00009A860A00B001042003870A00E0860A0053
:109A10007B686E46DC688AB0B4F80130042B96BFD0
:109A2000574A584952F8231002AAD3614FF40073E1
:109A300055481384554BC2E9050142F8103F4FF4D5
:109A40001351534809F0C0FEB4F80120B546022A6C
:109A5000B4F8033049D1052B47D84E4A52F82310A9
:109A60006E468AB002AAD3614FF400734A48138449
:109A7000464BC2E9050142F8103F4FF413514448E8
:109A800009F0A2FEB546637994F806C0032B98BF8F
:109A9000424AB4F80760D4F809006C468CB094BF11
:109AA00052F82310374902AAC2E9073C4FF4007369
:109AB000DFF8ECE093853B4BC2E905E1C2E90960C0
:109AC0004FF4735142F8103F314809F07DFEA5462E
:109AD0007868FEF7D7FC00214FF602403A1DFFF7E9
:109AE00059FC044618B1304A61E72649B8E778685E
:109AF000C368B3F80130A5F8C130FEF7C3FC95F890
:109B0000C1305A077FF557AF21464FF603403A1D43
:109B1000FFF740FC08B1254A49E77868C3685B78DD
:109B200085F8C030FEF7AEFC45E72E78002E7FF4B6
:109B300046AF95F8C1309B061FD54FF0FF304FF070
:109B4000FF31FFF7C5FA044610B96FF068043BE631
:109B500006210C3009F009FDD5F8013021460360DB
:109B6000134B32469B8883804FF60640FFF712FC6A
:109B7000044600283FF423AF26E66FF0850423E671
:109B8000F4720A0024850A0027870A0004000001F5
:109B9000606C0A00DC720A0040870A00CC720A007E
:109BA00058870A000700000185870A00AE870A006F
:109BB000B100042010B5FFF79FFD034B1B6813B1E4
:109BC000BDE81040184710BD4028042073B52A4D49
:109BD0000646D5F84C010BF063FD48B90121274A30
:109BE000274809F0E2FD6FF01204204602B070BD74
:109BF0006FF0020105F1D40009F0E9FD012109F03F
:109C0000D8FD10EA010434D11E4B1E600A4605F54A
:109C100090700BF0AEFE05F59E700BF089FE1A48B1
:109C20000BF076FF6FF007034FF4006217491648F8
:109C3000009407F0EDF91649134807F08DFAD5F8AE
:109C40004C01144983681B689847044630B10121D0
:109C50000346114A0A4809F0AAFDC6E726B902B030
:109C6000BDE87040FFF748BD05F1C40007F0CAF930
:109C7000BBE76FF07704B8E7B0000420D7870A008D
:109C8000606C0A0040280420581A0420783D042003
:109C9000EF870A00BD8A0900F8870A0073B5C36818
:109CA000D9789A781E8842EA0122ADF800205979C5
:109CB0001A79B4B242EA0122ADF80220D9799A7930
:109CC000204642EA0122ADF804201A7A5B7A01218B
:109CD00042EA0323ADF8063001F0B8F8054658B95A
:109CE00001211D4823461D4A09F061FD022120463D
:109CF00009F002FE02B070BD694601F0F3FA38B90E
:109D00001E21204609F0F8FD284600F067FFF1E724
:109D10004FF0FF304FF0FF31FFF7DAF9044600282B
:109D2000F2D00E210C3009F020FC00230680C0F890
:109D30000A30BDF8003021464380BDF802308380F0
:109D4000BDF80430C380BDF80630038142F2200024
:109D5000FFF7CEFAD8E700BF606C0A004E810A0018
:109D600038B5042104460C3009F02FFC0346408826
:109D70005D7818B122461978FFF726F835B1044806
:109D800006F074FFBDE83840FFF7AABA38BD00BF3F
:109D9000D0010420B0B50446032100AF0C3009F017
:109DA00014FCE2680346117840F63542B0F8010031
:109DB000904216D16C468AB06A46104B1048CDE9E5
:109DC0000531104B4FF41251079340F20133ADF8B7
:109DD00020300D4B42F8103F09F0F6FCA546BD4679
:109DE000B0BD1D7810B12246FEF7EEFF002DF6D073
:109DF000064806F03BFFFFF773FAF0E714880A0005
:109E0000606C0A000A7B0A0004000001D0010420F3
:109E100038B507F0CFFB2F4DD5F83C31002B56D08D
:109E20000022002305F5907006F054FF00284ED163
:109E30000022002305F59E7006F0E6FE044668B990
:109E400040F6AA43244A2549254808F0B3FD84F387
:109E50001188BFF36F8F0323184602DFD5F8303126
:109E60005BB101211F4A204809F09FFCD5F8300161
:109E7000FEF708FB0023C5F83031204609F044FB0B
:109E8000C5F830012046FFF761F90346C8B101214A
:109E9000164A154809F08BFC154806F0E7FE2046E7
:109EA000FEF750FA0C22134B02FB0033588818B10E
:109EB00022461F21FEF788FF2046FEF7E3FAFFF750
:109EC0000FFAFFF70DFABDE8384007F087BB01F045
:109ED0002FF8F8E7B0000420B9820A00F4800A00E5
:109EE00006830A004C880A00606C0A00CB850A00D1
:109EF000D001042028280420F8B506460024094D86
:109F0000EF79E3B29F4202D86FF0010007E02946E3
:109F1000304609F00DFD0735631C08B12046F8BD39
:109F20001C46EEE7B000042070B51A4E06223146FA
:109F300005460CF027F838B34FF0FF304FF0FF31F3
:109F4000FFF7C6F8044608B3062229460C3009F08C
:109F500012FB2146002242F20500FFF71BFA0446DD
:109F600048B110F10D0F04D102210B4A0B4809F042
:109F7000E7FC204670BD33462A6843F86929AA8861
:109F8000B280012283F868200024F2E76FF06804B1
:109F9000EFE700BF190104208C890A00686C0A00F1
:109FA00073B504460D4689B12846174909F0C0FC2F
:109FB00060B9164A2968C4EBC4041151A318AA88D1
:109FC0009A80AA799A71002002B070BD6E46304620
:109FD00009F060FB0028F7D13046FFF78DFF00281D
:109FE000F5DA0A4A0098C4EBC4041051B179B0887C
:109FF000A31898809971002DE5D012592A609A888B
:10A00000AA809B79AB71DEE7D09A0A00B0000420E9
:10A0100070B5044629BB38B3264909F089FC18BB42
:10A020002046FFF769FF00283EDA23786BB9224A01
:10A03000D379002B38D120681060A179A088917164
:10A04000012190801846D17170BD012B04D1A379F4
:10A0500003F0C003C02B07D00121184A184809F0AB
:10A060006FFC6FF01500EFE7134DEB79012B1ED05D
:10A0700005F1D403D3E8AF3FDB0707D4002CF0D0C1
:10A0800020460C4909F054FC0028EAD1EE7921461B
:10A09000731C3046EB71FFF783FF08B93046D3E7F6
:10A0A000EB79013BEB71CFE76FF07700CCE76FF016
:10A0B0000B00C9E7D09A0A00B00004209B890A006F
:10A0C000686C0A002DE9F341044640B91A4A02219E
:10A0D0001A4809F035FC002002B0BDE8F0810021EB
:10A0E00041F2090001AAFFF755F9054608B1144AE3
:10A0F000EDE7019E0622D6F80C80124908F101070F
:10A1000038460BF03FFF28B1062238460E490BF0C7
:10A1100039FF18B93046FEF7B5F9DCE7D8F8013059
:10A120003046C4F80130BB882570A4F80530FEF72E
:10A13000A9F90120D0E700BFC9890A00686C0A00AC
:10A14000E2890A00DD9A0A00D79A0A0007B5684634
:10A15000FFF7B8FF044BD87118B169460020FFF72C
:10A160001FFF03B05DF804FBB00004202DE9F041AF
:10A17000304E88B0F179002954D196F8C24014F0DD
:10A18000010411D12C4A02212C4809F0D9FB0024EA
:10A19000F471162500240127F379E0B283422BD80D
:10A1A000002B3FD000203AE06A464FF60940FFF707
:10A1B000F1F808B1224AE6E7DDF800C0DCF80C50FF
:10A1C00095F80180B8F1000F0ED0AB1C02AA123531
:10A1D000174618685968083303C7AB423A46F7D1A7
:10A1E000186838609B88BB806046FEF74BF9B8F171
:10A1F000000FCDD1134AC6E708AB05FB003353F877
:10A20000182C33F8143C6946CDF80120ADF8053020
:10A210008DF80070FFF7C4FE01340028BCD008B0F0
:10A22000BDE8F0810021084608B0BDE8F041FFF725
:10A23000EFBE00BFB0000420008A0A00686C0A006C
:10A240002C8A0A004C8A0A002DE9F0411D460E4670
:10A250001746034648B145B10A0311D54C0708D546
:10A260000121284A284809F06BFB6FF01500BDE872
:10A27000F08109F074FB0028F9D101232B70F6E777
:10A28000B107047824D021492FB1B20603D591F843
:10A29000D820500632D5C4EBC40411F80480B8F1BC
:10A2A000010F09D101341846214409F050FB002860
:10A2B000DDD185F8008002E0B8F1000FF9D02FB1B0
:10A2C000B30642BF2B7843F002032B700020CEE789
:10A2D000720710D50D49C4EBC4040F5D012F07D1DF
:10A2E0000134214409F033FB0028C0D12F70E7E787
:10A2F000002FE5D1FAE709F032FBBEE76FF08500E9
:10A30000B5E700BF758A0A00686C0A00B000042037
:10A3100038B5104DEB7913B10024204638BDFFF756
:10A3200015FF044628B10C4A01210C4809F008FB2E
:10A33000F3E7EB79002BEFD1FFF718FF0446002875
:10A34000F1D1681CFFF7F0FD04460028E5D0044A6F
:10A35000EAE700BFB0000420948A0A00686C0A0093
:10A36000B38A0A002DE9F74F884601904FF0FF317C
:10A370004FF0FF30FEF7ACFE044600284ED02021FF
:10A380000C3009F0F2F800270646002120220BF0DD
:10A39000EAFD3946D8F8005006F1010BD8F8043030
:10A3A0009F4208D3317000222146019803B0BDE8D6
:10A3B000F04FFEF7EFBF6A78881C13181F2B95F833
:10A3C00000C05FFA80F915D9BCF1090FC9F11F026D
:10A3D00001D1002A0CDC0121124A134808F0F3FED7
:10A3E0002046FEF74FF86FF0150003B0BDE8F08F80
:10A3F0004FF0080C5FFA82FA0AF1010E0BF801E047
:10A400000131C9B20BF801C069685844D1440BF05E
:10A410009DFD01375FFA89F10835BFE76FF06800ED
:10A42000E3E700BFD68A0A00306C0A00F7B5CDE931
:10A430000001694642F2080016461D469DF820704C
:10A44000FFF790FF044648B95FB90B4BD3E8EF1F05
:10A4500041F00401C3E8E21F002AF7D1204603B00F
:10A46000F0BD694642F20900CDE90065FFF77AFFC9
:10A470000028EAD00446F1E7D800042000487047DD
:10A48000C80004202DE9F04FD0F8109089B0B9F140
:10A4900000040546934618BF0124DFF8C0A20291CC
:10A4A0000393DAE8AF3F5A0740F17D8146687305B0
:10A4B0000CD56FF01504002240F20110029B934569
:10A4C00040F07A81204609B0BDE8F08FD0F81080C6
:10A4D000B8F1000F01D0B707EBD0A14F2878FB7976
:10A4E0008342E6D9C0EBC00007229E4938440BF0F6
:10A4F00049FD0028DDD0B00706D197F87030082B51
:10A5000002D8AB689F2BD4D916F0300F6DD0B8F1BC
:10A51000000FCED0F1066BD406F46036B6F5603F7E
:10A52000C7D0284609F032FA80460028C1D08E4EA6
:10A53000D6E8AF2FC2F30023D20500F13781CDE971
:10A540000533CDF81B30AB686A68ADF81030EB68A6
:10A5500012F4004FADF8123014BF06230723D003C6
:10A5600048BF03F00503910348BF03F0FB038DF8D8
:10A570001D30DAE8EF3F23F48073CAE8E23F002A97
:10A58000F7D12B7822463B7687F86F306968774899
:10A590000DF11503FFF758FE044600288BD1744BCC
:10A5A000B9F1000F30D02A6911684AF8B31C9188BC
:10A5B000998092799A716B689A0727D0B9F1000F48
:10A5C0002BD013F0100F0CBF012304238DF814308F
:10A5D0002B691A68CDF816209A88ADF81A209B7955
:10A5E0008DF81C304FF000081AE0B8F1000F93D13D
:10A5F000D5E902239A423FF65CAF1F2A7FF659AF96
:10A60000B3F5804F88D954E7564ACDE79B0502D46D
:10A61000039B002B3CD0022300E04B468DF8143006
:10A620004FF0FF304FF0FF31FEF752FD0446002897
:10A6300000F0BF800F2204A90C3008F09CFF2146D7
:10A64000002242F20600FEF7A5FE044600287FF431
:10A6500032AFB9F1000F1FD0686810F0030027D1A6
:10A6600007460121414809F095F90446002845D0E4
:10A670000121404A404808F0A6FD002F3FF41BAFDF
:10A680003846002100F0FCFA384600F0A7FA12E73D
:10A6900003238DF81430A5E75946129B039A0298BC
:10A6A000CDF80080FFF7C2FE04460028D4D002E7B0
:10A6B0003C7E07222B492E4887F86F400BF062FC46
:10A6C00060B920462D4900F049FE074610B96FF0E9
:10A6D0000B04F0E6052100F0D3FAC2E72046244936
:10A6E00000F080FE00287FF4E4AE387E204900F0C0
:10A6F00035FE07460028EAD00621ECE717B13846B8
:10A7000000F06CFA6B689F071FD0D6E8EF3F43F468
:10A710000073C6E8E23F002AF7D1B8F1000F2FD04E
:10A72000D6E8EF3F43F48063C6E8E23F002AF7D162
:10A730006B6858072DD5D6E8EF3F43F48053C6E841
:10A74000E23F002A3FF4B7AEF5E7D6E8EF3F23F447
:10A750000073C6E8E23F002ADFD0F6E78401042058
:10A76000B0000420D09A0A00D8000420C8000420B9
:10A77000D1000420EF8A0A00306C0A00C99A0A004E
:10A78000D6E8EF3F23F48063C6E8E23F002ACFD04B
:10A79000F6E7D6E8EF3F23F48053C6E8E23F002A0D
:10A7A0003FF489AEF5E76FF00A0484E66FF07704B2
:10A7B00081E66FF068047EE61988814204D1596809
:10A7C00011B10978C90702D40132083377E6054987
:10A7D00005480BF0A3F90023044A034806F0B6FC31
:10A7E00070E600BF65A80900E00004201C4E0E00C2
:10A7F00010B5184809F0F4F8174CD4E8AF3FDA0563
:10A80000C3F3002024D5D4E8AF3F9B0517D51349E7
:10A810000722E01F0BF0B6FB0346A4F1280114F851
:10A82000100C93B905220E4900F018FE044630B111
:10A830000021417200F024FA204600F0CFF9BDE873
:10A8400010400021034809F0A5B806222131EBE7AA
:10A8500010BD00BFC8000420D8000420D09A0A0010
:10A86000C99A0A0010B5FFF7C3FF034630B1BDE82F
:10A8700010400221024A034808F0AEBC10BD00BFE0
:10A880000A8B0A00306C0A0070B505460B4B1C6839
:10A8900044B154F8143C143C13B12846697A9847E3
:10A8A0006469F5E7064C074EB44200D370BD2368D7
:10A8B00013B12846697A98471834F5E778280420B8
:10A8C000006C0A00186C0A0010B50446FDF73AFD4A
:10A8D000044901EB0011204608F036FFBDE81040A6
:10A8E000FEF7FEBC44280420002270B50446D1E9DE
:10A8F00001560748C1E901220BF022F83DB131466B
:10A9000020462B46BDE870406FF06D02184770BDC1
:10A910001C07042070B50546002200230E4806F0EF
:10A92000D9F9B8B90D4B1C6834B154F80C3C143C3F
:10A9300003B198476469F7E7094C0A4EB44204D35F
:10A940002846BDE8704006F05DBBA36803B1984798
:10A950001834F3E770BD00BF0C07042078280420EA
:10A96000006C0A00186C0A002DE9F04104464027EB
:10A970000025EFF3118287F31288BFF36F8FE1692F
:10A9800029B1206A0B688142E36108BF236282F328
:10A990001188BFF36F8F71B1D1E901680748C1E930
:10A9A00001550AF0CDFF1EB1002241462046B047B6
:10A9B000FEF796FCDDE7BDE8F08100BF1C07042030
:10A9C00070B50446031DD3E8EF2F42F48061C3E85D
:10A9D000E51F002DF7D151051DD4D3E8AF3FDA03B1
:10A9E00008D5E378BBB9BDE8704002210A4A0B489C
:10A9F00008F0F2BB0A4B93F8D8301B07F1D508F0EA
:10AA000060FF034620B10121064A044808F0E4FB38
:10AA1000A37A072BE5D070BD518B0A00486C0A0061
:10AA2000B0000420308B0A000448B0F8FC3000F578
:10AA30008070002B08BF0020704700BFB0000420CA
:10AA400030B50446FDF7DCF90D460D4A0D4989B0D5
:10AA50000858D2F8C010884205D1204609B0BDE898
:10AA60003040FFF781BF2434214610460BF025F813
:10AA70001DB1694620460BF030F809B030BD00BF6B
:10AA8000F82504200800000038B5002204468A4258
:10AA900002D10024204638BD012004F1C803D3E8C8
:10AAA000EF5F002D04D1C3E8EC0FBCF1000FF6D12D
:10AAB00002D0D0340244EAE7002CEAD0C8220021B8
:10AAC00020460BF050FA04F1400004490BF026F840
:10AAD000034904F124000AF0D4FFDBE7BDB5090007
:10AAE000093A0A00F7B516460D4601210446FFF75C
:10AAF000A7FF012E23D0022E52D123693BB131484A
:10AB00000121314A08F05FFB204608F0A1FF2561D2
:10AB100021690B8A012B53D9CA681288043292B278
:10AB200093424DD343D9012100922648274A08F089
:10AB30005DFB204603B0BDE8F04008F089BF206906
:10AB400040B9234A31461F4808F03DFB204608F033
:10AB50007FFF01E02A8A2AB9284603B0BDE8F04009
:10AB6000FDF790BC018A438A47695B1AC168C91B1B
:10AB70005B1A9A420CD9174A3146124808F023FB57
:10AB800000222046216900F06DFF00232361E3E7E6
:10AB9000E9680C3008F0EFFC2846FDF773FCB7E7D6
:10ABA000012133460C4A074808F016FBCEE7002384
:10ABB00001222046236103B0BDE8F04000F052BFFF
:10ABC00003B0F0BD486C0A006A8B0A00EA8B0A00E9
:10ABD000878B0A00A58B0A00CC8B0A0008B500F110
:10ABE000C803D3E8EF2F013AC3E8E12F0029F8D1D9
:10ABF000AAB90B4B984212D303F1D00290420ED265
:10AC0000C01AD023B0FBF3F203FB120038B9054899
:10AC100006F02CF8BDE80840034806F0F3B908BD7B
:10AC2000381B04200C070420B004042010B504468F
:10AC300008F017FF06F0BEFC104A04F1BC03D2F87E
:10AC4000141161B9C4F8BC10D2F8181159B9C2E98D
:10AC5000453306F0C3FCBDE81040FEF741BB8B4214
:10AC600005D00968EDE70B60C2F81831F1E706F08E
:10AC7000B5FC2046FFF7B2FFEDE700BFB0000420AF
:10AC8000F8B5867A04468E420D4600AF1CD1082ED8
:10AC900098BF544B6C4688B094BF53F82630524B43
:10ACA0006A465249CDE905134FF40073ADF81C30E4
:10ACB0004F4B42F8103F00234FF4E4514D48FCF74E
:10ACC00077F9A546BD46F8BD81720EB908F0C9FEF8
:10ACD000A37A082B00F2828001A252F823F000BF71
:10ACE0002DAD090083AD0900C5AC0900C5AC090054
:10ACF000C5AC0900C5AC0900C5AC090005AD09002B
:10AD0000C5AC09000023C4E90D33E378012BD9D188
:10AD1000A378394A012B08BF032304F1400008BF80
:10AD200084F89830002306F0DDF9CBE7082EC9D867
:10AD3000DFE806F02005171C1C1C1720200004F17A
:10AD4000400528460AF0F6FE01212046FFF778FE6E
:10AD5000204608F07DFE00220023284606F0F6F982
:10AD6000B0E7637A13B12046FFF78EFD2046FFF768
:10AD700035FFA7E72B46214A02211E4808F02CFA8E
:10AD8000A0E7637A3E2B0FD16D4688B06A461C4B14
:10AD9000CDE90534032342F8103F00234FF4C4519A
:10ADA0001448FCF705F9AD46164D05F58076616946
:10ADB00011B9FEF795FA85E7A2690B68914208BFC1
:10ADC000A36120466361FFF78FFDB5F8FC30002BCF
:10ADD00014BF3046002005F049FFE8E70A4A2B4639
:10ADE000CAE700BFAC730A00058C0A000F8C0A008A
:10ADF00003000001486C0A005A620200208C0A001D
:10AE0000378C0A00B00004205E8C0A00F8B50746B3
:10AE100009480D46164608F024FE044650B18378D2
:10AE20001F4203D1BDE8F840FFF7D8BE3146A8471E
:10AE30002046F7E7F8BD00BF381B042000220120A0
:10AE40000149FFF7E3BF00BF453A0A0070B5054668
:10AE50000E480E4608F005FE0446A0B1837A012B89
:10AE600002D0073B012B0CD82388AB4208D1A37832
:10AE70001E4209D102212B46054A064808F0ACF9CA
:10AE80002046FFF7ABFE0024204670BD381B04208F
:10AE90007A8C0A00486C0A00034BC01A034B00115D
:10AEA0005843C0B2704700BF381B0420C54EECC4E5
:10AEB00070B51C46144305460E460DD0FCF7A0FFA6
:10AEC0000E49D1F8C0400E4909588C4206D10221E2
:10AED0000C4A0D4808F077F9002213460B49002D63
:10AEE00014BF2846084608F0E0FA044618B1711D60
:10AEF0000C3008F02FFB204670BD00BFF825042061
:10AF000008000000918C0A00486C0A002C070420FD
:10AF100010B50446054806F075F8204600F0F0FC30
:10AF20002046BDE81040FFF7AFBC00BFA0040420DE
:10AF30002DE9F04F002387B000AFFB607B61BB4B76
:10AF40005A8A3AB1BA4DD5F814413CB91C37BD46BE
:10AF5000BDE8F08F1B68002BF4D1F7E754F8BC393B
:10AF600003B1BC3B0026B34901E01C461346B5F8CB
:10AF7000FC20002A00F05781D5F808214AB904F1D5
:10AF8000BC06002BE2D0D3F8BC20002AEDD0BC3A9E
:10AF9000EBE70A68002AF2D0D4F8A820002AEED005
:10AFA000D4F8AC20002AEAD0D4F8B020002AE6D0A9
:10AFB000A37A072B6AD120469047002866D004F177
:10AFC000C003D3E8AF3F022B60DC204608F049FD08
:10AFD00004460028BAD0A37A072B40F021812046EE
:10AFE000D4F8A830B5F8FC1007F110029847814654
:10AFF000002800F00581B5F8FC203B699A4208D38F
:10B000000146D4F8AC60204607F1140307F10C02A6
:10B01000B0477B69D7F80C803B60B9F81030002B43
:10B0200000F0F8804846D7F810A008F0A3FB78603D
:10B03000002840F0F280B5F8FC30DFF8FCB1002BBE
:10B0400014BF584600200022002305F043FE78B9C3
:10B0500000220023774805F0D7FD064600283BD1A3
:10B06000B5F8FC30002B18BF5E46304605F0FEFDFB
:10B070006FF00B054846FDF705FAB8F1000F00F038
:10B08000AA802A4620463968C047A4E0D4F8BC30DC
:10B0900004F1BC02C6B9D5F81811C5F814318A42BA
:10B0A00001D1C5F8183100232046C4F8BC30D4F8CB
:10B0B000B030984700288ED0A37A072B40F0B0809C
:10B0C0002046FFF7B3FD86E73360D5F818319A4282
:10B0D00008BFC5F81861E6E73B68C0F804808360E4
:10B0E000B5F8FCB00022DA454FF000034FF0000144
:10B0F0004E4898BF1FFA8AFBFDF746F9804650B1CB
:10B10000FDF720F94D4B5A4603EB001349464046E4
:10B1100008F0F5FA8046B5F8FC3094F8C4909A45EA
:10B1200084BF01237B607B689CBF09F102095FFA41
:10B1300089F984F8C43004F1C00ADAE8EF3F01333A
:10B14000CAE8E23F002AF8D100233360A369002B4C
:10B150005AD1C4E90566A378012B58D108F10C0B2C
:10B160000421584608F018FA238809F0FD0943EA3B
:10B1700009330380B8F810300221043B438058465D
:10B1800008F012FA4046FDF7E1FF8146002847D05B
:10B19000DAE8EF3F013BCAE8E23F002AF8D1314646
:10B1A00004F1140008F033FC254A4B4601212548E0
:10B1B00008F012F84046FDF765F920463146FFF7E2
:10B1C00093FBB5F8FC301C48002B08BF002005F0AD
:10B1D0004DFD6FF004056E4688B01B4A0423CDE98F
:10B1E00005256A46079442F8103F4FF4015115486F
:10B1F0000023FBF7DDFE1321B546204608F045FC91
:10B200002046FFF7EBFCA1E61E60A661A3E76FF006
:10B210001509BDE76FF079052CE76FF0040529E704
:10B22000FEF75EF8ECE79368FFDE00BF98070420A6
:10B23000B00004201C070420B0010420442804208E
:10B24000CB850A00486C0A00BA8C0A0040F2E2433F
:10B250002DE9F041D0F888600446B6FBF3F6031DF3
:10B26000B6B2D3E8AF2F920413D5B0F88C20B24217
:10B270000FD8B0F88E20B2420BD3D0E924129142FD
:10B2800007D1D3E8EF1F21F40051C3E8E21F002AE1
:10B29000F7D1114B1D6865B155F8047C143D37B1E9
:10B2A00031462046B4F89230B4F89020B8476D6922
:10B2B000F1E70A4DDFF82880454501D3BDE8F0816C
:10B2C0002F6937B131462046B4F89230B4F8902057
:10B2D000B8471835F0E700BF78280420006C0A0052
:10B2E000186C0A002DE9F041074608460D4608F0A3
:10B2F000A0FA064618B900263046BDE8F081144B86
:10B300001C6884B154F8083C143C0BB96469F8E734
:10B310002946384698470028EDD0284608F089FA93
:10B320000028F3D1E7E70B4CDFF82C804445E3D24B
:10B33000E3680BB91834F9E72946384698470028DE
:10B34000D9D0284608F075FA0028F3D1D3E700BF1A
:10B3500078280420006C0A00186C0A0038B50546ED
:10B360000C460E480121FFF78FFBB0B10572236830
:10B370000367A388A0F87430A37980F8763001239E
:10B380008370074BC0F8A830064BC0F8AC30064BB2
:10B39000C0F8B030054BC0F88C3038BD381B0420E5
:10B3A00001B80900F3390A00E7390A00180028003B
:10B3B00070B505460A480E4608F053FB044620B116
:10B3C0008378012B04D0FFF709FC0024204670BDD0
:10B3D0003246294608F079FB0028F7D12046F2E7EB
:10B3E000381B0420F0B589B000AF0D46FFF7E0FF31
:10B3F000044618B329463846FDF77EF8A37A6D4611
:10B40000082B98BF0F4A8AB094BF52F823300E4BD6
:10B410006A46CDE907730D4B0D4909930D4BCDE9F4
:10B42000051442F8103F00234FF442510A48FBF73D
:10B43000BFFD2046AD46FFF7D1FB01202437BD46B6
:10B44000F0BD00BFAC730A00058C0A0001030204C2
:10B45000DD8C0A0005000002486C0A00F8B50546BC
:10B460000E480E46174608F0FCFA044620B18378D1
:10B47000012B03D0FFF7B2FB00240DE036B13246BA
:10B48000294608F022FB08B92046F3E7A37ABB421D
:10B49000FAD1237AAB42F7D12046F8BD381B0420FD
:10B4A00070B58B780646012B0C4692B042D191F8CC
:10B4B000703007AD032B37D8DFE803F002303234A9
:10B4C0001E492846FAF756FA059594F871301E2160
:10B4D000049394F872301A4A039394F873300AA8CC
:10B4E000029394F87430019394F87530009394F8B3
:10B4F000763006F053FE32460AAB10AD1C4603CC44
:10B50000AC4210605160234602F10802F6D1206877
:10B5100010603046A388938012B070BD0949D0E70F
:10B520000949CEE70949CCE70A212846084A06F02E
:10B5300035FEC9E700238DF82830DCE7A3800A0038
:10B54000C5800A00AA800A00B1800A00BB800A00F8
:10B5500083900A0038B5044608460D4608F069F99C
:10B5600038B3154B93F8D830990707D4E37873B103
:10B5700029462046BDE8384000F0A0BA94F899303A
:10B580009A07F3D5231DD3E8AF3F5B04EED42946D9
:10B59000204608F0BAFA58B92B88A4F88C306B888A
:10B5A000A4F88E30AB88A4F89430EB88A4F89630D9
:10B5B00038BD6FF01500FBE7B0000420F7B510F8B8
:10B5C000363C0446A0F140060BBB304608F0F0FACA
:10B5D000334B1D684DB155F8103C143D1BB130463E
:10B5E00014F8371C98476D69F4E72E4D2E4FBD4275
:10B5F00005D3304603B0BDE8F040FFF7EFBA6B6803
:10B600001BB1304614F8371C98471835EFE710F88F
:10B610003E3C012B25D1A0F13C05D5E8EF3F23F4BA
:10B620000052C5E8E12F0029F7D1990421D5E36C38
:10B6300069460093636D30460193FFF78BFF034625
:10B6400088B9D5E8EF3F23F48053C5E8E23F002AEC
:10B65000F7D1D5E8EF3F43F40063C5E8E23F002AA5
:10B66000F7D103B0F0BD114A0221114807F0B4FD33
:10B67000EFE74FF428130F4A69463046CDE900231F
:10B68000FFF768FF034640B9D5E8EF3F43F4805326
:10B69000C5E8E23F002ADCD0F6E7074AE4E700BF4E
:10B6A00078280420006C0A00186C0A00168D0A0025
:10B6B000486C0A00180028003B8D0A0010B50E489F
:10B6C0000AF036F90D490C480AF03AF90C490A48D3
:10B6D0000AF036F90B4908480AF032F908F093FEEF
:10B6E00002F0CCF9044628B909F096F9044608B9E5
:10B6F00008F005FB204610BD1C0704205428042038
:10B70000602804206C28042003460121014A0248D5
:10B7100007F062BDEE8D0A00706C0A0080B500AFC4
:10B7200088B06A46074BCDE90530032342F8103F45
:10B7300000234FF4C2510448FBF73AFC6FF00B00B2
:10B74000BD4680BD168E0A00706C0A0008B5064A18
:10B75000136823B90548506018460A6008BDFFF712
:10B76000DDFF6FF00B00F9E780280420F8730A0072
:10B7700070B5044652EA030008D0FCF741FB074DC0
:10B78000074ED5F8C0503058854201D100221346EB
:10B790002046BDE870400431FFF78ABBF82504203D
:10B7A0000800000073B5054618462B680BB39B7A5A
:10B7B000072B1ED1002A0CBF012302230E7A9E42C2
:10B7C00009DD01210C4A0D48009607F00FFD6FF0CE
:10B7D000150002B070BDCB7A072BF8D9C8618A6119
:10B7E00005F130000AF0ACF8284608F0B8F900205E
:10B7F000EFE76FF07F00ECE73D8E0A00706C0A0007
:10B800002DE9F84F88469146D0F8B44000AF44B1D6
:10B81000403C236B63B92068B43008F0BFF9246C56
:10B82000F5E7FDF75DFD00263046BD46BDE8F88F23
:10B8300004F1300A50460AF098F805460028F0D086
:10B8400007F098FF80B16C4688B06A46294BCDE975
:10B850000535032342F8103F00234FF4C251264818
:10B86000FBF7A6FBA546DEE7284607F04DFE656C14
:10B8700006469DB9A38C058A403B9BB23F2B03D85B
:10B88000238D9D4228BF1D46042106F10C0007F0C0
:10B8900083FE0580A38C04354380656445451FD82D
:10B8A000B6F810B0AB4506D100220023504605F093
:10B8B000ABF9FCF7E7FDA38CA3F140023F2A06D8C1
:10B8C000AB451ABF002213460C4AF361B2612068EF
:10B8D000B43008F063F9236B13B1204608F03FF948
:10B8E000636C98452CBF0021A3EB0801C9F8003018
:10B8F000616499E75D8E0A00706C0A00B13C0A0031
:10B90000F7B504460026234D234FBD4201D303B0B3
:10B91000F0BD2988204608F0C2F96B68019001A9A2
:10B9200020469847002830DB019B2A889A829A8417
:10B9300003F11002D2E8EF1FC2E8E06F0028F9D14E
:10B940001E645E649E60A16B03F10802F9B9C4E94C
:10B950000D221C60DE6003F1300009F0E9FF019860
:10B9600043681B6803B19847019B1033D3E8EF1F6E
:10B9700041F00101C3E8E21F002AF7D101984368B2
:10B98000DB6913B100F1100198470835BDE70A6083
:10B99000A263DEE7E86B0A00006C0A0073B50D468F
:10B9A0000646042105F10C0007F00FFE2B8A4288A1
:10B9B00004469A4207D000921C4A01211C4807F015
:10B9C00015FC02B070BD43783BB90121194A1848F3
:10B9D00002B0BDE8704007F0F6BB0378012BF0D051
:10B9E000132B06D1022AECD0022300931346124AED
:10B9F000E3E70221114A0E4807F0EEFB61780222CC
:10BA00000120356808F031F904460028D9D0022118
:10BA10000C3007F0AAFD002321460370437028462E
:10BA200002B0BDE8704008F050B900BF758E0A0042
:10BA3000706C0A00968E0A00B78E0A00E28E0A0029
:10BA400008B50B8A032B06D80121044A044807F0E5
:10BA5000BAFB002008BDFFF7A1FFFAE70A8F0A0032
:10BA6000706C0A0038B50B8A0546032B0C4609D8C2
:10BA700001210F4A0F4807F0A6FB2046BDE83840D9
:10BA8000FCF700BD042104F10C0007F09EFD418885
:10BA9000284608F02BF930B9074A0B460548022121
:10BAA00007F09AFBE9E7436821465B699847E4E7BA
:10BAB000288F0A00706C0A00458F0A0070B5134A7F
:10BAC0000C4613780646013313F0FF010ABF012329
:10BAD0000B46194613701220082208F0C6F80546D6
:10BAE00088B108210C3007F040FD228829460280E9
:10BAF00062884280A2888280E288C2803046BDE8A7
:10BB0000704008F0E2B86FF00B0070BD1F2C0420ED
:10BB100023281FD81A2804D8431E182B0ED9062014
:10BB20007047A0F11B03082B1ED8DFE803F0051DAA
:10BB30001B231D19251D05000320704701230F4AF3
:10BB400083401A40C2B90E4A1A40002A0CBF062090
:10BB50000120704700F07F03522B05D10020704771
:10BB6000012070470520704710F0400F14BF0020DF
:10BB7000062070470420704702207047AAAA8A0254
:10BB8000545545012DE9F74F064608460C46FCF78B
:10BB9000D9FB182343432D4F0546FA1891680191AC
:10BBA000E16806F14C00D0E8AF0FC0070AD40121CC
:10BBB000274A284808F0C6F86FF01509484603B030
:10BBC000BDE8F08FE068007810710022FA500B7821
:10BBD000D22B0FD133682146186808F01AFF81462E
:10BBE00040B101211C4A1B4808F0ACF82046FCF784
:10BBF00049FCE3E7182303FB0573D4F80C80D4F861
:10BC000014B0B4F810A09E60002321461A46301DDF
:10BC1000FFF7C8FD81460028D0D010F1690F04D18C
:10BC200001210E4A0B4808F08DF86269A8EB0B0859
:10BC300012FA88F2E26018225543019B7A19A4F89F
:10BC400010A0936047F80590B8E700BFD028042003
:10BC5000818F0A00386C0A009B8F0A00AE8F0A00A1
:10BC600008B5EFF31181402383F31288BFF36F8F80
:10BC7000002303600F4B5A68C2B9C3E9000081F387
:10BC80001188BFF36F8F0C4805F0BCF9031E0CDA66
:10BC900001210A4A0A4807F09FFA002383F311881A
:10BCA000BFF36F8F0323184602DF08BD1060586092
:10BCB000E5E700BFC8280420E8040420D18F0A006B
:10BCC000386C0A00011F014809F043BD80060420BA
:10BCD0000121024A024808F035B800BFFA8F0A0075
:10BCE000386C0A0010B5044600F14803D3E8EF1F92
:10BCF00041F00101C3E8E21F002AF7D1201F08F03C
:10BD0000F5F804F16400044909F008FF2068BDE873
:10BD1000104001F05FBE00BFCDCC090073B50E46E8
:10BD2000438D418B01328B4228BF0B469A42054618
:10BD300009D9022100921D481D4A07F057FA002434
:10BD4000204602B070BD3046FFF7E2FE6FF01403EC
:10BD5000034113F0010310D0FCF752F8154B1958AA
:10BD6000154BD3F8C03099421DD0144B1B685A1A9A
:10BD700018BF4FF0FF32134600E0114A002111486E
:10BD8000FFF7F6FC04460028DAD0FCF7DBFA1822AD
:10BD90000D4B012102FB003304F10C009D6007F004
:10BDA000E4FB0670CCE70022E5E700BF386C0A0030
:10BDB00017900A0008000000F82504201829042024
:10BDC0001C4E0E0050070420D0280420F0B51D465C
:10BDD00003680E460039044618BF012187B0186871
:10BDE000174608F09CFD40B904F14C0008F0E6F855
:10BDF000002846D0002007B0F0BD002D43D0182207
:10BE0000002168460AF0AFF86FB1002213212046E6
:10BE1000FFF784FF019030B91C4801211C4A07F04C
:10BE200091FF1120E7E7236829461B682846009305
:10BE30000023ADF812300C9B164A0393BDF8343042
:10BE40008DF80860ADF8103001238DF814306B4682
:10BE500008F090F89DF8143063B1002FCAD0019813
:10BE6000FCF710FB2A46314620469DF8143008F0B6
:10BE7000B0F8BFE701990029BCD0204607F0CCFFFD
:10BE8000B8E71220B7E70120B5E700BF386C0A0019
:10BE90003C900A00A73D0A002DE9F3410B8A0446B5
:10BEA0000D4643B90121294A294807F04BFF0020DC
:10BEB00002B0BDE8F0810768012105F10C0007F030
:10BEC00084FBBB7A0646072BF1D154F8043C002BC7
:10BED000EDD0002203781F4F043C17F832004FEAE0
:10BEE000C208984207EBC20114D12A8A48789042CE
:10BEF00026D90121009316481346174A07F076F910
:10BF000004234744BA78012AD1D1002BCFD0002294
:10BF1000317811E001320C2ADFD1104A02210C489D
:10BF200007F05AF931780846FFF7F2FD2122C240A6
:10BF300012F00102BBD10623204608F04AF8B6E70A
:10BF40004B682046294698470346DAE755900A0091
:10BF5000386C0A0020740A008A900A0070900A0067
:10BF6000F8B5124A0746002311480D4607F09DFA1E
:10BF7000044638B901212B460E4A0F4807F02CF928
:10BF80002046F8BD00F10C060921304607F0E2FA20
:10BF90002046FCF7D7F91822084B012102FB003399
:10BFA00030469F6007F0E1FA0570E9E71C4E0E008D
:10BFB00050070420EE8D0A00386C0A00D0280420B7
:10BFC0002DE9F0410E8A0446043EF6B2022E0846E0
:10BFD0008CB001D0102E64D104210C3007F0F5FA9A
:10BFE0000DF1080805884788011D3246404607F0D4
:10BFF00031FB002857D0A5B300268FB3AF4230D312
:10C000004FF42053404601A98DF80460ADF8063086
:10C0100007F0F3FA48BB1422002107A809F0A3FF98
:10C0200011212046FFF79CFF0990002837D00121FD
:10C030000C30CDE9074807F098FA00230A903946FA
:10C0400003701A4A0B93284607AB07F093FFDDE90C
:10C0500009131B78FBB90846FCF714FA0A2301E020
:10C060003D4601232A4610210EE042F601034046D8
:10C0700007A98DF81C60ADF81E3007F0BEFA002845
:10C08000C9D010232A461946204607F0A2FF0020F7
:10C090000CB0BDE8F081204607F0BEFEF7E71120A6
:10C0A000F6E70420F4E70E20F2E700BF05C609001A
:10C0B0002DE9FF41036804460D461868012108F088
:10C0C0002EFC40B904F14C0007F078FFA0BB122011
:10C0D00004B0BDE8F08110220021684609F043FF5A
:10C0E00021212046FFF73CFF029038B34FF00108B2
:10C0F000009405F10C072B8A012B04D820460299E5
:10C1000007F08AFE18E0384607F06FFA6B460146E2
:10C110000B4A06468DF80C8007F02CFF9DF80C307A
:10C12000002BE8D00298FCF7ADF9324620212046DA
:10C130009DF80C3007F04DFF0020C9E71120C7E73C
:10C1400025420A002DE9FF41036804460D461868A0
:10C15000012108F0E4FB40B904F14C0007F02EFF88
:10C16000A0BB122004B0BDE8F08110220021684677
:10C1700009F0F9FE0F212046FFF7F2FE029038B3D6
:10C180004FF00108009405F10C072B8A012B04D80D
:10C190002046029907F040FE18E0384607F025FADD
:10C1A0006B4601460B4A06468DF80C8007F0E2FE0E
:10C1B0009DF80C30002BE8D00298FCF763F932466A
:10C1C0000E2120469DF80C3007F003FF0020C9E740
:10C1D0001120C7E7A9420A00F0B51D4603680446CE
:10C1E0000E4685B001211868174608F098FB38B94B
:10C1F00004F14C0007F0E2FE50BB122005B0F0BD88
:10C2000065B310220021684609F0ADFE394620468C
:10C21000FFF7A6FE029018B3BDF828302946ADF806
:10C220000430012328468DF80C300E4A6B460094EA
:10C2300007F0A0FE9DF80C3002995BB10846FCF7B0
:10C2400021F92A46314620469DF80C3007F0C1FE00
:10C250000020D3E7204607F0DFFDF9E70120CDE716
:10C260001120CBE7A9420A002DE9F0410E8A0446CD
:10C27000043EF6B2022E08468CB001D0102E76D1C4
:10C2800004210C3007F0A1F90DF104080588478856
:10C29000011D3246404607F0DDF9002869D085B31C
:10C2A00077B3BD422DD80121606808F038FB0646FF
:10C2B00078BB42F602038DF8000069464046ADF8AF
:10C2C000023007F09AF920B342F60303404606A96C
:10C2D0008DF81860ADF81A3007F08FF9C8B1012D4C
:10C2E00003D14FF6FF739F4213D004F14C0007F0C7
:10C2F00065FE002814BF002012200CB0BDE8F081BC
:10C300003D4601232A460821204607F062FE002010
:10C31000F3E7182200210DEB020009F024FE0921A9
:10C320002046FFF71DFE0890F8B101210C30CDE941
:10C33000064807F01AF90023099003700A233946CA
:10C340008DF82C30284606AB0B4A07F013FE9DF8FB
:10C350002C3008992BB10846FCF794F89DF82C3046
:10C36000D0E7204607F058FDD1E71120C5E70420AB
:10C37000C3E70E20C1E700BFBDC609002DE9F043A9
:10C380000F460446062187B007F10C0007F01DF99F
:10C390000588EDB1B0F80280B8F1000F17D045451F
:10C3A00016D8002382888DF800308DF804304FF4C1
:10C3B0002053684601A9D7F80C90ADF80220ADF8DB
:10C3C000063007F01AF9064660B10A2301E0454637
:10C3D00001232A460621204607F0FBFD002007B076
:10C3E000BDE8F0830146142201A83F7C09F0BBFDA3
:10C3F00007212046FFF7B4FD0290D8B10A23414639
:10C400008DF81530284601AB0B4ACDE9036901943C
:10C410008DF8147007F0AEFD9DF8153002992BB120
:10C420000846FCF72FF89DF81530D2E7204607F0B4
:10C43000F3FCD3E71120D2E7A9C409007FB5CB688C
:10C4400004461D888DB15E8876B1B5420DD81022A4
:10C450000021684609F087FD05212046FFF780FD91
:10C46000019058B9112007E0354601232A460421DE
:10C47000204607F0AEFD002004B070BD6B4631468B
:10C480002846084A009407F075FDDDE9011323B939
:10C490000846FBF7F7FF0A23E8E7204607F0BCFC55
:10C4A000E9E700BF353E0A002DE9F04342F60103FB
:10C4B000002591B0D2F8008006460F4600680BA90F
:10C4C000D8F8049014468DF82C50ADF82E3007F0B3
:10C4D00094F800286DD04FF4205330680BA98DF8E4
:10C4E0002C50ADF82E3007F088F838B1A3681BB196
:10C4F0005A88BA4200D25F80012010E06168084685
:10C5000007F008FCB8F82A20B8F81A309A4294BF0D
:10C51000C0EB0200C0EB0300032803D8002011B0D9
:10C52000BDE8F083084606F0F3FF0546616808465B
:10C5300007F0F0FB6B8A2A8AA3EB020C6B69EA68AE
:10C54000D21AACEB0203B8F82AC0B8F81A20944506
:10C5500094BFC0EB0C00C0EB0200834228BF03462F
:10C560006BB9887AFBF7E6FE0022002306F09DFFF8
:10C5700005460028D2D00146606806F0DAFF0023A5
:10C5800000933146D6F804801023484602AAC047DB
:10C59000061E0EDB227CE068964227D001460BA8DF
:10C5A00007F058F840B9237C134A0221134806F0DB
:10C5B00013FE0023A3609FE7F2B202A906A807F0CA
:10C5C00049F810B90E4A3346EFE706A90BA807F061
:10C5D00014F80028EDD100230421637405F10C0048
:10C5E00006F0C3FFA0600780A36884E7324602A973
:10C5F00009F0C8FCEDE700BFA9900A00386C0A00FA
:10C60000C8900A002DE9FF414FF000084FF4205375
:10C6100005460E46006802A9144617688DF8088082
:10C62000ADF80A3006F0E9FFA0B142F60103286830
:10C6300003A98DF80C80ADF80E3006F0DEFF48B18E
:10C6400023691BB15A88B24200D25E80012004B037
:10C65000BDE8F0816168286806F0CFFF10B10023C3
:10C660002361F3E7E368A0681A786AB1B7F81AC0E3
:10C67000798D038A8C4594BFC3EB0C03C3EB010394
:10C68000934201DA0020E2E704210C3006F06DFF4E
:10C6900020610680236929465E80074B0194009340
:10C6A00038460023A26807F034FD0028EADB206941
:10C6B000003818BF0120CAE7553F0A002DE9F347AB
:10C6C000176805468946006851681446D7F804A0E3
:10C6D00006F093FF804600284BD19522294650460C
:10C6E00008F0CAF80646207540B1E3681B780BB124
:10C6F00084F81480002002B0BDE8F0872946504637
:10C7000008F04AF910B908232375F3E7A0682675E5
:10C7100006F0FEFE02210C3006F027FF164B2061CA
:10C72000A0F8009000930194334629463846A26849
:10C7300007F0EFFC002807DA10F1FF0F32BF0E20E0
:10C740004042C0B22075D5E72369002BD2D0A06843
:10C7500007F0E0FA7B8D7A8B9A4294BFC0EB02001F
:10C76000C0EB0300E3681B78984294BF00200120CF
:10C77000C1E70120BFE700BF253D0A002DE9F041D8
:10C7800082B000AF044688460022002339463B4869
:10C7900004F080F80546B0B16D4688B06A46384B63
:10C7A000CDE90534032342F8103F00234FF4C25172
:10C7B0003448FAF7FDFBAD466FF00B0630460837FC
:10C7C000BD46BDE8F081FBF71BFB2F4B29461A58ED
:10C7D0002E4B38681A60242209F0C5FB3B68002202
:10C7E0001C603C680023C4E90155C4E9075528488A
:10C7F000391D7D6004F04EF8064688B123686C460A
:10C8000088B06A462349CDE90513032342F8103F57
:10C810004FF4C4512B461B48FAF7CAFBA546CBE799
:10C820000146A022786809F09EFB78681A4B836065
:10C83000543009F07DF87B684C33D3E8EF2FC3E820
:10C84000E16F0029F9D17B681C60E3697D681BB941
:10C8500004F10C0009F06CF8E26905F19803C5F8E1
:10C860009820226AE36102B9236217227B685A8505
:10C870005A830433C8F80030A0E700BF64060420E0
:10C88000E7900A00386C0A0008000000182904200C
:10C89000800604200C910A00C004042008B5837AA5
:10C8A000072B06D002210C4A0C4807F04BFA002057
:10C8B00008BD042107F01AFA10B9094A0121F3E76B
:10C8C00000F14803D3E8AF3FDB0701D4054AF5E7A1
:10C8D00050F8040CECE700BF31910A00386C0A00F4
:10C8E0003F910A00818F0A002DE9F04F85B000AF1B
:10C8F000B860EFF31188402383F31288BFF36F8F82
:10C90000584C204607F0FCF92668054688F3118844
:10C91000BFF36F8F00285FD0FBF714FD182202FBD6
:10C9200000F35149C81851F803A003690021D0E968
:10C930000248FB6090F80490B0F806B009F013FBD1
:10C94000A87AFBF7F7FC6969034659B16A7AD00700
:10C9500006D4DA69284612687B60926890477B6843
:10C9600000226A612946184608F0F5FFB9F1000F68
:10C970000DD064B1236853B11B6843B1BAF1000F05
:10C980002ED001215346394A394806F025FC1EB302
:10C990000020B96809F091F800281DDA6C468AB0C9
:10C9A0006A46344B0593344BCDE906304FF400739F
:10C9B000ADF82030314B42F8103F00234FF41151B5
:10C9C0002B48FAF7F5FA0023A54683F31188BFF345
:10C9D0006F8F0323184602DF1437BD46BDE8F08F82
:10C9E000201D07F091FC4846FFF792F80528CED8A5
:10C9F00001A353F820F000BF3DCA090011CA090085
:10CA00008FC909003DCA09008FC9090011CA090070
:10CA100004F14C03D3E8AF3FDA0705D40121184AEB
:10CA2000134807F08FF9B2E7236D002BAFD0002336
:10CA3000144A04F1680004F089FBA8E754F84C3B61
:10CA40001D68D4E8AF3FDB07E8D5B8F1000F9ED0F2
:10CA5000002403E02846F968C0470134A3B29B458F
:10CA6000F8D894E7C8280420D02804205A910A0056
:10CA7000386C0A0079910A00249B0A000400000126
:10CA8000818F0A001C4E0E00F8B50F461646FFF7C0
:10CA900005FFB0B1C46920461CB150F8984904B1F3
:10CAA000983C731C194638B1428B458DAA4228BF69
:10CAB0002A469A4207D264B902210A4A0A4806F075
:10CAC0008BFB0020F8BD32463946BDE8F840FFF741
:10CAD00025B9D4F8985005B1983D20460B462C4610
:10CAE000E2E700BF94910A00386C0A0007B50B46D4
:10CAF00000210246FBF784F901910E4909580E48BE
:10CB00000068884204D00D48D0F8C000884201D1A6
:10CB10000022134601A90A4803F0BCFE014638B9B9
:10CB20001022019809F01FFA019803B05DF804FB88
:10CB30000020FAE70800000018290420F825042046
:10CB4000B806042010B50446806818B1FBF79AFCBB
:10CB50000023A3602146BDE81040014808F0F9BD5C
:10CB6000B80604202DE9F743044668300F46904686
:10CB70001E4608F0DFFF206D50B90221144A154807
:10CB800007F0E0F8204603B0BDE8F04300F086B8B7
:10CB9000114B98424FF0000317D045684360206D59
:10CBA000D0F80C90FFF7CEFF00232068236507F034
:10CBB000DCFB3DB12068CDF8009043463A46314653
:10CBC0000068A84703B0BDE8F0831D46ECE700BF4E
:10CBD000AF910A00386C0A001C290420F7B550F800
:10CBE000044C0546002C55D000F1940104F11C00C2
:10CBF00007F0CBF92E1F05F150070022002338461D
:10CC000004F002F8024658BBEB6C2BB101466FF002
:10CC100067033046FFF7A6FF002345F8043C05F103
:10CC20004803D3E8EF1F21F00101C3E8E21F002A07
:10CC3000F7D1E36973BB04F10C06002200233046F0
:10CC400003F0E2FF78B9666886B92146124826608B
:10CC500008F07FFD286803B0BDE8F04000F0EABEB0
:10CC6000FBF710FCC9E7FBF70DFCE6E7A2683368A9
:10CC70009642636008BFA36077683FB1F3686FF0C6
:10CC800067010093002320681A46B8473046FFF733
:10CC900059FFD8E703B0F0BD6406042010B5044680
:10CCA0000430FFF79BFF1321606806F0EEFE034699
:10CCB00030B1BDE810400121024A034806F08CBAA9
:10CCC00010BD00BFC6910A00386C0A00F0B589B0EB
:10CCD000044654F8683D00AF38461968FEF7E0FB9B
:10CCE0006E4688B06A460B4BCDE905374FF40073AA
:10CCF000ADF81C30084B42F8103F00234FF4E251CE
:10CD00000648FAF755F92046B546FFF7C7FF24371E
:10CD1000BD46F0BDE4910A0003000001386C0A0032
:10CD2000F8B51D460F461646FBF70CFB1823044CBE
:10CD300003FB00400123C0E90376C3800575F8BDFD
:10CD4000D028042008B530B90749084807F0F1FB9E
:10CD500038B1074808BD054A12F8011C06F0B5FEB7
:10CD6000F6E70020F6E700BFD09A0A004529042024
:10CD70004429042010B5074C2378834207D1601C56
:10CD800007F0D7FB002814BF2046002010BD00206C
:10CD9000FCE700BF8A2B042010B54A1C0C4628B1C2
:10CDA000097806F092FE30B1204610BD10460349C6
:10CDB00007F0BFFBF7E70020F7E700BFD09A0A00B3
:10CDC000024608B50749013007F0C6FB00230C32C4
:10CDD00002F8043CD2E8EF1FC2E8E03F0028F9D196
:10CDE00008BD00BFD09A0A002DE9F04180460F46E9
:10CDF00016461D46FFF7BEFF044680B91249FFF7ED
:10CE0000B9FF044630B9BDE8F04101210F4A10488E
:10CE100006F0D9B9394600F8018B07F09DFB23894C
:10CE20002BB962892AB926816581BDE8F0819E42CD
:10CE300004D36289AA42F8D29E42F5D26389268140
:10CE4000AB42F2D2F0E700BFD09A0A0017920A0074
:10CE5000586C0A002DE9F041214B154682680746BF
:10CE60009A4202D1C4686389E3B90120BDE8F08128
:10CE700005F170084146287A06F0FDFC68B9194BA7
:10CE80009C4202D1284607F0F3FB3046164907F0D2
:10CE900063FB00232370238119E04146304607F0ED
:10CEA0005BFB14E0238993B1264616F8011B284644
:10CEB000324606F00AFE0028DAD131462078FEF725
:10CEC00077FA20B1857AFDF789FE072DCDD00021B4
:10CED000E3686181002BC8D038469847C5E700BF9A
:10CEE00011CF090010050420D09A0A0008B502F0FD
:10CEF00059FD38B101210346034A044806F06CF994
:10CF00006FF0040008BD00BF36920A00586C0A009A
:10CF10002DE9F8431E46BDF8203081460F46D1F872
:10CF20000C80002B45D1731E012B45D8012E4146A4
:10CF30000CBF15781588FFF72FFF0446C0B915B947
:10CF40003046BDE8F8834146FFF726FF044638B96E
:10CF50001B4802211B4A06F036F96FF01000F0E77B
:10CF600009F17001013007F0F7FA99F808302370E1
:10CF7000D8F810308BB92581B8F80A30AB4203D00D
:10CF80004146384607F0EFFA002DD9D10E49601C12
:10CF900007F0E2FA25702581D2E72A46394648464D
:10CFA00098470028CDDB01380128E4D96FF00D0047
:10CFB000C7E76FF00600C4E76FF00C00C1E700BFE1
:10CFC000586C0A004C920A00D09A0A002DE9F041F0
:10CFD0009846BDF818300646012B174635D843440D
:10CFE000012B454634DCFFF7ADFE044668B9FFF778
:10CFF000A9FE044648B90221184A194806F0E3F888
:10D000006FF010052846BDE8F081B8F1000F11D08F
:10D010000023217A21FA03F2D00703D53A78DA40C7
:10D02000D20718D50133032BF4D13B7803F0070363
:10D0300019432172601C06F1700107F08DFA337AF2
:10D040002046237007F08EFBDCE76FF00605D9E77A
:10D050006FF00C05D6E76FF01205D3E766920A0071
:10D06000586C0A0010B504461048D0E8EF3F23F092
:10D070000203C0E8E23F002AF7D1D0E8AF3FDA0769
:10D0800004D500220023303804F060F8204607F071
:10D0900010FA50B12046FFF755FE30B1037ADB0796
:10D0A00003D5BDE8104007F05DBB10BDB81C0420DF
:10D0B000012110B5144807F044FAC30723D4022114
:10D0C000114807F03EFA084007D11049104A0B8872
:10D0D000104CA24211D300B10B800F490F4808F049
:10D0E0001DFD40F2391200230C48FBF78FFABDE812
:10D0F00010400B490B4808F011BD5068083203443A
:10D100009BB20120E5E710BD54290420962B042092
:10D11000186C0A00306C0A0071D30900181C042036
:10D12000B9D60900881C042003462DE9F04148B116
:10D13000008A38B901244FF0140C1149DFF844E09B
:10D14000714501D3BDE8F081D1E90076BB4204D33B
:10D150000CFB0672143A93420ED93444A2B2144620
:10D160000831EDE70CFB0578434507D0013562191E
:10D17000AE4292B2F6D1F2E70025F8E71046E1E7B9
:10D18000186C0A00306C0A002DE9F74F99464FF6EB
:10D19000FF73BDF830500746002D08BF1D46244BD5
:10D1A00090461B88009183423CD203B0BDE8F08FCB
:10D1B00073682344BB4232D29CB208361D4B9E4258
:10D1C000F6D3F2E740468958019306F016FA019B20
:10D1D00090B101340AF1010AA4B273685345ECD945
:10D1E000009B9C42E1D8BC42F3D30BFB0AF23168AE
:10D1F0008B18B8F1000FE5D1B9F1000F0BD1013D4B
:10D200001846ADB221460E9A0D9B9847002DCCD002
:10D210000028DED1C9E7DA689145DAD1EFE74FF0AF
:10D22000000ADAE701244FF0140B034EC6E700BFF3
:10D23000962B0420306C0A00186C0A0010B58EB0D2
:10D240001022002103A808F08EFE1822002108A851
:10D2500008F089FE4FF41053ADF81C308023ADF870
:10D260001E304FF48063214C1022CDE9093403A90C
:10D2700001AB07A802F026FB034630B11C4A01218E
:10D280001C4805F0A9FF0EB010BD0090224668466C
:10D29000019902F061FB034608B1174AEFE76B46BC
:10D2A0004FF6FF710120154A07F0DBFA102268469D
:10D2B000134907AB02F098FB0446019802F02EFBDD
:10D2C00014B1104A2346DAE721460D4B03F1100250
:10D2D000187812F8014D0131082903F8014B10703C
:10D2E000F6D1094807F02DF9CDE700BF0002C003D1
:10D2F00092920A00586C0A00BB920A00BD460A00CE
:10D30000081C0420D9920A00B81C04202DE9F04121
:10D3100014490646A1F1300014461D46BDF81870A8
:10D3200008F01BFC104BD3E8AF3F190701D4FFF7FF
:10D3300085FF3046FFF706FD50B1037ADA0707D5BF
:10D340000C30D0E8AF3FDB0702D4022107F0F9F838
:10D3500010233A46069329462046BDE8F041034B88
:10D3600007F019B9481C0420B81C0420081C04202C
:10D37000034BD3E8AF3F1B0701D4FFF75FBF7047F4
:10D38000B81C0420002307B50193FFF7CDFE411C14
:10D3900089B20846034A01AB07F063FA019803B06B
:10D3A0005DF804FBF7440A002DE9F04387B0837A67
:10D3B0008046072B0C46154602AF40F0A68000239E
:10D3C0003B7342F60303206807F10C01FB8106F072
:10D3D00014F90646002834D1D4F80490B9F1000FAE
:10D3E00005D101214B4A4C4805F0EDFE8DE00123AB
:10D3F0002146009007F10802C847031E11DA6D4666
:10D4000088B002AAD36104234449C2E9051442F852
:10D41000103F4FF4015133463F48F9F7C9FDAD467F
:10D4200073E0012B05D001213D4A3B4805F0D4FEB5
:10D430006BE03B7A13F0300F67D02046FFF7A2FF76
:10D440000446002320683B7342F6021307F10C01E7
:10D45000FB8106F0D2F818B12046FFF793FF04468F
:10D46000002642F60219206839463E70A7F802905D
:10D4700006F0C3F818BB002320683B7342F6021382
:10D4800007F10C01FB8106F0B8F8064600283CD1F4
:10D49000D4F80490B9F1000FA3D0022300902146E4
:10D4A000404607F10C02C847031EA8DB022BBAD185
:10D4B000BB8905EA0300003818BF012026E042F6C8
:10D4C00003032068391D3E71FB8006F096F80028A2
:10D4D000D1D04FF42053206807F108013E727B81C0
:10D4E00006F08BF80028C6D042F60103206807F149
:10D4F0000C013E73FB8106F080F80028BBD020466B
:10D50000FFF740FF04460028ADD100201437BD4688
:10D51000BDE8F083EF920A00586C0A0003930A00FA
:10D5200029930A002DE9F843894651680746B1F866
:10D530001280154618F094083BD10222FFF734FF01
:10D54000002839D000211E48AE8AFFF7CFFA0236F4
:10D55000044660B11B4B32464360C5601D2138460E
:10D56000FFF792FA064638B92046FFF7EBFA6FF05C
:10D570000B052846BDE8F883012342464146FFF7E4
:10D58000CFFBA98A06F10C00023105F0EEFF20F86E
:10D59000029BAA8A296908F0D9FC21463846A66070
:10D5A00006F06AFF05460028E3D02046FFF7CAFAD6
:10D5B000DFE74FF0FF35DCE76FF01505D9E700BF77
:10D5C0001C4E0E00FD440A0070B504460D468AB09C
:10D5D000364BD3E8AF3F5A0761D510B1837A072B9A
:10D5E00060D16E6830460596FFF79EFD2A68ADF85B
:10D5F000180032B305A902912D49002301910121A0
:10D6000000914FF6FF710593FFF7BEFD059E1EB911
:10D610006FF001000AB070BD6E60002330688DF8B5
:10D62000103042F6030304A9ADF8123005F0E5FF0F
:10D6300070B90598C3689B799B0605D46FF01500F7
:10D64000E8E70028E9D1E3E707F0C4F8ADF81800EF
:10D65000BDF818003CB1012301462A462046AB75AF
:10D66000FFF760FFD6E76FF07F0307930223ADF863
:10D67000203042F60213ADF8123005ABAC750293C0
:10D680000C4B4FF6FF710193012304AA009323462C
:10D6900009958DF81040FFF777FD0798BAE76FF00E
:10D6A0000A00B7E76FF07F00B4E700BF84010420F1
:10D6B0002B450A00E9D80900034613B550F8082C99
:10D6C000A0F12001019200F13004D4E8EF2F22F004
:10D6D0000102C4E8E02F0028F7D10D4A002043F8EA
:10D6E0001C2C0C4A23F8080C43F8182C01AA43F808
:10D6F000102C042223F8060C23F80C2CFFF764FFEF
:10D7000018B90221204606F01CFF02B010BD00BF70
:10D71000BC740A0065D00900F8B5304B8168044636
:10D72000994200AF21D1C66815683389EBB1324602
:10D73000284612F8011B06F0C8F9B0B14FF49572F3
:10D740002146284607F098F8032811D16D4688B085
:10D750006A46234BCDE9053442F8100F00234FF4FD
:10D76000C4512048F9F724FCAD460120BD46F8BD60
:10D770003146204606F0F7FE1B4B9E42F5D1287A33
:10D7800005F17001FFF7F6FA04460028EDD0038991
:10D7900013B94389002BE8D02846FDF77DFB228989
:10D7A000124B134923F82020628903EB80035A802F
:10D7B000182202FB00110B6104230E4A28464A601E
:10D7C0000D4A8B828A60FFF7FFFE0028CDD0012131
:10D7D0000A4A044805F0F7FCC7E700BF11CF09006B
:10D7E00042930A00586C0A0010050420862B04207E
:10D7F0002C290420BC740A006D470A0056930A00C5
:10D8000070B504460D468AB0344BD3E8AF3F5A0793
:10D810005DD510B1837A072B5CD16E6830460596D2
:10D82000FFF782FC2A68ADF8180032B305A902910F
:10D830002B4900230191012100914FF6FF710593BF
:10D84000FFF7A2FC059E1EB96FF001000AB070BD83
:10D850006E60002330688DF8103042F6030304A98F
:10D86000ADF8123005F0C9FE70B90598C3689B7910
:10D87000DB0605D46FF01500E8E70028E9D1E3E7FF
:10D8800006F0A8FFADF81800BDF818002CB101464D
:10D890002A46204607F00EF8D8E76FF07F0342F6DD
:10D8A000021207930123ADF8122005AA02920D4A35
:10D8B000ADF82030CDE900324FF6FF71234604AABF
:10D8C00009958DF81040FFF75FFC0798BEE76FF0F1
:10D8D0000A00BBE76FF07F00B8E700BF84010420B7
:10D8E0002B450A00E9D80900F8B51546354B826882
:10D8F00004469A4201D00120F8BDC768324B9F42CE
:10D9000046D03A89AB899A42F5D1394611F8010BD4
:10D91000FDF74EFD06460028EDD0837A072B05D093
:10D92000FDF75CF9E7E7FDF759F9EAE77B6923B111
:10D930002146984708B93046F2E7648A14F0940407
:10D94000F9D1AB89022B16D13C8914F002040AD01C
:10D9500030462A69A988FFF7E5FD044618B92A6907
:10D96000937D013393753046FDF738F9002CAC6098
:10D97000C1DA0020C0E7012BF5D13C8914F0010485
:10D98000F1D030462A69A98806F094FF0446EAE7F8
:10D990000E4E0F49304606F0CCFD0028B1D10722CB
:10D9A000314616F8010CFDF759FD0028BBD12B6953
:10D9B00031461A6916F8010C53881288FFF714FAD9
:10D9C0009FE700BF11CF0900100504208B2B042016
:10D9D000D09A0A0007B5009001206B464FF6FF7100
:10D9E000034A8DF8040006F03CFF03B05DF804FB29
:10D9F00019D709002DE9F0410D4B06461B680F466B
:10DA0000904623B153F8044904B1043C0BB9BDE876
:10DA1000F0811B681BB142463946304698472CB10D
:10DA2000656805B1043D23462C46EFE72546FAE735
:10DA30005829042070B5044603464FF6FF710120B3
:10DA40000D4A06F00EFF2046FFF77CF9054688B127
:10DA500004F170063146207A05F00DFF20B9284602
:10DA6000BDE87040FFF7ACB93146681CBDE87040B6
:10DA700006F072BD70BD00BF55CE09007FB54FF4F2
:10DA800020520023ADF8162004AA02920A4A01206F
:10DA9000CDE900324FF6FF7105AA04938DF81430DA
:10DAA000FFF772FB049B012B14BF6FF015000020E1
:10DAB00007B05DF804FB00BFA1490A0080B500AFC4
:10DAC00088B06A46074BCDE90530032342F8103F82
:10DAD00000234FF4C2510448F9F76AFA6FF00B00C3
:10DAE000BD4680BD7B930A00886C0A0008B5064AD3
:10DAF000136823B90548506018460A6008BDFFF74F
:10DB0000DDFF6FF00B00F9E76029042034750A008F
:10DB10002DE9F04106691D4696F8883017469A07A8
:10DB2000069C07D41448154906F078FF6FF00400EE
:10DB3000BDE8F081631C06F1600818D047F6122C8E
:10DB400040F2E730002124EAE4744FF47A720023B3
:10DB5000E4FB0C01F4F7BAFE02460B463946404698
:10DB600002F02CFF0028E3D1736B2B60E0E74FF04D
:10DB7000FF321346F2E700BFA06C0A00A7930A0029
:10DB800037B5044600220121D020FAF743F8636834
:10DB900000211D6A01AA284607F02AF800281FDB89
:10DBA000019B2A681979186800F08AFD002817DBA4
:10DBB00004230C491A460C4807F01BFE04230B48AB
:10DBC0001A460B4907F015FE6368256993F824305F
:10DBD000022B0CBF0220002000F034FBE861002083
:10DBE00003B030BDB8290420880504206005042056
:10DBF000A82904202DE9F04704690D4694F88930DE
:10DC0000D0F80490D1F810808CB003F0FF0C43B131
:10DC10005748584906F002FF6FF00F000CB0BDE8FE
:10DC2000F08791F8243091F826A0012B0CBF1A46FA
:10DC3000022281F825204FF0010281F827204FF0C1
:10DC4000000218BF4FF0100CBAF1010F0A6209D19F
:10DC50005A1E012A06D84A69624501D0012A01D11B
:10DC6000A96931B14449424806F0D8FE6FF0150069
:10DC7000D4E7D8F8000010B198F8040070B994F80F
:10DC800088309D0708D5204607F0F4FB94F88830CB
:10DC900023F0020384F888300020BFE7102801D069
:10DCA0003649E0E7581ED0F1000E4EEB000E6245FB
:10DCB00018BF4FF0010C05AE09F1040708BF8A46F2
:10DCC0000FCF0FC697E8070086E80700C5F81CC00D
:10DCD00099F824302A4A022B0CBF012300238DF827
:10DCE0002C30284B08BF13468DF814E08DF815A092
:10DCF0000193D8F80030314602932B6801A80393B2
:10DD00006B68049302F0AEFB054608B11E49AAE712
:10DD100094F888309B0708D5204607F0ABFB94F8B1
:10DD2000883065F3410384F888302046D9F8002014
:10DD300005A907F07DFB034638B10D480121134AC0
:10DD400005F04AFA6FF0040068E7B8F8063094F876
:10DD500088206363D8F8083022F00302236399F81F
:10DD60002430003B18BF012343F00203134391E723
:10DD7000A06C0A00C0930A00EB930A0014940A00F6
:10DD800000366E010048E80136940A0064940A00E7
:10DD900010B5044602F04AFBC0B1012103460C4A0B
:10DDA0000C4805F019FA94F88830DB0709D5E069CA
:10DDB00005F026F9031E04DA0121074A054805F09B
:10DDC0000BFA00236FF0040084F8893010BD00BF07
:10DDD00081940A00A06C0A0099940A000B4670B561
:10DDE00002460069032B45D8DFE803F0020C020C61
:10DDF00090F8893023B1012380F88A3007F09BFB2B
:10DE0000002070BD90F888309B0706D41D491E483D
:10DE100006F004FE6FF00400F3E790F8893003F099
:10DE2000FF05002BECD1012680F88A50146994F884
:10DE3000883084F8896013F0010F15D0134BE56228
:10DE400063624FF00303A362DAD0E06904F12001BA
:10DE500005F08BF8031ED3DA84F889500C4A31465A
:10DE6000094805F0B9F9D5E72046FFF791FF0028EA
:10DE7000C6D0CFE704480121064A05F0ADF96FF09E
:10DE80001500BEE7A7930A00A06C0A0099DE0900FE
:10DE9000B5940A00D1940A0010B591F8693083B99D
:10DEA00091F86830DB0712D551F8040C05F0A8F89A
:10DEB000031E0CDABDE810400121054A054805F0B3
:10DEC0008BB9A1F12000BDE81040FFF761BF10BD84
:10DED00099940A00A06C0A00F7B506780546454CEF
:10DEE00066B100230022206B01A902F0D3FC031EBF
:10DEF00019DA414A0121414805F06EF994F88A2067
:10DF00006B68002A4FD0002B37D0002200233C48FA
:10DF100001A902F053FD00282BDA3A49374806F0F0
:10DF20007DFD03B0F0BD019F0022002301A904F193
:10DF3000380007F06DFC00280EDA33492F4806F050
:10DF40006DFD206B019907F004FC0123204684F845
:10DF50008A3007F0F0FAE4E7626B39462046C2F3F4
:10DF60004F0207F0A1FA034608B1284AC2E7064665
:10DF7000C4E70199206B07F0ECFB94F88930002B83
:10DF800034D0002384F8893094F88830DB072DD50D
:10DF9000E06905F035F8031E28DA01211C4A17480C
:10DFA00005F01AF9BDE70BB300220023144801A9BC
:10DFB00002F004FD002808DA1249104806F02EFD90
:10DFC00001230C4884F88A30C3E70022002311485B
:10DFD00001A907F01DFC002808DA0F49074806F0E0
:10DFE0001DFD0199206B07F0B4FBE9E7002E98D0E6
:10DFF000E6E700BF28050420E5940A00A06C0A00AB
:10E00000600504203C950A0003950A0023950A0048
:10E0100099940A00880504204F950A00084B70B5B2
:10E02000C31A0D4607499B1004465943402206482F
:10E0300006F001FD2B4601462046BDE8704018471A
:10E04000DC290420B76DDBB688610A00402373B574
:10E050000B4C0093041B0B460D460A49A410614368
:10E060000646094A094806F012FD014628B1304625
:10E070002B4602B0BDE87040184702B070BD00BF2B
:10E08000DC290420B76DDBB6FB4A0A0088610A0070
:10E090002DE9F8430022012107464FF48770F9F774
:10E0A000B9FD114801F0B6FB0446C0B906F03CFFCB
:10E0B00025464FF01C094FF00C083E690B4909FB3F
:10E0C000056004F03FFF031E0CDB012308FB05661F
:10E0D0001D44032DF365F0D12046BDE8F8836FF0B1
:10E0E0000404F9E71C46F7E719E20900B0750A00D5
:10E0F0001FB5002201236C46CDE902236B46074A77
:10E10000CDE9004406F0F2FC28B943F60952002399
:10E11000684602F0DFFD04B010BD00BF194B0A00D5
:10E1200010B5EFF31184402383F31288BFF36F8F90
:10E13000074A136823F00201DB07116002D40120B3
:10E1400006F0E8FE84F31188BFF36F8F10BD00BFA7
:10E15000542A04200C22104B014602FB00330020FD
:10E1600030B4D3E915525865EFF31180402484F39D
:10E170001288BFF36F8FDC6D04F0C00444F002041A
:10E18000DC6580F31188BFF36F8F1DB12B4630BC67
:10E190000248184730BC7047DC29042088610A0017
:10E1A00010B4EFF31180402282F31288BFF36F8F17
:10E1B00016490B6843F0020413F001030C6017D0FA
:10E1C000134BD3F80C3413F4803311D0EFF31181D7
:10E1D00082F31288BFF36F8F0E4AD36D03F0C00332
:10E1E00043F00203D36581F31188BFF36F8F0123DE
:10E1F00080F31188BFF36F8F1BB1002010BCFFF7B5
:10E20000A9BF012010BC01F0EFBA00BF542A0420BE
:10E2100000E01040DC290420042804D0072809D09D
:10E22000022809D07047064BD86D10F0070005D1C1
:10E23000FFF790BF0220FBE70120F9E7704700BF1E
:10E24000DC290420C3B21C20014A00FB03207047D4
:10E25000DC2904202DE9F041012280463549D1E82E
:10E26000EF3FC1E8E02F0028F9D133B932493348F4
:10E270004B60CB608A6004F078FE08F1FF33012B1D
:10E280004CD8B8F1010F06D12D4BD3F8503403F020
:10E290000303012B42D007F08BFC054650B1EFF38E
:10E2A0001186402383F31288BFF36F8F0125244C1E
:10E2B000244F21E0244B1B78002BF0D00422204B6C
:10E2C0000646C3F80823F2E755B3304605F0ABF82D
:10E2D000D4F8403413F0FF030ED1D4F808215AB11A
:10E2E000C4F80831D4F808314FF480420123C4F84F
:10E2F0004034C7F8A0212361D4F84C24D4F84C341E
:10E30000D203E1D503F00303012B02D0B8F1010FD2
:10E31000DAD155B186F31188BFF36F8FBDE8F08174
:10E320000021202007F007FDD2E70422044BC3F8A8
:10E330000423F3E7D8290420C8290420F82904205D
:10E3400000E0104000E100E0B22E042008B50748CC
:10E3500007F0A6F938B10648F9F7B2FF0448F8F714
:10E360007DFA002008BD6FF01200FBE730620A0062
:10E3700075E309000A2838B50446074D04D1AB6897
:10E380000D2128465B689847AB6803485B68E1B29B
:10E390009847204638BD00BF30620A002DE9F0439F
:10E3A00040F206354768D00648BF4FF0030C3B7C6F
:10E3B00002EA050558BFC2F3401C87B001F01F06F2
:10E3C000B5F5837F144646EA43168DF803C045D061
:10E3D0000DD8062D44D005D8A5B1022D12D06FF06E
:10E3E000150038E0B5F5807FF9D101250AE040F24B
:10E3F0000222954236D0B5F5407F35D0B5F5007F85
:10E40000EDD10425220331D501237A688B40536076
:10E41000B86890BB7F2E06F01F034FEA561175D8DF
:10E420003C4A52F82120C4F3004102EB8302D2F8A7
:10E43000803081F00101C4F3404423F4706344EA66
:10E44000410423F00F031C4344EA8C0444EA0524EE
:10E45000C2F88040002007B0BDE8F0830925D1E76D
:10E460000825CFE70625CDE70525CBE7630341BFA8
:10E4700001237A688B409360CAE731460DF10202AE
:10E4800006F069FF14F4403F80460CD13146B8686D
:10E4900006F07AFFB8F1000FDCD19DF80210B868E1
:10E4A00001F044FCD6E74FF0000901ABCDE901993A
:10E4B000CDE90439CDF80C903146B86803AA06F0CE
:10E4C00093FE4845C6DB14F4003314D09DF80330A6
:10E4D000C4F3004484F001048DF80E308DF80C5024
:10E4E0008DF80D404B463146B86803AA01F076FB23
:10E4F0000028CFDAAEE7CDE904330DF1030303932F
:10E500003146B86803AA06F06FFEF1E7203350F8F1
:10E510002330FFDEF0750A007F2870B54FEA5011F6
:10E520000CD80D4A52F8216046B13269516829B1C0
:10E53000012500F01F030C689D4001B970BD8A6879
:10E540002A4002D030464B6898471CB123682146C8
:10E550001C46F2E72346FAE7E0750A0038B545683D
:10E56000A868C0B106F00AFF0146A0B9A86801F08A
:10E57000ABFB044688B902460949A86806F0E8FEE4
:10E5800022460121DA20F9F745FB224601214FF40A
:10E590008670F9F73FFB002038BD6FF00400FBE701
:10E5A00019E50900F0B545681646A8682A7C01F00F
:10E5B0001F0487B044EA4214002868D0B6F5001F53
:10E5C00004D1214606F032FF002051E00020B6F5CC
:10E5D000800F01AA0190506039D1B3F1007F14BFC0
:10E5E000052304238DF804300023CDE9042303938D
:10E5F000EB680DF1030723FA01F111F0010139D1A4
:10E60000B6F1A07F36D104F01F037F2C4FEA5410DF
:10E6100003F120033ED8214A52F8202052F823303B
:10E62000DB0727D43A462146A86806F094FE163048
:10E6300018D002972146A86803AA06F0D5FD002845
:10E6400016DB01222146A86806F0A0FEBCE7B3F164
:10E65000C06F05D0B3F1007F14BF01230223C1E7CF
:10E660000323BFE73946A86801F06AFB0028E0DA17
:10E6700007B0F0BD3A462146A86806F06CFE0028B7
:10E68000D8D19DF80310A86801F050FBD2E76FF0D5
:10E690008500EDE751F82330FFDE00BFF0750A007A
:10E6A000036803F01F027F2B02604FEA53129ABFE8
:10E6B000024B53F822000020704700BF50760A003A
:10E6C0002DE9F74F154606464FF0010800EB810192
:10E6D000B14203D1002003B0BDE8F08F3268C2F32D
:10E6E000C323082BC2F3080400F2A6805448C75C79
:10E6F00040F2FF139C4208BF4FF0FF34B2F1D05FED
:10E700004FEA126310D2192B12D8DFE803F014235A
:10E710003734282F34111111111111111111111148
:10E7200011113A3D40777A7D382B70D04E2B25D091
:10E730006FF08500CFE7C5F80446621C5CD001A8E5
:10E740000194FFF7ADFF019B4FF0010908FA03F3B5
:10E7500043602FE0C5F80C464FF0000A68E04FF028
:10E760000009C5F80046601C1CD145E0C5F8044608
:10E770004FF00109F7E7C5F80846EDE7C5F8104680
:10E78000DBE7C5F84045F3E7C5F84445E4E7C5F8DD
:10E7900060457388621C03F001032DD0002BCED19D
:10E7A0004FF0010901A80194FFF77AFF019B08FAD5
:10E7B00003F383604FF0010AD6F800B001A81BF400
:10E7C000004F1CBF4FF001094FF0000A0194FFF702
:10E7D00067FF019B1B4C00EB8300D0F88020CBF33C
:10E7E000412B3B0243EA8B0343EA0A0314402343D1
:10E7F00043EA4903C0F88030043669E7C5F8644548
:10E80000C7E7C5F86845C4E7C5F86C45C1E701A886
:10E810000194FFF745FF4FF0010A019B00EB8300D5
:10E82000D0F8803023F0E04343F08043C0F88030DC
:10E83000631CE1D0D146BFE76FF015004BE700BF86
:10E84000409B0A00F0F0FCFF2DE9F04104460D4624
:10E85000476807F0ADF988B14021EFF311831A46FC
:10E8600081F31288BFF36F8F60680068D0F83001C1
:10E87000D0B983F31188BFF36F8FEEE71E4B1B787F
:10E88000002BE9D04FF04008642663681B68D3F87A
:10E890003031FBB9012006F069FB013EF5D10021C2
:10E8A000202007F048FAEFE77B6A00201D706368BC
:10E8B000796A1B68C3F83C170121C3F84017C3F8F5
:10E8C0003001D3F83001196582F31188BFF36F8FDF
:10E8D000BDE8F081EFF311831A4688F31288BFF385
:10E8E0006F8F61680968D1F830110029DCD183F39A
:10E8F0001188BFF36F8FD2E7B22E042070B4104C92
:10E90000D4E90015501A63EB0506400940EAC660D9
:10E910002026E0FB0615C4E900150024002509495E
:10E92000C1E90023084BC3E90045EFF311814023FF
:10E9300083F31288BFF36F8F70BC03F015B900BF6B
:10E94000E01C0420C81C0420D81C042008B50022A8
:10E950000121E320F9F75EF9164A0020D2F81837B2
:10E9600023F44033C2F8183701F036FB002820DBCF
:10E970000120114901F0BCFB00281ADB01F004FB67
:10E980000E4B20F01F00C3E900010D4B0022C3E92C
:10E9900000014FF0FF304FF0FF310A4BC3E9000197
:10E9A000094B0A49187A01F001FB67220020084B45
:10E9B0001A6008BD00200E40BC050420E01C0420A5
:10E9C000C01C0420C81C0420B4050420FDE8090074
:10E9D000902A042008B501F0D7FA064AD2E900329D
:10E9E000C01A054B61EB0201C3E90001400940EA8E
:10E9F000C16008BDE01C0420D81C0420F7B5224BE0
:10EA00000146224F187A224BD7E90056D3E900235A
:10EA10009E4208BF954211D1B1F1806F0ED24901DB
:10EA2000012938BF012101224D1946F10006C7E92D
:10EA3000005603B0BDE8F04001F0E0BB154BDFF835
:10EA400058C0D3E90043DCE9002CA41843EB0C0CBC
:10EA50004FF0200E22466346C1FB0E23954276EB13
:10EA60000301C7E900230DD2291B66EB0C04C8295A
:10EA700074F10004B4BF01210021009101F088FB72
:10EA800003B0F0BD0021F8E7B4050420D01C042039
:10EA9000C81C0420E01C0420D81C042002460B469D
:10EAA000014801F0EFBF00BFD4060420014802F086
:10EAB0005BB800BFD40604200149024806F0FDBF40
:10EAC000982A042098230420094B93F84730042BFC
:10EAD00002D1810709D47047022B02D1020704D466
:10EAE0007047082B03D1830601D5FFF7E5BF7047B8
:10EAF000222C042010B403460A46034881680C689F
:10EB00001946234610BC184714620A00B0B5002409
:10EB100084B000AF3B1D7C600A22BC60C7F80B408C
:10EB200039600146184607F03DFA6D468AB0034643
:10EB30006A4639680D480791CDE905034FF4007323
:10EB4000ADF820300A4B42F8103F4FF411512346E4
:10EB50000848F8F72DFAAD4684F31188BFF36F8F9C
:10EB60000323184602DF1037BD46B0BDFB950A00EF
:10EB700004000001806C0A00F0B589B0064600AFC1
:10EB80000D463448344906F07CFF07F10C00F3F7DA
:10EB9000C0FE6C4688B06A46304B0593304B0693F6
:10EBA0004FF40073ADF81C302E4B42F8103F2E4945
:10EBB0002E4807F10C03F8F7FBF9A5462C4806F0A0
:10EBC0006FFD50B901212B4A284804F0FCFA6FF080
:10EBD000120420462437BD46F0BD274B381D7B600C
:10EBE000ECF76EF9034638B10121244A1F4804F0BE
:10EBF000F3FA6FF01504ECE74FF0FF304FF0FF3100
:10EC0000FFF74CFF04460028E3D11D491D48EBF7F0
:10EC1000ADFD044610B1FFF749FFDAE741F64C536A
:10EC200007F10800BB60EDF755F920B1FFF73EFF93
:10EC30006FF08504CDE7012338463B70F4F7FEFC06
:10EC40000028F3D1FFF732FF33690F481D60F9F751
:10EC500047FDBEE7982A0420D34D0A0063850A00C9
:10EC600020960A0003000001C01C4001806C0A00CD
:10EC700014620A0047960A00F5EA090067960A003E
:10EC8000E81C042055ED0900C9EA090030B52E48FA
:10EC900087B0EBF7EFFC0446002850D10125EBF7D5
:10ECA000A3FDEBF7ADFDF3F736FEF3F736FE0221D9
:10ECB000204603AA8DF80C50EBF70AFD00283DDB37
:10ECC00008230721204603AAADF80C30EBF700FD1E
:10ECD000002833DB4FF01B13039340F2032303217F
:10ECE000204603AAADF81030EBF7F2FC002825DB34
:10ECF0000421204603AA8DF80C50EBF7E9FC00280C
:10ED00001CDB1F230621204603AAADF80C30EBF7CD
:10ED1000DFFC002812DB40F2AC63984212D90B4AA8
:10ED2000009029460A4804F061FA84F31188BFF381
:10ED30006F8F0423184602DF6FF00B000446204655
:10ED400007B030BD2046F9E70DEB09008B960A00AD
:10ED5000806C0A0073B53F4C94F847302BB394F89D
:10ED60004730042B54D120783E2831D1A678B31EE9
:10ED70005E425E4163780233472B2BD94722012143
:10ED800000923548354A04F031FA6FF00B03012147
:10ED9000334A314804F020FA002383F31188BFF38B
:10EDA0006F8F0423184602DF1DE04FF0FF304FF055
:10EDB000FF31FFF773FE48B9204604F1470100F028
:10EDC000D1FA0546FFF772FE002DC8D002B070BD23
:10EDD0000026CFE7002200233146F9F78BFC0546D9
:10EDE00048B9002EF2D0002384F8473002B0BDE8C5
:10EDF0007040FFF761BE62780232164905F10C00DF
:10EE000004F0B9FB174B29461B6817489847EAE7F7
:10EE1000022B0DD1002200230820F9F749FC0546FA
:10EE20000028D3D063880433472BA7D81A46E4E7D9
:10EE3000082B09D1002300222020F9F739FC638830
:10EE400005460028EFD1C1E70121084A024804F035
:10EE5000C3F9C8E7222C0420806C0A00AE960A0091
:10EE600008970A00942A04204C620A00CF960A00F0
:10EE70002DE9F341A44D07462C78002C40F06B821D
:10EE800004238DF80730A14B0688D3F80080B8F131
:10EE9000000F15D1B6F5105F4FEA96230BD2002B69
:10EEA00000F04C82013B072B62D8DFE803F02661BB
:10EEB0004D95616161DD3F2B00F085810120C0E14E
:10EEC0000DF106030DF10702691CC0470128E1D0CE
:10EED0009DF8063013B9012840F033820F236B7080
:10EEE0000423AB700123E8702B71A5F805600123A2
:10EEF00000202B7002B0BDE8F081384640F2064297
:10EF000030F9033B934219D040F21D42934218D08E
:10EF1000012042F219039E4200F2FD8142F20C03ED
:10EF20009E4200F2F18140F2064440F21D43A642A7
:10EF300018BF9E4214BF0124002430E0ECF790FD7E
:10EF4000E7E7ECF7EBFDE4E7384640F6634230F9DB
:10EF5000033B934234D00EDC40F60342934223D06D
:10EF600040F62D42934222D040F60142934213D004
:10EF70000120044613E040F67B42934223D040F642
:10EF80007C429342F4D19DF80730614902338DF8F9
:10EF90000730F4F7F0FA01E0EBF770FC012484F09D
:10EFA00001048DF8064093E7F3F7AAFCF6E79DF815
:10EFB0000730574903338DF80730F4F771F9EDE75F
:10EFC000EBF76EFCEAE79DF80730514904338DF802
:10EFD0000730F4F7C2FAE1E73B88A3F58053013B21
:10EFE000082BC5D801A252F823F000BF11F0090088
:10EFF00023F0090037F0090071EF090071EF0900F3
:10F0000071EF090071EF090071EF090057F0090075
:10F010009DF807303E4808338DF80730F4F72EF995
:10F02000BCE79DF807303A4840338DF8073005F0CB
:10F03000D2FE0020B2E700229DF8073008338DF899
:10F040000730334B1A605A60EB7A23F0600343F0C9
:10F050006003EB72EDE79DF807302D4806338DF81D
:10F060000730F4F752F999E7384642F2320130F8A6
:10F07000033B1AB28A4222DCB2F5005F23DDA3F51E
:10F080000053013B312B1ED8DFE803F01F2C351D48
:10F0900044471D4A4D501D1D1D1D1D1D1D1D1D1DBF
:10F0A0001D53565F1D68717A1D1D1D1D1D1D1D1DE3
:10F0B0001D1D1D1D1D1D1D1D1D1D1D858E9142F239
:10F0C0004B039A4276D0012001E0EBF7F3FB42F2CA
:10F0D00064039E423FF463AF42F264039E4200F237
:10F0E000B08016E79DF80730094803338DF80730E4
:10F0F000ECF7ACFCEBE79DF80730054808338DF8DA
:10F100000730F4F7B8F9E2E76A2C0420A82A0420B3
:10F11000712C0420F4F715F9D9E7ECF7DBFDD6E7FD
:10F12000F4F7D6F9D3E7F4F7AEF9D0E7ECF72CFE15
:10F13000CDE7F4F790F9CAE79DF807308749103317
:10F140008DF80730F4F7D8F8C1E79DF80730834809
:10F1500008338DF80730F4F79DF8B8E79DF80730CD
:10F160007E4902338DF80730F4F7D7F9AFE79DF801
:10F1700007307A4902338DF80730F4F7DFF9A6E754
:10F180009DF80730002008338DF807308F23EB718E
:10F19000C023EB729BE79DF80730704904338DF86C
:10F1A0000730F4F7DBF892E7ECF78CFC8FE7F4F725
:10F1B0001BF98CE79DF80730684802338DF807305B
:10F1C000F4F789F883E738464FF60C5230F8033BE2
:10F1D000934222D84FF60252934212D803F2FF32E2
:10F1E00092B20A2A3FF66AAEA3F57C43013B0A2B92
:10F1F0007DD8DFE803F01E347C7C7C5B7C7C49524C
:10F200005E00A3F57D43033B092B70D8DFE803F0D4
:10F210005A6F5D6F6F6F606F6F634FF6145293425A
:10F220005CD04FF6165293427FF448AEECF75AFE8C
:10F2300007E09DF8073049480C338DF80730F3F7A5
:10F240006EFB42F285039E4272D842F267039E42F1
:10F250004FD842F26604341B18BF01249FE60020F9
:10F260009DF8073040338DF807303C4B1880EB7920
:10F2700023F0230343F02303EB712B7A23F00703DE
:10F2800043F007032B72DCE79DF807303348173350
:10F290008DF80730F3F75EFBD3E79DF807302F4872
:10F2A00020338DF80730F3F779FBCAE7F3F750FB0B
:10F2B000C7E79DF80730294801338DF80730F3F789
:10F2C0008AFBBEE7F4F7BAF9BBE7ECF703FEB8E751
:10F2D000F3F797FBB5E7F4F79AF9B2E79DF8073033
:10F2E0001E4904338DF80730F3F78FFBA9E701209F
:10F2F000F2E6A6F50153283B194C9BB2DC4004F022
:10F30000010484F001044AE6A6F500530D3B41F2E6
:10F3100041249BB2F2E742F232039E423FF43FAEF9
:10F32000A6F50154033C012C94BF0024012436E6C9
:10F330004FF6025326F00804E41A8DE70124204614
:10F340002DE69DF807300E22AB7001236A70EB703A
:10F35000AE80A871CBE54FF0FF30CBE5712C0420D7
:10F360002F80402038B5094C0D4623781BB9BDE8E5
:10F370003840F3F72BBCA278611C023206F0E6FDA0
:10F380000020042320702B7038BD00BF6A2C04209D
:10F3900070B505460E46084C204606F081F938B196
:10F3A000A36829462046B2B21B68BDE870401847E2
:10F3B0006FF0120070BD00BF14620A00024B1860AB
:10F3C000024B002019607047C4050420C0050420CA
:10F3D0004FF40071014802F08DBE00BFB22C042032
:10F3E000322330B585B0ADF80C30012500231C2147
:10F3F000144A02A88DF80E30ADF808508DF80A3086
:10F40000F3F706F80446C8B905F08DFB80B2F1F7B2
:10F4100009FE01AB032229460B4805F08CFD2A4664
:10F4200021468520F8F7F6FB2A462146E520F8F725
:10F43000F1FB2A4621468A20F8F7ECFB204605B06E
:10F4400030BD00BF5DF4090018E5045001490248D1
:10F4500006F033BBB02A042098230420B0B5002462
:10F4600084B000AF3B1D7C600A22BC60C7F80B4033
:10F4700039600146184606F095FD6D468AB0034690
:10F480006A4639680D480791CDE905034FF40073CA
:10F49000ADF820300A4B42F8103F4FF4115123468B
:10F4A0000848F7F785FDAD4684F31188BFF36F8FE9
:10F4B0000323184602DF1037BD46B0BD60970A002F
:10F4C00004000001C86C0A000122014B1A63704756
:10F4D00000E010400122014B5A63704700E01040E9
:10F4E00010B50749074805F0EDFC044628B1012195
:10F4F0000346054A054803F06FFE204610BD00BFD5
:10F500005DF70900C02A042088970A00F06C0A0001
:10F510002DE9F041DFF8D4810D46D8F8704000AFF6
:10F52000072C00F008065BD0132C00F0A080052CFF
:10F5300040F0B980D8F854806D496E4805F0BEFCA3
:10F5400018F4805F41D06C496A4805F0B7FC172475
:10F5500018F4006F04D06949664805F0AFFC182420
:10F5600018F4007F0ED06649624805F0A7FC654B91
:10F5700018F4004F9B6B04D00121634A5D4803F0EF
:10F580002BFE192418F4806F04D06049594805F007
:10F5900095FC1A2418F4807F19D05D49554805F070
:10F5A0008DFC1B24EB69002E40F09C80C3F3080205
:10F5B00022B96FEA53236FEA4323EB6129462046C1
:10F5C000F7F7D0FFBD46BDE8F0811624C0E718F478
:10F5D000005FE7D04F49474805F070FC1C24E1E785
:10F5E000D8F85C4043484C4905F068FC600606D5F5
:10F5F000D8F868300121494A3E4803F0EDFDE107A3
:10F6000005D547493B4805F059FC2624CAE7A2071F
:10F6100005D54449374805F051FC2724C2E7630764
:10F6200005D54149334805F049FC2824BAE72007AD
:10F6300005D53E492F4805F041FC2924B2E7E106F3
:10F6400005D53B492B4805F039FC2A24AAE7A20638
:10F6500005D53849274805F031FC2B24A2E72306BD
:10F660003ED53549234805F029FC2C249AE7D8F8E3
:10F670006C8032491F4805F021FC18F0020F03D0BE
:10F680002F491C4805F01AFC18F0010F03D02D4932
:10F69000184805F013FC18F0040F83D02A491548C8
:10F6A00005F00CFC7EE7294A294BE8468AB00F2C6E
:10F6B000D8BF13466A462749103CCDE905134FF4DD
:10F6C0000073ADF82030244B079442F8103F00231C
:10F6D0004FF411510748F7F76BFC0024C54661E76A
:10F6E00025245FE76FF3080367E700BFC02A042003
:10F6F000707E0A00F06C0A00867E0A00E17D0A0036
:10F70000977E0A0000ED00E0B07E0A00C57E0A0088
:10F71000E07E0A00417E0A00C2970A00DB970A00D9
:10F72000EB970A0001980A001F980A003A980A000D
:10F7300057980A006C980A0086980A0099980A005F
:10F74000B3980A00E3980A0011990A00F87E0A00AB
:10F750000D7F0A00EE7F0A000400000100B5104B87
:10F7600089B05A6AD86C00929A6A20F0050001921A
:10F77000DA6A694602921A6B03925A6B04929A6B88
:10F780000592DA6B06921A6C1B6D07929B0748BFB5
:10F7900040F00400FFF7BCFE09B05DF804FB00BFB9
:10F7A000C02A0420012803460ED0022805D040B10B
:10F7B0000221074A074803F00FBD0420064B1B68CF
:10F7C0001847054B1B68FBE7034B07201B68F7E74F
:10F7D00045990A00E86C0A00342B0420014B0220F2
:10F7E0001B681847342B0420012803D0022805D0B9
:10F7F00038B1704700200549F1F71EBB01200349CD
:10F80000FAE7034B02201B68184700BFA5F7090061
:10F81000342B0420014B186000207047342B042047
:10F820002DE9F04105460E461746984606F0C0F908
:10F83000044668B10124424639463046069BA84733
:10F84000054614B90A4801F08FF92846BDE8F08151
:10F85000084B1B78002BEDD04FF0FF324FF0FF33F9
:10F86000034801F00FF90028E5D06FF08305ECE7BD
:10F87000E8060420B22E0420002300B589B0CDE9AB
:10F88000063303AB0493042303900593A9B10B68DB
:10F8900006934B6807930223111E18BF01210848E5
:10F8A000CDE9002140F2F53104AA00F0EFF800287C
:10F8B000B8BF012009B05DF804FB0123ECE700BFED
:10F8C000050100402DE9F0414FF040089AB01C4678
:10F8D0000AAB07460E46154600214246184606F07A
:10F8E00042FB1C23CDE9073604230393012340F296
:10F8F0000322019302ABCDE90408ADF85020009338
:10F900000021032304AA044806970995029400F0F5
:10F91000BDF81AB0BDE8F0810001004010B594B008
:10F9200004463C22002105A806F01DFB4FF401739C
:10F93000ADF8383004AB002102934023CDE900112B
:10F94000039302AA01230348049400F09FF814B023
:10F9500010BD00BF0001004070B5044696B00E46D1
:10F9600015460021342209A806F0FDFA236804AAEE
:10F97000089340F20243ADF8403006AB02934023B7
:10F98000CDE9033404230593012300920021019360
:10F9900002AA0348CDE9066500F078F816B070BDFC
:10F9A00000010040F0B54027064697B006AB0D4673
:10F9B000144600213A46184606F0D5FA326800216E
:10F9C000089240F20442CDE90207ADF8402002233C
:10F9D000CDE9001102AA0348CDE9045400F056F81D
:10F9E00017B0F0BD000100402DE9F0414FF0400894
:10F9F00098B01D4608AB04460F4616460021424605
:10FA0000184606F0B0FA04232268CDE90537022330
:10FA10000A9240F20542019304ABCDE90208ADF829
:10FA2000482000930021012302AA05480494079668
:10FA300000F02CF8079B2B6018B0BDE8F08100BFE8
:10FA40000001004070B5402696B006AB05460C4656
:10FA500032460021184606F086FA4FF48072CDE94E
:10FA60000206CDE90454ADF8402054B1012304AAA4
:10FA7000009200210448019302AA00F007F816B092
:10FA800070BD2046FBE700BF0001004010B4B1F597
:10FA9000004F029C0ED2042B0CD8042C0AD824044C
:10FAA00044EA0364134644EA0102014610BC0348D9
:10FAB000FFF7B6BE6FF0800010BC70470105000074
:10FAC000034AD2F88C3043F44063C2F88C3070475C
:10FAD00000ED00E0036803F01F027F2B02604FEA95
:10FAE00053129ABF024B53F822000020704700BF08
:10FAF000BC760A00034A4309D35C00F01F00184497
:10FB0000C0B27047499B0A00F0B58446002587B013
:10FB1000DFF848E0124F019102AE1EF8013B06AA41
:10FB200002EBD30212F8144C03F00703DC4014F08C
:10FB3000010406D10135042DEFD10024204607B081
:10FB4000F0BD97E80F0086E80F0056F82520136AED
:10FB50004CF825301362002BECD0EFE7599B0A00DC
:10FB6000D86D0A00F7B504460846FFF7C3FF04EB5B
:10FB70004006B38A0D46DB072AD5204605F012FB66
:10FB80002946204605F07FFA50B1204605F091FA4B
:10FB90000023276807EB8000C0F81035C0F8103547
:10FBA0002946204605F0AEFA002101A8B182019550
:10FBB000FFF790FF019B00EB8300D0F88020064BFD
:10FBC000134043F00203C0F88030084603B0F0BD94
:10FBD0006FF01500FAE700BFF0F0FCFF2DE9F043ED
:10FBE000044685B0084615461F46FFF783FF0E46BC
:10FBF000804625B3204605F051FA18B9204605F095
:10FC000042FA18BB04EB4809B9F8143003F01C039E
:10FC100013B16B78012B19D001238DF80F3000231D
:10FC20003046CDE900536A1CAB1C0DF10F0105F005
:10FC3000D2F9B9F8143043F00303A9F81430002FB7
:10FC40003ED03146204605F029FA20B96FF0150064
:10FC500005B0BDE8F0830022397823684FEA810CB3
:10FC600003EB8103C3F81025C3F8102504EB480209
:10FC7000938A23F4604323F0200393827D78FDB1BF
:10FC80002468B8786444D4F810750E4B2D043B40BA
:10FC9000C4F8103541F6F07305F4403503EA061355
:10FCA0000005D4F810752B4300F4801003433B4348
:10FCB000C4F81035938A43EA413343F0200393821A
:10FCC0000020C5E70FE0ECFF70B590F8B0400546A6
:10FCD00090F8B1602CBB84222146143006F043F921
:10FCE00021462246104B286853F836308B420FD1FC
:10FCF0000024C0F84041D0F84031C0F30830F7F795
:10FD000067FF0123204685F8B030C5F89C3070BDF0
:10FD1000CCB2102C04BFC0F84021D0F840410131D2
:10FD2000E4E76FF07700F2E7CC760A0090F8B100D4
:10FD3000024B03EB800005F035B900BFCC05042071
:10FD400010B5064B90F8B1000C4603EB800005F0AF
:10FD50000FF90028A4BF2070002010BDCC0504209E
:10FD60002DE9F04F804658F804BB90F8B140DBF81D
:10FD700004136B4BC9B253F8342007468DB0584674
:10FD800041F4803105F0E7F9C20305463AD5102267
:10FD9000002108A806F0E7F8614BE60003EBC40475
:10FDA000636808A819460093FFF7AEFE331D03935E
:10FDB0004FF0000A5B4B0DF120090293029A58495B
:10FDC00012F8013B0292039A02EBD3028A5C03F021
:10FDD000070322FA03F3DB071AD40AF1010ABAF186
:10FDE000040F09F10409E9D14FF48031002258468B
:10FDF00005F0B1F9009908A8FFF786FE0028D7D1D1
:10FE000025F480350124002D73D10DB0BDE8F08FAD
:10FE1000454B53440493D9F80060002EDDD096FA88
:10FE2000A6F6B6FA86F6049B1C7846EA44142046E9
:10FE3000FFF760FE07EB4000818AF208C1F38203FE
:10FE400005930193012319F8020006F0070603FA4F
:10FE500006F620EA060009F8020007A80794FFF753
:10FE600039FE079A11F0100F02F1200250F82260BB
:10FE7000059BC6F3014623D04046019A214605F072
:10FE800022F907A80794FFF725FE079BF6B2203357
:10FE900050F82330C3F301439E4207D1002120468E
:10FEA00005F0E2F83146204605F0DEF807A8079491
:10FEB000FFF710FE0122079B02FA03F30362AAE791
:10FEC000022E14BF022103212046059305F0CCF831
:10FED000059B032B03D0022E07D1012BE6D121462F
:10FEE0004046019A05F0EFF8E0E7032EDED1022B41
:10FEF000F4E795FAA5F3B3FA83F304FA03F225EADB
:10FF0000020503F5A2725BF8222007EB430340468B
:10FF1000B3F8A010C2F3014205F0D5F873E700BFB3
:10FF2000CC760A00599B0A00599B0A000123034A18
:10FF300003FA00F093680343936070473002042093
:10FF400073B504460191EFF31186402383F31288C1
:10FF5000BFF36F8F0B4D019B6A6801A8134001939B
:10FF600005F006F8002807DB01226B68824023EACF
:10FF700002036B602070002086F31188BFF36F8F3F
:10FF800002B070BD300204204FF0FF306FF04041EE
:10FF900030B5054CD4E90023904271EB0305F9D349
:10FFA0001046C3F3130130BD30270E4030B50C2589
:10FFB000074B1C1894F8544005FB0433C3E90312A3
:10FFC00018750123034A8340C2F8143330BD00BFC3
:10FFD0003002042000200E40F8B53E4C2278002A62
:10FFE00072D13D4BD3F8101521F00201C3F8101562
:10FFF000D3F8101541F00101C3F810150521C3F81D
:02000004000AF0
:10000000A4160421C3F8AC160723672101F00100F0
:100010000244013BD2B24FEA5101F7D1052A56D131
:1000200019464FF0010C2B4E00256720CFB204E09B
:100030000CFA02F220EA0200013590FAA0F25FFA0F
:1000400085FEBE45B2FA82F2F2D30131327505293E
:10005000224482F8547006F10C06E5D101210025F6
:100060001E489A0801FA02F212F0670F18BF1D50DD
:100070000433302BF5D1E320F7F7AAFD164B1849CE
:10008000D3F8102503F5C07322F00202C3F89023C1
:1000900040F6FF72C3F8982100221A60A3F5807021
:1000A00004338B420260F8D101250B4B0D4A1D66CB
:1000B0000D4B5D201B68B3FBF2F358430B4B2B43F6
:1000C000984700202570F8BD6FF07700FBE76FF0D0
:1000D0008B00F8E73002042000200E4000210E4083
:1000E000B0210E4040420F00C8050420D0700A0025
:1000F00038B5244B0D46D3F8102594073CD4D3F8DB
:10010000102542F00202C3F81025C0B1D3F83827F9
:1001100012F0010202BFD3F8381741F00101C3F811
:100120003817184BD3F83017D3F834174800F9D4E0
:100130002AB9D3F8382722F00102C3F83827124B26
:10014000124A1B68B3FBF2F30E4A03EB4313B3B13D
:10015000D2F83017D2F8341749000BD44FF0FF31E2
:100160002846FFF7EDFE044610B92878FFF7DEFEBB
:10017000204638BD013BEAE76FF07704F8E76FF0FF
:100180007304F5E700200E40C805042040420F002C
:1001900070B51E461546174A9DF81010131893F8AF
:1001A00054300C3302EBC30442F833506660C6F39C
:1001B00013020401A1B104F1804404F56224C4F8DF
:1001C0002055C4F824250C4C80000444236833B126
:1001D000FFF7DAFEA842B14101D20023236070BDCF
:1001E00004F1804303F56223C3F82055C3F82425A6
:1001F000F5E700BF3002042000210E40F0B50E4D9F
:100200002B1893F8543000010C3355F8334005EBAC
:10021000C3077E68641800F1804021F0004146F178
:10022000000641EAC27100F5622045F833407E6065
:10023000C0F82815F0BD00BF30020420F7B5284BE8
:10024000284CD3F81C6304F188070EB903B0F0BD45
:1002500096FAA6F00123B0FA80F08340DA432249EF
:1002600026EA0306231893F85450830019440C23FC
:1002700003FB0543DB6873B3D7E8EF3F03EA020CE7
:10028000C7E8EECFBEF1000FF6D1C340DB0719D5AA
:10029000020102F1804202F56222D2F82435D2F83E
:1002A0002025D1F800C0BCF1000FCED04FF0000CDB
:1002B000C1F800C00C2101FB054529690091E968DE
:1002C0008847C2E705F10C0304EBC30C54F8332054
:1002D000DCF80430E5E70A68002AB6D00B60B4E722
:1002E00000200E403002042000210E402DE9F8438A
:1002F0004B7E83BB4A687F2A4FEA52146DD83A4E30
:1003000002F01F0256F82450012404FA02F2AA60F7
:100310004C687F2C04F01F024FEA54155FD856F842
:100320002550324C05EB8205D5F88020224042F062
:100330000302C5F880208D687F2D05F01F024FEA6B
:1003400055174CD856F8273003EB8203D3F880209A
:100350002240C3F880208B7E33B9D1E90142036883
:10036000C3F84045C3F844254A780C78D1F810808A
:1003700091F80CE091F80DC091F818908F7ED1E9BA
:1003800001650368097D5200C3F8201502F00202DE
:1003900004F001010A43C3F84C95C3F88085C3F803
:1003A0000825C3F818E5C3F81CC51FB9C3F8406594
:1003B000C3F8445500230468C4F80031D4F8002180
:1003C000C4F30830C4F80431D4F80431F7F700FC62
:1003D0000323C4F80433BDE8F8839B60FFDE2032BA
:1003E00053F82230FAE700BFDC760A00F0F0FCFF99
:1003F0007F2800F01F034FEA50110DD8094A52F828
:10040000212002EB8302D2F88010074B0B4043F00F
:100410000203C2F8803070470022203352F82330A4
:10042000FFDE00BFDC760A00F0F0FCFF437D2BB15D
:10043000437D012B11D06FF00F00704702234375ED
:10044000012302680376C2F34341C2F304329340AE
:1004500001F14002024941F822300020704700BFFC
:1004600000E100E0F0B5024600254FF0FF30284CD7
:10047000D2F804E02678136806FB0EFCB3FBFCF709
:10048000B3FBF7F3D2F808C0634532D3D2F80CC0FF
:1004900063452ED8B3FBF6F39E458CBFAEEB03034A
:1004A000A3EB0E03834224D20F60C3B118464FF072
:1004B000010E136807F1010CB3FBFCF39768BB4214
:1004C0001AD3D768BB4217D8B3FBF6F357689F42DD
:1004D0008CBFFB1ADB1B83420ED2C1F800C06078D0
:1004E000087118460135072D0BD002340028BFD102
:1004F000F0BD4FF0000EDCE7BEF1000FF2D0034676
:10050000EDE7431C0CBF6FF015000020F0E700BFC3
:100510005D9B0A0010B50446F6F77CFC03480121F8
:10052000034A02F050FE204605F0C5F8F06C0A00C0
:1005300071990A002DE9F84304460D4600AFEFF328
:100540001188402383F31288BFF36F8F04282A4A4F
:1005500098BF2A4BE9468AB09668117C98BF53F839
:1005600020306A4688BF264BCDE9073140F201337F
:100570002448ADF82430244BCDE9050442F8103F5F
:1005800000234FF431512148F6F712FDCD4645B115
:10059000EB69C3F3080323B101211D4A1B4802F094
:1005A00012FE2EB1304605F009FB08B1037803B9FD
:1005B0001848E9468AB06A46174B0790CDE90536D8
:1005C00040F20133ADF82030144B42F8103F0023C5
:1005D0004FF411510D48F6F7EBFC2946CD46204665
:1005E000FFF798FF88F31188BFF36F8F3046F7F756
:1005F000A1FBBD46BDE8F883382B0420EC760A0049
:1006000080990A008E990A0005000001F06C0A002A
:10061000B6990A0024850A00D7990A00040000014F
:1006200038B50A4B53F82040013053F82050A5420A
:1006300000D838BD606830B1037EDB0701D405F017
:1006400017F80834F3E723689847FAE700770A00B9
:10065000012270B5294B86B003201A70FFF7E0FF26
:1006600005F073FC0420FFF7DBFF254C254D2646E3
:10067000AE4204F130040FD300F09CFF204CAC429A
:1006800026D300F0ABFFF5F7DDFB1F4A938923F07B
:100690000103938106B070BD54F80C3C059354F8E7
:1006A000103C049354F8143C039354F8183C029300
:1006B00054F81C3C019354F8203C009354E90A235D
:1006C00054E90C0100F058FD54F8303C5E65CEE76B
:1006D000D4E90A23B3F1FF3F08BFB2F1FF3F05D0D1
:1006E00052EA0301206803D105F041FB3034C6E72C
:1006F0000649183001F0A8F9F8E700BFB22E04202F
:10070000946B0A00946B0A0038250420995C0A0057
:10071000C02370B5144E86B003FB0066134B012254
:1007200005930F23CDE903320023CDE901331423D0
:100730004FF4A0720E4D0F4903FB0055044602FB17
:1007400000110D4B3046009500F016FD337C2C74E3
:1007500023F004033374094B013403EBC423EE602C
:100760006B6006B070BD00BF78240420399A0A007F
:10077000382B042018520420C3570A00184A0420BA
:100780007FB50020FFF74CFF274B83F30888E02359
:10079000264C002584F822302023E37725766576E1
:1007A000A57684F82050636A43F4E023636284F8FA
:1007B0002350F7F779F9F7F7A7FA4FF0FF33A36261
:1007C000E362F7F79FFCF7F721FBF6F77FFA18488B
:1007D00000F064FD0120FFF723FF0220154CFFF716
:1007E0001FFF00F025FF144B4FF480525C61134B48
:1007F0001349059301232046CDE90353CDE9015563
:10080000104B009500F0B8FC0646237C204623F0F0
:100810000403237405F00CFA2846FFF779FF3146EC
:100820002046084AF7F752FA1852042000ED00E07B
:10083000D826042038250420382B04203E9A0A00AC
:100840005853042051060A0038B5064C064DAC42F8
:1008500001D3002038BD2046D4E9011204F033FF53
:100860001434F4E7D4060420D406042038B5074C29
:10087000074DAC4201D3002038BD204604F047FFAD
:1008800008B91C34F5E76FF01500F5E7640604209D
:10089000D406042073B50C46EFF31181402585F38F
:1008A0001288BFF36F8FC5685DB125602B68C36088
:1008B000836901338361002081F31188BFF36F8F57
:1008C00011E052EA030603D16FF00B002560F3E755
:1008D000CDE900230246083000F0CAFD18B9034BE9
:1008E0009B685B69236002B070BD00BF382B042099
:1008F000F7B50D4604469DF82010EFF31187402010
:1009000080F31288BFF36F8F266AE068864240D278
:100910002668B4421AD0CEB1304604F05DFF06F12D
:10092000180005F07EFA2946002554F8082F706952
:1009300005F00CFB3046C6F8B45005F079F92046B6
:10094000394605F0CFF9284603B0F0BDA268A9B139
:100950002946E06905F0FAFAE369A268134462697E
:10096000E361934201D12369E3610020236A0133EB
:10097000236287F31188BFF36F8FE5E7A0692369CE
:100980002946984208BF6069801AA06105F0DEFA26
:10099000EBE752EA03010BD0074904F1080089682C
:1009A0004D61CDE900233946224600F061FDCBE7D9
:1009B0006FF02200DDE700BF382B0420F7B50446B6
:1009C0000846EFF31186402181F31288BFF36F8F41
:1009D000216A00293BD0A268A16905F0B7FAA36992
:1009E000A268256813446269A361934204BF236926
:1009F000A361236AAC4203F1FF33236236D0284659
:100A0000002D34D0002704F0E7FE05F1180005F0B2
:100A100008FA6969A268E06905F098FAE369A268D2
:100A2000284613446269E361934204BF2369E3618A
:100A3000236A01332362C5F8B47005F0F9F804F1B4
:100A40000800314605F04EF9384603B0F0BD52EAD1
:100A5000030111D00A4989684861CDE90023314674
:100A6000224604F1080000F003FDEEE7002086F3C3
:100A70001188BFF36F8FE8E76FF02200F7E700BF40
:100A8000382B04202DE9F341044617461E46EFF3A8
:100A90001188402383F31288BFF36F8F304BC268F5
:100AA0009B6872B18068984217D057EA060216D147
:100AB00088F31188BFF36F8F6FF00F0002B0BDE8AD
:100AC000F08193F90E1001322161C4E9023288F3FA
:100AD0001188BFF36F8F0020F0E72169F3E793F9E6
:100AE0000E1090F90E30994230DA9942A8BF19469B
:100AF00004F095FE054622464146CDE900761948A8
:100B000000F0B6FC0028E6D0EFF31186402383F313
:100B10001288BFF36F8FA068D0B1236821699C420F
:100B20000AD04BB193F90E309942A8BF19466FF025
:100B30007F039942B8BF194604F071FE40B13146B7
:100B4000084805F0CFF86FF00A00B7E70025D2E7B4
:100B5000002DF4D186F31188BFF36F8FF3E700BF48
:100B6000382B0420B32E0420F8B583680546002BEB
:100B700040D0234A926893423FD1C368012B03D9E6
:100B8000013BC3600020F8BDEFF31187402383F3DE
:100B90001288BFF36F8F0169806804F040FE2C68F3
:100BA000A54207D10023C5E9023387F31188BFF3BB
:100BB0006F8FE7E7002CF5D0D4E9003200261360F0
:100BC0005A60237CC4E9006623F002032374A66004
:100BD00004F1180005F025F9AC6094F90E302046B8
:100BE0002B61C4F8B46005F023F83946054805F0D8
:100BF00079F8C7E76FF01500C5E74FF0FF30C2E79F
:100C0000382B0420B32E042037B51146EFF311859D
:100C1000402282F31288BFF36F8F04689CB123686F
:100C2000426823F003039442036008BF436001213C
:100C3000204604F071FE044685F31188BFF36F8FE0
:100C4000204603B030BD51EA0302F5D000F108029E
:100C5000CDE900131046294600F00AFC0028EFD128
:100C6000014B9B685C69EBE7382B042070B5EFF310
:100C70001186402383F31288BFF36F8F0468A0426C
:100C80001BD0D4B1D4E90032002513605A60237C14
:100C9000C4E9005523F002032374A56004F1180091
:100CA00005F0BFF82046C4F8B45004F0C1FF314647
:100CB000BDE87040064805F015B8D0E902329A4206
:100CC00018BF0133836086F31188BFF36F8F70BD47
:100CD000B32E042013B5EFF31181402484F312885E
:100CE000BFF36F8F846844B1013C846081F3118845
:100CF000BFF36F8F002002B010BD52EA030406D18B
:100D000081F31188BFF36F8F6FF00F00F3E7CDE928
:100D100000230246014800F0ABFBECE7B32E0420B1
:100D200007B5074B4FF48052009306494FF0FF334D
:100D3000054800F06DF9002003B05DF804FB00BF2A
:100D400018770A0058630420F82504202DE9FF4194
:100D500004464027534EEFF3118887F31288BFF300
:100D60006F8FD4F8C450F5B9022104F1DC0004F00F
:100D70000CFE002870D004F1D40500220121284681
:100D800005F015F80028F8D100234FF0FF32029348
:100D90004FF0FF334146CDE90023434804F1CC0234
:100DA00000F074FDD7E7D4F8C8202B689542C4F84A
:100DB000C43008BFC4F8C830D4F8DC3043F00203B4
:100DC000C4F8DC30EB6823F0040343F00103EB606C
:100DD0006B6888F31188BFF36F8F28469847EFF34D
:100DE000118887F31288BFF36F8FEB68D80623F062
:100DF00001023ED4EA60EB689A0717D5306823F009
:100E00000203EB6090B10021036878B1426895421B
:100E10003DD10368002934D172683360904200D11B
:100E20007360002340F8083BFFF720FFD4F8DC3064
:100E300023F00203C4F8DC30DB0530D4D4F8C4302E
:100E4000003B18BF012388F31188BFF36F8F002B7D
:100E500081D000F0F5FB7EE7D4F8DC30D90693D5DD
:100E6000C4F8DC0088F31188BFF36F8F04B0BDE8CD
:100E7000F08123F01103EB6005F11000FFF7F6FE9F
:100E8000B9E70B607368984208BF7160C9E7014613
:100E90001BB11A6818461346B7E71A46FAE700234B
:100EA000D1E700BF5C2B0420B32E042070B5C368CB
:100EB0000546C3F340069B070C460DD501220021D1
:100EC00004F1080004F055FD00232360054B656024
:100ED0005A681AB9C3E90044304670BD14605C60BA
:100EE000FAE700BF5C2B0420F8B5C36804469A07F4
:100EF0000E46C3F3400542D45F0742D40B680BB9DA
:100F000083680B60E368D80742BFA368022533609B
:100F1000376858BF012557B31B4B9A68D7F8C030C4
:100F20009A421ED104F044FE80F00100C0B2D7F80E
:100F3000DC30D907C3F380021CD5F2B1F8B100232D
:100F40002360D7F8C83073B9C7E93144384604F094
:100F500037FDE36843F00403E3603368A360284689
:100F6000F8BD0020E3E71C60C7F8C840EEE76FF06B
:100F7000150506E06FF0120503E01B07DFD56FF0E3
:100F80000F0500233360EAE7382B0420F8B5C36867
:100F9000064603F00503002B0C4614BF012700276B
:100FA0001CD085680122002104F1100004F0E1FC4E
:100FB0002046134904F065FDE36843F01003E36045
:100FC000F3685B0712D5336823606BB9D5F8C83076
:100FD00033B9C5E93144284604F0F2FC3846F8BD7F
:100FE0001C60C5F8C840F6E73460F4E7D5F8C430B3
:100FF0002360D5F8C830C5F8C440002BEBD1F0E72A
:10100000A1590A000146014804F057BDF825042003
:10101000F0B50446002089B00E9DC4E9310004F10A
:10102000CC00C4E9330004F1D400C4E9350055B361
:101030002879002840F2011008BF0120C4F8DC0024
:1010400000204FF0FF364FF0FF37CDE90330CDE9F8
:101050000100CDE9066720460C4B009400F0F2F841
:1010600055B1296811B1204600F076F86B791BB1B3
:10107000A38943F00103A381204604F078FEC4F85D
:10108000C04009B0F0BD0120D8E700BF4D0D0A00F7
:1010900037B501900846EFF31184402181F312889F
:1010A000BFF36F8FC16811F01E0F16D153EA02050E
:1010B00008D101A9FFF718FF84F31188BFF36F8FE0
:1010C00003B030BD41F00801C16001991030816169
:1010D000034900F0B9FC0120EEE70020ECE700BF77
:1010E000355A0A0001460148FFF7D2BFF82504200F
:1010F000F7B50C4616461D460190EFF311874023C5
:1011000083F31288BFF36F8F084604F04AFC55EA58
:10111000060309D1204601A9FFF7E6FE87F31188EF
:10112000BFF36F8F03B0F0BDE368324643F00803AE
:10113000E360019B0449A36204F110002B4600F018
:1011400083FC0120EAE700BF355A0A000146014846
:10115000FFF7CEBFF825042010B5044608B9054BAB
:101160009C681F2204F17C0004F01CFF002084F81E
:101170009B0010BD382B04202DE9F04F984685B018
:1011800000F15803C0E91633129B00258381042324
:10119000D61D26F007060374119B01EB060A0F46C5
:1011A000C0E90655514685608373C5730446DDF872
:1011B00038B0DDF84C90F6F735FA109B073020F088
:1011C0000700C4E92776C4F8A40002930F9BAAEB9A
:1011D0000006CDE900B33246434639462046F6F7CD
:1011E00055FD0F9BC4E91A8B2367109B65656367E8
:1011F000EFF31183402282F31288BFF36F8F104FF9
:101200003A6A3C62A26783F31188BFF36F8FB9F12A
:10121000000F11D01F22494604F17C0004F0C2FEE9
:1012200084F89B50BB680BB1D3F8A8303046C4F8A3
:10123000A83005B0BDE8F08F84F87C90F2E700BFDD
:10124000382B0420F0B5002587B00595109DDDE909
:10125000127604950F9D044603950E9D02950D9DF3
:1012600001950C9D0095FFF787FFB6F1FF3F08BF82
:10127000B7F1FF3F05D056EA070305D1204604F039
:1012800076FD204607B0F0BD3A46334604F118001B
:10129000014900F0D9FBF4E7995C0A0001230374CB
:1012A00083810023C0E92733C0F8A830014B986040
:1012B000704700BF382B04206FF00A01094A936879
:1012C000C3F8B4100849C3F8B0004B6843F080532A
:1012D0004B60002383F31188BFF36F8F9368D3F8BB
:1012E000B4007047382B042000ED00E070B590F991
:1012F0001020037C002A2FDBD9062DD11A4C63F075
:101300007F032246037452F8183FE169934207D1E4
:10131000C0E900210860E0610FE09942F8D01B6845
:10132000002BF5D093F90E6090F90E50AE42F4DD2B
:101330005968C0E9003108605860A569954200D03D
:1013400005B9E568A3681A7CD20606D1DA897F2A36
:1013500003D9AA690AB9636170BDAB4202D02846BD
:1013600000F0D6FA6561F7E7382B042038B590F91C
:1013700010200146002A037C04DA03F07F03037483
:1013800004F01EFC0D4D2A4652F8184FAB689442EB
:1013900000D004B9EC688B4207D01A7CD20604D185
:1013A000DA897F2A01D9A2692AB1A34202D0204654
:1013B00000F0AEFA23466B6138BD00BF382B042025
:1013C000B3F1FF3F08BFB2F1FF3F03D0024918302D
:1013D00000F03ABB704700BF995C0A00034648B969
:1013E000EFF3058232B9064A51699268914201D001
:1013F000FFF762BF83F31188BFF36F8F704700BFA1
:10140000382B042038B5184CA168E0690B6881427C
:1014100014BF1A46002249680B605960A368E1694D
:101420002AB9124AC3E900210B60E3610AE092F98C
:101430000E5093F90E00854212DD5168C3E9002178
:101440000B605360A569094B9D4200D005B9E56862
:10145000A3689D4202D0284600F05AFA656138BD63
:101460008A42DED01268DBE7382B0420502B0420A0
:10147000F8B5DDE906670D4B0C46986811460C4A35
:101480001060EFF31182402282F31288BFF36F8F56
:101490009D68284604F0A6FB284632463B46FFF7E7
:1014A0008FFF2046BDE8F840FFF706BF382B042029
:1014B000642B0420F8B50446EFF31187402383F32F
:1014C0001288BFF36F8F037C49B203F01F02002A1A
:1014D0000CBF0126002635D103F07F032A4D03748B
:1014E00004F06EFB2A46037C817363F07F03037470
:1014F00052F8183FE869934207D1C4E9002004601C
:10150000EC610DE09842F8D01B68002BF5D093F900
:101510000EC08C45F6DD5968C4E900310C605C6092
:10152000AC69944200D004B9EC68AB689C4202D02C
:10153000204600F0EDF96C6187F31188BFF36F8FDF
:101540003046F8BD9B071CD5856804F039FB8173D4
:101550002B689D4209D16B68C4E900531C606C6024
:10156000EAE76A689A42F6D01B68002BF3D093F939
:101570000E208A42F5DD5A68C4E9003214605C60CE
:10158000DAE78173D8E700BF382B0420034648B957
:10159000EFF3058232B9064A51699268914201D04F
:1015A000FFF78ABE83F31188BFF36F8F704700BFC8
:1015B000382B0420EFF31181402383F31288BFF30B
:1015C0006F8F054B9A68D37B013BD37381F31188EE
:1015D000BFF36F8F704700BF382B042070B5EFF357
:1015E0001186402383F31288BFF36F8F0F4DAB68D2
:1015F000DA7B0132DA732A4652F8184F944200D04F
:1016000004B9EC681A7CD20604D1DA897F2A01D9A0
:10161000A2692AB19C4202D0204600F079F9234603
:101620006B613046BDE87040FFF7D8BE382B042010
:10163000024B03F11802C3E906227047382B04203D
:1016400070B5EFF31186402383F31288BFF36F8FD9
:101650001A4CA168E0690B68814214BF1A46002247
:1016600049680B605960A368E1692AB9144AC3E963
:1016700000210B60E3610AE092F90E5093F90E002D
:10168000854216DD5168C3E900210B605360A569EE
:101690000B4B9D4200D005B9E568A3689D4202D07E
:1016A000284600F035F965613046BDE87040FFF727
:1016B00003BE8A42DAD01268D7E700BF382B042075
:1016C000502B0420F8B550EA010306460C4603D11E
:1016D000FFF7B6FF0020F8BDEFF31187402383F337
:1016E0001288BFF36F8F124D124BA8681860FFF776
:1016F0003DFEA868234632460F49183000F0A4F991
:10170000AA680446137C384643F004031374FFF7B9
:10171000D3FDAB68D3E90A23B3F1004F08BF002A19
:10172000D8D104F0B3FB201A20EAE070D3E700BF61
:10173000382B0420642B0420995C0A00014B986824
:10174000704700BF382B04202DE9F84304468789F1
:10175000EFF31186402383F31288BFF36F8F037C6E
:10176000190705D586F31188BFF36F8FBDE8F8839D
:10177000D90943F0080272D10274A36813B120465C
:1017800004F026FA04F1180004F04BFBA56D04F1F7
:101790005808A84511D04FF0000975B1284604F04B
:1017A00017FA05F1180004F03CFB2846C5F8B49080
:1017B000FFF79CFDA56DA845EFD1DFF8C480D8F8F0
:1017C00008309C4253D1EFF30589B9F1000918BFE5
:1017D0004FF00109D8F818502A4A954200D00DB9A7
:1017E000D8F80C50AB4202D0284600F091F82046C1
:1017F000C8F8145001F000FE204600F0D9F8B9F105
:10180000000F02D02048FFF749FDD8F808309C426D
:1018100030D1EFF305836BBBA289D20711D586F3D4
:101820001188BFF36F8F83F31188BFF36F8F042389
:10183000184602DFEFF31186402383F31288BFF3CB
:101840006F8F3046FFF738FDFB078FD5002383F3FA
:101850001188BFF36F8F0423184602DF86E703F079
:101860007F0343F00803037404F0AAF985E74FF0FF
:101870000009AFE786F31188BFF36F8FE4E700BF7D
:10188000382B0420502B0420D8260420D3B5DDE9C2
:101890000667089CCDE90067FFF7EAFD1CB1034B22
:1018A0009B685B69236002B0D0BD00BF382B042069
:1018B000027C034612F01F0210D10A4988420DD063
:1018C0000949086868B1D9897F2909D893F90E2098
:1018D000064B1B689A42B8BF002070470020704733
:1018E0001046704778240420D4050420682B042077
:1018F0000122044BC01A044BC0105843034B1A5426
:10190000704700BF98270420ABAAAAAAB32E0420D0
:1019100070B50C4B0C4D1E7CFFF7CAFF182303FB60
:1019200006550446284604F07CFA0022074B9A55D7
:101930003CB1621E2846BDE870400549D31700F04F
:1019400083B870BD382B042098270420B32E0420C0
:10195000F1180A0038B5EFF31185402383F312889C
:10196000BFF36F8F0F4B104A9C681068A04206D1DE
:10197000FFF7CEFF85F31188BFF36F8F38BD0021CD
:101980001B7C1160094AD35C002BF3D02046FFF783
:101990008FFF0028EED0237CDB0601D1FFF732FD5C
:1019A0002046E5E7382B0420642B0420B32E0420C6
:1019B000EFF31181402383F31288BFF36F8F0A4A3C
:1019C000136A834207D19B6F136281F31188BFF3BF
:1019D0006F8F70471346002BF7D09A6F8242F9D170
:1019E000826F9A67F1E700BF382B0420024B18681A
:1019F000984208BF00207047D8050420034B1B689D
:101A00000BB9FCF7E7BF0020704700BF6C2B042028
:101A100030B570B10B4B5B6898420AD0036843B194
:101A2000D3E90421D0E90445121941EB0501C3E9CA
:101A30000421D0E9003213605A600023C0E900336A
:101A400030BD00BFD8050420B3F1FF3F08BFB2F19D
:101A5000FF3F2DE9F84F0446994615461F467AD0B8
:101A60008160EFF31188402383F31288BFF36F8FF7
:101A7000B9F1000FDFF8E4A020DBFFF7BFFFDAE9E0
:101A80000027013549F100092D1849EBE07306469E
:101A90004FF00109C4E90453AD1843EB0707FFF702
:101AA000A5FF0346DFF8B8E0DEF804A0EBB9C4E90F
:101AB00000EACAF80040CEF8044028E06FF00103C5
:101AC000DAE900125B1A4FF0FF3161EB02025B1B97
:101AD00062EB0902012B72F10001BCBF012300225D
:101AE0004FF00009C0E90432D9E7D3E9041CD4E976
:101AF00004208A4270EB0C0B24DA891A5A686CEBCA
:101B00000000C3E90410C4E9003214605C60FFF710
:101B10006DFF84420ED1134B1B685BB9B9F1000F06
:101B200002D1FFF76BFF0646304604F063F900214F
:101B3000FCF764FF88F31188BFF36F8F284639469E
:101B4000BDE8F88F521A60EB0C005345C4E904203D
:101B5000ADD01B68AAE700252F46EFE7B027042089
:101B6000D80504206C2B04202DE9F047DFF8A8905D
:101B70000246C9F800000D46FFF738FF002600278F
:101B8000DFF898804FEAE27ED8E9001350B1D0E93F
:101B9000044CA2427EEB0C0A1ADAA41A6CEB0E0675
:101BA000C0E904460024521843EB0E032046C8E95E
:101BB0000023C9F8004004F01DF92146FCF71EFF80
:101BC00085F31188BFF36F8FBDE8F047FFF7C2BE02
:101BD000611843EBE473C0E90467C8E90013FFF739
:101BE00017FF01224FF00043C0E9042385F3118859
:101BF000BFF36F8F83689847EFF31185402383F31A
:101C00001288BFF36F8FD9F80020121BC9F800208B
:101C1000FFF7ECFEB6E700BF6C2B0420B0270420D2
:101C200010B5EFF31184402383F31288BFF36F8F55
:101C3000FFF7E4FE0346054AD2E90001181841EB1C
:101C4000E37184F31188BFF36F8F10BDB0270420B8
:101C5000F8B50446EFF31187402383F31288BFF3EE
:101C60006F8FD0E90423B3F1004F08BF012A04D0DD
:101C700087F31188BFF36F8FF8BDD0E90A566A1C4D
:101C800046F10003022A73F1000334D3013D46F10B
:101C9000FF36002EBCBF00252E4604F0FBF80130B5
:101CA00041F10001401946EB0101012871F10001E9
:101CB00048DB04F0EFF86FF00203013041F100015E
:101CC000401946EB010183426FF000438B413EDB3C
:101CD00004F0E0F8013041F100016FF00102401919
:101CE00046EB01034FF0FF31121A61EB030320466C
:101CF0001949FFF7A9FE236B01332363236A63B1FC
:101D000087F31188BFF36F8F20469847EFF3118751
:101D1000402383F31288BFF36F8F54F8185FA542F6
:101D2000A6D0002DA4D0284603F091FF0023C5F8CB
:101D3000B43087F31188BFF36F8F2846BDE8F840B1
:101D400003F076BF6FF001024FF0FF33CFE70022C0
:101D50004FF00043CBE700BF511C0A002DE9F041D2
:101D600005461C4690461F46EFF31186402383F339
:101D70001288BFF36F8FB4F1FF3F08BFB2F1FF3F8E
:101D800005D186F31188BFF36F8FBDE8F081002C79
:101D900009DB012A74F10003BCBF0122002412F107
:101DA000FF3844F1FF37284604F03BF8DDE906012F
:101DB0000023C5E90A012B6342463B4628460249F7
:101DC000FFF742FEDDE700BF511C0A0070B5054673
:101DD000EFF31184402686F31288BFF36F8F04F06F
:101DE00020F820B184F31188BFF36F8F70BD6B6A48
:101DF00063B184F31188BFF36F8F28466B6A9847ED
:101E0000EFF3118486F31288BFF36F8F05F118008A
:101E100003F052FF0028E5D003F00AFF2146BDE899
:101E20007040014803F05EBFB42E0420F8B50746A9
:101E30000C46164603F0BCFE08B10020F8BD0E4B60
:101E40009B68D3F8A850002DF7D0221DF5D2EFF3F0
:101E50001184402383F31288BFF36F8F284647F025
:101E60000401B04784F31188BFF36F8F0028E4D0DA
:101E700040F8045BE2E700BF382B04200146024A29
:101E80000020FFF7D3BF00BF6F280A0001680E4A89
:101E90000346914215D1C169A2F11022A2F1EF12BD
:101EA00091420ED18268012A0BD8C26812B1016931
:101EB0008A4206D0586928B19B691B1A584258417A
:101EC00070470120704700BF55AA00FF70B50E4B48
:101ED0009E68B6B13046FFF7D9FF044618B9F368DB
:101EE0007BB935690DB9204670BD2846FFF7CEFF96
:101EF00028B9EB68B34204D12E462D69F2E70446B7
:101F0000F1E70124EFE700BF702B0420F8B5374A52
:101F10001368D3B19368C3B1002865D0002963D09A
:101F200001FB00F4B4FBF0F088425DD1201D5BD8CA
:101F3000A1070CD024F003000430D36803E05D68EF
:101F4000854206D29B69002BF9D11846F8BD204680
:101F5000F3E7D3F808C0BCF1000F02D0012004F071
:101F60000AF82D1A232D03F120061CD801219960AF
:101F7000D3E90501A8B18161996909B1586948613E
:101F80000021C3E905111369DB0703D5FFF79EFFA5
:101F90000028E3D122460021304603F0E4FF034647
:101FA000D3E7D160E8E700F12007D919203DC1E966
:101FB000015CCB601D69DFF838C00D6143F807C0D4
:101FC0000C4FCF6105B1E9605D694D619F698F611B
:101FD00045B1A9618D6905B1696101251961C3E93F
:101FE0000105CDE7D160F5E70023AEE7702B0420B3
:101FF00055AA00FF669911EE70B50546002860D01D
:102000003B4E3368002B5CD0B268002A59D0834223
:1020100003D872681344984202D3012003F0ABFF47
:10202000A0F120042046FFF731FF0028F5D155F834
:10203000183C012BF1D155F8143C45F8180CC3B1EC
:102040009A68002A3ED155F81C2C02F120015A68EA
:102050000A445A6055E905321A6155F8145C2B6937
:1020600003B1DD6020462022002103F07CFF2346DF
:102070002C462069002832D08268002A2FD163685C
:10208000426820331344636003692361D4E9052364
:10209000D2B903BB436963618269A261EBB19C6100
:1020A000A36903B15C61236903B1DC6020220021D4
:1020B00003F059FF33699B0703D5FFF707FF00289B
:1020C000ABD170BD0346D4E79361A369002BE1D087
:1020D00062695A61DEE7F360F7E7F460E0E7002B3E
:1020E000E8D1F368A36103B15C61F460E2E700BF8B
:1020F000702B042038B50C461422002105461348E5
:1021000003F031FF12491348FDF758F9232C1CD96D
:1021100015F003031FBF043CE418C3F10403ED18DA
:1021200022460021284603F01EFF084B0A49C3E956
:102130000054203C9D606C609A6811609A68A1F11F
:102140001021A1F1EF11D161DA6038BD702B0420AC
:10215000F91F0A000D1F0A0055AA00FFF8B50E4B23
:1021600006461D68AB789B0712D56F6816F8014BC1
:1021700029462CB90A20B847002805DB204609E08B
:102180002046B8470028F1DAAB7843F00403AB707F
:102190004FF0FF30F8BD00BF80720A000CB430B5BC
:1021A0008BB004460D462022002102A803F0DBFE7E
:1021B0000223002D06948DF80A300C4B039312DB9A
:1021C00001D06B1E1C440FAA0E9902A8079401921D
:1021D00000F00EF815B1069B00221A700BB0BDE896
:1021E000304002B070470024EDE700BF8F600A0066
:1021F0002DE9F04F43688BB0804692460093837878
:102200009C0740F1F98000250878002800F0F6804E
:1022100025280AD04B1C019301354146009B984765
:102220000028C0F2E3800199EEE74E788B1C252E42
:102230000193F1D000270A22B9463C461F2C22D830
:10224000A6F12003102B20D8DFE803F0141F1F1A7B
:102250001F1F1F0B1F1F1F121F171F1F090044F0F6
:102260000104019B13F8016B0193002EE6D13AE0C3
:1022700044F0020444F00404F3E744F00804F0E7F7
:1022800044F01004EDE77F2C24D8A6F13003092B8D
:1022900008D860064EBF02FB073744F0200402FB5B
:1022A0000939DEE72A2E0DD161065AF8043B53D4D2
:1022B000002BA7BF44F020049946C3F1000944F065
:1022C0002804CEE72E2E05D1630600F1978044F056
:1022D0004004C6E76C2E2ED028D8682E32D06A2E45
:1022E00037D04C2E35D0002F46F02003B8BF24F055
:1022F0004004A3F16502BCBF0027A4B2022A01D9A1
:10230000612B2BD10AF1070A07279D4E2AF0070AF5
:102310000AF1080A210760D506EB070B34465C4535
:102320005DD1AE1BA9EB0709A21959E1742E98D013
:102330007A2E96D0D7E7260648BF44F4007444F0BE
:1023400080048EE7E00548BF44F4007444F48074D0
:1023500087E744F4207484E71F4682E7A6F163020E
:10236000122A00F2D880DFE812F013004D00D600E8
:10237000D600D600D6004D00D600D600D600D60036
:10238000D600E800D100D600D6001A00D600A00082
:102390005AF8043B012704AE8DF81030BAE75AF81A
:1023A000046B784B002E08BF1E4614F0400F3046D9
:1023B00014BF39464FF0FF3103F007FE0746A9E787
:1023C00041462020009B984700280FDB013CA74294
:1023D000F6D34D44A1462D1B9EE74C46F7E74146F8
:1023E00014F8010B009B9847002898DA98F80230FF
:1023F00043F0040388F802304FF0FF3528460BB055
:10240000BDE8F08F220630D5A3052AD50AF1070AC8
:102410002AF007039A4659685AF8080B24F0100B63
:1024200000291FFA8BFB2FDA40424BF4806B61EBE3
:10243000410104AC0A23224603F0D3FD1BF0400FF8
:10244000A0EB040200F08E802BF001049742A4B2AE
:1024500040F38F80002E40F08E802BF01104A4B248
:102460001DE05AF8040BC117D8E7E0055AF8041B21
:1024700001D40846F7E7A20547BF48B241F3C011AF
:1024800008B241F3C031C9E750EA0103D1D1630674
:10249000CFD5002FCDD124F011043A46A4B23B464B
:1024A00040F206410C4262D124E024F010040A23D9
:1024B000A4B214F0800243D014F4007117BF0AF1E3
:1024C000070A5AF8040B2AF0070292461CBF51680B
:1024D0005AF8080B50EA01023ED124F0160B6206AE
:1024E0001FFA8BFB3CD5002F3AD124F017043A4653
:1024F0003B46A4B221075AD4E10705D5994572DDC0
:10250000A9EB03039F184B469B464AE044F0100496
:1025100010237826CDE7782B04D1C6F1780343F059
:102520001003C6E741462520009B98470028FFF688
:102530005DAF02354146304670E608230026B8E715
:1025400014F480715AF8040BC4D014F400711ABF4B
:10255000C0B2114680B2BDE724F006041FFA84FB26
:1025600004AC68E713465C46E10699D52EB9013301
:10257000C0E71346F8E73B46F6E70233BAE700BF89
:10258000999A0A00929A0A00CDE902324146202027
:10259000009B98470028FFF629AF0BF1010BDDE9FE
:1025A0000232D945F0DCEB1A03EB0B055B46E10682
:1025B00027D541463020CDE90232009B98470028BC
:1025C000FFF614AFDDE902327EB901352F44791BE5
:1025D0008A4229DB144604AE94BB2A44A9EB0309C2
:1025E0001546914440E017468EE702354146304695
:1025F000CDE90232009B98470028DDE90232E5DA96
:10260000F4E640F206410C42E0D014F0020F05F16E
:102610000105414614BF2B20202014F4806FCDE922
:10262000023218BF2D20E5E7CDE902324146009B7A
:102630003020013598470028DDE90232C7DAD5E6B7
:10264000013C4146CDE90232305D009B98470028AD
:10265000DDE90232C0DAC9E641462020009B01359F
:1026600098470028FFF6C2AEA9EB0503002BF3DC68
:10267000D9E500BF38B5044C044DAC4200D138BD9B
:1026800054F8043D9847F8E70000000000000000FF
:10269000704700EBC100408840087047F8B503461A
:1026A000FFF7F7FFB0FA80F0C0F11F0003EB800CDA
:1026B000DCF81060CA00171D0C4606328DB256B900
:1026C000012101FA00F0D9680143D960CCF810402B
:1026D000DD539D52F8BDF1000431585AD85303EB35
:1026E000C0009E52C5805D52F4E710B500EBC104F6
:1026F000E3888B4202F104010AD1012303FA02F2BA
:10270000C36823EA0203C360002340F8213010BDF0
:10271000A28840F8213000EBC20100EBC300CB805F
:102720008280F4E708B50346FFF7B3FFB0FA80F202
:102730001846BDE80840C2F11F02FFF7D6BF2DE9D9
:10274000F843B1FA81F3C3F11F0200EB8209D9F813
:10275000107006460D4687B94FF0FF34C3F12003D1
:102760009C40F3681C4014D094FAA4F2B2FA82F2AE
:10277000131D56F82340214608E03C464FF003085D
:1027800021463046FFF785FF854205D83046FFF7E2
:10279000ACFF2046BDE8F88306EBC404E488B8F13A
:1027A0000108C9F81040D7D0BC42E9D1D4E738B508
:1027B0000446FFF76EFF0D46034611462046FFF71D
:1027C00068FF03449BB204EBC5055A0020466A80AB
:1027D000FFF75FFF014424F8313038BD70B50B4678
:1027E0000446FFF756FF04EBC305511A9B1A89B242
:1027F00003444E009BB26E8004EBC2005D00458036
:1028000024F8321020461146FFF743FF014424F814
:10281000313070BD70B509B9002070BD056801F098
:1028200007030B33CC0804EBD304AB6828469C4267
:1028300028BF1C462146FFF782FF06460028EBD042
:1028400001462846FFF725FFA04207D9284632193E
:10285000FFF7C4FF11462846FFF720FF05EBC6022D
:1028600010465388043043F001035380D5E71146E6
:10287000FFF7D0BF043A2DE9F843CC1D114424F0F2
:10288000070421F00706A6EB04084FEAD807B7FAB9
:1028900087F24FF00009C2F12405AD000735C2F1FF
:1028A0002002ED0804604946A760C4F80C9092002D
:1028B00004F1100003F057FBAAB2530043F00103E8
:1028C00063807B1B9BB204EBC5015800A4F8009009
:1028D000488024F83520A6F8029024F8083004EB4C
:1028E000C7035A88294642F001025A802046BDE8B3
:1028F000F843FFF7D3BE2DE9F04706460D461746CD
:1029000098462BB34FF0000A98F8004093F80190D6
:10291000DB78A40004EB430498F802301C444444E0
:10292000CA4509D339463046AC46D8F8042008F1E8
:102930000803BDE8F047604714F8013B0AF1010ABB
:10294000204648F82340F3F71DF801300444E7E738
:102950006FF01500BDE8F08730B502460024002076
:1029600012F8013B43B178B18C4207D1702B04D0EF
:10297000A3F140053A2D07D8002030BDA3F1400552
:102980003A2D01D80134EAE7252B08BF80F0010079
:10299000E6E70020704700F093BB0FB407B504A929
:1029A00051F8040B019100F08BFB03B05DF804EBD0
:1029B00004B070470FB407B504A951F8040B019196
:1029C000FFF7E9FF03B05DF804EB04B0704710B502
:1029D0000369024613F0080009D11368D4689C42C9
:1029E0009BBF0120126AE31AD31A0B6010BD0023AB
:1029F0001846FAE713B501A90446FFF7E8FF20B12E
:102A0000019BE268013B13440193206A019BC01AB9
:102A1000013802B010BD10B5044650182269236A6F
:102A2000D20702D5013B184010BD984228BFC01AFA
:102A3000FAE710B504460A46C168FFF7ECFF2369C0
:102A4000E06023F00803236110BD38B50D46C2696C
:102A50008B00016843F00203044642F8213001680C
:102A60002A46FFF7D8FFE3686168984208BF2369E8
:102A7000206008BF43F008032A46204608BF2361B0
:102A8000FFF7C9FF606038BD2DE9F74F0F46002101
:102A9000D0F80CB0C669009216F82B209A4602F0C6
:102AA0000302022A14BF894656F82B2006EB8B033B
:102AB0000193009B08BFC2F39D0919600446CAF840
:102AC0000010B9F1000F07D04946FFF7B2FFE368E5
:102AD000A3604FF0010804E001698A0705D44FF0B4
:102AE0000008404603B0BDE8F08F816906EB8B001B
:102AF000884716F82B10054611F00108EFD08B0718
:102B00001DD51FB139462046FFF79FFF61682A4651
:102B10002046FFF780FFD4E902138B42606007D1A3
:102B20002A462046FFF777FF4FF000080146A060D5
:102B30002369216043F00803E1602361D1E7014686
:102B40002046FFF776FFE168A1601FB12068E169C8
:102B500041F82090EA19CAF8002021682046FFF7C2
:102B60005AFF2269206042F00802226116F82B20E9
:102B700022F0010206F82B20DDE900321A60A8E7F6
:102B800070B504461546FFF746FF2368834205D11A
:102B90002369216023F00803236170BDE269AB0063
:102BA00043F0020342F8213061682A462046FFF7CD
:102BB00032FF6060F1E738B5036904465B0706D56C
:102BC000456AFFF717FF85422CBF6562606238BD1A
:102BD00038B50D4604461C22002103F0C4F900223A
:102BE000EB68A361AB6863612B68E3616B68626249
:102BF00023622A6923B1591E194208BF42F001021B
:102C00002261012204F128000021BDE8384002F0D1
:102C1000B0BE2DE9F04F00259846036A87B08B427D
:102C200004460E469346AA460395059538D3EFF31E
:102C30001189402383F31288BFF36F8F059A2AB15D
:102C400029462046FFF79CFF0023059304A9204650
:102C5000FFF7BDFE04990746B1422AD32268E36913
:102C6000204613F8221003EB820A21F0030103F837
:102C7000221021683246FFF7CEFEE36820609842BA
:102C800012D0002789F31188BFF36F8F039929B100
:102C900062690AB12046904700230393002FC6D1F2
:102CA000504607B0BDE8F08F236943F00803236165
:102CB000E7E718B12046FFF7C8FEE3E75BEA080341
:102CC0001CD0019102F074FF0199B8B9B9F1000F5D
:102CD00014D189F31188BFF36F8F5A46434604F12C
:102CE0002800FDF7F7FFEFF31189402383F31288E3
:102CF000BFF36F8FB0FA80F77F09C3E7204605ABBB
:102D000003AA2568FFF7C0FE0746BBE770B5044677
:102D1000836908460D4698470246EFF31186402323
:102D200083F31288BFF36F8F2B78204643F00103A3
:102D30002B706168FFF76FFE60602046FFF73BFF76
:102D400086F31188BFF36F8F70BD2DE9F8430446F9
:102D500000274026EFF3118586F31288BFF36F8FAB
:102D60002369A268190702D46368934200D2236AD8
:102D70009B1A002B42D0E06910F8221000EB820968
:102D800011F003033AD0022B04D150F822305FEA4D
:102D9000930805D1CB0720D44846A36998478046BD
:102DA000A16842462046FFF736FE0127A060414653
:102DB0002046FFF73EFE3B4685F31188BFF36F8F39
:102DC000002BC7D137B1B9F1000F03D104F12800AE
:102DD000FDF74CFF4846BDE8F88341F0020100F8DA
:102DE0002210A3694846D4F8088098474146024615
:102DF0002046FFF710FE0023A060DDE79946DBE7E1
:102E0000F8B50446836908460D4698470646EFF331
:102E10001187402383F31288BFF36F8F2B7823F041
:102E200001032B7023699B0705D5E268E36903EB77
:102E300082039D421AD12B7823F002032B70D4E930
:102E40000231994204D132462046FFF7E4FDA060EA
:102E500031462046FFF7EDFD87F31188BFF36F8FF2
:102E600004F12800BDE8F840FDF700BF2B6860F3CF
:102E70009F032B60F0E7EFF31181402383F3128867
:102E8000BFF36F8F02698368120702D442689A42C7
:102E900000D2026AD31A81F31188BFF36F8F181E14
:102EA00018BF01207047038B13F0070306D1036896
:102EB000002B18BF032008BF00207047022B05D14C
:102EC000408BB0FA80F0400980007047012B04D19C
:102ED0000368002B18BF0520EDE70020704710B5F0
:102EE0000C4600B111B96FF0150010BD081D00F0BF
:102EF000ABF80028F9D1A368032BF6D9F3E72DE945
:102F0000F0410D4607461946281D90461E4600F022
:102F1000ACF8044638B13346424629463846A44602
:102F2000BDE8F0416047BDE8F08110B4EFF31182D5
:102F3000402484F31288BFF36F8F416110BC0121DC
:102F4000F3F7ACBC38B50C46054658B151B10B6827
:102F500043B14B6833B11C22002103F004F8002078
:102F60002C6138BD6FF01500FBE7F8B504460E463E
:102F7000FFF7B5FF051E3BDBEFF31182402383F320
:102F80001288BFF36F8F4FF6FF71638B278B8B42D5
:102F900007F007072ED0062F2FD8DFE807F0182EEE
:102FA000082E180418006FF08505002303E0013394
:102FB00063830225012382F31188BFF36F8FBBB1B6
:102FC00000233A4631462046FFF799FF10E00023E0
:102FD0003360636823B9C4E9006627B13D46E4E77E
:102FE0001E606660F9E702212046F3F757FC3D4674
:102FF0002846F8BD6FF00A05D7E76FF00405D4E75F
:1030000010B5EFF31182402383F31288BFF36F8F63
:10301000048B04F00704022C0AD0012C0CBF6FF0C3
:1030200004006FF0850082F31188BFF36F8F08E012
:10303000438B013B9BB2438323B92146F3F72EFC1C
:10304000204610BD2046EEE7034658B1426802F024
:103050000302012A03D0032A04D1026812B100201E
:10306000986070476FF0150070474268034602F0A1
:103070000302032A4FF00002816014BF104600686B
:103080005A607047704703785B075FBF03684288E8
:10309000C3F34A2303EB12105DBF173020F0070083
:1030A0008008002070470020704701F03CBE0346B6
:1030B000D3E8EF0F421CC3E8E12F0029F8D1704795
:1030C0001FB50023CDE902011A4619461846CDE97D
:1030D0000033F3F7EDFF05B05DF804FB0120F3F7D3
:1030E000A3BD002070474368DA710122436819606C
:1030F00043685A71F3F78ABD70B515460C4669B13D
:10310000D2E901369B1B99420AD813680A46014648
:10311000981902F01BFFAB682344AB60204670BDDA
:103120006FF01B00FBE770B50E46154619460446C6
:1031300018B9BDE87040F3F777BD33B1C2F34A2345
:103140001030120D184402F001FFC4E90056204669
:10315000BDE87040F3F70CBF2DE9F3415F1C4FEA67
:103160008708064608F1170020F0070080080C4683
:103170001546F3F7D5FD00238DF80470ADF8053042
:103180008DF8073068B10346019AA8F1040143F8AD
:10319000102F2A46294452F8045B8A4243F8045F00
:1031A000F9D100233146A20102F4E07242EA48223A
:1031B00022F07F4222F4700222F03F0202B0BDE80A
:1031C000F041FFF7B0BF07B50123019201AAFFF755
:1031D000C3FF03B05DF804FB07B5CDE9002302236C
:1031E0006A46FFF7B9FF03B05DF804FB1FB5CDE9F0
:1031F0000123069B01AA03930323FFF7ADFF05B04C
:103200005DF804FBF8B506460D4614461F4604B9A2
:10321000F8BD214628463A46B047241A0544F6E749
:1032200010B542680446D2E9002381680068FFF7C0
:10323000E9FF002263681A6010BD38B54B68054687
:103240001A68CB680C469A4202D10846FFF7E8FF9D
:103250006368D3E8EF2F511CC3E8E01F0028F8D1C2
:10326000A36800209D5438BD0A2838B504460D4691
:1032700002D10D20FFF7E1FF29462046FFF7DDFFD1
:10328000002038BD2DE9F043054689B008460E8878
:1032900091F800900C46D1F808801746F3F75AFFD2
:1032A000011EC6F38216C9F3C2091FDB4846F3F7B5
:1032B00071FE0346214651F8102B6088C2F34A2262
:1032C000002A01EB020408BF00210022C0F30B100A
:1032D000CDE90507CDE9031428464146CDE9002292
:1032E0000296F3F763FF09B0BDE8F0830023E1E73E
:1032F000436800201B685B681961704743681B685E
:103300001A6852685360704701212DE9F041436803
:103310001B685A6811751D682F68D5E90136D3E915
:1033200000481CB96B681C60BDE8F081214630463E
:103330004246B847241A0644F3E743681B681868F6
:10334000F4F76AB870B543680C461D686B68186975
:10335000F3F746FC214603460F222868BDE870407B
:103360001847F0B587B01F4604460D46164600F0D4
:1033700080FA022302930DF116030193BDF8303059
:10338000ADF81600009332463B462946204601F030
:1033900005FA07B0F0BD2DE9FF411F460D46164660
:1033A0000446F5F799FF8046F2F7ECFABDF82830AD
:1033B00080B2CDE90180009332463B462946204643
:1033C00001F0ECF904B0BDE8F08102F0CCBD02F0F0
:1033D000BDBD01460068F4F7C5B808B5F4F71EF99D
:1033E000BDE80840F4F796BC0A460121FFF7EBBEA2
:1033F00000210120F4F7B6B86FF08500704761B680
:1034000062B680F31188BFF36F8F704772B60023E6
:1034100083F31188BFF36F8FBFF34F8F30BF62B656
:10342000BFF36F8F704772B6002383F31188BFF329
:103430006F8FBFF34F8F20BF80F31188BFF36F8F63
:1034400062B6704740E800F313F4803FD8B208BF7B
:103450006FF01500704730B50C684B6885B00A896D
:103460004D890094013B24F01F04234402F01F0205
:1034700042EA451223F01F0369468DF808200393A2
:10348000F4F7FAFC05B030BD08B5D1E9043198472E
:10349000002008BD08B5F4F70BFF002008BD7047F9
:1034A000002303824369C3607047C1698968F4F7E8
:1034B0006BBFEFF31182402383F31288BFF36F8F4A
:1034C00000230B60436833B9C0E9001182F311880F
:1034D000BFF36F8F704719604160F7E7034610B57F
:1034E000EFF31181402282F31288BFF36F8F0068DF
:1034F00028B15C680268A0421A6008BF5A6081F374
:103500001188BFF36F8F10BD027A013202727047CB
:10351000034618465B68002BFBD17047426810B524
:103520002AB10B461C465B68002BFBD162604160F0
:1035300010BD10B5044620B908460B7A01330B7252
:1035400010BD034618465B68002BFBD1FFF7E6FF72
:103550002046F5E783680B440360704703680B60FF
:1035600043684B6083688B607047838802681944A6
:103570008180D018704730B484880568A318838090
:10358000281930BC02F0E2BC10B5838802685C1CCC
:103590008480D154D01810BD034600689A88401A20
:1035A00011441860998070470268531E0360838835
:1035B0000133838002F8011C704703468288521A47
:1035C00082800068084418607047034600689A8843
:1035D000521A01449A801960704710B5036801219E
:1035E0001C78FFF7EAFF204610BD10B503680221E2
:1035F0001C88FFF7E2FF204610BD10B50C4601788D
:10360000227888B08A420ED06946F5F705F8204640
:1036100004A9F5F701F8102268460DEB020102F04B
:10362000B1FC08B010BD012A06D0022A07D072B939
:1036300040886388C01AF4E740686368FAE710229C
:10364000611C013008B0BDE8104002F09BBC6FF077
:103650001500E6E7042A0AD0102A0DD0022A4FF0FE
:10366000000315D103700B884380012070470123AC
:1036700003700B684360F8E7022300F8013B01F197
:10368000100351F8042B994240F8042BF9D1ECE7D0
:1036900018467047012310B50621044600F8013B87
:1036A000FBF776FE18B9A37963F03F03A37110BD51
:1036B0000B6803608B8883808B798371037823F098
:1036C0000203037070470078C0F34000704738B5BC
:1036D0000446807AF4F72EFE6169054649B1637AA3
:1036E000DB0704D4C36920461B689B689847002306
:1036F000636121462846BDE8384002F02CB92DE927
:10370000F0410C461746054601F10C0800F10C018A
:1037100040461E46FFF722FF6269E36839469B1A5E
:1037200013FA87F36B82012340466B722F82FFF7F7
:1037300044FFE368284673600023628AE360728175
:1037400063823460BDE8F08138B50C46D1E90032BF
:103750000546DA600B684A895A820868F4F792FED7
:1037600020461022002102F0FEFB2846BDE838402A
:10377000FFF7ADBF438A23B9C068B0FA80F04009B3
:103780007047002070470F2806D80D280BD8052851
:1037900014BF022003207047132804D01A2814BF36
:1037A00002200120704701207047FFF70CBDFFF792
:1037B00013BD034610B5D3E8EF0F40EA0102C3E89A
:1037C000E42F002CF7D110BD0023F3F7F1BBD0E8B4
:1037D000EF3F0B40C0E8E23F002AF8D1704710B538
:1037E000F6F74CFE04466FF480711030FFF7EFFFE0
:1037F0002046BDE8104000F0F3B8C368DB78012B29
:1038000001D1FFF7ECBF7047C368DB78012B01D112
:10381000FFF7E5BF704738B504460D46F5F726F9C2
:103820005F3005D129462046BDE83840F5F758B845
:1038300038BD10B5028843889A4218D8052A16D98F
:10384000B3F5486F13D88488B4F5FA7F0FD2C188D6
:1038500040F67640A1F10A0292B2824207D804FBF8
:103860000333B3EB810F34BF0120002010BD0020D3
:10387000FCE7002070470020704770B506460D46F3
:103880004FF0FF304FF0FF31F5F722FC044668B1EE
:1038900003210C30FFF769FE068085702146BDE8E4
:1038A0007040002240F20640F5F774BD6FF06800EA
:1038B00070BDC368187808B1F5F7AABB1846F5F7CC
:1038C00011BE38B54FF0FF3105464FF0FF30F5F728
:1038D000FFFB044668B102210C30FFF746FE2B883F
:1038E000214603800022BDE8384042F21600F5F779
:1038F00051BD6FF0680038BD70B506460D464FF0FB
:10390000FF304FF0FF31F5F7E3FB044618B9BDE88F
:103910007040F4F7DBBF03210C30FFF726FE068072
:1039200085702146BDE8704042F22100F5F7E0BC09
:10393000072208B502F026FBB0FA80F0400908BD66
:10394000FFF741BC00280CBF08460020704718B1A3
:1039500011B10846F6F7E8BA6FF01500704713B5D5
:10396000044680B106216846FBF712FD48B99DF870
:103970000530694603F03F0320468DF80530FFF718
:10398000E6FF02B010BD6FF01500FAE7003818BF6F
:103990000120704770B506460D464FF0FF304FF0DE
:1039A000FF3186B0F5F794FB0446B0B10C3095B109
:1039B0000121FFF7E9FD204606F1100203A90823C3
:1039C0000095F5F773FB0022214642F20A00F5F755
:1039D000E1FC06B070BD2946EBE76FF06800F8E740
:1039E000183002F0A7B8D0F8B400003818BF012092
:1039F00070470846896918301160426800211A60D2
:103A000010F80D2C02F0AFBA2438F6F7ADBF002243
:103A100003680BB9184670478B4210D10B6842B946
:103A200042680360914200D14360002301200B6093
:103A3000704713604368994208BF4260F5E71A4631
:103A40001B68E6E7837A072B01D1F6F7B9BF704709
:103A500010B50446006918B1F4F714FD0023236182
:103A600010BD10B500F1C802D2E8AF3F5BB1591CE0
:103A7000D2E8EF4F9C4204D1C2E8EC1FBCF1000F2A
:103A8000F6D1F1D110BD1846FCE710B5837A044693
:103A9000023B062B16D8DFE803F009041515150BB9
:103AA0000900417200212046F7F7EAF8002010BD16
:103AB0000088FFF7E2FE0028F9D1A37A072BF5D1A1
:103AC0000821F0E76FF07F00F1E738B5037A04468C
:103AD0008B42154615D100F170010722284602F0ED
:103AE00051FA80B1E378072243B904F17E012846F8
:103AF00002F048FAB0FA80F0400938BD04F17701CD
:103B0000F5E70020F9E70120F7E7F8B507460D468D
:103B10004FF0FF304FF0FF31F5F7DAFA0646D0B13B
:103B20000E210C30FFF721FD04460E22002102F089
:103B30001AFA3B88314623802B88002263806B88E9
:103B400042F21300A380AB88E380EB882381BDE8B9
:103B5000F840F5F71FBC6FF06800F8BD704710B56E
:103B60000446FDF727FD234653F8402BD2F8B41046
:103B700061B92164D2F8B81061B9C2E92D33FDF7FB
:103B80002DFD2068BDE81040F7F750B88B42F6D005
:103B90000968EDE70B60C2F8B830F0E703682BB1B5
:103BA00041681A688B42026008BF426070477047E4
:103BB0002DE9F843446B2CB154F8085905B1083D80
:103BC00000270CB9BDE8F883D4E900682EB3FDF7EF
:103BD000F1FC0022D6F8B43004F1400163B19942FF
:103BE00033D1236C4ABBD6F8B820C6F8B430914222
:103BF00001D1C6F8B8302764FDF7F0FC04F13009B4
:103C0000002200234846FCF7FFFF064600BBD8F819
:103C100004300BB1204698472760E3680BB120467B
:103C20009847D8F820300BB120469847DDB1AB68F3
:103C300003B1083B2C461D46C3E71360D6F8B830E5
:103C4000994208BFC6F8B820D5E71A461B68C5E7F1
:103C5000B36923B16FF06D02F1692068984730466F
:103C6000F4F710FCCCE72B46E4E7F8B50F4600214B
:103C70000546164600234FF224420846F7F778FD22
:103C8000044620B92846F7F73FFD2046F8BD042139
:103C90000C30FFF76AFC057047704680F5E7406B13
:103CA00028B1838B08388B4201D08068F8E77047D1
:103CB00010B54AB989B2FFF7F2FF28B143689B6992
:103CC00013B1BDE81040184710BD38B50D460521A9
:103CD000FFF7E5FF002329461A46F7F763FD044680
:103CE00010B12846F4F7CEFB204638BD406B28B112
:103CF000838908388B4201D08068F8E770477047A5
:103D00000346006828B15968026888421A6008BFF3
:103D10005A6070470346002003B970471A8A5B68EF
:103D20001044F9E710B5D4680231237813B9217033
:103D3000012010BD8B42FBD0038A023B038200208E
:103D40001061F6E7FFF73FBA2DE9F04104468868B5
:103D5000FFF7E0FF638D628B0D46934228BF134649
:103D600083421DD300272165D1F808808F60FDF7BD
:103D700021FC41462046F7F705FF064638B1C5F855
:103D800008802765FDF72AFC3046BDE8F081618D8B
:103D9000638B2846994228BF194600F0FCFDF1E7E5
:103DA0006FF07906F0E773B51446014605464FF407
:103DB0009572206800F060FD207530B929462068B2
:103DC00000F0ECFD20B908232375002002B070BD7F
:103DD000237AB3B1A3F11802534253419B000193DC
:103DE000638A29460093AE68238AE2682068B04758
:103DF000002808DB238A98420CD100230120237578
:103E0000E4E70223EBE710F1FF0F03D34042C0B217
:103E10002075DAE70E20FBE738B504460D46F7F7C4
:103E2000B1FE30B1294604F15400BDE8384001F03C
:103E300087BD38BDF8B5936805460F461446166829
:103E400063B9506801210C30FFF78FFBA0602B682D
:103E50001B78002B14BF022301230370A3681B7877
:103E6000012B03D0022B1FD000201CE02B681B78F5
:103E7000002BF9D1606804210C30FFF776FBE0607D
:103E800007802A68E36852885A806168728D738B54
:103E9000088A9A4294BFC0EB0200C0EB03000428DA
:103EA00094BF00200120F8BD2B681B78022BDBD1CA
:103EB000606812210C30FFF758FBE06007802B6828
:103EC000E268591C0232113351F8040B994242F84E
:103ED000040BF9D16168728D738B088A9A4294BF82
:103EE000C0EB0200C0EB03001228D9E770B40668EB
:103EF000F2695AB3144654F8983903B1983B00223A
:103F000011467CB9438D408B8B4201D890421FD91A
:103F1000824238BF02469942306838BF194670BCA9
:103F2000F9F768BD844207D0658D648BA94238BF1C
:103F30002946A24238BF224633B1D3F8985005B182
:103F4000983D1C462B46DCE71D46FAE71146D9E7AB
:103F500070BC7047D0680431037813B90170012038
:103F600070478B42FBD0002091680B8A043B0B8288
:103F7000106170471FB5CDE9012300231A46009355
:103F8000F9F702F905B05DF804FB0022036803B9F4
:103F900070478B420FD10B683AB942680360914277
:103FA00000D1436000230B6070471360436899425F
:103FB00008BF4260F6E71A461B68E8E7D0E8EF3F23
:103FC00043F00802C0E8E12F0029F7D1C3F3C00095
:103FD00070472DE9F041064690461F460D46B9B19F
:103FE00004220121F7F79AFE044618B9BDE8F04112
:103FF000F7F76EBE04210C30FFF7B7FA0570A0F892
:104000000180C77021463046BDE8F041FFF704BF8C
:10401000BDE8F08137B50C46054601F10C00FFF70D
:10402000E4FA228A03460192E268122100922846AD
:104030001322F7F7CBFE03B030BD37B50C4605466B
:1040400001F10C00FFF7D1FA228A03460192E268DF
:104050002846009200221146F7F7B8FE03B030BDA3
:1040600070B504460E46002200230846FCF7CCFD3E
:10407000054658B101462046F7F784FD044618B1BD
:104080002946304601F067FC204670BD6FF0010400
:10409000FAE707B5CA680C211388528800920D22EE
:1040A000F8F79AF803B05DF804FB07B50022CB6877
:1040B0000A211B8800920B22F8F78EF803B05DF8F6
:1040C00004FB2DE9F041CB6805461F88BBB2162BD7
:1040D0001BD90321F7F744FF0646C0B102210C307B
:1040E000FFF743FA00244FF01708314680F80080AC
:1040F00044702846FFF790FE2846A5F81A806F8581
:10410000FFF7F4FE2046BDE8F0810420FBE70E2017
:10411000F9E72DE9F04F064685B0104690469946DE
:10412000FFF7F8FD738B728D8B46934228BF1346C1
:10413000834275D9736840460393FFF7E9F94FF05E
:10414000000A04464046FFF7E5FDE168228A658AD9
:104150006369AD1ACB1AED1A778B738D9F4294BFAA
:10416000C0EB0700C0EB0300854228BF054625BB16
:1041700098F80A00F4F7DEF800220023FFF795F91B
:10418000044608B9574627E001464046FFF7D1F9F3
:104190004046FFF7BFFDE168228A658A6369AD1A70
:1041A000CB1AED1A778D738B9F4294BFC0EB07003B
:1041B000C0EB0300854228BF0546CDF80090DBF830
:1041C00004700A4403985946ABB2B847071E07DA91
:1041D000BAF1000F18BF5746384605B0BDE8F08F5A
:1041E0000E9BABB9394604F10C00FFF7BEF940460F
:1041F000FFF790FD738D728BB944934228BF13462D
:104200008342BA441FFA89F9BCD9AF429AD0B9E7C0
:10421000394620460F9A0E9B98470028E2D1B1E715
:104220000027D9E700232DE9F34117681446D7F892
:1042300004800146137306469522404600F01CFB9D
:104240000546207330B93146404600F0A5FB28B939
:1042500008232373002002B0BDE8F081A068798DA7
:104260007A8B038A914294BFC3EB0103C3EB020331
:10427000012BEFDD02210C30FFF777F9CDE9005576
:104280008046A38831463846A268FFF742FF031EE6
:1042900006DA13F1FF0F2ABF5B420E23DBB2D8E729
:1042A0000120A8F80030D6E700232DE9F341176874
:1042B0001446D7F8048001461373064695224046FB
:1042C00000F0DAFA0546207330B93146404600F076
:1042D00063FB28B908232373002002B0BDE8F081F6
:1042E000CDE9005531463846A388A268FFF711FF93
:1042F000002807DA10F1FF0F32BF0E204042C0B293
:104300002073E9E70120E8E7F8B5054650F8044CCA
:10431000071F00F14803D3E8EF1F21F00401C3E8B1
:10432000E21F002AF7D1FCB1EB6C83B9636873B16B
:10433000201DFFF7E5FC064601463846FFF704FD61
:1043400090B163683360A368666003B9A6603846BD
:1043500005F15001FFF784FE30B1384604F10C013D
:10436000BDE8F840FFF77CBEF8BD2DE9F041C46917
:10437000074644B154F8986906B1983E00221546A4
:1043800007F104080CB9BDE8F081236D9BB905B9AC
:104390008AB94046FFF7B4FC054658B101462046AD
:1043A000FFF7D2FC0028EED07B682B60BB687D60F5
:1043B00003B9BD60224636B1D6F8983003B1983BB8
:1043C00034461E46DEE73346FAE738B50546D1E8FF
:1043D000AF3FDB0716D550F8040C98B1EB6C8BB9E6
:1043E0000430FFF78DFC044660B10146281FFFF73B
:1043F000ABFC38B155F8043C5A6822609A685C609E
:1044000002B99C6038BDF8F753BE08B500230A8A8C
:10441000C968F8F7A7FB002008BD70B50D46F8F78E
:104420003DFA044628B92846F4F72CF86FF07F00CF
:1044300070BD00F10C062946304601F081FAE469AE
:10444000C4B154F8985905B1983D0022104607E0D0
:1044500022467DB1D5F8983003B1983B2C461D46D5
:10446000831C01D1002AF4D131462046FFF7F8FD24
:104470000028EDD10020DBE738B505460C46FDF7F6
:1044800099F82846F8F70AFA20B9FDF7A7F86FF06F
:104490007F0038BD0023236083683BB9C0E9014435
:1044A000FFF763FFFDF79AF80020F2E71C608460D5
:1044B000F6E70120704708B5F8F7F0F978B1C3695D
:1044C0006BB1983B03F14C02D2E8EF0F20F00800EB
:1044D000C2E8E10F0029F7D1D3F89830F0E708BD22
:1044E00008B50421FFF702FC20B14830D0E8AF0F37
:1044F000C0F3C00008BD10600020704710B5029CDA
:10450000A36833B1B1F5807F28BF0E21CAB221461E
:104510009847A37DE268013BDBB2A37522B11BB9CA
:104520002046BDE81040104710BD1060918000206B
:104530007047072208B501F025FDB0FA80F0400968
:1045400008BD034610B5D3E8EF0F40EA0102C3E807
:10455000E42F002CF7D110BD0B6803608B8883809B
:104560008B798371704770B50D46064611F8010BC3
:10457000F6F71EFF044610B12C89F6F72FFB6B8966
:10458000A34207D0EB686C8123B121463046BDE8D9
:104590007040184770BD38B5BDF810401546A242AE
:1045A0000CD84CB16BB1A41A8C42A8BF0C46A4B273
:1045B0002246591901F0CAFC204638BD6FF00604A6
:1045C000FAE76FF00D04F7E730B585B0C968144617
:1045D0001D46F8F7E1FB00B100890223ADF80E009B
:1045E000009329462046BDF820200DF10E03FFF769
:1045F000D2FF05B030BD1FB50C461946E368104622
:104600001C78BDF818203CB110240133069404B086
:10461000BDE81040FFF7BFBF5B88ADF80E30022346
:1046200000930DF10E03FFF7B6FF04B010BD30B5D7
:104630001D46002385B014468DF80C30F8F782FB38
:1046400010B1037A8DF80C300123294600932046DF
:10465000BDF8202003ABFFF79EFF05B030BD08B5C5
:10466000F8F788FB18B1002303604360836008BD3E
:1046700070B500F1700605463146007AFFF7FBF889
:1046800004463146287A1CB1BDE87040FFF7E7BF09
:10469000F8F770FB10B104604460846070BD022ABA
:1046A00010B508D1002300F170011A46007AF8F71E
:1046B0009BFB022010BDFFF7DBFFFAE7F0B50768B0
:1046C00006463D78144689B0DDB97B88B3F5245F92
:1046D00004D010D8A3F52053032B12D8ADF80A103C
:1046E000022220460DF10A01F8F700FC68B16FF0D4
:1046F0001503A36006E003F55643FF339BB2042B7A
:104700001FD90125284609B0F0BD7B88022220462A
:104710000DF10A01ADF80A30F8F7E8FB0028E6D100
:10472000009003AA132331467768B847021E01DAC6
:10473000A260E7E703A92046F8F7D8FB0028E0D0FD
:10474000D5E7ADF80A10022220460DF10A01F8F76C
:10475000CDFB0028CBD17B880222ADF80A300DF1C9
:104760000A01E8E701210C30FFF7EBBE38B504463B
:104770001546FFF79EFE40B12046F8F7E3FA20B158
:10478000037ADB0701D5FFF7EDFF35B9207A04F195
:104790007001F8F7EFFA00B1856038BD38B5BDF8A3
:1047A0001010BDF818401046A142059D0CD84CB120
:1047B0006DB1641A9C42A8BF1C46A4B2224629448B
:1047C00001F0C4FB204638BD6FF00604FAE76FF035
:1047D0000D04F7E713B5044610B9002002B010BD70
:1047E00000238DF8043042F60303006801A9ADF8F8
:1047F0000630FEF702FF0028EFD1E3689888002812
:10480000ECD12046F8F790FC013080B2E6E770B5B5
:10481000CC681E46A37988B008468DF80C30154642
:10482000FFF7D8FFADF80D00246823786BB96388D3
:10483000ADF80F300523009331462846BDF83020EF
:1048400003ABFFF7A8FE08B070BD631C0DF10F02AB
:10485000113453F8041BA34242F8041BF9D113236B
:10486000E9E71FB5CDE9012300231A460093F8F7C5
:104870008BFC05B05DF804FB4B8A12F0010FC3F30B
:104880000E0304D013F0950F10D0486870B112F0E9
:10489000020F04D013F4957F0AD0896841B1134008
:1048A00013F4DE7F14BF05200020704702207047FC
:1048B00003207047F8B50F46516806464B8A1446E8
:1048C00003F0940313BB0122F8F76EFD08B3A2892D
:1048D0001B2130460232F8F7D7F80546E0B1A1892E
:1048E0000C300231FEF741FE20F8027BA289A1685C
:1048F00001F02CFBD4E9041228460123F8F710FA42
:1049000029463046BDE8F840FFF787BD4FF0FF303D
:10491000F8BD6FF01500FBE76FF00B00F8E72DE92D
:10492000F04105468846F8F70DFA0446E0B1037AEF
:10493000DA0719D500F10C06D6E8AF7F17F00107AA
:1049400012D1B8F1000F10D0D6E8EF3F23F00202E9
:10495000C6E8E12F0029F7D19B07284608D5FFF7C5
:10496000AAFD2046FFF7FEFE01273846BDE8F0818C
:10497000FFF79FFD0028F8D02846FFF7B1FD00287B
:10498000F3D0D6E8EF3F23F00203C6E8E23F002A67
:10499000F7D12846E3E770470120704701207047B0
:1049A00013B5C068144668B100238DF804304FF485
:1049B000C05301A9ADF80630FEF71FFE10B92368F9
:1049C00001332360012002B010BD0021F8B54FF083
:1049D000FF324FF0FF3305460846F6F7C9FE00F1F7
:1049E0000C07044601213846FEF7BFFD05260121CC
:1049F00006703846FEF7B9FD002306701A462146B8
:104A00002846F6F7CFFE10B12046F3F73BFD002015
:104A1000F8BD6FF085007047002070470A460121FD
:104A2000FEF7D1BB0C220369C9B202FB0133D86D7A
:104A300000F00700704770B50346C9B20069EFF394
:104A40001186402484F31288BFF36F8F0C2505FB79
:104A50000104E46D14F0C00401D0A24211D101227E
:104A600005FB0100C265002086F31188BFF36F8F3C
:104A700030B90C225B6802FB01335B689847002069
:104A800070BD4FF0FF30EFE78022FFF7D4BFF8B5DD
:104A9000069F05460469C9B2EFF3118C402080F3EC
:104AA0001288BFF36F8F0C2606FB0146F06D00F0F5
:104AB000070EBEF1010F10D1F76500268CF31188A7
:104AC000BFF36F8F3EB90C2041430C44C4E915235A
:104AD0006B685B5898473046F8BD00F0C0008742CD
:104AE0000CBF6FF077064FF0FF36E7E713B5802471
:104AF0000094FFF7CCFF02B010BD10B41C24006975
:104B0000CBB204FB0300002110BC10470220FAF7CF
:104B10006BBE022000F0FEB91046FCF7A7B800F00B
:104B2000F8B9FAF75BBE40F272607047084608B504
:104B30001146FAF787FF002818BF6FF0040008BD80
:104B400008B500F0F6F9002818BF6FF0040008BDA2
:104B5000436800205B68DB680B607047436802EACB
:104B600001005B6821EA02015860002099607047EB
:104B7000436800205B6859607047436800205B68A9
:104B80009960704743685B681A6821EA0200114027
:104B9000586000209960704730B50369586800B3C9
:104BA0000024884219D108688CB99C685860A142D9
:104BB00000D19860002008602AB15A680A609A689B
:104BC000596002B9996000200FE02846E9E72060AB
:104BD0009868814208BF9C60ECE705680446002D98
:104BE000F3D1002AE9D16FF0150030BDFBF7B8B85A
:104BF00030B543681360057A446804EBC504A342EA
:104C000002D36FF0010030BD5C7908338C42F1D1E2
:104C10000020F8E743681B68D3F8303170474368D9
:104C20001B68D3F88004C3F8800470474268136897
:104C3000D3F84C0150B10020926A12780A70C3F880
:104C40004C01D3F84C2101229A6270474FF0FF309B
:104C5000704713B501AA0446FFF7CAFF002805DB19
:104C6000019B226819791868F9F72AFD02B010BD76
:104C700038B5054600220121C620F2F7CBFFC62039
:104C8000F2F7A6FF6C680121E068FFF7E2FF6B68AE
:104C900019686369C1F82435E28BA38BA07E1343A6
:104CA000228C1343628C1343627E9BB20243207EAC
:104CB00002431343C1F86C3569680B68D3F80022CE
:104CC00042F48022C3F800220822C3F800254A6A71
:104CD0000121C3F83C270022C3F840271965D3F807
:104CE00030110029FBD0C3F800256D680021E86869
:104CF0002C68FFF7AEFF0823C4F800352A7A52B9B2
:104D0000AB6AC4F804370123C4F80837C4F84C214F
:104D1000D4F84C21A362002038BD08B50220F9F771
:104D200099FA002008BD08B5FBF72EF908BD10B5AB
:104D30004FF0FF304FF0FF31F9F7B0FE044628B9CD
:104D4000E5F742FD044618B1F9F7B0FE204610BD64
:104D5000F9F7ACFE2046F3F7C3FCF7E738B50B8A4A
:104D60000D463BB101F10C00FEF737FC012818D0CD
:104D7000022803D06FF01504204638BD4FF0FF30F5
:104D80004FF0FF31F9F78AFE04460028F4D1E868B5
:104D9000EDF711FF0446F9F789FEACB1F9F78CFE87
:104DA000EAE74FF0FF304FF0FF31F9F777FE0446A6
:104DB0000028E1D1E868FAF75BF80446F9F776FED7
:104DC000002CD9D1F9F778FE2846F3F75BFB0024D5
:104DD000D2E7F9F7BFBF10B532220021044601F037
:104DE000C2F8202323708023A3706FF03F03637108
:104DF0000423A3722823A3730223E3730423A3755C
:104E00006FF0480363760323A3766FF01F03E37606
:104E10000E232377302384F82030702384F8233046
:104E2000802384F8263010BD00207047704708B5F5
:104E3000FAF7CEFA002008BD08B500F07AF848B1BC
:104E4000002383F31188BFF36F8F0423184602DF1A
:104E50006FF0040008BD08B54FF0FF314FF0FF3090
:104E6000F9F71CFEF0F7C7FCBDE80840F9F71EBED5
:104E7000684620F007018D4601B5ECF719FFBDE843
:104E8000014085467047684620F007018D4601B510
:104E9000ECF700FFBDE8014085467047684620F00A
:104EA00007018D4601B5EDF711FABDE801408546D1
:104EB000704708B5F0F75AFA002008BD0A460121EC
:104EC000FEF781B900B589B006AB029308230393BE
:104ED00001AB049304230791CDE9053004AA062011
:104EE00002A9FAF7C9FC02280AD003280BD068B936
:104EF0000198003818BF0120404209B05DF804FB5A
:104F00006FF01500F9E76FF08500F6E74FF0FF301E
:104F1000F3E77047012802D0022803D07047002031
:104F2000EBF7AABF0120FBE77047EBF7E1BD0020DC
:104F300070470020704710B588B01C4605AB019340
:104F40000C2302930423CDE90612CDE904300DEBC6
:104F5000030103AA0120CDF80CD0FAF78DFC009BC9
:104F6000236008B010BD03460020184700F07CBB4A
:104F7000024610B5116891B1B1FA81F3C3F11F0077
:104F80000123834021EA0303D2E8EF4F8C4204D18E
:104F9000C2E8EC3FBCF1000FF6D1EBD110BD6FF0D1
:104FA0000B00FBE710B50368CB40DB0710D40123EF
:104FB0008B40026843EA0201D0E8EF4F944204D1EB
:104FC000C0E8EC1FBCF1000FF6D1F2D1002010BDFB
:104FD0006FF01500FBE7F7B51646DDE908470190CD
:104FE00001A81D46FAF776FD019BB6F1000C18BF2B
:104FF0004FF0010C00EB83000B1E18BF0123002DA6
:1050000043EA4C030CBF4FF0000C4FF00C0C002C8B
:1050100043EA0C030CBF4FF0000C4FF4706C002FF0
:1050200043EA0C030CBF4FF0000C4FF4403CD0F8A7
:10503000802043EA0C0322EA030301B109780EB190
:105040003678760019430DB12D78AD0031430CB19F
:105050002478240229430FB13F783F040C433C439A
:10506000C0F8804003B0F0BD1FB50DF10F030193F0
:1050700000238DF80F101A4619460093FFF7ABFF77
:1050800005B05DF804FB10B504460846FAF732FD9A
:1050900004EB4004207DC0F3401010BD10B5044661
:1050A0000846FAF727FD04EB4004207DC0F34000DA
:1050B00010BD10B504460846FAF71CFD04EB400489
:1050C000A08A400B10BD70B5044608461646FAF794
:1050D00011FD083034F810300D46DA0509D5C3F358
:1050E000432304EBC3023146284654F83330526858
:1050F0009847A3682BB131462846E268BDE8704066
:10510000184770BD10B504460846FAF7F3FC04EBE7
:105110004000838ADA051DD5C3F3432123F4F853F5
:10512000838204F1120204F1960032F8023F13F474
:10513000807F03D0C3F3432399420BD08242F4D142
:10514000002204EBC1035A6004F19C00BDE810404A
:10515000FFF728BF10BDF0B5044600200127054623
:10516000844695420AD1D4F8403133B10023C4F8C3
:105170004031D4F8403140F48030F0BDEBB29B00B8
:1051800003F580769B0807FA03F3194208D054F818
:1051900006E0BEF1000F03D044F806C0A65918433C
:1051A0000135DEE738B504460D46FFF76CFFA8B1C0
:1051B0002046FFF773FF88B92046FFF77AFF0123E7
:1051C00022688340C2F80833236803EB8000D0F8DC
:1051D000103523F00303C0F8103538BD2846BDE86C
:1051E00038400021FFF740BF2DE9F0431746044641
:1051F00085B00846FAF77EFCD7F800800E460546D3
:10520000B8F1000F1ED02046FFF748FF18B1204626
:10521000FFF739FF20BB00230DF10F02CDE900336A
:105220008DF80E308DF80F30304643460DF10E01EB
:10523000FFF7D1FE04EB4502938A23F0020343F00B
:10524000010393827B689BB33146204693F800802C
:10525000D3F80490FFF722FF28B1B9F1000F1FD057
:105260006FF0150027E004EB4500838A23F46043C8
:1052700023F020038382B9F1000F11D0B8F1030F9E
:10528000EED87B6821685B6893F800C04FEA8C0316
:105290001944B8F1000F11D1C1F81085C1F810857B
:1052A00004EB4502938A23F01C0343EA88039382AC
:1052B000BB684BBB002005B0BDE8F083D1F81025DA
:1052C00022F00302C1F8102522681344D3F81025F8
:1052D00022F4473222F47C72C3F8102541F6F072B2
:1052E000D3F8101502EA061242EA08420A43C3F84C
:1052F000102504EB4C03A3F8A060838A43EA4C33E7
:1053000043F020038382CBE73146D3E9007820467F
:10531000FFF7F8FE002FCDD063689F4206D004F15E
:105320009C00FFF725FE002804DAC4E7A36898452F
:10533000F5D1002004EBC003C3E9017804EB450577
:10534000AB8AC0B243EA402343F48073AB82B1E737
:10535000C0E90312704770B504461546FFF793FE87
:1053600048B10846FAF7C6FB04EB40040020A38AC4
:105370005B0B2B7070BD6FF01500FBE790F8B00071
:10538000003818BF01207047FAF7ECBB2DE9F34154
:1053900004461746FFF777FE0D462668F0B1204613
:1053A000FFF77CFE8046C8B92046FFF782FE8200E8
:1053B00002F5807346F80380F35823681344D3F84A
:1053C000102542F00102C3F8102527B101232268FD
:1053D0008340C2F8043302B0BDE8F081D6F804334C
:1053E0002846DB035CBF4FF48033C6F80433FAF77A
:1053F00081FB04EB4004A38AC3F38203042B11D086
:10540000052B11D001A80195FAF764FB019BC16837
:10541000D94001F001010231284602B0BDE8F04157
:10542000FFF722BE0321F7E70221F5E7FFF7BABE37
:1054300038B5057D0446BDB9C0E90255C582426054
:10544000457569B14A7E42760A7B502A0FD84A7B5D
:10545000502A0CD80B69043B7A2B08D8FAF746FF80
:1054600001230020237538BD6FF07700FBE76FF054
:105470001500F8E738B504460068C0F30830F2F7C5
:10548000B5FB00222368C3F80025637E4BB923686F
:10549000D3F84005D3F84455FAF7AAFF2846FAF79F
:1054A000A7FF0023237538BD70B5037D04460E4663
:1054B0001546002B36D0437D032B36D0002937D03C
:1054C000130435D40068C0F30830F2F78FFB637D16
:1054D000A27D023B18BF012323EA020304EB8301F0
:1054E0008A68E2B9226804EB43038E601D826D0076
:1054F000C2F86065C2F86455237D022B07D00223F1
:10550000237501232268C2F8003522681360002544
:105510002068C0F30830F2F75BFB284670BD6FF0DF
:105520000F05F5E76FF07605F7E76FF00F05F4E785
:105530006FF01505F1E7427D012AD3B20BD0437D10
:1055400013B1437D022B0CD100230268C2F8003551
:10555000437500207047032242750268037553604B
:10556000F7E76FF00F0070471FB502680446D2F8E6
:1055700000312BB10023C2F80031D2F800310123F1
:10558000D2F8041100296CD00021C2F80411D2F81D
:105590000421002B42D0A37DDA4302F0010204EB88
:1055A0008201896811B9617D02292CD1607D0021B9
:1055B00002280CBF012304EB8303E17516BF986832
:1055C000637599604FF001038DF80C100EBF0291C6
:1055D0000290A2758DF80430636801A89847637D36
:1055E000022B01D101236375237E53B101238DF872
:1055F0000430002301A802938DF80C3023766368F1
:10560000984704B010BDE37D002BE8D18DF804303D
:10561000029301238DF80C30E375DDE72268C2F8B0
:105620000035A27D637504EB820291688DF80C3021
:105630008DF8043021B193606368029101A8984706
:10564000A37DDB4303F0010304EB83039A682AB1D3
:10565000029200229A60636801A898470023A3750C
:10566000C2E7002B97D1BFE708B1F2F733BF70470D
:1056700010B5436904463BB90020E26840425378C4
:1056800043F00103537010BD98470028F4D0002860
:10569000B8BF4042FF28A8BFFF20E3681870ECE7BE
:1056A00040B1C368587810F001001EBF1878B0FAF6
:1056B00080F040097047EFF31183402383F3128891
:1056C000BFF36F8FFEE710B400F10C04C0E9034490
:1056D00010BCFDF7CFB838B50446EFF31185402371
:1056E00083F31288BFF36F8FF0F79CFC04F10C007A
:1056F00000F012FB30B1294604F11400BDE8384037
:1057000000F0F0BA85F31188BFF36F8F38BD10B584
:1057100042696AB1836842EA0301890708D10169D5
:10572000A2FB011424B95B182CBF0121002102D374
:105730006FF0150005E0C1609B1A02698A4201D82A
:10574000002010BDC26801311A604269C3609B1A13
:10575000F3E72DE9F04105460F46EFF311884023AA
:1057600083F31288BFF36F8FC668FEB90468A04246
:105770001CD0DCB1D4E9003213605A60237CC4E948
:10578000006623F002032374A66004F1180000F001
:1057900048FB2046C4F8B460676100F049FA41460E
:1057A00005F10800BDE8F04100F09CBA3E60AB692D
:1057B000EF60013BAB6188F31188BFF36F8FBDE8E9
:1057C000F081402408B5EFF3118384F31288BFF30E
:1057D0006F8FFDF71BFEF6E7D0E9003213605A60C9
:1057E0000023027CC0E9003322F0020202748360CD
:1057F0007047C0E9022303FB02120023C0E9052120
:10580000C0E900000161C161036280F82430704783
:1058100013B501240094FBF76BF802B010BD90F9AA
:105820000E308B4201D0FBF745BE00207047D0E917
:10583000003213605A600023027CC0E9003322F07A
:1058400002020274836070472DE9F84390460446D3
:105850000D469DF82020EFF31187402181F3128837
:10586000BFF36F8F02B14568A66804F10809B1451E
:1058700016D0AEB100243046FFF7D9FF06F118006C
:1058800000F0CFFA3046C6F8B440C6F8148000F0F5
:10589000CFF94846394600F025FA2046BDE8F8839E
:1058A000A3B10820FCF7EAFA002832D00122C0F8A0
:1058B00004800260016801F003015DB922680A43B7
:1058C0000260626820606AB960600BE04046C8F818
:1058D0000030EFE72A68032A10D80160616839B9FF
:1058E000C4E90000002087F31188BFF36F8FD5E76C
:1058F0000A6802F0030202430A60E5E722F00302AD
:105900000A4302602A6802F0030240EA02032B60A5
:10591000E8E76FF00B00E6E710B5044630B1026827
:10592000930703D0446809B100F008FB204610BD7E
:105930000023C0E9003300F10803C0E902337047D7
:10594000012307B5009300230A461946FFF77CFFA1
:1059500003B05DF804FB002307B50A46009319461F
:10596000FFF772FF03B05DF804FB00210068FFF74A
:10597000D3BF3AB18A4205D3C0E90212C0E90000A0
:10598000002070476FF015007047012302688B40BC
:1059900022EA0303036022FA01F000F001007047DD
:1059A000704710B5032104460C30FFF7EEFF30B10D
:1059B00004F1100000F035FAB0FA80F0400910BD93
:1059C00020B10022CC30114600F0F1B9704770B51B
:1059D000C3680446C3F340069B0716D485680221BA
:1059E0000C30FFF7D2FF80B1D5F8C4206AB19442E1
:1059F0001DD122689EB9D5F8C830C5F8C4209C4294
:105A000001D1C5F8C82000232360E36813F01F000C
:105A10001EBF43F00203E36040F0020070BD32603D
:105A2000D5F8C820944208BFC5F8C860EBE7164611
:105A30001268DBE773B50446EFF31185402383F367
:105A40001288BFF36F8F00230193D0E90423B3F1D1
:105A5000004F08BF012A05D085F31188BFF36F8F6F
:105A600002B070BDA0F1100603210438FFF78DFFCE
:105A70000028F1D0A369304601A90193FBF734FA5D
:105A8000EAE738B504460D461022002100F06BFA13
:105A9000656038BD13B501900846EFF311844023CB
:105AA00083F31288BFF36F8F01A9FBF71DFA84F30C
:105AB0001188BFF36F8F02B010BD10B5FFF7EAFF7A
:105AC000041E08DDEFF31180402383F31288BFF337
:105AD0006F8FFBF75BFD204610BD70B50D46EFF3F1
:105AE0001186402383F31288BFF36F8FFBF74EFAC2
:105AF000044686F31188BFF36F8F38B14FF0FF3241
:105B00004FF0FF3305F11000FBF7E4F8204670BDBD
:105B100008B5E022002100F026FA08BD38B5302291
:105B20000D460021044600F01EFA4FF480736560B4
:105B3000E36038BD38B50446EFF31185402383F3A5
:105B40001288BFF36F8FFFF72CFF2046FFF73FFF50
:105B500085F31188BFF36F8F38BDF8B504460D4645
:105B6000EFF31187402383F31288BFF36F8FC3686D
:105B700003F01F03002B14BF0126002609D0FFF7F6
:105B800010FF2046FFF723FF29462046FBF78EF93A
:105B9000034687F31188BFF36F8F3BB14FF0FF329D
:105BA0004FF0FF3305F10800FBF794F83046F8BDDD
:105BB000EFF30580003818BF012070477C30704734
:105BC000D0E9003213605A600023C0E90033704707
:105BD00008B5FFF7F5FF037C23F0020303740023ED
:105BE000836008BD38B504460D46FBF7BFFB237C38
:105BF00043F002032374D5B1A5602B689D4209D1FF
:105C00006B68C4E900531C606C6010E06A689A42DB
:105C1000F6D01B68002BF3D093F90E1094F90E20E8
:105C20009142F3DD5A68C4E9003214605C6038BD0B
:105C300010B5EFF31184402383F31288BFF36F8F05
:105C4000FBF754FB84F31188BFF36F8F10BD08B5C9
:105C5000EFF31181402282F31288BFF36F8F8368C4
:105C60000BB1FFF7B5FF81F31188BFF36F8F08BD4C
:105C700008B5037C014613F0280F0CD183680BB1E3
:105C8000FFF7A6FF0B7C084623F004030B74BDE866
:105C90000840FBF72BBB08BD10B5EFF31184402380
:105CA00083F31288BFF36F8F1838FFF7E1FF84F397
:105CB0001188BFF36F8F10BD08B50346EFF3118154
:105CC000402282F31288BFF36F8F0068834207D0AF
:105CD00008B1FFF77DFF81F31188BFF36F8F08BD17
:105CE0000020F8E70846FBF779BB38B5054604689D
:105CF0000020AC4200D138BD002CFCD02046FFF77C
:105D000067FF04F1180000F08CF82046FBF7EEFA6C
:105D10002C680120A542EDE710B5EFF31184402374
:105D200083F31288BFF36F8FFFF7DFFF84F31188CF
:105D3000BFF36F8F10BD70B506460D46FBF7C2FC72
:105D4000B5F1FF3F08BFB6F1FF3F04460CD047F660
:105D5000112000214FF47A7547F612220023E4FB4C
:105D60000501ECF7B3FD70BD4FF0FF30FBE738B530
:105D70000446EFF31185402383F31288BFF36F8F3E
:105D8000037C5B070ED5183000F04BF8237C2046CF
:105D900023F004032374FBF7A9FA2846BDE8384032
:105DA000FBF71CBB85F31188BFF36F8F38BD38B587
:105DB000EFF31185402383F31288BFF36F8F0468DC
:105DC000A04213D0A4B1C4F8B41062612046FFF71A
:105DD000FFFE04F1180000F024F82046FBF786FAD5
:105DE000012085F31188BFF36F8F38BD0020F8E7DD
:105DF0002046F6E708B50246FBF7F8FD70B1D0E99A
:105E000004319B1A61EBE272B3F1004F72F10001B1
:105E100004DA002AACBF1846002008BD6FF000402D
:105E2000FBE7024638B5EFF31185402383F3128870
:105E3000BFF36F8F0368D3B1FBF7D8FD044610465C
:105E4000FBF7E6FD00224FF000438442C0E9042343
:105E500005D0002085F31188BFF36F8F38BDFBF7A5
:105E6000CDFDFFF7C7FF0021F8F7C8FDF1E7D0E946
:105E70000413B3F1004F08BF012904D100204FF0F3
:105E80000041C2E904016FF01500E3E708B5FBF734
:105E9000C7FE08BDFBF7C4BEB3F1FF3F08BFB2F1B8
:105EA000FF3F70B506461D46144614D01A4316D05F
:105EB000002B08DBFBF7B4FE041941EB0501C6E932
:105EC0000041304670BD6FF001031C1B4FF0FF33E3
:105ED00063EB0501F3E74FF0FF342146EFE70024C1
:105EE000FBE7B3F1FF3F08BFB2F1FF3FF8B507464C
:105EF00016461C4610D054EA020311D0FBF790FE60
:105F0000B0420A46A14103460AD2F31A64EB0204E6
:105F1000C7E900343846F8BD4FF0FF331C46F7E7B9
:105F20000023FBE70023C0E9081200F11802C0E9D2
:105F30000622C0E9003303634363704720B1011FA9
:105F400050F8040CFFF7C7BB704770470A44431E64
:105F5000914200D1704710B511F8014B914203F8FE
:105F6000014FF9D110BD02440346934200D170475E
:105F700003F8011BF9E7044608B5FCF77BFB204654
:105F8000F2F78EF90139024410B5904201D1002098
:105F900005E0037811F8014FA34201D0181B10BD92
:105FA0000130F2E70139034610B532B111F8014F63
:105FB000013A03F8014B002CF7D11A440021934217
:105FC00000D110BD03F8011BF9E70246014410B5EA
:105FD0008A42134603D01C780132002CF8D1181ADB
:105FE00010BDF0B5C3F13707044603F01F03104698
:105FF000FFB2082BE6B232D0102B3DD06508A408C2
:1060000045EAC17544EA81748A082D1942EB5102B0
:10601000290941EA02716D1842EB1212290A41EA7C
:1060200002616D1842EB1222290C41EA02416D18FF
:1060300042EB1242AD1842F10002EC0844EA42740D
:10604000D10804EB8402A6EB4205EDB2092D0CD970
:106050000134A5F10A0541F10001EDB212E0E408B6
:1060600006F0070544EA4174C908303554EA0102D4
:1060700000F8015BBDD1F0BD240906F00F0544EA2C
:1060800001740909092D84BFED19EDB2EDE7D1E9DD
:10609000043293421EBF5A1C0A61187070470000F8
:1060A000F4F8FE7F01000000C18409000000000038
:1060B0004DE9090000000000E1F4090000000000C3
:1060C0000000000088610A0049080A000000000082
:1060D0006D080A000000000000000000DC610A00FA
:1060E00000000000A4610A0000000000C0610A0076
:1060F00000000000F8610A00E1F309000000000060
:10610000B34E0A00000000000000000014620A0004
:106110000000000030620A004DE3090000000000AA
:106120001B4D0A0000000000E56A090000000000A5
:10613000D982090000000000000000004C620A0043
:10614000515C0900000000002F4F0A000000000011
:10615000210D0A0000000000D585090000000000A4
:106160002F4E0A0000000000394E0A000000000017
:106170000000000068620A006D880900000000004D
:10618000F9740900000000007B950A00BC750A0044
:10619000C06B0A0016060420DC29042091E00900E7
:1061A00000000000B3950A0000760A009C6B0A000C
:1061B0001A060420582A04205DE5090000000000AA
:1061C000BF950A0014760A009C6B0A001C06042086
:1061D000642A04205DE5090000000000CA950A0059
:1061E00028760A009C6B0A001E060420702A0420F0
:1061F0005DE5090000000000D5950A003C760A0024
:106200009C6B0A00200604207C2A04205DE509001E
:1062100000000000AB950A0000000000946B0A002B
:106220001806042000000000414B0A000000000096
:10623000E0950A0060760A00DC6B0A002206042062
:10624000882A0420714C0A000000000035970A00DB
:1062500000000000B0760A0024060420942A0420DE
:106260008DEC09000000000063950A005C750A00CF
:10627000A4750A00140604202805042081DB090007
:106280000000000000000000F1330A0000000000E0
:10629000F1330A0000000000F1330A0000000000A2
:1062A000F1330A0000000000F1330A000000000092
:1062B000F1330A0000000000F1330A000000000082
:1062C000F1330A0000000000F1330A000000000072
:1062D000F1330A0000000000F1330A000000000062
:1062E000F1330A0000000000F1330A000000000052
:1062F000F1330A0000000000F1330A000000000042
:10630000F1330A0000000000F1330A000000000031
:10631000F1330A0000000000F1330A000000000021
:10632000F1330A0000000000F1330A000000000011
:10633000F1330A0000000000F1330A000000000001
:10634000F1330A0000000000F1330A0000000000F1
:10635000F1330A0000000000F1330A0000000000E1
:10636000F1330A00000000004DF4090000000000B5
:10637000F1330A0000000000F1330A0000000000C1
:10638000F1330A0000000000F1330A0000000000B1
:10639000F1330A0000000000F1330A0000000000A1
:1063A000F1330A0000000000F1330A000000000091
:1063B000F1330A0000000000F1330A000000000081
:1063C000F1330A0000000000F1330A000000000071
:1063D000F1330A0000000000F1330A000000000061
:1063E000F1330A0000000000F1330A000000000051
:1063F000F1330A0000000000F1330A000000000041
:10640000F1330A0000000000F1330A000000000030
:10641000F1330A0000000000F1330A000000000020
:10642000F1330A0000000000F1330A000000000010
:10643000F1330A0000000000F1330A000000000000
:10644000F1330A0000000000F1330A0000000000F0
:10645000F1330A0000000000F1330A0000000000E0
:10646000F1330A0000000000F1330A0000000000D0
:10647000F1330A0000000000F1330A0000000000C0
:10648000F1330A0000000000F1330A0000000000B0
:10649000F1330A0000000000F1330A0000000000A0
:1064A000F1330A0000000000F1330A000000000090
:1064B000F1330A0000000000F1330A000000000080
:1064C000F1330A0000000000F1330A000000000070
:1064D000F1330A0000000000F1330A000000000060
:1064E000F1330A0000000000F1330A000000000050
:1064F000F1330A0000000000F1330A000000000040
:10650000F1330A0000000000F1330A00000000002F
:10651000F1330A0000000000F1330A00000000001F
:10652000F1330A0000000000F1330A00000000000F
:10653000F1330A0000000000F1330A0000000000FF
:10654000F1330A0000000000F1330A0000000000EF
:10655000F1330A0000000000F1330A0000000000DF
:10656000F1330A0000000000F1330A0000000000CF
:10657000F1330A0000000000F1330A0000000000BF
:10658000F1330A0000000000F1330A0000000000AF
:10659000F1330A0000000000F1330A00000000009F
:1065A000F1330A0000000000F1330A00000000008F
:1065B000F1330A0000000000F1330A00000000007F
:1065C000F1330A0000000000F1330A00000000006F
:1065D000F1330A0000000000F1330A00000000005F
:1065E000F1330A0000000000F1330A00000000004F
:1065F000F1330A0000000000F1330A00000000003F
:10660000F1330A0000000000F1330A00000000002E
:10661000F1330A0000000000F1330A00000000001E
:10662000F1330A0000000000F1330A00000000000E
:10663000F1330A0000000000F1330A0000000000FE
:10664000F1330A0000000000F1330A0000000000EE
:10665000F1330A0000000000F1330A0000000000DE
:10666000F1330A0000000000F1330A0000000000CE
:10667000F1330A0000000000F1330A0000000000BE
:10668000F1330A0000000000F1330A0000000000AE
:10669000F1330A0000000000F1330A00000000009E
:1066A000F1330A0000000000F1330A00000000008E
:1066B000F1330A0000000000F1330A00000000007E
:1066C000F1330A0000000000F1330A00000000006E
:1066D000F1330A0000000000F1330A00000000005E
:1066E000F1330A0000000000F1330A00000000004E
:1066F000F1330A0000000000F1330A00000000003E
:10670000F1330A0000000000F1330A00000000002D
:10671000F1330A0000000000F1330A00000000001D
:10672000F1330A0000000000F1330A00000000000D
:10673000F1330A0000000000F1330A0000000000FD
:10674000F1330A0000000000F1330A0000000000ED
:10675000F1330A0000000000F1330A0000000000DD
:10676000F1330A0000000000F1330A0000000000CD
:10677000F1330A0000000000F1330A0000000000BD
:10678000F1330A0000000000F1330A0000000000AD
:10679000F1330A0000000000F1330A00000000009D
:1067A000F1330A0000000000F1330A00000000008D
:1067B000F1330A0000000000F1330A00000000007D
:1067C000F1330A0000000000F1330A00000000006D
:1067D000F1330A0000000000F1330A00000000005D
:1067E000F1330A0000000000F1330A00000000004D
:1067F000F1330A0000000000F1330A00000000003D
:10680000F1330A0000000000F1330A00000000002C
:10681000F1330A0000000000F1330A00000000001C
:10682000F1330A0000000000F1330A00000000000C
:10683000F1330A0000000000F1330A0000000000FC
:10684000F1330A0000000000F1330A0000000000EC
:10685000F1330A0000000000F1330A0000000000DC
:10686000F1330A0000000000F1330A0000000000CC
:10687000F1330A0000000000F1330A0000000000BC
:10688000F1330A0000000000F1330A0000000000AC
:10689000F1330A0000000000F1330A00000000009C
:1068A000F1330A0000000000F1330A00000000008C
:1068B000F1330A0030620A00154C0A0000000000A3
:1068C000F1330A0000000000F1330A00000000006C
:1068D000F1330A0000000000F1330A00000000005C
:1068E000F1330A0000000000F1330A00000000004C
:1068F000F1330A0000000000F1330A00000000003C
:10690000F1330A002805042069550A000000000040
:10691000F1330A0000000000F1330A00000000001B
:10692000F1330A0000000000F1330A00000000000B
:10693000F1330A0000000000F1330A0000000000FB
:10694000F1330A0000000000F1330A0000000000EB
:10695000F1330A00CC030420ED4B0A0000000000D4
:10696000F1330A0000000000F1330A0000000000CB
:10697000F1330A0000000000F1330A0000000000BB
:10698000F1330A0000000000F1330A0000000000AB
:10699000F1330A0000000000F1330A003D020A0052
:1069A000674F0A0000000000F1330A0000000000F9
:1069B000F1330A0000000000F1330A00000000007B
:1069C000F1330A0000000000F1330A00000000006B
:1069D000F1330A0000000000F1330A00000000005B
:1069E000F1330A0000000000F1330A00000000004B
:1069F000F1330A0000000000F1330A00000000003B
:106A0000F1330A0000000000F1330A00000000002A
:106A1000F1330A0000000000F1330A00000000001A
:106A2000F1330A0000000000F1330A00000000000A
:106A3000F1330A0000000000F1330A0000000000FA
:106A4000F1330A0000000000F1330A0000000000EA
:106A5000F1330A0000000000F1330A0000000000DA
:106A6000F1330A0000000000F1330A0000000000CA
:106A7000F1330A0000000000F1330A0000000000BA
:106A8000F1330A0000000000F1330A0000000000AA
:106A9000F1330A0000000000F1330A00000000009A
:106AA000F1330A0000000000F1330A00000000008A
:106AB000F1330A0000000000F1330A00000000007A
:106AC000F1330A0000000000F1330A00000000006A
:106AD000F1330A0000000000F1330A00000000005A
:106AE000F1330A0018030420ED4B0A0000000000F7
:106AF000F1330A002B4F0A00674F0A000000000024
:106B0000F1330A0000000000F1330A000000000029
:106B1000F1330A0000000000F1330A000000000019
:106B2000F1330A0000000000F1330A000000000009
:106B3000F1330A0000000000F1330A0000000000F9
:106B4000F1330A0000000000F1330A0000000000E9
:106B5000F1330A0000000000F1330A0000000000D9
:106B6000F1330A0000000000F1330A0000000000C9
:106B7000F1330A0000000000F1330A0000000000B9
:106B8000F1330A0000000000F1330A0000000000A9
:106B9000F1330A002D4B0A00000000009DE30900BC
:106BA000514B0A005D4B0A00714B0A007B4B0A00F7
:106BB000854B0A00A5E50900994B0A00000000007A
:106BC000F1E00900894A0A00ED4A0A0000000000CD
:106BD000254A0A0000000000000000002D4C0A00B9
:106BE00049E809001F4C0A00050000004DB70900E4
:106BF00006000000EDDA0900040000007DC709006E
:106C0000F15D0900295D090000000000000000009E
:106C1000000000000000000094740A00080000005A
:106C2000C0710A0007000000F0700A0004000000B4
:106C3000298B0A000300000010920A0003000000E4
:106C4000F1800A0003000000E68D0A000300000046
:106C5000F8800A000300000073930A00030000009C
:106C600080890A0003000000D08A0A0003000000A7
:106C7000788F0A000300000052970A00030000000A
:106C800040970A0003000000A0930A0003000000E0
:106C9000607A0A00030000009D950A0003000000CE
:106CA0006D950A000300000035790A00030000001A
:106CB000847A0A0003000000887A0A0003000000BA
:106CC000887B0A00030000007E970A000300000092
:106CD00001800A000300000088800A000300000011
:106CE00090800A000300000061990A000300000080
:106CF000439A0A0003000000B5790A00030000006F
:106D00009F800A0003000000717A0A00030000005F
:106D1000EB950A0003000000A4710A00E8020420B9
:106D2000777B0A0001000000040000000F00000053
:106D300001000000080000002000000068000000C2
:106D400078000000100000000C0000000E000000A1
:106D5000500000007C000000B0000000FFFFFFFFBB
:0C6D6000FFFFFFFF09000000FFFFFFFF26
:106D70000000000003000000300000006000000080
:106D800000000000803E0000100000089C06042067
:106D900067880A006C880A0070880A0074880A00F4
:106DA00078880A007C880A0080880A0084880A00A3
:106DB00088880A008C880A0090880A0094880A0053
:106DC00098880A009C880A00A0880A00A4880A0003
:106DD000A8880A00AC880A0000A0104000820D407C
:106DE0000004054000860D40010001000001010083
:106DF00000010001000001000100000001000B0083
:106E000002000A00050009000A000800140007003B
:106E10001E000600320005004B0004006400030061
:106E200096000200FA000100F4010000F401FA00EB
:106E3000960064004B0032001E0014000A0005009A
:106E4000020001000C0802170D01010209090101ED
:106E50000602091818030101090983838503020149
:106E6000230202240910040405050B0B040B2B1B41
:106E70001B159A9A1C021D16130501490D150508CC
:106E8000061B1B0F01010000FEFEFEFEFEFEFEFEC5
:106E9000FEFEFEFEFEFEFEFEFEFEFEFEFE16FEFEFA
:106EA000FEFEFEFEFEFEFEFEFEFE1F1FFE26FEFE98
:106EB000FEFEFEFEFEFEFEFEFEFEFEFEFEFEFEFEF2
:106EC0003E3EFEFEFEFE3B3BA201B003BE05EE02CF
:106ED0004806A209C405F40B24120000400E042049
:106EE0000200000B0100000007000000000000008D
:106EF00000000000000000000406080A0C0E10123A
:106F00001416181C1E20222426282A2C2E30323437
:106F100036383A3C3E40424446484A4C4E021A50AB
:106F20000000000028000000180000000000000021
:106F3000F0230000241300000000000040060000C1
:106F400040060000000098086B03000000000000ED
:106F5000F0230000241300000000000048A30000FC
:106F600014A00000000040060C0300003C000420B8
:106F70000200000BA20E04200200000C060F0420E9
:106F80000200000B060F04200100000C040F042077
:106F90000100000C000000000000010101010101DE
:106FA00001010101010102020202020203030404C1
:106FB0000505060607070808090A0B0C0D0E0F1039
:106FC0001112131415161718191A1B0010010000BE
:106FD000D200000030010000D800000001000000D5
:106FE000E400000002000000EA00000002000000CF
:106FF000EC00000003000000EE00000004000000B0
:10700000F000000005000000F20000000600000093
:10701000F400000007000000F60000000800000077
:10702000F700000009000000F80000000A0000005E
:10703000F90000000B000000FA0000000D00000045
:10704000FB0000000F000000FC0000001100000029
:10705000FD00000013000000FE000000150000000D
:10706000FF00000018000000000000001B000000EE
:10707000010000001F0000000200000023000000CB
:107080000300000028000000040000002D000000A4
:107090000500000033000000060000003900000079
:1070A000070000003F000000080000000010020080
:1070B000FA000000000000000000000000000000D6
:1070C0000338FDD8704700000000000000000000F9
:1070D0000338FDD8704700000912000022790A0029
:1070E00001010000F005042007100000E005042065
:1070F0002C770A00F7450A00000000000206042071
:107100000000010028770A000F480A000000000074
:10711000D802042000000100F10504200D5D0900E3
:1071200000000000982B04200000010024770A00D2
:10713000C9450A0011CF0900C00204200000030065
:107140005814042000010000DD300A0087300A00D6
:107150000200000085320A0000000000000000006C
:107160000000000000000000577B0A005F7B0A005F
:10717000000000000000000000000000677B0A0023
:107180006B7B0A006F7B0A00737B0A0094710A0014
:10719000D82704209D740900F02704209B2B04208D
:1071A0000100000045330A003B330A0009330A009E
:1071B000FD320A0000000000F1320A000000000069
:1071C00058770A00F7450A000000000054770A00CB
:1071D0000000010050770A000F480A00000000007C
:1071E000000304200000010048770A0097330A00DA
:1071F00000000000000000000000010044770A00C9
:107200000F480A0000000000F802042000000100FE
:107210003C770A0063330A00000000000000000011
:107220000000010038770A000F480A000000000043
:10723000F00204200000010030770A00CD7409003C
:107240000000000000000000000001000000042019
:1072500000000000060001000200000060720A0049
:107260000000000074800A0006000000E0CF1F004C
:10727000000004207C800A0021000000E0EF0720CD
:107280000803042065830900000000009F340A0001
:1072900084720A00A0720A0047000000000000008B
:1072A0005893042084720A00B4720A002E00000071
:1072B00000000000FC97042084720A00C8720A00D3
:1072C0000201000000000000D0980420B0880A00ED
:1072D000CE880A00E9880A00F9880A0006890A00AF
:1072E0000F890A0016890A001D890A0024890A00EC
:1072F0002C890A0006890A0034890A0046890A0096
:107300005B890A006E890A000E030000959D090042
:107310000F040000619D09001A0100003187090077
:107320000504000049870900130100007D89090058
:107330003E010000ED8B090001120000FB370A003E
:107340000A1E000009380A00FF010000618D0900D3
:107350003E010000418D09000504000095870900E9
:10736000100100000D880900011200007D9609003F
:107370000A1E0000B3380A0003090000ED8E090060
:10738000040B000029890900060A00009D9C0900E1
:107390000C050000D987090084720A00A8730A004E
:1073A0004700000000000000EC990420658D0A00F1
:1073B000728D0A00928D0A00868D0A009D8D0A004A
:1073C000B48D0A00C48D0A0035910A00D88D0A00D8
:1073D00084720A00E0730A00000000000000000050
:1073E000AC9A042084720A00F4730A0020000000A2
:1073F00000000000D49A04205D3B0A00AF3B0A0065
:1074000000000000000000000000000041BA090078
:10741000000000000000000000000000000000006C
:1074200002020100C3400A00040401003DC4090037
:10743000060601007DC309000804010069C20900B5
:107440000A020100AB400A000C04010093400A004C
:107450000E04010045C1090020040100B1C009006B
:1074600010040100C1BF09001202010015400A000A
:107470001E0004000B440A00520200003B400A00B8
:1074800084720A0090740A002200000000000000CC
:10749000AC9B042088770A00F7450A000000000032
:1074A00084770A000000010080770A000F480A0074
:1074B00000000000080504200000010078770A00A1
:1074C00000000000000000000000000000000000BC
:1074D00074770A00C9450A0011CF0900100504207D
:1074E0000000030070770A000F480A000000000047
:1074F000000504200000010068770A002F460A00FA
:10750000CDCF0900000000000000030064770A00EE
:107510000F480A0000000000F804042000000100E9
:107520005C770A000DD30900000000000000000095
:10753000000001000000000000000000000000004A
:107540000000000000000000CB490A00000000001D
:10755000000000000000000000000000D9DE09006B
:1075600001000000000000000000000028280700C3
:1075700004000000020000000001010088750A00FC
:10758000010000000000000000000D4094750A009A
:10759000010000009C750A00020000002A18001477
:1075A0002B020015F5DB0900DDDD090011DB090008
:1075B0004DE009001DE0090000000000A1E1090004
:1075C00021E1090088950A00234B0A001F4B0A009D
:1075D0008E950A000D4B0A00134B0A0094950A0081
:1075E000A4610A00DC610A00F8610A00C0610A00B7
:1075F00000A0104000820D400004054000860D40B0
:10760000FF03000000A01040180304200000000049
:1076100000000000FF1F000000860D40CC03042086
:107620000000000003000000FFFFFFFF00820D408C
:10763000CC0304200000000001000000FF07000050
:1076400000040540000000000000000002000000EF
:1076500000A0104000820D400004054000860D404F
:1076600000600C4000000000000000008C760A0062
:1076700000C201000000D601000000000000004030
:1076800000100000212C0420202C042000600C405D
:1076900098760A0001000000A0760A0004000000AD
:1076A0003000000032000002310600013306000302
:1076B00079EB09002F4D0A005D4D0A0000A0104033
:1076C00000820D400004054000860D4008000000C7
:1076D0000A000000040000000100000000A01040AB
:1076E00000820D400004054000860D40EF990A001D
:1076F000FD990A00119A0A00209A0A002C9A0A00A1
:10770000A8600A00B8600A0020610A0028610A0027
:1077100080610A0088610A00469A0A0000010000A0
:1077200000000000000002290000032800000028DB
:107730000000042A0000042A000003280000012A97
:107740000000012A000003280000002A0000002A8F
:1077500000000328000000180000002800002A2B69
:1077600000002A2B000003280000292B0000292BF1
:1077700000000328000002290000052A0000052A55
:10778000000003280000011800000028446973630A
:107790006F6E6E65637465642028726561736F6EC9
:1077A0002025752900656E61626C656400646973EB
:1077B00061626C6564004E6F7469666963617469C7
:1077C0006F6E7320257300436F6E6E656374696F0F
:1077D0006E206661696C656420286572722025756B
:1077E0002900436F6E6E656374656420746F206951
:1077F0004F532041707000526573657474696E67F1
:1078000020646574656374696F6E20737461746558
:1078100020746F20416C6C20436C656172202830AD
:1078200078303029005374617274696E67204C6936
:107830006768746E696E67204465746563746F72FF
:10784000206F6E206E524635344C4D32302E2E2E27
:107850000050444D206D6963726F70686F6E6520D3
:10786000646576696365206E6F7420726561647902
:1078700000426C7565746F6F746820696E6974205E
:107880006661696C656400416476657274697369E8
:107890006E67206661696C656400424C45206164D6
:1078A000766572746973696E672061637469766561
:1078B00020617320274C696768746E696E672D4478
:1078C00065746563746F72270041636F75737469C3
:1078D00063206D6F6E69746F72696E672061637487
:1078E0006976652E205468726573686F6C643A20FF
:1078F000257500E29AA1205472616E7369656E74F9
:107900002044657465637465642120285065616B4B
:107910003A2025642C20456E657267793A202575DA
:1079200029004C696768746E696E672D44657465DB
:1079300063746F72006C696768746E696E675F70FC
:10794000646D006865617020636F72727570746930
:107950006F6E20286E6F7420696E207573653F29E5
:10796000206174202570006865617020636F7272F9
:10797000757074696F6E2028627566666572206F17
:10798000766572666C6F773F2920617420257000E0
:107990006865617020636F7272757074696F6E20B4
:1079A00028646F75626C6520667265653F29206189
:1079B00074202570006F735F686561700028756EB4
:1079C0007369676E6564292063686172202A207577
:1079D00073656420666F722025257020617267755B
:1079E0006D656E742E2049742773207265636F6D08
:1079F0006D656E64656420746F20636173742069C3
:107A00007420746F20766F6964202A206265636138
:107A1000757365206974206D617920636175736584
:107A2000206D69736265686176696F7220696E2086
:107A30006365727461696E20636F6E6669677572E3
:107A40006174696F6E732E20537472696E673A2287
:107A500025732220617267756D656E743A25640026
:107A600063627072696E74665F7061636B61676593
:107A7000007379735F6765746F7074006C6F67670C
:107A8000696E67006C6F67006C6F675F6D676D7420
:107A9000004D6573736167652028222573222920B4
:107AA00064726F70706564206265636175736520D0
:107AB000697420657863656564732073697A6520ED
:107AC0006C696D69746174696F6E20282575290071
:107AD0004D6573736167652064726F7070656420B3
:107AE0006265636175736520697420657863656597
:107AF00064732073697A65206C696D697461746957
:107B00006F6E2028257529000D0A001B5B306D0063
:107B1000257320005B2530386C755D20005B2530B7
:107B200032753A253032753A253032752E2530338C
:107B3000752C253033755D20003C25733E200025D3
:107B4000732F0025733A2000253032782000202042
:107B500020007C002563001B5B313B33316D001B33
:107B60005B313B33336D006572720077726E006972
:107B70006E6600646267006C6F675F6261636B656D
:107B80006E645F75617274006C6F675F75617274AB
:107B9000002A2A2A20426F6F74696E67206E52464F
:107BA00020436F6E6E6563742053444B2076332EF2
:107BB000342E302D3939353533303535363037625E
:107BC000202A2A2A0A002A2A2A205573696E672049
:107BD0005A6570687972204F532076342E342E30D7
:107BE0002D626638303165346533643139202A2A94
:107BF0002A0A0072302F61313A202030782530383F
:107C000078202072312F61323A20203078253038A8
:107C100078202072322F61333A2020307825303896
:107C2000780072332F61343A20203078253038784C
:107C3000207231322F69703A202030782530387820
:107C4000207231342F6C723A202030782530387809
:107C50000020787073723A20203078253038780010
:107C60004661756C74696E6720696E7374727563B2
:107C700074696F6E20616464726573732028723159
:107C8000352F7063293A2030782530387800556ECA
:107C900068616E646C6564204952516E3A202564B7
:107CA000002A2A2A2A2A2055534147452046415571
:107CB0004C54202A2A2A2A2A0020204469766973F3
:107CC000696F6E206279207A65726F002020556E90
:107CD000616C69676E6564206D656D6F7279206196
:107CE0006363657373002020537461636B206F7648
:107CF0006572666C6F772028636F6E746578742088
:107D000061726561206E6F742076616C6964290010
:107D100020204E6F20636F70726F636573736F7294
:107D200020696E737472756374696F6E73002020BE
:107D3000496C6C6567616C206C6F6164206F6620B4
:107D40004558435F52455455524E20696E746F201A
:107D50005043002020496C6C6567616C2075736529
:107D6000206F6620746865204550535200202041E2
:107D70007474656D707420746F20657865637574B4
:107D80006520756E646566696E656420696E7374DE
:107D900072756374696F6E002A2A2A2A2A204D5050
:107DA00055204641554C54202A2A2A2A2A002020B0
:107DB000537461636B696E67206572726F722028FD
:107DC000636F6E746578742061726561206D696798
:107DD0006874206265206E6F742076616C69642916
:107DE000002020556E737461636B696E6720657245
:107DF000726F720020204461746120416363657377
:107E0000732056696F6C6174696F6E0020204D4D50
:107E100046415220416464726573733A203078257C
:107E200078002020496E737472756374696F6E20D8
:107E30004163636573732056696F6C6174696F6E1B
:107E4000002020466C6F6174696E672D706F696EDB
:107E500074206C617A792073746174652070726526
:107E6000736572766174696F6E206572726F7200ED
:107E70002A2A2A2A2A20425553204641554C54206A
:107E80002A2A2A2A2A002020537461636B696E67AC
:107E9000206572726F72002020507265636973658D
:107EA000206461746120627573206572726F720064
:107EB00020204246415220416464726573733A2027
:107EC00030782578002020496D707265636973658C
:107ED000206461746120627573206572726F720034
:107EE0002020496E737472756374696F6E206275B9
:107EF00073206572726F7200526573657276656485
:107F000020457863657074696F6E20280053707522
:107F100072696F757320696E746572727570742002
:107F2000284952512000457863657074696F6E204E
:107F30006F6363757272656420696E205365637543
:107F40007265205374617465002A2A2A2A2A2048FF
:107F5000415244204641554C54202A2A2A2A2A00BC
:107F60002020427573206661756C74206F6E2076D8
:107F70006563746F72207461626C65207265616400
:107F80000020204465627567206576656E74002068
:107F9000204661756C7420657363616C6174696FF0
:107FA0006E20287365652062656C6F7729004152E9
:107FB00043485F45584345505420776974682072A0
:107FC0006561736F6E2025780A002A2A2A2A2A20E2
:107FD0004465627567206D6F6E69746F7220657895
:107FE00063657074696F6E202A2A2A2A2A002A2A59
:107FF0002A2A2A20257320256429202A2A2A2A2A87
:10800000006D7075004661696C656420746F206155
:108010006C6C6F63617465206E6577204D505520E0
:10802000726567696F6E2025750A00506172746908
:1080300074696F6E2025753A20636F686572656E8E
:10804000636520636865636B206661696C65642E97
:1080500000496E76616C696420756E6465726C7936
:10806000696E6720726567696F6E20696E646578F6
:1080700020257500464C4153485F30005352414D16
:108080005F300065786974006E65745F62756600C4
:108090006E65745F6275665F73696D706C650073A1
:1080A0006F63007075626C69630072616E646F6DFE
:1080B000007075626C69632D69640072616E646F33
:1080C0006D2D696400253032583A253032583A25F2
:1080D0003032583A253032583A253032583A253025
:1080E00032582028257329004254204C57205751DC
:1080F0000062745F6275660062745F64617461003F
:108100004461746120627566666572206F7665727F
:10811000666C6F7720286C696E6B207479706520AF
:108120003078253032782900556E61626C65207494
:108130006F206C6F6F6B20757020636F6E6E207791
:108140006974682068616E646C6520257500556EE1
:1081500061626C6520746F206C6F6F6B757020634B
:108160006F6E6E20666F722068616E646C6520258C
:1081700075004861726477617265206572726F7212
:108180002C20686172647761726520636F64653A60
:1081900020256400436F756C64206E6F74207375C6
:1081A000626D69742072785F776F726B3A20256414
:1081B0000062745F74785F70726F636573736F725F
:1081C00000556E61626C6520746F20616C6C6F632A
:1081D0006174652062756666657200556E68616ED1
:1081E000646C6564206576656E7420307825303265
:1081F00078206C656E2025753A20257300657674AD
:10820000206E756D5F68616E646C657320283D2516
:10821000752920746F6F206C617267652028257A3C
:1082200075203E20257529004E6F20636F6E6E65A8
:108230006374696F6E20666F722068616E646C652E
:10824000202575007061636B65747320636F756EB4
:1082500074206D69736D6174636800546F6F20736F
:108260006D616C6C202825752062797465732920F6
:108270006576656E742030782530327800496E76E8
:10828000616C696420484349206576656E7420738B
:10829000697A65202825752900496E76616C6964C4
:1082A000204C45206D657461206576656E74207381
:1082B000697A65202825752900574553545F544F26
:1082C000504449522F7A65706879722F73756273C2
:1082D00079732F626C7565746F6F74682F686F7334
:1082E000742F6863695F636F72652E6300657674CF
:1082F0005F666C6167732026202831554C203C3C1A
:10830000202830292900415353455254494F4E20CB
:108310004641494C205B25735D20402025733A255A
:10832000640A00496E76616C696420627566207427
:1083300079706520257500496E76616C6964204806
:1083400043492041434C207061636B65742073691D
:108350007A6520282575290041434C2064617461A9
:10836000206C656E677468206D69736D61746368F5
:108370002028257520213D2025752900556E616234
:108380006C6520746F2066696E6420636F6E6E206A
:10839000666F722068616E646C652025750062747A
:1083A0005F6863695F6576745F6765745F666C615B
:1083B0006773286864722D3E65767429202620280C
:1083C00031554C203C3C202831292900556E6B6EDC
:1083D0006F776E2062756620747970652025750050
:1083E000556E68616E646C65642076656E646F724C
:1083F0002D7370656369666963206576656E7420A8
:10840000307825303278206C656E2025753A20252D
:1084100073004E6F20636F6D6D616E642073656EC7
:108420007420666F7220636D6420636F6D706C657D
:10843000746520307825303478004F70436F646560
:108440002030782530347820636F6D706C657465EA
:108450006420696E7374656164206F66206578704E
:1084600065637465642030782530347800696E74F3
:10847000657276616C2065786365656473207468E5
:10848000652076616C69642072616E676520257570
:10849000207573006C6174656E637920657863651F
:1084A000656473207468652076616C69642072610C
:1084B0006E67652030782530347800737570765F8C
:1084C00074696D656F757420657863656564732084
:1084D0007468652076616C69642072616E676520DE
:1084E000307825303478004E6F2070656E64696E88
:1084F00067207065726970686572616C20636F6E69
:108500006E656374696F6E00556E6578706563742F
:108510006564207374617475732030782530327807
:1085200020257300756E6B6E6F776E005B305D009B
:10853000484349207472616E73706F72743A2025DB
:108540007300534443004964656E746974792573FC
:108550003A202573004964656E746974795B2564FB
:108560005D3A202573004843493A20766572736965
:108570006F6E2025732028307825303278292072BC
:1085800065766973696F6E203078253034782C20D9
:108590006D616E75666163747572657220307825E1
:1085A000303478004C4D503A2076657273696F6EA6
:1085B0002025732028307825303278292073756281
:1085C0007665722030782530347800556E61626CA3
:1085D0006520746F2073656E6420746F2064726907
:1085E0007665722028657272202564290065727292
:1085F000203D3D20300009436F6E74726F6C6C65D6
:108600007220756E726573706F6E736976652C205B
:10861000636F6D6D616E64206F70636F6465203091
:1086200078253034782074696D656F7574207769AA
:108630007468206572722025640A006F70636F642D
:108640006520307825303478207374617475732018
:10865000307825303278202573004E6F2070656E9B
:1086600064696E6720636F6E6E20666F722070653E
:108670006572202573004E6F6E2D4C45206361702E
:1086800061626C6520636F6E74726F6C6C657220D2
:10869000646574656374656421004E756D206F6652
:1086A00020436F6E74726F6C6C6572277320414348
:1086B0004C207061636B65747320213D2041434CF5
:1086C0002062745F636F6E6E5F747820636F6E7488
:1086D000657874732028257520213D202575290093
:1086E00041434C2042522F454452206275666665D4
:1086F0007273206E6F7420696E697469616C697A37
:1087000065640056656E646F722048434920657841
:1087100074656E73696F6E73206E6F74206176611D
:10872000696C61626C6500485720506C6174666FBB
:10873000726D3A202573202830782530347829004E
:1087400048572056617269616E743A20257320285B
:1087500030782530347829004669726D776172650A
:108760003A20257320283078253032782920566524
:108770007273696F6E2025752E2575204275696CA0
:1087800064202575004661696C656420746F2072F1
:1087900065616420737570706F72746564207665AE
:1087A0006E646F7220636F6D6D616E6473004661FD
:1087B000696C656420746F207265616420737570E4
:1087C000706F727465642076656E646F7220666582
:1087D00061747572657300484349206472697665F7
:1087E00072206973206E6F74207265616479004233
:1087F00054205258205751004843492064726976EA
:108800006572206F70656E206661696C65642028F2
:1088100025642900556E6578706563746564204829
:108820004F53545F4E554D5F434F4D504C4554454B
:10883000445F5041434B4554532C2073746174750D
:10884000732030782530327820257300556E636CA4
:1088500065617265642070656E64696E672073651A
:108860006E745F636D6400312E306200312E310012
:10887000312E3200322E3000322E3100332E3000B5
:10888000342E3000342E3100342E3200352E30009C
:10889000352E3100352E3200352E3300352E340082
:1088A000362E3000362E3100362E3200362E330072
:1088B0005374616E6461726420426C7565746F6F8D
:1088C000746820636F6E74726F6C6C6572005665AD
:1088D0006E646F7220737065636966696320636F8D
:1088E0006E74726F6C6C6572004669726D7761723E
:1088F00065206C6F616465720052657363756520F5
:10890000696D616765007265736572766564006E96
:108910005246353178006E5246353278006E5246F6
:10892000353378006E524635344878006E524635FD
:10893000344C7800496E74656C20436F72706F72AE
:108940006174696F6E004E6F726469632053656D68
:1089500069636F6E647563746F72004E5850205374
:10896000656D69636F6E647563746F7273004573D0
:10897000707265737369662053797374656D7300E3
:1089800062745F6863695F636F726500636D642022
:10899000646973616C6C6F776564004F6E6C7920ED
:1089A00072616E646F6D20737461746963206964B1
:1089B000656E746974792061646472657373207381
:1089C0007570706F7274656400496E76616C69646D
:1089D00020696E70757420706172616D6574657266
:1089E00073004661696C656420746F207265616410
:1089F000207075626C6963206164647265737300D2
:108A000052656164205374617469632041646472C7
:108A1000657373657320636F6D6D616E64206E6F37
:108A20007420617661696C61626C65004661696C95
:108A3000656420746F207265616420737461746969
:108A40006320616464726573736573004E6F207395
:108A50007461746963206164647265737365732003
:108A600073746F72656420696E20636F6E74726FC9
:108A70006C6C65720043616E2774207365742062AC
:108A80006F7468204944454E544954592026204E5D
:108A900052504100556E61626C6520746F207365A1
:108AA00074206964656E74697479206164647265A8
:108AB000737300556E61626C6520746F207365740A
:108AC0002072616E646F6D206164647265737300FF
:108AD00062745F696400546F6F206269672061642B
:108AE000766572746973696E6720646174610046AB
:108AF00061696C656420746F2073746172742061A5
:108B0000647665727469736572004661696C656448
:108B100020746F2073746F7020616476657274695D
:108B200073696E673A2025640062745F6164760041
:108B30004661696C656420726561642072656D6F61
:108B400074652066656174757265732028256429D3
:108B50000050485920307825303278206E6F7420CC
:108B6000737570706F7274656400556E65787065AA
:108B700063746564206669727374204C324341509B
:108B8000206672616D6500556E6578706563746509
:108B900064204C3243415020636F6E74696E75617E
:108BA00074696F6E004E6F7420656E6F7567682014
:108BB00062756666657220737061636520666F72A8
:108BC000204C32434150206461746100556E6578D9
:108BD0007065637465642041434C20666C61677303
:108BE0002028307825303278290041434C206C65AC
:108BF0006E206D69736D6174636820282575203E51
:108C0000202575290028756E6B6E6F776E29006EB2
:108C10006F207472616E736974696F6E20257300C2
:108C2000496E76616C69642028257529206F6C6413
:108C300020737461746500636F6E6E20257020660A
:108C400061696C656420746F2065737461626C691E
:108C500073682E205246206E6F6973653F006E6FF9
:108C60002076616C696420282575292073746174ED
:108C700065207761732073657400696E636F6D7032
:108C8000617469626C652068616E646C652025752D
:108C90000054696D656F75742064697363617264F3
:108CA00065642E204E6F20626C6F636B696E672067
:108CB000696E2073797377712E00466174616C2040
:108CC0006572726F7220282564292E2044697363AF
:108CD0006F6E6E656374696E6720257000466F75F0
:108CE0006E642076616C696420636F6E6E65637478
:108CF000696F6E2028257029207769746820616467
:108D0000647265737320257320696E202573207348
:108D100074617465200053656E64204C4520706159
:108D200072616D20757064617465206661696C653F
:108D3000642028657272202564290053656E6420C2
:108D40006175746F204C4520706172616D20757083
:108D500064617465206661696C656420286572725F
:108D60002025642900646973636F6E6E65637465A2
:108D70006400646973636F6E6E6563742D636F6DF9
:108D8000706C657465007363616E2D6265666F72E9
:108D9000652D696E6974696174696E6700696E69D1
:108DA00074696174696E672D66696C7465722D6C87
:108DB000697374006164762D636F6E6E65637461B0
:108DC000626C65006164762D6469722D636F6E6EEE
:108DD00065637461626C6500646973636F6E6E6570
:108DE0006374696E670062745F636F6E6E00556EC8
:108DF00061626C6520746F20616C6C6F6361746577
:108E00002062756666657220666F72206F70203012
:108E10007825303278004E6F20617661696C61622E
:108E20006C65204C3243415020636F6E74657874DA
:108E300020666F7220636F6E6E202570004578701B
:108E4000656374696E6720757020746F20256420D7
:108E5000726566732C20676F7420256400616C72E4
:108E60006561647920686176652076696577206F31
:108E70006E202570004C32434150206C656E677443
:108E800068206D69736D61746368202825752021E1
:108E90003D2025752900496E76616C6964206964FE
:108EA000656E742076616C756520696E204C324366
:108EB00041502050445500496E76616C6964204CE5
:108EC0004520636F6E6E20706172616D20727370E9
:108ED0002073697A652028257520213D20257A7523
:108EE000290052656A656374696E6720756E6B6EE2
:108EF0006F776E204C324341502050445520636FB1
:108F000064652030782530327800546F6F20736D9F
:108F1000616C6C204C32434150207369676E616C08
:108F2000696E672050445500546F6F20736D616CFB
:108F30006C204C324341502050445520726563658B
:108F4000697665640049676E6F72696E6720646157
:108F5000746120666F7220756E6B6E6F776E206322
:108F600068616E6E656C2049442030782530347815
:108F700000636F6E6669670062745F6C3263617074
:108F800000415454206368616E6E656C206E6F748E
:108F900020636F6E6E6563746564004572726F72F4
:108FA000207369676E696E67206461746100526145
:108FB0006E206F7574206F66205458206275666647
:108FC000657273206F7220636F6E74657874732E90
:108FD000004661696C656420746F207375626D6909
:108FE00074206174745F74785F64657374726F79F0
:108FF0005F776F726B3A20256400556E61626C6515
:1090000020746F20637265617465206572722072CE
:1090100073702050445500415454204D54552065E0
:10902000786365656465642C206D61782025752CF6
:109030002077616E74656420257A7500556E6162D3
:109040006C6520746F206372656174652072737043
:109050002050445500546F6F20736D616C6C20413B
:1090600054542050445520726563656976656400E8
:10907000556E68616E646C65642041545420636F62
:1090800064652030782530327800496E76616C69ED
:1090900064206C656E20257520666F7220636F6496
:1090A000652030782530327800556E61626C65201D
:1090B000746F2063726561746520555549443A2088
:1090C00073697A6520257500556E61626C65207440
:1090D0006F2063726561746520555549443A207369
:1090E000697A65202564004E6F20617661696C6144
:1090F000626C652041545420636F6E7465787420EF
:10910000666F7220636F6E6E202570004E6F206157
:109110007661696C61626C652041545420636861BA
:109120006E6E656C20666F7220636F6E6E202570A8
:10913000004E6F7420636F6E6E65637465640055D6
:109140006E61626C6520746F2066696E64204154A4
:1091500054206368616E6E656C00476F74206572A1
:10916000722025642C206E6F742063616C6C696EB4
:109170006720415454206362004661696C65642035
:10918000746F2072652D7375626D69742025733A52
:10919000202564004E6F20415454206368616E6E38
:1091A000656C20666F72204D545520257A75004EEF
:1091B0006F2070656E64696E67204154542072653B
:1091C000717565737400446973636F6E6E65637463
:1091D000696E67206661696C65642028657272201B
:1091E000256429004154542054696D656F757420BD
:1091F000666F72206465766963652025732E20444E
:109200006973636F6E6E656374696E672E2E2E00D0
:1092100062745F61747400756E61626C6520746F56
:1092200020736176652053433A206E6F2063666732
:10923000206C65667400434D414320757064617411
:1092400065206661696C6564202564004E6F20733B
:109250007061636520746F2073746F72652043437F
:109260004320636667004E6F2073706163652074EE
:109270006F2073746F726520436C69656E74205340
:109280007570706F7274656420466561747572657F
:109290007300556E61626C6520746F20696D706F2C
:1092A000727420746865206B657920666F72204146
:1092B000455320434D414320256400434D41432005
:1092C0006F7065726174696F6E20696E6974206673
:1092D00061696C656420256400434D4143206669E3
:1092E0006E697368206661696C656420256400524C
:1092F000656164206D6574686F64206E6F7420739F
:109300006574004661696C656420746F20726561E4
:1093100064206174747269627574652025702028F8
:1093200065727220257A642900496E76616C6964E1
:109330002072656164206C656E6774683A20257AD6
:109340006400434343202570206E6F742077726958
:109350007461626C6500534320726573746F72654B
:1093600020696E6469636174696F6E206661696CFF
:1093700065640062745F67617474004E6F2061768B
:1093800061696C61626C6520534D5020636F6E742F
:1093900065787420666F7220636F6E6E2025700092
:1093A00062745F736D7000446576696365206973EC
:1093B000206E6F7420636F6E6669677572656400F6
:1093C00043616E6E6F7420636F6E66696775726558
:1093D00020646576696365207768696C65206974C7
:1093E00020697320616374697665005265717565E3
:1093F0007374656420636F6E666967757261746902
:109400006F6E206973206E6F7420737570706F7249
:10941000746564004F6E6C792031362D626974205A
:1094200073616D706C657320617265207375707007
:109430006F727465640043616E6E6F742066696E4E
:1094400064207375697461626C652050444D2063BB
:109450006C6F636B20636F6E6669677572617469A8
:109460006F6E2E004661696C656420746F20696EB2
:10947000697469616C697A652050444D3A202564AD
:10948000004661696C656420746F20737461727446
:109490002050444D3A202564004661696C65642083
:1094A000746F2072656C6561736520636C6F636BAC
:1094B0003A202564004661696C656420746F2072EF
:1094C00065717565737420636C6F636B3A202564F6
:1094D00000496E76616C696420636F6D6D616E64C6
:1094E0003A202564004661696C656420746F2061D0
:1094F0006C6C6F63617465206275666665723A2094
:10950000256400556E61626C6520746F20707574FF
:10951000206D656D20736C616220696E20717565C8
:109520007565004661696C656420746F20736574AD
:10953000206275666665723A202564004E6F20626F
:1095400075666665727320746F2066726565004E7D
:109550006F20726F6F6D20696E2052582071756593
:1095600075650070646D40643030303000646D6942
:10957000635F6E7266785F70646D00636C6F636BBF
:1095800040313065303030006866636C6B006C666B
:10959000636C6B006866636C6B32346D00636C6F78
:1095A000636B5F636F6E74726F6C007073612D72AA
:1095B0006E67006770696F4031306130303000672E
:1095C00070696F406438363030006770696F40648E
:1095D00038323030006770696F40353034303000D9
:1095E0007561727440633630303000756172745F3B
:1095F0006E7266785F756172746500536F6674444D
:10960000657669636520436F6E74726F6C6C65720A
:10961000204153534552543A2025732C2025640091
:10962000536F667444657669636520436F6E747228
:109630006F6C6C6572206275696C64207265766906
:1096400073696F6E3A2000456E74726F7079207383
:109650006F7572636520646576696365206E6F74EB
:10966000207265616479004661696C656420746F7D
:109670002072656769737465722072616E6420730D
:109680006F75726365202825642900416C6C6F63D7
:1096900061746564206D656D6F727920746F6F20E1
:1096A0006C6F773A20257A75203C20257500457629
:1096B000656E742062756666657220746F6F2073C4
:1096C0006D616C6C2E20257A75203E202575005525
:1096D0006E6578706563746564206D73675F747917
:1096E00070653A2025752E20546869732069662DAF
:1096F000656C7365206E656564732061206E6577A7
:10970000206272616E636800556E6B6E6F776E20BB
:109710006572726F72207768656E2070726F636514
:109720007373696E6720686369206D657373616721
:10973000652025640062745F6863695F7364630019
:1097400062745F7364635F6863695F64726976659E
:10975000720062745F7364635F63727970746F0028
:109760004D50534C204153534552543A2025732CAD
:10977000202564004D50534C20576F726B006D7064
:10978000736C5F696E69740054462D4D206E6F6E68
:109790002D7365637572652063616C6C6261636BC8
:1097A00020696E697469616C697A6174696F6E2091
:1097B0006661696C65642C206572726F723A20254F
:1097C00064002A2A2A2A2A20534543555245204616
:1097D00041554C54202A2A2A2A2A00202041646418
:1097E000726573733A2030782578002020496E76B0
:1097F000616C696420656E74727920706F696E7433
:10980000002020496E76616C696420696E7465671A
:1098100072697479207369676E617475726500206E
:1098200020496E76616C696420657863657074693F
:109830006F6E2072657475726E00202041747472B0
:1098400069627574696F6E20756E69742076696FD0
:109850006C6174696F6E002020496E76616C69647A
:10986000207472616E736974696F6E0020204C61A0
:109870007A7920737461746520707265736572768D
:109880006174696F6E0020204C617A792073746175
:109890007465206572726F72002A2A2A2A2A205360
:1098A000505520494E54455252555054202A2A2A88
:1098B0002A2A0020205365637572697479207669BD
:1098C0006F6C6174696F6E20666F722074686520BA
:1098D000666C617368206D656D6F7279207370615D
:1098E0006365002020536563757269747920766919
:1098F0006F6C6174696F6E20666F7220746865208A
:1099000052414D206D656D6F727920737061636592
:1099100000202053656375726974792076696F6CD5
:109920006174696F6E206F6E206F6E65206F72209C
:109930007365766572616C207065726970686572B6
:10994000616C732E00556E737570706F7274656400
:10995000204846434C4B206576656E743A2025645A
:10996000006E7266785F636C6F636B5F6D70736CB3
:109970000048616C74696E672073797374656D005B
:10998000556E6B6E6F776E206572726F72003E3E21
:109990003E205A455048595220464154414C20459A
:1099A00052524F522025643A202573206F6E204377
:1099B0005055202564004661756C74206475726989
:1099C0006E6720696E746572727570742068616E5E
:1099D000646C696E670A0043757272656E742074F8
:1099E00068726561643A2025702028257329004338
:1099F000505520657863657074696F6E00556E68A8
:109A0000616E646C656420696E74657272757074E1
:109A100000537461636B206F766572666C6F7700BC
:109A20004B65726E656C206F6F7073004B65726E64
:109A3000656C2070616E69630069646C65006D61BE
:109A4000696E006F7300737973776F726B71006466
:109A50007261676F6F6E2F6C6962732F73636865D5
:109A6000642F7372632F73636865645F68616C5FF2
:109A700074696D65725F677274632E6300C8DA3053
:109A800098F9F034A44B6EBAD30819CC0CEA51DA29
:109A90004700286E756C6C29002A666C6F61742A09
:109AA00000206D657373616765732064726F7070F9
:109AB0006564202D2D2D0D0A1B5B306D001B5B3165
:109AC0003B33316D2D2D2D200000FFFFFFFFFFFFE9
:109AD00000000000000000FFFFFFFFFFFF0000008C
:109AE0000000003031323334353637383961626343
:109AF0006465660000000000000010008000008027
:109B00005F9B34FB01040002000000020000000023
:109B10000000000500000000000000000000000040
:109B2000000000056174745F74785F64657374721B
:109B30006F795F776F726B5F68616E646C657200DE
:109B400000010405020608090F000A2A35424242B4
:109B5000424242424242424242000102033000324B
:109B6000014002500360049605C00600FFFFFFFF9E
:109B7000FF1F00001F000000000000001D4000004B
:109B800000000000FFFFFFFF1FFF0000BAABBABAE2
:109B900010101010000000000050084000000000ED
:109BA000000000000C000000010000FF7F0000002A
:109BB000000000008536090000000000B9360900E9
:109BC00000000000FDBE080000000000D9360900BA
:109BD0000000000097360900000000003006090070
:109BE000FF000000B828090001000000000000008C
:109BF000255E0900000000000001000000000000D8
:109C00000000000000000000000000000000000054
:109C10000000000000000000000000000000000044
:109C20000000000000000000000000000000000034
:109C30000000000000000000000000000000000024
:109C40000000000000000000000000000000000014
:109C50000000000000000000000000000000000004
:109C600000000000000000000000000000000000F4
:109C700000000000000000000000000000000000E4
:109C800000000000000000000000000000000000D4
:109C900000000000000000000000000000000000C4
:109CA00000000000000000000000000000000000B4
:109CB00000000000000000000000000000000000A4
:109CC0000000000000000000000000000000000094
:109CD0000000000000000000000000000000000084
:109CE00000000000B59B090000000000000000001B
:109CF0000000000000000000000000000000000064
:109D00000000000000000000000000000000000053
:109D10000000000000000000000000000000000043
:109D20000000000000000000000000000000000033
:109D30000000000000000000000000000000000023
:109D40000000000000000000000000000000000013
:109D50000000000000000000000000000000000003
:109D600000000000000000004C620A00000000003B
:109D7000D15C0900000000000001000000000000AC
:109D800000000000000000000000000000000000D3
:109D900000000000000000000000000000000000C3
:109DA000670000000000000000000000000000004C
:109DB00000000000000000000000000000000000A3
:109DC0000000000000000000000000000000000093
:109DD0000000000000000000000000000000000083
:109DE0000000000000000000000000000000000073
:109DF0000000000000000000000000000000000063
:109E00000000000000000000000000000000000052
:109E10000000000000000000000000000000000042
:109E20000000000000000000000000000000000032
:109E30000000000000000000555D09000000000067
:109E400000000000F10504200000120093290A0020
:109E5000A7300A008C710A000000000034770A0065
:109E60000000020040770A00000002004C770A0060
:109E7000000002000000000095340A00000000000D
:109E80000000000000C010400000000000000000C2
:109E900000000000000000000000000000000000C2
:109EA00000000000000000000000000000000000B2
:109EB00000000000000000000000000000000000A2
:109EC0000000000000000000000000000000000092
:109ED0000000000000000000000000000000000082
:109EE0000000000000000000000000000000000072
:109EF0000000000000000000000000000000000062
:109F00000000000000000000000000000000000051
:109F10000000000000000000000000000000000041
:109F20000000000000000000000000000000000031
:109F3000000000000001000000A00D400000000033
:109F40000000000000000000000000000000000011
:109F50000000000000000000000000000000000001
:109F600000000000000000000000000000000000F1
:109F700000000000000000000000000000000000E1
:109F800000000000000000000000000000000000D1
:109F900000000000000000000000000000000000C1
:109FA00000000000000000000000000000000000B1
:109FB00000000000000000000000000000000000A1
:109FC0000000000000000000000000000000000091
:109FD0000000000000000000000000000000000081
:109FE0000000000000000000000000000000000071
:109FF000119E0900000000000000000000000000A9
:10A000000D8C0900000000000000000000000000AE
:10A010003DAE09000000000000000000000000004C
:10A0200015A909000000000000000000E5BC0900BF
:10A03000DDCB09000000000000000000000000006F
:10A0400099BE090009430A00CB430A00C5BC0900B8
:10A050000000000000000000E9C809000000000046
:10A060000000000060770A00000002006C770A0020
:10A0700000000A007C770A000000200000000000B9
:10A080000000000000000000000000009F460A00E1
:10A090000000000000000D40000000000000000073
:10A0A00000000000000000000000000000000000B0
:10A0B00000000000000000000000000000000000A0
:10A0C0000000000000000000000000000000000090
:10A0D0000000000000000000000000000000000080
:10A0E0000000000000000000000000000000000070
:10A0F0000000000000000000000000000000000060
:10A10000000000000000000000000000000000004F
:10A11000000000000000000000000000000000003F
:10A12000FDE8090000000000FF0000002D4E0A00BD
:10A13000294E0A000090D003FF0000000F0000002D
:10A1400071020000D8050420D80504204B9131C3CA
:10A15000C9C5CC8F9E45B51F01C2AF4F0602A826C8
:10A160001B3607EAF5B78846E1363E48B5BE024BD6
:10A170009131C3C9C5CC8F9E45B51F01C2AF4F00F9
:10A1800000000000000000000000000000000000CF
:10A1900000000000000000000000000000000000BF
:10A1A00000000000000000000000000000000000AF
:10A1B000000000000000000000000000000000009F
:10A1C000000000000000000000000000000000008F
:10A1D00064060420640604208C9C04200000000017
:10A1E00001000000240000000000000080060420A0
:10A1F00080060420784504200000000001000000D3
:10A20000A0000000000000009C0604209C06042022
:10A210005873042000000000040000000008000043
:10A2200000000000B8060420B8060420B09C0420FA
:10A23000000000000300000010000000000000000B
:10A24000D4060420D4060420000000000000000012
:10A250000E000000E8060420E806042000000000CC
:10A26000000000000E000000FC060420FC06042094
:10A2700000000000010000000C0704200C0704206F
:10A2800000000000FFFFFFFF0000000000000000D2
:10A290002407042024070420000000000000000020
:10A2A00034070420340704200300030010000000DA
:10A2B00000000000E4730A00349B0420000000004A
:10A2C0000000000058070420580704200300030082
:10A2D0001000000061BC090080740A00149C042076
:10A2E00000000000000000007C0704207C07042020
:10A2F000030003000000000000000000A4720A0038
:10A30000889804200000000000000000A00704203E
:10A31000A00704200100010010000000C9A80900E6
:10A32000D0730A00AC9A0420000000000000000076
:10A33000C4070420C407042002000200000000003B
:10A340000000000098730A007C9A042000000000BE
:10A3500000000000E8070420E80704200C000C00BF
:10A36000040000008186090090720A00AC96042067
:10A3700000000000000000000C0804200C0804206D
:10A38000010001000000000000000000B8720A0097
:08A39000D499042015E015E04A
:00000001FF
