:0200000280007C
:10A0000058630420D57A0900DB330A00C17A0900BD
:10A01000C17A0900C17A0900C17A0900C17A090030
:10A02000000000000000000000000000AD7B0900FF
:10A03000C17A090000000000617D0900C17A0900B1
:10A04000DD7D0900DD7D0900DD7D0900DD7D090084
:10A05000DD7D0900DD7D0900DD7D0900DD7D090074
:10A06000DD7D0900DD7D0900DD7D0900DD7D090064
:10A07000DD7D0900DD7D0900DD7D0900DD7D090054
:10A08000DD7D0900DD7D0900DD7D0900DD7D090044
:10A09000DD7D0900DD7D0900DD7D0900DD7D090034
:10A0A000DD7D0900DD7D0900DD7D0900DD7D090024
:10A0B000DD7D0900DD7D0900DD7D0900DD7D090014
:10A0C000DD7D0900DD7D0900DD7D0900DD7D090004
:10A0D000DD7D0900DD7D0900DD7D0900DD7D0900F4
:10A0E000DD7D0900DD7D0900DD7D0900DD7D0900E4
:10A0F000DD7D0900DD7D0900DD7D0900DD7D0900D4
:10A10000DD7D0900DD7D0900DD7D0900DD7D0900C3
:10A11000DD7D0900DD7D0900DD7D0900DD7D0900B3
:10A12000DD7D0900DD7D0900DD7D0900DD7D0900A3
:10A13000DD7D0900DD7D0900DD7D0900DD7D090093
:10A14000DD7D0900DD7D0900DD7D0900DD7D090083
:10A15000DD7D0900DD7D0900DD7D0900DD7D090073
:10A16000DD7D0900DD7D0900DD7D0900DD7D090063
:10A17000DD7D0900DD7D0900DD7D0900DD7D090053
:10A18000DD7D0900DD7D0900DD7D0900DD7D090043
:10A19000DD7D0900DD7D0900DD7D0900DD7D090033
:10A1A000DD7D0900DD7D0900DD7D0900DD7D090023
:10A1B000DD7D0900DD7D0900DD7D0900DD7D090013
:10A1C000DD7D0900DD7D0900DD7D0900DD7D090003
:10A1D000DD7D0900DD7D0900DD7D0900DD7D0900F3
:10A1E000DD7D0900DD7D0900DD7D0900DD7D0900E3
:10A1F000DD7D0900DD7D0900DD7D0900DD7D0900D3
:10A20000DD7D0900DD7D0900DD7D0900DD7D0900C2
:10A21000DD7D0900DD7D0900DD7D0900DD7D0900B2
:10A22000DD7D0900DD7D0900DD7D0900DD7D0900A2
:10A23000DD7D0900DD7D0900DD7D0900DD7D090092
:10A24000DD7D0900DD7D0900DD7D0900DD7D090082
:10A25000DD7D0900874E0A00DD7D0900DD7D0900F6
:10A26000DD7D0900DD7D0900714E0A00DD7D0900FC
:10A27000DD7D0900DD7D0900DD7D0900DD7D090052
:10A28000DD7D0900DD7D0900DD7D0900DD7D090042
:10A29000DD7D0900DD7D0900DD7D0900DD7D090032
:10A2A000DD7D0900DD7D0900DD7D0900DD7D090022
:10A2B000DD7D0900DD7D0900DD7D0900DD7D090012
:10A2C000DD7D0900DD7D0900DD7D0900DD7D090002
:10A2D000DD7D0900DD7D0900DD7D0900DD7D0900F2
:10A2E000DD7D0900DD7D0900DD7D0900DD7D0900E2
:10A2F000DD7D0900DD7D0900DD7D0900DD7D0900D2
:10A30000DD7D0900DD7D0900DD7D0900DD7D0900C1
:10A31000DD7D0900DD7D0900DD7D0900DD7D0900B1
:10A32000DD7D0900DD7D0900DD7D0900DD7D0900A1
:10A33000DD7D0900DD7D0900DD7D0900DD7D090091
:10A34000DD7D0900DD7D0900DD7D0900DD7D090081
:10A35000DD7D0900DD7D0900DD7D0900DD7D090071
:10A36000DD7D0900DD7D0900DD7D0900DD7D090061
:10A37000DD7D0900DD7D0900DD7D0900DD7D090051
:10A38000DD7D0900DD7D0900DD7D0900DD7D090041
:10A39000DD7D0900DD7D0900DD7D0900DD7D090031
:10A3A000DD7D0900DD7D0900DD7D0900DD7D090021
:10A3B000DD7D0900DD7D0900DD7D0900DD7D090011
:10A3C000DD7D0900DD7D0900DD7D0900DD7D090001
:10A3D000DD7D09009D4E0A00DD7D0900DD7D09005F
:10A3E000DD7D0900DD7D0900DD7D0900DD7D0900E1
:10A3F000DD7D0900DD7D0900DD7D0900DD7D0900D1
:10A40000DD7D0900DD7D0900DD7D0900DD7D0900C0
:10A41000DD7D0900DD7D0900DD7D0900DD7D0900B0
:10A42000DD7D0900DD7D0900DD7D0900DD7D0900A0
:10A43000DD7D0900DD7D0900DD7D0900DD7D090090
:10A44000DD7D0900DD7D0900DD7D0900DD7D090080
:10A45000DD7D0900DD7D0900DD7D0900DD7D090070
:10A46000DD7D0900DD7D0900DD7D0900DD7D090060
:10A47000DD7D0900DD7D0900DD7D0900DD7D090050
:10A48000DD7D0900DD7D0900DD7D0900DD7D090040
:10A49000DD7D0900DD7D0900DD7D0900DD7D090030
:10A4A000DD7D0900DD7D0900DD7D0900DD7D090020
:10A4B000DD7D0900DD7D0900DD7D0900DD7D090010
:08A4C000DD7D0900DD7D0900CE
:10A4C800064A074B02604FF426725B7882800822A6
:10A4D800C371002382710372704700BF19520900CB
:10A4E80028080420064A074B02604FF49C725B7AE6
:10A4F80082800822C371FF2382710372704700BFF4
:10A50800574D090028080420F8B5C41D0028054641
:10A5180024F007040CBF0020204600F051FA071E63
:10A5280002DA6FF00B00F8BD254EB1887088033150
:10A53800F3790330B27989B280B208F049FD002876
:10A54800EFDB3C4473783178002D04F1030419449F
:10A5580024F0030400FB01F10CBF0020204600F0AA
:10A56800B3FB23180DB9002BDBDB717A184679B1E0
:10A578000333002D728923F003040CBF002020460A
:10A5880000F014FC0028CCDB20440DB90028C8DBFF
:10A59800317A91B1737A83B1C41D002D24F0070478
:10A5A8000CBF0020204602F0F5FD0028B9DB0DB1F4
:10A5B8000020B8E72018B6D5B3E7002DF8D1B2E7E8
:10A5C800280804201FB572B6194BDC68ECB9BFF334
:10A5D8004F8F1849184BCA6802F4E0621343CB60E6
:10A5E800BFF34F8F00BFFDE7B2FBF6F22B465D1CB1
:10A5F800002AF9D1DBB203F110056D4405F80C2CE3
:10A608000A2233B901A8A047E1E7024600230A2637
:10A61800EDE7013BDBB203F110050DEB0506B0FBDE
:10A62800F2F502FB1500303006F80C0C2846E8E776
:10A638002808042000ED00E00400FA050A4B07B5DD
:10A64800DA886846ADF800209A885B88ADF804205F
:10A65800ADF8023001F024FC18B1FA219C20FFF774
:10A66800B1FF03B05DF804FB2808042010B50446C8
:10A6780028B307F02DFF10B94FF0FF3010BD06F0DA
:10A688005FFCB0F5FA7FF7D80E4B00221A744FF42E
:10A698008072DC601A801B225A809A8040F2032262
:10A6A800DA804FF484721A811F225A81EFF31084E2
:10A6B80072B600F0D7FB04B962B60020DEE76FF08F
:10A6C8001500DBE72808042010B5002840D1234CEA
:10A6D800237C032B39D059B1002A3CD002390529F3
:10A6E80036D8DFE801F0031227352A2D1378637076
:10A6F8000020FFF709FF0028B7BF012302236FF0EE
:10A708000B002374A8BF237410BD13791BB35379AE
:10A718000BB31188FB291ED853881B3B9BB2E02B37
:10A7280019D81A2917D913689288C4F802300C4B23
:10A738009A80DDE713786372DAE713886381D7E7D5
:10A748001388FF2B07D82372D2E74FF0FF30DBE7DF
:10A758006FF02C00D8E76FF01500D5E72808042023
:10A768002A080420F8B50D46064620B319B311F09F
:10A77800070420D1114F3B7C012B02D16FF00B0055
:10A78800F8BD032B02D14FF0FF30F9E700F0A2FB30
:10A798000028F8D02846FFF7B7FE0028EEDB0AF0BD
:10A7A8008EFD3046214601F0EFFBFFF747FF0323FC
:10A7B80020463B74E4E76FF01500E1E72808042021
:10A7C80010B5064C237C032B03D101F0F3FB01F0F9
:10A7D800B3FF08F0FFFC0020207410BD28080420F7
:10A7E80008B501F09DFB03490120BDE8084000F0D1
:10A7F800DFB800BFEDA4080008B501F0A5FB0349C8
:10A808000020BDE8084000F0D3B800BFC9A4080084
:10A81800074B4FF0FF3141F6FF72C3E900120549BB
:10A828000022C1E900221F21C3E90212704700BFBC
:10A83800000004203C0804203F280CD801380B4BAA
:10A84800C0F3421200F01F0053F8223023FA00F040
:10A8580000F001007047FF2806D04038044BC0F3D1
:10A86800421200F01F00EFE70120704700000420AB
:10A878003C080420074B0146006849681A4603C291
:10A8880040F48C2200201A6041F0107242F4FF62FA
:10A898005A607047000004200246034B0068516864
:10A8A80003C30020704700BF3C0804200246034B46
:10A8B8000068516803C30020704700BF08000420E7
:10A8C8000138064BC0F3421200F01F0003EB82036D
:10A8D8009B6823FA00F000F0010070470000042094
:10A8E8000A8870B595B2C67CC2F30E020488023697
:10A8F80002F118033444C35AA4B233442344013B3D
:10A90800B3FBF4F303FB0422438892B29342044B53
:10A918008BBF2B40AB4313439BB20B8070BD00BF72
:10A928000080FFFF4A1E062A08B50346084604D8D9
:10A938004FF4D1711520FFF745FE094A914202D91B
:10A9480040F2A311F6E711B903B1196008BD2BB1A4
:10A958001B680022C3E901211A1D1A600430F5E7BB
:10A96800FAFFFF7F10B5114B00EB41041A78638999
:10A97800B3FBF2F303FB0223013A1A44B2F5706FFA
:10A988000279807828BF00231A440B18B2FBF0F133
:10A9980000FB11215B1AB3FBF0F100FB11331344E8
:10A9A8006FEA43436FEA5343638110BD44080420B0
:10A9B800024B03EB80035960704700BF4408042032
:10A9C8002DE9F04F10F0070A85B0054604D040F293
:10A9D8006F111720FFF7F6FD524F044607F10C06DA
:10A9E800B146B04657F8043B8DF80BA03BB101A81F
:10A9F80098479DF80A30082B01D9F521E9E79DF819
:10AA08000B1041BB05B131604F4506F10406E9D191
:10AA1800002D6FD00022DFF810910227964689F8A2
:10AA2800002058F827A0013FBAF1000F55D09AF836
:10AA380004609AF802C0FF2E60D039460023481CF3
:10AA480038D19C44BCF1FF0F3FD90AB189F800E026
:10AA58004FF49A71BDE79DF80AC04B1D60465A0035
:10AA680004EB4303022838BF0220441E404223441B
:10AA7800BDF808406444CCF1000C0340013C04EAF2
:10AA88000C04B4F5803F02D340F20511A1E775B17B
:10AA98009A1A0120326091701480D0709DF80C00D1
:10AAA800107101984FEA104C1081A2F806C004FBFF
:10AAB8000134A9E758F8210028B190F804B0B3454B
:10AAC80004BF80781B180139B9E7DBB2E6458AF87C
:10AAD80004303CBF5FFA8CFE01227B1CA1D10AB175
:10AAE80089F800E0022640F6FF6A58F82670B7B9E0
:10AAF800013EFAD2601B05B0BDE8F08F0023E5E700
:10AB080007EB410309F101093846A3F80AA0FFF74A
:10AB180029FF5FFA89F1BB788B42F1D8E8E74FF05B
:10AB28000009F6E7480804204408042038B54FF621
:10AB3800FF7302460380184B03EB81031869A8B121
:10AB480084780379B3FBF4F104FB1133DBB21946C3
:10AB580000EB4105B5F90A50002D0EDB0131B1FBC0
:10AB6800F4F504FB1511C9B28B42F1D1002038BDB0
:10AB78006381BDE8384008F007BA00EB41046389F7
:10AB8800C3F30E031380C278002AF1D14FF4E571A4
:10AB98001720FFF717FD00BF440804201C4B03EBE8
:10ABA800810370B51C69054644B3030404D54FF40A
:10ABB800EC711720FFF706FD0146204608F0C7F99B
:10ABC800FF28014604D02046BDE8704008F0DCB9F3
:10ABD800A078B5FBF0F300FB1353DBB219460A1D4E
:10ABE80004EB4206B6F90260002E09DB0131B1FB25
:10ABF800F0F200FB1211C9B28B42F0D1002070BDF7
:10AC08008B4201D00023E37004EB42025580DAE75F
:10AC180044080420094B03EB8103014610B51C6965
:10AC2800204608F094F9FF28014604D02046BDE8E4
:10AC3800104008F0A9B9002010BD00BF4408042046
:10AC4800F8B5104B074603EB810301461C69204603
:10AC580008F07DF9FF28054611D0E288238953EAD8
:10AC6800024606D00146204608F08EF901463846CD
:10AC7800B04720462946FFF775FE0020F8BD05209D
:10AC8800FCE700BF4408042038B50E4B044682791F
:10AC980003EB8203186908B9052038BD8278E17989
:10ACA8009142F9D24B1CE37100EB41035D89B3F982
:10ACB8000A30002BF3DBA58008F066F9206000203D
:10ACC800EBE700BF4408042070B5044610F0030009
:10ACD8000E4603D04E211820FFF774FCFFF722FE22
:10ACE800054624B1034831460460FFF71BFE284699
:10ACF80070BD00BF600804202DE9F14FDFF870B087
:10AD08001E4607460D46DBF8003090469DF828A001
:10AD18009DF82C901BB960211820FFF753FC524670
:10AD28000921404607F09BFF4A4684B20921304674
:10AD380007F095FF81B2DBF80000214408F0DBF84A
:10AD4800386018B9286001B0BDE8F08F0444534654
:10AD5800414609222C60386807F044FF4B46092217
:10AD68003146286801B0BDE8F04F07F03BBF00BF8F
:10AD78006008042070B50E46044607F083FF0546B8
:10AD8800304607F07FFF044B2A1821461868BDE8B3
:10AD9800704008F0D5B800BF60080420024B18685E
:10ADA80008B108F09CB87047600804201F2AF8B55D
:10ADB800044624D89200134D033250B1830703D0C0
:10ADC80068210920FFF7FEFB22F003032970686061
:10ADD8002B8122F0030228230127120403FB01F030
:10ADE8006B680025120CEEB2B14200D8F8BD14B160
:10ADF80026181F705E60104401352833F3E74FF0C2
:10AE0800FF30F3E764080420154A002170B5536841
:10AE18001578C8B2854203D8BA210920FFF7D2FBBA
:10AE28001C461846013114F8286B0EB92346F0E782
:10AE38000021997001241289996103F126055C703B
:10AE48009208D96103F11E04596824F8022FAC4214
:10AE580043F8041F1144F8D100234361037070BD07
:10AE680064080420124B01224FF0FF3000215A6081
:10AE7800C3F80803C3F80015C3F804255A6040F660
:10AE8800FE72C3F808034FF48060C3F8001503F599
:10AE980060330849C3F80825C1F88800BFF34F8F0D
:10AEA800BFF36F8FC1F88801C3F80825704700BF4A
:10AEB80000A0044000E100E002680020014B1A6095
:10AEC800704700BF70080420014B1B68184700BF7B
:10AED80070080420024B1868003818BF012070471A
:10AEE800700804200A4606488F2302F8033BC3680B
:10AEF800C1F803300369536043699360704700BF2A
:10AF080074080420024B5A8C02435A845B6A18471F
:10AF180074080420014B00215B6A18477408042058
:10AF280010B5154C04F0B2FF05F094FA208DFFF728
:10AF3800F1FF237E63B12246104904F1190052F84B
:10AF48000C3BE36063685360A368936009F0EDF815
:10AF5800218DE06A02F052F9E36AB3F8AA0002F020
:10AF6800CFF8636B94F8301094F8310098470023B9
:10AF780084F8383010BD00BF74080420EDAE080016
:10AF8800034B93F838300BB1FFF7CABF704700BFC7
:10AF98007408042070B5184C0546E36CE66AE36350
:10AFA8004FF4817394F85000A4F84030337D96F83C
:10AFB800151100EB83002DB9FF2803D196F8143141
:10AFC8008B4201D004F0C4FC337D73B1606D04F092
:10AFD800C5FE616DE06B05F0C3F915B9284604F0AC
:10AFE8000BFF022384F8383070BDE06B04F0B6FE26
:10AFF80005F030FAF1E700BF7408042008B5094BE2
:10B0080093F83820022A04D040F257312720FFF75E
:10B01800D9FADA7A42F00102DA72BDE80840FFF79D
:10B028007FBF00BF7408042070B50F4DC90092009F
:10B0380000F00300AE6D01F0080102F004021B01EC
:10B04800347803F0100304F0F3040C43144304F0C1
:10B05800EC041C4304433470B5F864307370022365
:10B06800A5F85C3070BD00BF740804207FB50022CD
:10B07800012300F180010392CDE90423074A92F8E5
:10B088005020029200F19002CDE90032D0E91E234F
:10B09800022005F09FF807B05DF804FB740804204F
:10B0A800F7B5184C0646A56E0DB1636C23B940F68A
:10B0B800C4012720FFF786FAB4F8483001F00301ED
:10B0C8002F466B702B7823F003030B4307F8033BE1
:10B0D8003846B4F84820616C07F064FB0DF10202B1
:10B0E80001A9E06EE563676407F0EFFE019807F0D9
:10B0F800DAFE0122B4F848103060E06E07F082FEF4
:10B1080003B0F0BD740804202DE9F0412B4C06462D
:10B118000F4694F83830012B5FFA83F804D040F6D4
:10B128000C112720FFF74EFAE56A2B7933B100217D
:10B1380004202971FFF7E6FE85F805802B7A052B98
:10B148000AD11F490220FFF7DDFE236E1B78991EE6
:10B158004B424B4184F870301EB1BDE8F041FFF717
:10B16800DFBE002FF9D0636F304698470028F4D02F
:10B1780094F83030002BF0D1638C9A0714D594F8EA
:10B188007030002BE9D02B7DE46A13B12846FFF715
:10B198006DFF94F81521012096210AF0B8F80020D7
:10B1A800BDE8F041FFF7F6BE002BD6D194F8783011
:10B1B800002BE8D194F87930E3E700BF7408042045
:10B1C800D40804202DE9F04FAD4C91B0E56A069003
:10B1D80005F1A803089109930023CDE90D3394F8EC
:10B1E8003830022BDFB204D040F6AD112720FFF72C
:10B1F800E9F9E36B03221E785978134406F0030932
:10B20800A4F840206364069BA4F84810002B00F0C3
:10B21800228119B1E06E07F0D5FD01466A7A238DC7
:10B228000132A16643F40073D2B2238582EA9608FC
:10B2380018F0010846D12B7A23B3032B6A720AD877
:10B24800012B1FD00DA9D4F8800007F064FD90B938
:10B2580040F2D471CAE7053B012B02D940F2B37121
:10B26800C4E700F049FF10B940F2DE71BEE741467D
:10B278000820FFF747FED5E91C32013342F10002EE
:10B28800C5E91C3200216B7929721BB11020697144
:10B29800FFF738FE238D43F40063238500230793CB
:10B2A800C6F3C0082B7DCBB1B4F84830B3B105F074
:10B2B800EFF80328FBD0022806D1FFF731FE11B0C2
:10B2C800BDE8F08F069BEAE740B9AB7A03F00103CB
:10B2D800984503D1012384F83130EEE7AA7A02F0C9
:10B2E800010398456BD04FF0000AA36E002B40F085
:10B2F800C480B4F84830B3FA83F35B0903EA161341
:10B3080084F87930089B002B40F0BE80628C94F85A
:10B318008630110704D594F87020002A40F0B480D4
:10B32800012B00F2B180636F01209847002800F0DC
:10B33800AB8094F83060002E40F0A680EB7C83B19F
:10B348000123039605F180010420CDE90463FB2362
:10B35800029305F19003CDE90063D5E91C2304F0BD
:10B3680039FF95F814219621002009F0D0FFD4F870
:10B378002CB094F850309BF814209BF8141103EB70
:10B388008203FF2B03D19BF815318B4202D0FF209B
:10B3980004F0DEFA0023D4F82C808DF83130ADF8B3
:10B3A800323098F80830062B00F27E81DFE813F07F
:10B3B800C3005A015D015D017C016F016F01B4F8A2
:10B3C8004830EBB109F1FF31012919D8218D41F439
:10B3D8008051218594F88410994206D294F830302F
:10B3E80043F0100384F830307DE7A16E00293FF464
:10B3F8007AAF94F8851019B12020FFF78BFD72E71A
:10B408000132B9F1030FAA721BD009F1FF32012AE8
:10B418000CD8002B3FF467AFDDF818A0D5E91E3231
:10B42800013342F10002C5E91E325EE7002B3FF40A
:10B438005AAFD5E91E32013342F10002C5E91E3286
:10B4480051E7238D01200F4943F480532871238548
:10B45800FFF758FDEDE72B7D0BB105F033F894F8B5
:10B4680086304FF0000A0133CDF81CA084F88630EE
:10B47800238D43F48063238537E701233EE700BF2C
:10B4880074080420B808042004F000FDBAF1000F85
:10B498004CD101230893934E338D5A0606D440208D
:10B4A800FFF738FD338D43F040033385079B63B1C5
:10B4B800B4F80720B4F805301343EA8813431EBFD5
:10B4C800B4F809300133A4F80930069B002B00F0CA
:10B4D8000381B6F805300133A6F80530002386F855
:10B4E8008630814801F0FAFD0D9830B107F0DBFC99
:10B4F80000220272099901F027FA0E9B33B100224B
:10B508001A720C2209990E9801F0ECF9089B002B8D
:10B518007FF4D3AE338D1B063FF5D1AE8020FFF705
:10B52800F9FC338D43F080033385C8E649460EA8FD
:10B53800FFF7B6FDADE794F887300DF132010FA89B
:10B54800A8F80431ADF8323000F0C8FD38B10F98D2
:10B5580028B1052388F80830BDF8323015E0E36AD1
:10B5680093F85130002B77D10DF131020DF13201F2
:10B57800D4F8800007F0ADFB00286DD0BDF832305C
:10B58800002B59D1012288F80820A065A4F864305E
:10B5980003B1C31C236698F809200A9298F80A2078
:10B5A80098F808800B92B8F1020F09D0A8F10508A5
:10B5B800B8F1010F7BD81B784FF00308022B0DD090
:10B5C800D4F8800007F0DDFB002873D1B8F1030F31
:10B5D80004D000F09DFD80F00106F6B206F00103EC
:10B5E800404F87F878309BF81330002B64D0B7F8B9
:10B5F8006430002B60D033464046DDE90A12FFF77D
:10B6080013FD786D04F0AAFB0022D7E9151004F0A9
:10B61800EDFC18B9D7E9150104F040FE012387F8BD
:10B62800883087F83830BAF1000F3FF434AF494614
:10B638000EA8FFF735FD2EE79DF831201AB9032330
:10B648000280827086E7027802F00302012A08BFAE
:10B65800032788F8087098E70023ADF832300123F3
:10B6680088F80830214800238FE7B8F804310DF135
:10B6780031020DF13201D4F88000ADF8323007F014
:10B6880028FB00287FF468AF40F2C351AEE50DF106
:10B6980032010FA800F022FD08B10F9810B940F24E
:10B6A800D251A3E5062355E740F2DC519EE54FF061
:10B6B800010885E7012691E7DDE90A12334640468D
:10B6C800FFF7B2FCB86D04F049FB04F0C3FE00219B
:10B6D800B86D09F028FEA1E7B6F807300133A6F8DF
:10B6E8000730FEE674080420A0080420EE080420B1
:10B6F800064B10B593F8382002F0FF0422B91C76E7
:10B7080001F074FD204610BD0C24FBE774080420EA
:10B71800094B0A4A10B51A60FFF7EAFF20B14FF447
:10B72800B1712720FEF74EFF054C00F053FCE06492
:10B7380000F054FC606510BD44110420E0B8080016
:10B7480074080420F8B5584C054694F8386006F09B
:10B75800FF0016B909B102B123B94FF420712720AF
:10B76800FEF730FF63639DF81830616284F8853016
:10B77800626784F8300084F8860084F8310084F821
:10B7880088006084208584F8780084F8790084F83B
:10B798007000A0652066A4F86400E0636064A4F803
:10B7A8004800E56204F000F904F054FE95F91C0124
:10B7B80004F054F9D5F8D060D5F8C80004F054F96D
:10B7C800304604F0BDFA95F8240004F057F908F063
:10B7D800EAFF95F8152100F17101012004F0CCF978
:10B7E800324B186804F0B2FAD5F8BC30C4F880308F
:10B7F800D5F8C030E366AB7B233B072B52D9EB7BF4
:10B80800233B072B4ED9B5F8E630B5F8EC0095F890
:10B818001411984228BF184608F0F6F995F8E83050
:10B82800834228BF034698B295F8E430984200D383
:10B83800C3B295F8151105F1DC0084F8873008F0DB
:10B84800A1FC2F7D95F81511B5F8F06008F0DCF92A
:10B858000FB9043080B2864228BF0646F3B284F896
:10B86800843084F850302B7D13B12846FFF7FEFB57
:10B878000120FFF78FFBE36AD3F8C00104F08AFACE
:10B88800002323606360A360EB886380B5F8AA3067
:10B89800238095F824302371D5F818310BB1012293
:10B8A8001A60F8BD1B23C4E774080420441104205F
:10B8B800014B93F88800704774080420024B93F8F2
:10B8C8002900C0F3C000704774080420014B93F8A6
:10B8D800860070477408042005B00800CDB1080040
:10B8E80011B1080089AF080010B501210020FFF749
:10B8F80091F9044670B90121FFF750F9044620B9BF
:10B9080040F225313920FEF75DFE034B93F91810FC
:10B9180009F0EFF9204610BD00090420014BD88832
:10B92800704700BF0009042008B508F0FFF800F0D0
:10B9380031FD00F073FB08F0D0FB01F03DFC03F093
:10B9480003FD0022074B4FF01B1107481A60074BF5
:10B95800C3E901014FF4A4711A801A82D960DA741C
:10B9680008BD00BF4811042003021B000009042081
:10B97800034B41F64C525A611B229A74FFF7D4BF0D
:10B9880000090420F7B5274D00F1A80704466B69A4
:10B99800C0F8DC30244BC0F8C430384609F03DF814
:10B9A800064600F02BFB8306A97C53BF1B23EB88BC
:10B9B8002A891A46A4F806311C4BA4F808211B68EA
:10B9C80084F8E410A4F8E66023B194F91C11B4F8E3
:10B9D800AA0098471649384607F093FE0123EA88DB
:10B9E80004F1BC006979A4F8DA3003322B8901919B
:10B9F80092B22979033300919BB204F1C001FFF799
:10BA08007BF9D4F8BC3023B940F2E2413920FEF783
:10BA1800D9FDD4F8C03013B940F2E341F6E703B0DA
:10BA2800F0BD00BF0009042000093D004C110420AE
:10BA38000E090420024B1B6803B118470C207047FD
:10BA480048110420034BDA8802801B798370002098
:10BA5800704700BF0009042037B5837805461A2BC4
:10BA680008D8042B04D9144A22FA03F3DB0705D4B7
:10BA780012241AE0292B01D03B2BF9D12888B0F5E4
:10BA8800706FF5D201A908F0E3F888B9019B93F823
:10BA9800202102F0FF046AB9AA7883F82121FF2245
:10BAA80083F8202101A807F0DBFB204603B030BD56
:10BAB8000224FAE70C24F8E72000380438B50278A5
:10BAC800447802F0010302F0020254EA030101D1B2
:10BAD800112038BDBAB98578002DF9D0002B18BFD0
:10BAE800002400E01D46204607F098FB0028EFD010
:10BAF800284607F093FB0028EAD0054B00209C73EA
:10BB0800DD731882E5E7002BECD000242546EAE730
:10BB18000009042013B5008801A908F0B2F804460A
:10BB280020B9019890F832311BB13A24204602B06E
:10BB380010BD90F85C3003F0FF04002BF5D190F8AD
:10BB480053309B0706D1FF2380F8323101A807F054
:10BB580087FBEBE70249543008F0E7FAE6E700BF55
:10BB680005470900F7B5077805460C46EF2F0FD8AB
:10BB780090F901204378002A0ADB8278900707D1E0
:10BB880013F010001DD1990603F0030202D51AB173
:10BB9800122442E0032AFBD01E07F9D42979EA7857
:10BBA800EE7942EA0122697942EA0142A97941EA39
:10BBB80006212E7A41EA06418A42E9D81F2A0FD87F
:10BBC800E6E713F0600FE3D103F00702052A05D07A
:10BBD80003F00F010D22CA40D107D9D51A07DDD5C8
:10BBE8006A7A013A062AD3D8AA7A032AD0D813F057
:10BBF800040102D1023A012A03D8EA7A012AC7D8F5
:10BC080011B9AA7C032AC3D82A7D48B1012ABFD119
:10BC18002A7E012ABCD830B91124204603B0F0BDD1
:10BC2800022AF5D1B4E7DB0712D46B782A7D03F03A
:10BC38001803082B11D1022AEED101213846FEF74C
:10BC4800E9FF064678B109F008F8B8B10C24E4E732
:10BC580000F094F90028E8D1DEE7022AEDD02B7F26
:10BC6800002BEAD0D8E701213846FEF797FF0646B1
:10BC780040B3154B93F9181009F03BF8304609F01A
:10BC880028F929462070E874304609F078F8EB7EE8
:10BC98000446002BC1D00028BFD10246B16A6846CD
:10BCA80007F0ADF92246B06A012107F0F3F9B16A4D
:10BCB8006846042207F0A3F922462146B06A07F035
:10BCC800E9F9AAE70724A8E70009042030B50279B2
:10BCD8008BB00346042A4FD84088B0F5804F4BD824
:10BCE800264900248D5C1144ADF800404A798DF84E
:10BCF800084042F010028DF8244042EA45028D7A4D
:10BD0800C97B42EA850242EAC102694602F01F0283
:10BD18008DF80020BDF80020ADF809201A888DF8AC
:10BD28000E00000A8DF80B20120A8DF80D408DF8D0
:10BD38000C208DF80F008DF810405A7BD3F80700BF
:10BD48008DF811205A79059002A88DF812209A7959
:10BD58008DF81320B3F80B209B7BADF818208DF8D5
:10BD68001A307F238DF81B304FF00113CDE90734CB
:10BD7800FFF7F8FE0BB030BD1220FBE7E86D0A00B4
:10BD880073B50646FFF7B0FD044609F0ADF8337801
:10BD98000546012B5FD1204608F0DEFF00287AD047
:10BDA800204609F0A1F818B115B9122002B070BDEB
:10BDB800204608F052FF08B10C20F7E7204608F0AB
:10BDC80089FF06460028F7D1204602F0C7FA002866
:10BDD800EBD0ED0142F2107331462046ADB25D431F
:10BDE80009F06EF8204609F077F8014658B92A4656
:10BDF800204601F00BFD08B90020D7E741F698214D
:10BE08003920FEF7DFFB31460DF10600FEF78EFE06
:10BE1800064608B90D20C9E7BDF8061007F040FF2F
:10BE28003146204609F064F83046FFF7ABFD2A4654
:10BE38003146204601F0EAFC024610B141F6B42131
:10BE4800DEE7164BDB69002BD6D006F5917106F1BB
:10BE5800A8009847D0E7002BA7D1204608F07CFF20
:10BE6800C8B1204608F0F9FE0028C5D0204608F0E1
:10BE7800A4FD0546204608F0A3FD014600289BD1F5
:10BE8800002DB9D0B5F8AA00FEF7DAFE0028B3D025
:10BE980041F6D621B4E7422088E700BF0009042014
:10BEA8000278034672B1427862B142881A2A09D9E7
:10BEB80082881A2A06D90068034A506000209B88A5
:10BEC800138170471220704700090420026800207F
:10BED800014B5A61704700BF000904200378A3F1A1
:10BEE8000A02112A9BBF024A00201220937470474D
:10BEF8000009042008B50122084B1A7002F01EFA46
:10BF080009F09FF907F010FEFFF702FC002007F088
:10BF180043F8BDE8084000F01FBC00BF200904201A
:10BF280010B5064C0649201D07F09AFB04F10800DD
:10BF38000449BDE8104007F093BB00BF2009042066
:10BF4800480004205000042010B5084C0849201D62
:10BF580007F086FB04F10800064907F081FB04F1AD
:10BF68000C000549BDE8104007F07ABB2009042001
:10BF7800580004206000042068000420014B187851
:10BF8800704700BF2009042010B5064C00F0C0FB24
:10BF9800606807F05DFBFFF7EBFC00F03FFD012355
:10BFA800237410BD20090420014B187C704700BF82
:10BFB8002009042010B5064CA06807F049FBE0688A
:10BFC80007F046FBFFF7B0FC0023237410BD00BF49
:10BFD80020090420004870473109042000487047B0
:10BFE800330A0420C208044900F0070001238340F3
:10BFF800885C03438B54704710000420014BD3E93D
:10C008000001704710000420034B1868C0F300209B
:10C01800400040F0010070471000042008B504F00B
:10C028008FFF0023074A32F82310814205D302EB21
:10C0380083029378044A137008BD01330C2BF2D1A4
:10C048000023F7E7FC6D0A00350B0420006808B5EB
:10C05800B0F8AA3080F86411A0F8653190F814316E
:10C06800012B06D0022B04D04FF43F710620FEF7B7
:10C07800A9FA80F8673190F81531012B01D0022B0D
:10C08800F2D180F8683100F25B100249BDE808403F
:10C0980008F04BB8F5360900024B002283F822203D
:10C0A8009A847047360B0420044B93F82220012A07
:10C0B8001ABF036001200020704700BF360B042020
:10C0C800054B024693F8221001291BBF01209A84D0
:10C0D800002083F822007047360B0420054B0246E7
:10C0E80093F8220020B1136009B19B8C0B800120CA
:10C0F800704700BF360B0420044B002293F822003F
:10C108009A8410B1012083F822207047360B04204E
:10C11800034B93F82200B0FA80F04009704700BF43
:10C12800360B042050B90A4A0120134603F8010BC4
:10C138000868C2F801008A889A807047012805D1EA
:10C14800034B0A68D8719A608A889A81704700BF41
:10C158005C0B042050B90B4B187888B1D3F8012038
:10C16800B3F805300A6001208B807047012806D19A
:10C17800044BD87920B19A689B890A60F3E70020BC
:10C18800704700BF5C0B042010B9044B1878704747
:10C19800012806BF014BD879002070475C0B0420AA
:10C1A800F7B58A8800238DF80600ADF804200868E2
:10C1B8000B4A8DF807300146147802F5A872019DE4
:10C1C800D8B2844201D8082007E052F8087F01332A
:10C1D8005668AE4208BF8F42F2D103B0F0BD00BF2F
:10C1E800700B0420084B0146002230B55C7803F23E
:10C1F8000113D0B2844201D8082004E013F8015F8B
:10C2080001328D42F5D130BD700B0420F0B5254DBB
:10C2180089B095F8984105F299116846224606F0CA
:10C22800C1FA2146684607F0A0FC0446B8B300EB03
:10C23800400102A8C9B2FEF747FE631E95F8A16146
:10C248000124DBB295F8981105E0721CB2FBF1F0FD
:10C2580001FB1022D6B206F120020DEB020010F805
:10C26800202C002AF1D103EB430100F8204C06EB07
:10C27800460220312A44694411F8187C82F8A271D8
:10C2880011F8177C11F8161C82F8A37182F8A41112
:10C29800013BAA19DBB282F89941FF2BD2D109B030
:10C2A800F0BD00BF700B042070B5064688B00C4680
:10C2B800002A4ED0294A92F8A131D01890F8991145
:10C2C80019B9FF212820FEF77DF903EB430101335B
:10C2D800114491F8A251E57091F8A35191F8A41175
:10C2E80025716171002180F8991192F89811B3FBBA
:10C2F800F1F001FB103382F8A13192F8C23123B971
:10C30800174902F5DD7007F00DFF65790D22002150
:10C31800684605F03F0545F04005657109F0F5FAF6
:10C32800E37804AA69468DF80F30304623798DF8F2
:10C338000D508DF80E30042309F051FA9DF81F3086
:10C3480023709DF81E3063709DF81D30A37008B0EF
:10C3580070BD03216018FEF7B7FDD6E7700B042007
:10C3680015C20800044B5A78824286BF1B1893F8FE
:10C378004A010020704700BF700B0420044B5A7814
:10C38800824286BF1B1893F842010020704700BF05
:10C39800700B0420064B00224FF461711A8083F859
:10C3A800C32183F8C421A3F8C61183F8C2217047BA
:10C3B800700B0420014BB3F8C6017047700B0420C2
:10C3C8000A4B30B55C7884420ED9184490F80201C3
:10C3D8002B3003EBC004A5790D7053F830001060C2
:10C3E8000120A388938030BD0020FCE7700B042057
:10C3F8000246074810B590F8C34124B1417821B1ED
:10C40800023002F0C3FF204610BD0C46FBE700BF18
:10C41800700B04202DE9F74F2F4C9A468046894629
:10C428006378834256D9231893F8425185F0010561
:10C43800F9B193F84A31E3B945F002070135BAF189
:10C44800000F18D1FA070AD5062104EB0810524646
:10C4580001FB0841823001F58571FFF725FFBB0715
:10C4680034D504EB0810524649460230FFF71CFF4A
:10C478002CE02F46E3E794F8A1614FF0010B002D63
:10C48800E0D0A31993F89911019399B90092DAB100
:10C4980000F094FA019B06EB4601009A4FEA102C33
:10C4A80083F899B1214481F8A201000C81F8A3C155
:10C4B80081F8A401013694F89831013DB6FBF3F1F7
:10C4C80003FB1166F6B2DAE747F00407384603B013
:10C4D800BDE8F08F0027F9E7700B0420074B5A7866
:10C4E800824209D91A1892F842212AB9062202FB77
:10C4F800003000F58570704700207047700B0420ED
:10C50800064B5A78824281BF1B1893F83A01B0FA59
:10C5180080F0400998BF0020704700BF700B0420CE
:10C52800034B80F874101B680BB14088184770479C
:10C53800501104200B2808B504D940F229112920EC
:10C54800FEF740F8014B33F8100008BD2C6E0A00C6
:10C55800036830B50024D3F8C40042F21075A3F87C
:10C568004040B3F844404443B4FBF1F4A3F84440DA
:10C578004C1E05FB0242B2FBF1F2A3F84220094A25
:10C58800B2FBF1F20132A3F848209A8F05FB02446E
:10C598005A6B5043B4FBF1F4B0FBF1F09C63586361
:10C5A80030BD00BF005A62020346084671B13F2BF6
:10C5B8000BD8074AD35C03F07F02914205D08CBFA9
:10C5C8000120002000EAD31070470120704700BF07
:10C5D800446E0A00FF230B7002234B7083238B7079
:10C5E800014B1B78CB7070473C0D04202DE9F84FA8
:10C5F800D0F804800C46D8F81860304606F041FCA4
:10C60800054620B94FF4AA711020FDF7DBFF01465B
:10C61800304606F044FCB5F800B082461FFA8BF7A6
:10C6280017B94FF4AC71EFE7224B00F103091B680F
:10C63800D3B998F8023098F803202370637802F091
:10C648000F02A4F802B023F00F03134323F0C00332
:10C6580063709AF8003003F00303012B0FD0022B0C
:10C668000DD04FF4BB71CFE73A464946B8F80200FF
:10C67800984705460028DCD12846BDE8F88F62783F
:10C68800304663F30512627006F00FFC054610B9D8
:10C698004FF4C071B8E7FB2F02D940F28F11B3E70E
:10C6A8003A464946201D06F07DF8304606F058FB0C
:10C6B800E2E700BF5411042038B5134C10220021C2
:10C6C800201D09F022F90125257404F10803102220
:10C6D800002104F11400C4E9013309F016F984F8C3
:10C6E800205004F11803094AC4E9053300236362A2
:10C6F800A36284F82C30C4F82D30C4F8313084F8A3
:10C7080035301360A36338BD3C0D04205411042058
:10C7180010B5084C2378FF2B04D040F29911102053
:10C72800FDF750FF05F0AAFF2070BDE81040FFF7A5
:10C73800C3BF00BF1D00042010B5034C207805F0CE
:10C74800B7FFFF23237010BD1D000420014B18788C
:10C7580005F0BEBF1D000420014B024A1A60704755
:10C7680058110420F5C508002DE9F341DFF8688168
:10C77800054608F11407D8F80830D8F81840227A86
:10C78800012A22D1D8F8382052B1137A1BB9BF2117
:10C798001020FDF717FFD8F83840C4B9002083E00F
:10C7A8001A7A012AFAD01C464C4AEFF3108172B665
:10C7B80050680068506001B962B6A34208BFC8F863
:10C7C8003840237A1BB9EE21E2E73A46EDE7267AAC
:10C7D800F6B205232372731E0B2B6ED8DFE803F025
:10C7E8006A062235676D3E6D6D6D6D5B636813B9C2
:10C7F8004FF40371CCE72046294698470420EFF30D
:10C80800108272B6237A052BD9B24FF0000359D1A2
:10C818002372D8F83810A14201D1C8F83830B2BB19
:10C8280062B634E0636813B940F21521B0E72946CF
:10C83800204698470346ADF80400C0B2C3F3072367
:10C84800012B2FD0022BDAD11AE0636813B940F21A
:10C858001D219DE7204698470020D0E763680BB963
:10C86800FE2195E786222A7001225988AA706A71EA
:10C8780000225869A5F80310AA7106F071FA04207D
:10C88800D8F83830A34202D10023C8F8383000283D
:10C898003FF471AF08E0124B294620461B689847C1
:10C8A800034668B9267298B102B0BDE8F0814FF42A
:10C8B80015716DE740F257216AE740F25A2167E7A0
:10C8C8000220DDE711B940F27B2161E71846A6E7AF
:10C8D800002B7FF450AF61E73C0D0420400D04208D
:10C8E80058110420134610B5027A22B140F20231E1
:10C8F8001020FDF767FE0A4601460248BDE81040D1
:10C9080007F0EDBB400D0420044890F82C301BB90B
:10C918000349243007F000BC704700BF3C0D0420D9
:10C92800D74009000346064890F83C203AB190F8F1
:10C93800352022B9034900F82D3B07F0EDBB7047BD
:10C948003C0D0420DDC508000A4610B5037A23B162
:10C9580040F20A311020FDF735FE01460723024850
:10C96800BDE8104007F0BBBB500D04201346027A07
:10C978000AB1037270470A460146014807F0AFBB87
:10C98800400D04201B234FF01B1283840384826113
:10C998008382C260038539B94FF4A473034AC38400
:10C9A8004384C261C3820261704700BF48014801E5
:10C9B800014907F0BABB00BF39410900094AD2E969
:10C9C8000003434083EAB01181EA43214FEAF3436D
:10C9D80011605360044B58434FEAF06000EB80004D
:10C9E800704700BF7C0D0420BB79379E094AD2E905
:10C9F8000003434083EAB01181EA43214FEAF3433D
:10CA080011605360044B58434FEAF06000EB80001C
:10CA1800704700BF20000420BB79379E10B50A4C30
:10CA280008210948FEF750FAD4E900321343F7D039
:10CA3800064CFFF7DBFF2060FFF7D8FF2368606034
:10CA48001843F6D010BD00BF200004207C0D042040
:10CA5800174B184A9A60184A5A60184A1A60184AB6
:10CA68009A62184ADA62184ADA60184A9A61184AC9
:10CA78001A63184A1A62184ADA64184A9A64184AF1
:10CA88005A62184B184A9A60184A5A62184ADA6267
:10CA9800184A1A61184A5A61184A9A61184A1A6358
:10CAA800184A9A64184ADA64184A9A63704700BFA9
:10CAB8005C1104202144090047440900AD440900E1
:10CAC80069450900B3450900F1CD0800C5450900CD
:10CAD80059D00800EDCE080089460900A146090092
:10CAE80039CF08005C120420374409005D4609006C
:10CAF800E345090093450900034609007DCE080077
:10CB080027470900CF460900C146090047460900E2
:10CB1800054B064A9A65064A1A66064B064A9A65FE
:10CB2800064ADA65704700BF5C110420E138090045
:10CB3800953909005C12042031380900153B0900B9
:10CB480037B5044601A80D46FFF7AEFA20B94FF4F1
:10CB5800AA615120FDF736FD00212222019808F034
:10CB6800D4FE019B194601F8035F023D232D00F214
:10CB78008980DFE805F02587128A8A25872B878A2E
:10CB8800313D418787458A8A4E4E65658787878705
:10CB9800878787878787876C778021680D20D1F8FA
:10CBA800CE215A60D1F8D2219A602268D2F8942016
:10CBB800DA60FFF785FA002869D140F25751C8E7D3
:10CBC800226892F8A02002201A71F2E7204600F0AD
:10CBD80005FA0028EDD13DE0112206201A715922EC
:10CBE8005A7100229A713922DA7130221A72E0E7FA
:10CBF800226892F89A20E6E7084600F0DDF9E8E7AF
:10CC0800226892F89B10197192F89A2003205A71A1
:10CC1800CFE722680920B2F800111971090A597181
:10CC2800B2F8A2109971090AD971B2F8FC101972F8
:10CC3800090A5972B2F8A0209A72120ADA72B8E791
:10CC4800226892F82E11197192F82F21DEE7114B04
:10CC58001B6813B940F249517BE7232022469847C5
:10CC68000420A6E70B4B1B68002BF3D02246242098
:10CC7800984705209DE7074B1B68002BEAD0224602
:10CC88002520F5E740F2445163E7012091E703B01E
:10CC980030BD00BF5C1304203F289ABF024B53F8F5
:10CCA80020000020704700BF5C1104203F289ABF75
:10CCB800024B53F820000020704700BF5C1204208C
:10CCC800F7B5056804464FF6FF77D5F8BC600DF157
:10CCD80002010DF101023046ADF8027005F0F9FFCE
:10CCE80001A9304606F017F848B1019806F0DBF8BC
:10CCF8002168A83100220272FFF726FEE7E70449FF
:10CD080005F1280003B0BDE8F04007F008BA00BFFD
:10CD1800B5430900F0B5044685B00D46FF2600F876
:10CD2800A56C10F8A63CF3B1174F3B781BB16221F4
:10CD38001F20FDF747FC0C21381DFEF7C5F83E7093
:10CD4800002304F8A53C8A232A4602F8033BD4F8BA
:10CD58000930C5F80330D4F80D305360D4F81130D9
:10CD6800936005B0F0BD01A80C21FEF7ADF8A4F55D
:10CD7800F473039A1A6001AB03CB44F8AE0C44F881
:10CD8800AA1C04F8A66CDBE7840D042010B5054C3A
:10CD980023782BB90C21201DFEF796F8FF2323706A
:10CDA80010BD00BF840D0420024690F8D631BBB9EF
:10CDB80090F8D73103F0FF010BB100207047094B01
:10CDC80018780028F9D01970D9680433C2F894107B
:10CDD80003CBC2F8CE01C2F8D211FF2382F8D631B4
:10CDE80001207047840D0420026838B5D37B0446BF
:10CDF8000D463BB1122B05D0103B0F2B8CBF0120E9
:10CE0800082038BD92F8523013B9204607F094FA3A
:10CE1800D5F80B302268C2F8C631D5F80F30C2F801
:10CE2800CA312368D5F81320C3F89020B3F8AA2094
:10CE3800A3F88522D5F80120C3F88722D5F8052064
:10CE4800C3F88B222368B5F809200025A3F88F22A0
:10CE5800236883F89E5183F8D6512068044900F569
:10CE68001F7007F059F9236815222846DA73C8E7B6
:10CE78001DCD0800036810B5DA7B04461F2A04D0CC
:10CE880040F29D211F20FDF79DFB002193F85220C1
:10CE9800B3F8AA0083F8511082B1C3F8A91183F836
:10CEA8005210A3F8AD11A3F8AA0103F5D0700B49ED
:10CEB80007F032F923680022DA7310BD0121A3F8C4
:10CEC800990183F8982103F28F1083F89B1183F856
:10CED8009F210349A3F89C21EAE700BF51450900B7
:10CEE8003945090038B505682B6813F0010419D1D4
:10CEF800D1F801200C4BD1F8051013400B4AC5F8A6
:10CF08006230C3F307630A4043F00803C5F866209C
:10CF180085F8653007F010FA2B68204643F00103C6
:10CF28002B6038BD0120FCE72FC904F76FDB0080B8
:10CF3800006810B5837B042B28D1D1F801304A1C36
:10CF4800D1F80540C0F86230C3F30763C0F8664003
:10CF580043F0080380F86530002380F84A30837373
:10CF680090F8713103F0FF040BB1002010BDB0F848
:10CF7800AA3000F2691044724381D1F801300449A3
:10CF8800C3605368036107F0C7F8EEE70120EDE7D7
:10CF98001D460900006890F871314BB9B0F8AA3005
:10CFA80000F26910034943811A23437207F0B4B8A9
:10CFB800704700BF1D46090010B50446FFF71EF86C
:10CFC800044A054B024009200B40C4F80120C4F86C
:10CFD800053010BD2FC904F76FDB008037B50C464C
:10CFE8000568FFF70BF80A4B0A4A03400A4095F810
:10CFF800621000930B4001928DF800306B4603CB12
:10D00800C4F801000920C4F8051003B030BD00BF02
:10D018002FC904F76FDB008038B5DB04154604D54B
:10D02800037D13B10023436338BD446B013444636B
:10D0380007F054FB836B9C42F6D3002303494363F8
:10D048002846BDE8384007F070B800BF7D460900A3
:10D0580038B504680546A37B012B02D023689807DE
:10D0680038D494F853309A0713D44A78D80784F8F8
:10D078005D204A88A4F85E208A88A4F8602043F0DE
:10D08800020284F853200FD5134904F1540007F025
:10D098004CF894F85330D90711D423689A0708D567
:10D0A80058214020FDF78EFA94F83231002BEBD14D
:10D0B800EFE743F002032846236007F03DF9A37B1E
:10D0C800012B4FF0000301D0002038BDA37384F872
:10D0D8004A30F9E70120F8E70547090070B5056807
:10D0E800044602F00FF9054B0146E8721B681BB1B4
:10D0F8002046BDE87040184770BD00BF6413042087
:10D10800024B1B6803B11847704700BF6013042027
:10D11800F0B51F4D00242B7814709BB1013B6D684E
:10D12800DBB21E1B012E0FDC05EBC40655F834706C
:10D1380076688E4208BF874227D0B84271EB060650
:10D1480012D214700020F0BD1E197710C6F34706DE
:10D1580055F837C005EBC70E8445DEF804708F41DB
:10D168002CBF33463446DCE705EBC30455F833508F
:10D1780064688C4208BF854206D0A84271EB04045B
:10D1880028BF01331370DDE71C4601201470DAE76D
:10D19800A40D042010F0070208B503D0632148202D
:10D1A800FDF710FA18B1034B197258601A70C800CD
:10D1B80008BD00BFA40D0420014B00221A7070475F
:10D1C800A40D0420FF23084A0B700D234B70822303
:10D1D8008B701368C1F803305368C1F8073093683F
:10D1E800C1F80B30704700BFBA0D04201622002189
:10D1F800014808F08ABB00BFBA0D04200B4B5A7DCA
:10D2080092B14A0610D5B0F8AA2009491A80D0F878
:10D2180050225A60D0F854229A60C28803F10C0058
:10D228005A800222FFF7A2BB704700BFBA0D042044
:10D23800CDD10800094B53F8203003F5224370B5CF
:10D24800B13316464FF47A720C46B3FBF2F5344408
:10D2580002F0BCFE2C44204470BD00BF4C6F0A0095
:10D268002DE9F04F8BB0044698460F46039290F88C
:10D27800159106F039FA824694F81F01FFF75AF91A
:10D28800824407F090FAE37B00F148061FFA8AFA15
:10D298000293039B002B4AD1637B032B47D1029B4C
:10D2A8000C2B32D1B4F86C32BB422ED1D4F8F03109
:10D2B8002046B4F8C421C4F8E031D4F8C430C4F826
:10D2C800E431B4F862321344C4F8E83101F0D2FF13
:10D2D800D4F8742241F64B5194F81D31C4F8C42097
:10D2E8008A428CBF002303F00103D4F87012D4F8EB
:10D2F8007822C4F8D41084F81E310223B4F86E12D0
:10D30800C4F8CC20A4F8D8106373E37BA17B282B46
:10D3180001D028290BD1B4F86C32FB1A1A0406D4B0
:10D32800A1F1280320465942594101F065FBB4F8A0
:10D33800605204F50C73B4F806E07D1B94F815B13F
:10D34800A7EB0E0E04932DB20FFA8EFE002D0FDA06
:10D358007546D4E99223C4E996230122637B032B03
:10D3680000F26481DFE813F0060006015A00290183
:10D378004246F3E70121002006F055FC8146D4F827
:10D38800D4005146484403F08FFD5146C4F8EC01DF
:10D39800D4F8C40003F088FD07A9C4F8F00108A870
:10D3A80002F084FD079B0093DDE90823D4E9960188
:10D3B80008F02EF8834604F1A80007F00CFAD4F818
:10D3C800D420D4F8643294F81501D51802F006FE7A
:10D3D800D4F8EC1100F52240203D4FF47A73B130B7
:10D3E80032466D1A3031AD1BB0FBF3F04D44B4F842
:10D3F800D830A5EB0B0503EB41012D1A94F8150164
:10D40800FFF718FFD4F86432C4F8F401EB1AB92B0B
:10D418005DD840F2C7413020FDF7D4F8D4F8D430B5
:10D428005146D4F8E401184403F03EFD5146C4F8CF
:10D43800EC01D4F8C40003F037FDC4F8F00104F19E
:10D44800A80007F0C8F9D4F8D430D4F8E4511D4442
:10D45800B4F8C431002B40F08980B8F1000F00F017
:10D46800858094F8150102F0B9FDD4F8EC11D4F8D0
:10D47800503200F522406D1A94F81521B130203D44
:10D488001D44854B53F822204FF47A7302F2E73299
:10D49800D4E9929AB2FBF3F2A5EB0905B0FBF3F0DD
:10D4A8001544AD1B2D1AD4F8E821D4F8E03194F8CE
:10D4B800150102FB0313B4F8D8103246303301EBE0
:10D4C8004301FFF7B7FE0123C4F8F4016373D4F8EE
:10D4D800C430D4F8F021723B9B1A9E1B002386426D
:10D4E80084F83032D4E9963228BF064604F1DC00CD
:10D4F8005B19C4F8C06142F10002C4E9903206F039
:10D508003FFE04233044A4F8607284F83932C4F82A
:10D518003402D4E99023C4E99623B4F8B031DB1B74
:10D528001BB2002BD4BF00220122520084F83822FB
:10D53800029A0C2A7DD0B8F1000F7DD1637B002BB5
:10D5480000F09680D4F8C41004F50C70D4F8F031CB
:10D55800C91A06F02BFB80B2002800F08980149BC2
:10D5680003B1188001200BB0BDE8F08FD4F8EC119E
:10D578006D1A98E7D4F8F001D4F8C430B4F8C4C1EF
:10D588001B1AD4F8E811F444D4F8E0215D43D4F828
:10D59800EC31ACEB010C30330CF1FF3C02FB0133F6
:10D5A800B4F8D810324600FB0C3301EB430158465F
:10D5B800FFF740FEC4F8F40189E7D4F8F0A1D4F8E5
:10D5C800C430B4F8C4C1A3EB0A035D4332B3BCF161
:10D5D800000F23D1D4E99423D4E99201904271EB4E
:10D5E800030302D340F20E5115E72B4B203A53F8B0
:10D5F80029304FF47A79D4E99201CDE9040103F294
:10D60800E73103F522430498B133121AB1FBF9F15B
:10D61800B3FBF9F30A44D21A921B15440CEB0E0122
:10D6280032460AFB01F130314900C0E740F2265189
:10D63800F1E6B8F1000F1BD0B4F8D80110B3B4F874
:10D64800DA1194F8DC214D1CA4F8DA1101FB02224E
:10D6580090420DDD002B0BDD0023A4F8DA5184F88D
:10D668003832FFF7ABF900F00700013084F8DC012D
:10D6780004F50C7104F5027004F0BEFB20B940F209
:10D688007651C8E60146DCE7039B83F0010384F882
:10D698000032002067E700BF4C6F0A002DE9F8430D
:10D6A8000E46044618B9D3213020FCF78BFF052914
:10D6B80000F2A780DFE801F00376413DA52E07F0D0
:10D6C80049FFC4E94601204600F06CFFD4F80C017C
:10D6D800A43807F097FE204607F006FC054600BB75
:10D6E8000146204607F03DFB00F1AE06D4F80C01D8
:10D6F800B04209D2301A0321192838BF192007F07F
:10D70800FBFE60B107F080FEC4F80C61204607F00C
:10D71800FDFB45B12046BDE8F84307F0F8BB0125FD
:10D72800F2E70025F2E7D4E94623C4E94023BDE83F
:10D73800F883BDE8F84302F0C5BB07F01DFB0423DE
:10D748008146884684F8113107F05AFE07220F46B1
:10D75800A9FB023102FB0811D4E940525B1941EBE5
:10D768000205D4F8E8203AB159EA080204D09842F0
:10D7780077EB050228BF012684F81061D4E9482612
:10D78800121A66EB070694F8301139B9012A76F1B6
:10D7980000010BDA204600F00DFF03E0012A76F1C4
:10D7A8000006F7DB002384F82831C0E7984277EBBE
:10D7B80005010FD259EA08080CD01B1A65EB0701BE
:10D7C8009A4276EB010005DB012B71F10000A4BF42
:10D7D8001A460E460C49012304F1C000914284F810
:10D7E80029314FF0000384F80831B341B8BF0A4625
:10D7F80004F5847104F060FB002898D140F2B2610E
:10D8080052E7EF2150E700BF0040420F2DE9F843EF
:10D8180004460E46154690F8283103F0FF07002B02
:10D8280040F0948000F1C00839467822404608F05C
:10D838006CF822464649404607F0FEFEC4F8E86008
:10D84800FF2384F8283166B1FFF7D0F800F007000D
:10D8580032464049013086F8DC0106F5027007F0CF
:10D86800EBFE40F202434FF00009A4F8103184F8AF
:10D87800089103F06FFB00F14906204607F034FBDE
:10D888000146B6B2C0B305F02FFF00F128012846C3
:10D8980089B203F009FB2844AE3DC4F80C0107F037
:10D8A800AFFD3018A4F81E9041F10001C4E946010B
:10D8B800012084F8EC0007F0C1FB2D1AC4F8F050E1
:10D8C8004FF0FF356FF000414046D4E94623C4E9E4
:10D8D8004851002504F58471C4E93E23C4E9402376
:10D8E80084F8295142F2107204F0E6FA38BB40F28B
:10D8F800B9113020FCF766FE2046DFF85C9007F08F
:10D9080030FAAE30C4F80C01B9F8000048B1E08B29
:10D9180038B1FFF76BF8B9F80030B0FBF3F202FB4F
:10D928001300064407F06CFD361841F10001C4E904
:10D938004661002DC4D0AD1941F10001C4E7294664
:10D94800204607F0E6FA3846BDE8F8830C27FAE7E0
:10D95800A5D60800F9470900D00D0420F0B500232A
:10D9680085B0CDE9003301238DF806306846FDF710
:10D978008BF970B10123104EB3700023CDE9023347
:10D9880002A8FDF781F9044638B10023B37005B049
:10D99800F0BD009807F014F8E8E7029D6B7B002BB8
:10D9A800EED005F50277384607F04DFD384607F00A
:10D9B80056FD6C73E4E700BFD00D0420044B002231
:10D9C800DA709A7042F210721A80FFF7C7BF00BF70
:10D9D800D00D0420014BD870704700BFD00D042033
:10D9E80008B501F091FF044B5A6882422ABF987823
:10D9F800002080F0010008BDD00D0420F7B50446D2
:10DA080006297BD8DFE801F004251523282D7400AA
:10DA18003C4B9B7803F0FF025BB900920123B0F8FE
:10DA2800B411FFF71DFC30B140F2CE613020FCF795
:10DA3800C9FD0423637302F007F904F0C9F9002350
:10DA4800E288A4F86232A4F8FE2184F8013203B017
:10DA5800F0BD03234373FAE707F04FFCC4E99401D0
:10DA6800F5E790F8150106F0A6FE6430D4F8F03119
:10DA78009528D4F8C450234F8CBF0020C0F19600DD
:10DA8800C218954288BFED1AFB7894BF00252D1A5D
:10DA980023B9D4F8DC309D4228BF1D46D4F8C061B4
:10DAA80004F1DC0006F06CFB0644022007F0FAFCE7
:10DAB8000221AD1B25EAE575854228BF05462846A3
:10DAC80007F01AFD10B12E4407F09EFC0123C9226D
:10DAD800314604F1A80006F0F7FBD4F8C0317860AD
:10DAE800D4F8C400184403B0BDE8F04007F08ABC7D
:10DAF800A83003B0BDE8F04006F06DBE40F29C715E
:10DB080094E700BFD00D0420014B1880704700BF78
:10DB1800D00D04200346074A1068D3F84920C0F8FE
:10DB28000320B3F84D20A0F8072093F8481006F01A
:10DB3800CAB900BFD80D042070B504460E46134676
:10DB4800807D6588324615F0040118BF04F157013D
:10DB5800FEF760FC4107054621D4C2070BD5012317
:10DB6800A07D84F84830FEF7B9FC0368C4F8493052
:10DB78008388A4F84D30AB0701D4012070BD094B50
:10DB880001211868D4F8573084F85610C0F80930C5
:10DB9800B4F85B30A0F80D3006F09EF9EDE70020F0
:10DBA800ECE700BFD80D042038B5C38C04460F4DF0
:10DBB8000133C3F30E03C3842B7C2BB102F042F96B
:10DBC80001F03CFC00232B7400232B7194F869307E
:10DBD8002BB101212046BDE8384006F0BCBF637C6C
:10DBE80013B1E28C9A42F4D20021F3E7D80D042055
:10DBF80010B5074C2379012B05D1237C1BB102F00A
:10DC080021F901F01BFCA069BDE81040FFF7CCBF6B
:10DC1800D80D042070B5254C2379012B04D040F68B
:10DC280082412D20FCF7CEFC98B90125237C1BB13D
:10DC380002F008F901F002FC002D36D0A06906F0C8
:10DC4800DAFE68B301F0ACFFE369BDE870409B6899
:10DC580018472168A26911F8095B02F1490392F893
:10DC68004820E80905F063FF0028DED0002120687D
:10DC780006F057F90028D8D02379A069012B02D0E3
:10DC880040F65C41CDE7237905F00F01E26903F125
:10DC980080435269013B52F8233098470546C5E74F
:10DCA800A069BDE87040FFF77FBF70BDD80D0420A4
:10DCB8000346074A906903B909B9FFF775BF137995
:10DCC800D26903F180431269023B52F823301847A6
:10DCD800D80D042003292DE9F043054685B01746E1
:10DCE80007D14388980723D40024204605B0BDE80F
:10DCF800F083428890F86830D107DBB2F4D5002B66
:10DD0800F2D14FF00108DFF8D49099F81060C6B14D
:10DD180005F042FF0828387016D002AA0DF1070155
:10DD2800FEF74EFB38B940F6F7612D20FCF74AFCA8
:10DD38004FF00208E7E702A99DF8070006F01BFD6F
:10DD480006463B78082B08D1D9F8001011F8030BC8
:10DD5800C0F3801006F00FFD0646D9F8001005F153
:10DD6800500395F84F2011F8030BC0F3801005F00D
:10DD7800DEFED9F80010044611F8030BC0F380103A
:10DD880005F000FF8146FEF7BBFB40B1B9F1080F73
:10DD98001BD04846FEF7E6FA80F00103D8B23A787D
:10DDA800082A14D01CB9AC7DA21A544254416A887E
:10DDB80053079AD4002897D176B9EC7C444518BF0C
:10DDC800002C0CBF012400248FE70020E7E780F037
:10DDD80001022240D4B2EAE7344686E7D80D04208F
:10DDE8002DE9F04F85B00823052104460DF10702FF
:10DDF8008DF80730FFF76EFF064620B9002630463B
:10DE080005B0BDE8F08F794F396807F112037A7CC5
:10DE180011F8030BC0F3801005F089FE8046002836
:10DE2800ECD13B6840F2E249A16918468D7D10F8B3
:10DE3800032BC2F340122A401D468A75D3F80320EB
:10DE4800C1F8AD208288A1F8B12015F81F1BA2697E
:10DE5800C1F3801182F8AC1002A9D3F81F00029018
:10DE680028790871D3F80F00C2F8C800587D1D7DC5
:10DE7800000440EA0520DD7C2843C2F8D000B3F84E
:10DE8800190082F81E8109FB00F0C2F8C4009D7DCC
:10DE9800C5EB451005EB800505EB85056D00A2F87F
:10DEA800D850B3F8170009FB00F0C2F8D400B3F853
:10DEB8001B00A2F8CC00B3F81D00A2F8CE0093F81E
:10DEC800243003F01F005B0982F8220082F81F311A
:10DED800A56994F912A005F1160005F051FF40F26A
:10DEE8000113A5F814314FF0FF0B85F816B1414620
:10DEF80005F1DC00FEF746FD514605F1A800FEF7E6
:10DF08000FFBA36984F8738004F17E01B3F8AA209B
:10DF180084F891B0A4F874204FF6FF729DF80700BA
:10DF2800A4F89220D3F8C420B2FBF9F2A4F88A200E
:10DF3800B3F8CC20A4F88C20B3F8CE20A4F88E2017
:10DF480093F81F2184F89020627D62B394F84820EA
:10DF5800012A28D194F84E2002F0C002402A22D18A
:10DF6800D4F84920C4F87E20B4F84D208A800828C7
:10DF780093F8AC2003F1AD0504F1840184F877200F
:10DF880004F17802D3F8AD3027D0C4F88430AB88D8
:10DF98008B8004F17701FEF713FA40B940F6E231BD
:10DFA8002D20FCF70FFB0022C4F87E20DEE794F852
:10DFB800773043F0020384F8773004F16A000C49A3
:10DFC80006F0AAF80B4B0022A0691B683A71002BD7
:10DFD8003FF415AF2146984711E7A367AB889380B4
:10DFE8000023C4F884308B80E7E700BFD80D0420F5
:10DFF800874C09006C130420032937B5044604D064
:10E00800052957D0012003B030BD08230DF10702C0
:10E018008DF80730FFF75EFE0028F3D0237C2A4DE9
:10E0280003B39DF8070094F8B630DBB923780828C5
:10E0380004F1B90284F8B7302DD004F1B801FEF725
:10E04800BFF920B94FF477612D20FCF7BBFA94F89B
:10E05800B83043F0020384F8B8301C4904F1AE002C
:10E0680006F05AF82B68042220461A7006225A70C5
:10E07800FFF750FD616B94F83820286805F042FFDF
:10E08800032328682B7101F069FE0021286807F036
:10E098004AF90020B7E72868034613F8031BC1F3C1
:10E0A800801184F8B810D0F80310C4F8B9109B8810
:10E0B8009380D2E7064B1B68002BEAD0984780F084
:10E0C8000100C0B29FE700BFD80D04206F4C0900C3
:10E0D80068130420F8B504460F4619B300F120056B
:10E0E800284606F088FFA0B963881A072ED5284667
:10E0F80006F096FF0646284606F07DFF301AC0B2A5
:10E1080006F09CFF494A936803442846936006F04A
:10E1180051FF284606F053FF01F0B0FC2179252075
:10E1280001F016FC414E002394F856203068037025
:10E1380043706388103B0D2B68D8DFE803F06367F2
:10E148005F0C674467676767676767442046BDE891
:10E15800F840FFF729BD06234370202303702046AB
:10E16800FFF7D8FC638823F008039BB2152B05D072
:10E1780094F83020E16A306805F0B5FE306801F0A7
:10E18800EDFD0021306807F0CEF802232179002048
:10E19800337101F081FC054607B9F06063881B07FD
:10E1A80004D506F048FF0544C4F8F4506388103BD2
:10E1B8000D2B36D8DFE803F038352F2F352F3535BE
:10E1C80035353535352F0C2321214370034603F8A7
:10E1D800091B52B1D4F857200121C0F80920B4F81E
:10E1E8005B209A8005F078FEB9E7226DC0F8092017
:10E1F800B4F854209A8094F84F10F3E7062303707C
:10E208004370ACE7022303700623F9E740F2596133
:10E218002D20FCF7D7F921790120BDE8F84001F05D
:10E228002BBE40F6F541F3E7F8BD00BFD80D04203A
:10E2380038B543880446102B04D10121BDE8384085
:10E24800FFF748BF0B4D2B7C23B101F0D1F84020DC
:10E2580001F0ECFD286801F081FD608810F00400F1
:10E2680002D1217901F008FE002001F0C5FD01234B
:10E278002B7138BDD80D0420024B01219869FFF796
:10E2880029BF00BFD80D042010B5124C237C1BB148
:10E2980001F0D8FD01F0D2F8A06906F0ACFB38B166
:10E2A8002379012B09D040F686312D20FCF78AF915
:10E2B800A069BDE81040FFF777BC2379E26903F154
:10E2C8008043A069D268013BBDE8104052F8233072
:10E2D800184700BFD80D0420074810B5037903F08C
:10E2E800FF0433B914222146043007F00EFB204600
:10E2F80010BD0C24FBE700BFD80D042010B5002387
:10E30800094C2371FDF766FE2060FFF7E5FF20B199
:10E318004FF442712D20FCF755F9E36913B940F227
:10E328000B31F7E710BD00BFD80D0420014B024A9E
:10E33800DA617047D80D042004E60800034B044A4C
:10E348001A60044B044A1A60704700BF681304201F
:10E35800E9DD08006C130420114B0900F8B5057DB0
:10E368000446AF1EFFB2002D3AD0012F2DD800F180
:10E37800500190F84F0005F005FC0828064624D007
:10E38800FDF7FCFF10BB023D18BF0125012F84F8E3
:10E398004850A6758CBF002701276775FEF70AF855
:10E3A800054607F02DF80022144B84F85620E5FBAB
:10E3B8000301C4E9100111462046FFF7BDFB70B9FF
:10E3C80040F2A3412D20FCF7FDF80826022D09D1C3
:10E3D80004F149010020FDF7BDFE60B90020F8BD39
:10E3E8000826F5E704F149010120FDF7B3FE0028EE
:10E3F800F4D00125CAE70025C8E700BF40420F0056
:10E40800F0B5444E85B00446327902F0FF0312B9E4
:10E418000278FF2A04D140F6DD112D20FCF7D2F84E
:10E42800B36080F869303C4B684604F120050093DE
:10E438003A4B01933A4B0293F3695B68039301F0FB
:10E4480085FC01F0B1FA01F0FDFC00F0F7FF35485A
:10E4580001F00AFB344801F073FC284606F0AAFDD7
:10E46800284606F0ACFD01F009FB2179252001F0D2
:10E478006FFA94F9120001F0F1FA04F12C01A06A84
:10E4880004F026FE074604F13401A06A04F047FEB2
:10E498000546DFB1237FCBB1B4F92650ED43ED0F2C
:10E4A800637D13B963885B0709D56FF00043D4E92E
:10E4B80010129A4208BFB1F1FF3F0DD19DB93068E3
:10E4C8000330FDF795FF307405B0F0BD002DE7D09F
:10E4D800657F002DE0D1E3E706F092FFD4E9102331
:10E4E80090429941EAD3012229462046FFF724FBAE
:10E4F80050B1FDF75FFF054606F082FF0B4BE5FBC9
:10E508000301C4E91001DAE7002DD8D040F61C2138
:10E5180083E700BFD80D042091E208001DDC080045
:10E52800B9DC0800D6BE898E5555550040420F000B
:10E5380073B50446FFF764FF00212046FFF7CAFDC4
:10E54800236E0BB101221A606388DB0724D50023F0
:10E55800124EA569CDE90033FF2373746846FCF7B2
:10E5680093FBC8B9009CA542F8D005F1B40395F80F
:10E57800B32004F1B40194F8B30005F0D8FA0028E8
:10E58800ECD094F8AC30B4F8B1207374D4F8AD3052
:10E59800C6F81230024B9A8002B070BDD80D042024
:10E5A800EA0D0420024B9861DB691B68184700BF1D
:10E5B800D80D042043881B0710B504460FD583697E
:10E5C8003C2209496A304272B3F8AA304381FF23DA
:10E5D80080F827304FF6FF73038505F09DFDFF2374
:10E5E80084F8693010BD00BF874C0900D34C09007E
:10E5F80039E20800D94C090001E0080039E50800B3
:10E60800F9DB080081E20800F4E50800F8E50800F5
:10E6180000E608000138022808B503D9C4212F20D4
:10E62800FBF7D0FF13290A4B05D811290CD810295C
:10E6380007D0D221F3E71529FBD103EB4003D88893
:10E6480001E033F8100008BD03EB40039889FAE7AE
:10E65800C86E0A00294A38B50346948810681C43D6
:10E66800402B948004D10421BDE83840FFF7C6B997
:10E67800802B01D10521F7E703F00304032C04D113
:10E6880040F6A4313120FBF79DFFDD0706D50C6865
:10E6980091602478062C0FD00B2C17D09C0706D538
:10E6A800096809780529117319D00B2921D09B060F
:10E6B80044BF0823537338BDC47B1B2CEED1002400
:10E6C8000025C0E91C450124C474E7E7C47B112C6C
:10E6D80001BF0024C474012480F85240DEE7C17BE6
:10E6E8001729E4D1002400250121C0E91E45017540
:10E6F800DDE7C17B1029DAD10021F8E7F80D042005
:10E708000C4A0346517B89B910683BB9B0F804112B
:10E71800B0F8E820914209D8FFF762B993881B073F
:10E7280006D5007C073818BF0120704700207047C5
:10E7380001207047F80D04202DE9F843614D064685
:10E748002C6800287ED1AB881A0725D594F89E300E
:10E75800FE2B04D140F2FB513120FBF733FFFE239F
:10E7680084F89E30E37B1D2B05D184F851002846A0
:10E7780005F0ECFDE673A37B232B06D1E37B233B5B
:10E78800072B94BF2A232423A373237C072B02BFC0
:10E798000223AB7384F89E30AB88DB0717D4AB88B1
:10E7A8005F0776D499077DD5287B01222B680D2831
:10E7B80083F89F2073D011287DD007287DD0FEF7DD
:10E7C80075FA034600286BD140F2EE51C4E7D5F83C
:10E7D8000080A96898F80F30D1F80090103B99F89C
:10E7E80000700F2B09D8BB1EDBB2092B67D840F28B
:10E7F800333222FA03F3D80761D509793846FDF791
:10E80800D3FE20B939462F4805F0BFFD39E0012F66
:10E8180001D9162F21D198F80E0005F0A6FD40B1B8
:10E8280098F80E30232B04D0242B07D12A2388F8FC
:10E838000E303846FEF730FA03461BE0162F14BF99
:10E84800022620266B7B1B0704D5E37B103B0F2B8E
:10E8580098BF08263046BDE8F883112F15D005D893
:10E86800072F14D00D2FE4D1174B05E0142FE0D15A
:10E87800164B1B68002BC5D0AA6849461148127967
:10E88800984700288BD00646DCE7114BF4E7114B7C
:10E89800F2E7227C062A04BF0122AA7382E70E4B04
:10E8A80008489847AB88DA06CCD5E37B092BC9D151
:10E8B8000A23E373C6E7094BF2E7094BF0E708269A
:10E8C800C0E700BFF80D0420BB51090070130420F5
:10E8D800FF51090071E90800E550090031510900AC
:10E8E8005B5109002DE9F041A0F10E040B1E1646FC
:10E8F800E4B208BF1F23172C0AD8012540F2512182
:10E90800A5400D4207D115F460051FD1082C07D08A
:10E918000020BDE8F0810021BDE8F04106F092BB7F
:10E928001468A17B242906D119463046FDF78EFBD1
:10E9380084F82C5105E02A29EAD1E37B233B072BF5
:10E94800F3D80023A37384F84A30E1E7054A146832
:10E95800002CDDD01A46014623463046BDE8F0417A
:10E96800184700BF7413042070B54D780446A5F10C
:10E978000E03DBB2152B0CD8012140F2512201FA0B
:10E9880003F6164207D10268152B927B2AD0082B72
:10E9980007D0002070BD02462846BDE8704006F04A
:10E9A80051BB242A01D02A2AF3D1204605F0BCFC09
:10E9B8002368DA7B252AECD093F863201A212046B5
:10E9C80022F0010283F86320226892F8633023F072
:10E9D800080382F86330FDF739FB2368002283F8C7
:10E9E8002C21D6E72C2AD4D1024B1B68002BD0D07F
:10E9F8009847CEE7781304202DE9F04190F86E721D
:10EA080004460D4690F86F627FBB90F8141176BBF0
:10EA180094F8153184F8141184F81531FF2384F81B
:10EA28001631154B04F1A8081B680BB140469847EE
:10EA380094F82C31012B01D03E4303D0237B43F0C3
:10EA480001032373404605F0ADFB18B1237B43F067
:10EA58000203237306212046FEF7D0FF002384F823
:10EA68002C3135B1A373BDE8F0813946CFE7334681
:10EA7800D0E7E573F7E700BF7C13042073B5484D72
:10EA8800002604462860AE806E73AE73FF2380F8BC
:10EA98004C30B0F8B231002B7CD090F89E30FE2B71
:10EAA80078D190F82031002B74D0037C063B012BE1
:10EAB80070D990F821310221A0F84460012280F831
:10EAC800A03006F018FB0221284684F8BA61FEF748
:10EAD80037F8B4F8B6112046B4F8DA300139B4F88A
:10EAE800B82189B2B1FBF3F31344A4F8B831B4F8F0
:10EAF80040300B44A4F8403006F04AFB10B1636B79
:10EB08000B446363B4F8B2310026012B9CBF013378
:10EB1800A4F8B23109B184F8BE61E37B84F8BA6124
:10EB2800093B012B0FD8E388B4F86C229B1A19040F
:10EB380009D404F26E2104F1160005F021F9E673F8
:10EB4800FF2384F84B30B4F8B62104F1A80120461D
:10EB580005F05DF9E37B134A103B13490F2B8CBF7B
:10EB6800002301230093114B2868FCF7EBFD2C6868
:10EB7800237BDA0703D500210948FDF767FA237BD1
:10EB88009B0703D504F23F10FDF712FF0023237300
:10EB980002B070BD94F89E10FE299AD0004896E7FE
:10EBA800F80D042009E708005DE60800B9EB080045
:10EBB8002DE9F047B24F0E468046B9883C688D056E
:10EBC800204655BFB4F8402000230132A4F8403055
:10EBD8004CBF84F8BE31A4F8402006F0D9FA38B109
:10EBE8000B4604F59B7204F1A8012046FEF714FABF
:10EBF800BB8803F4C06323B1A37C002B45D0032B4F
:10EC080049D0A27CBB88012A03D1180544BF02223F
:10EC1800A274B8F1000F40F08F80590657BFB4F8BE
:10EC2800D8214246013292B2A4F8D82103F00A0250
:10EC38000A2A0CD13A7B022A09D123F0080330466C
:10EC4800BB80FFF779FD30430823C6B2BB8030464E
:10EC5800FFF772FD3D68304395F89E30C6B2FE2B33
:10EC68003BD1D6BB2B7C063B012B36D995F82031FE
:10EC7800ABB195F8213101220221A5F8446085F84D
:10EC8800A030284606F037FA27E00121A174204673
:10EC9800FEF7B4FEB5E702230121A374F7E795F860
:10ECA8000FA0AAF10F0A5FFA8AFABAF1100F40F220
:10ECB800E9802B68DA0702D532460921E1E798078F
:10ECC80040F18D8032460C21284606F014FA95F85A
:10ECD800533043F0010385F85330B4F8B83194F851
:10ECE800BB510133A4F8B831002D00F0FB81FCF7CB
:10ECF800E5FD10B10023A4F8B831A17C012940F248
:10ED08002382237C072B40F00582B4F84030022B85
:10ED180040F21A82B4F842500135ADB2E3882B4470
:10ED2800A4F8B03194F8BC31002B00F01182012313
:10ED3800E2881344A4F8B431BB883D685B0657BF2A
:10ED4800B5F8C4310023B5F8B6219B1858BF9BB25B
:10ED5800A5F8C43195F820311BB92B7C063B012B53
:10ED680006D8B5F84430B5F8B6211344A5F84430B0
:10ED780095F84A1031B1B5F84630B5F8B6211344C4
:10ED8800A5F8463095F95020002AC1BFB5F84E3095
:10ED9800B5F8B6011B18A5F84E3095F8313063B9AF
:10EDA800B8F1000F40F05E82BB7B022B40F0168268
:10EDB80095F8A030062B18BF162395F8302022B9F5
:10EDC8002F4885F83130FDF77BFF284606F040FADA
:10EDD800002384F84C30BDE8F047FDF78DB959079A
:10EDE80002D5324613214CE71A0706D595F8983014
:10EDF800324685F8A030072143E713F0300F3AD0A8
:10EE080095F82331002B5BD195F82231D3B1EB7BF8
:10EE180005F1A80005F5917105F26E22282B28D07E
:10EE2800AB7BA3F1280CDCF1000343EB0C0305F0EA
:10EE3800ABF92B6823F0200343F010032B60002369
:10EE480085F822312B68DA063AD505F1A80005F0D5
:10EE5800A9F918B105F23F10FDF7AAFDB5F8FE3083
:10EE680000221521A5F8A030B5F80231A5F8A23086
:10EE780007E70123DBE75B0622D50022242100E710
:10EE8800F80D0420D7F8009099F80F30172B2DD0E3
:10EE980011D8102B1DD0152B1FD0AB7B002B63D1A5
:10EEA800EB7B0F3B102B67D995F83E30002B63D0D6
:10EEB80001221221E5E61F2BEFD1324606210AE096
:10EEC8003868C37B252B3FD0342BE6D10022112193
:10EED800D8E632460B214846D4E64846FDF764FF9B
:10EEE80000283FF4FAAE00220421F4E799F86832CA
:10EEF800012B07D132460521484606F0FCF889F86F
:10EF08006862EAE699F86832022BD9B27FF4E5AE76
:10EF180099F8523053B10623324689F8A030484652
:10EF280006F0E9F8002389F86832EAE73B6840F21E
:10EF38000632A3F89A20324699F8623013F0040F8B
:10EF48000CBF0D211121EAE790F82C31022B02D1D8
:10EF58000022172196E690F82C31012B9DD190F8CC
:10EF68002D31002BF4D098E7082B05D195F899306E
:10EF7800012285F8A0303EE7BAF1100F7FF6ADAE5A
:10EF88003D6895F80E90B9F1000F7FF4A6AE95F89C
:10EF980033313BB101220E21284606F0ACF885F842
:10EFA8003391AEE795F8323183B195F8539019F063
:10EFB800030A0BD149F0010901220C21284606F069
:10EFC8009AF885F8539085F832A19AE795F8223196
:10EFD8003BB395F8233123BBEB7B05F1A80005F57E
:10EFE800917105F26E22282B19D0AB7BA3F1280C66
:10EFF800DCF1000343EB0C0305F0C6F8002385F8A9
:10F00800223101221421284606F075F8B5F8FE30A1
:10F01800A5F8A030B5F80231A5F8A2305DE60123C5
:10F02800EAE795F82C31012B3FD195F82D31002BCB
:10F038003BD1EA7BA2F12303072B36D995F81401BB
:10F04800012806D0022804D04FF43F710620FBF7B0
:10F05800B9FA95F81511012901D00229F4D102282D
:10F0680095F82E310BD0012B14BF0023012343B98F
:10F07800093A042A7FF631AE0122162101E6022B55
:10F08800F2E7022995F82F310DD0012B14BF002388
:10F098000123002BECD000217548FCF7D7FF002393
:10F0A80085F82C3119E6022BF0E795F835314BB18C
:10F0B80095F82D3133B9EB7B233B072B02D901227D
:10F0C8002321DEE595F83431012B05D1002385F89D
:10F0D800343101222521D4E595F83431022B7FF40F
:10F0E800FCADF3E7FCF7E4FB08B1A4F8B851FCF772
:10F0F800EDFB00283FF401AE94F8BE310133DBB2DA
:10F10800022B84F8BE3182BF0023A4F8B83184F8FA
:10F11800BE31F2E594F83E3013B1A37B0E2B13D128
:10F12800B4F842502046B4F84030ED1A033D06F0DA
:10F138002FF858B1A36B626B033B9B1A9D42A8BF83
:10F148001D46012D3FF7E9AD0125E7E52B46F5E71B
:10F15800012D7FF6ECADE37B13B10A2B7FF4E7AD0D
:10F16800A37B002B7FF4E3AD237C002B7FF4DFAD82
:10F1780002297FF4DCAD94F8BE31002B7FF4D7ADC3
:10F18800D4F8BC00B4F8DA9003F0F4FD00283FF49A
:10F19800CEAD94F89E30FE2B7FF4C9ADB4F8B231F1
:10F1A800012B7FF6C4ADB4F8B821B4F8CC309A423C
:10F1B800BFF4BDAD013D9B1AADB29BB2B5FBF9F5ED
:10F1C8009D4228BF1D4605FB09F3003D03F10103DD
:10F1D80018BF01259BB284F8BA51A9E5012B08D1C3
:10F1E8006B7C002B7FF4E9AD00212846FEF706FC76
:10F1F800EEE55EB1F00633D4310733D4B20633D42A
:10F20800B30733D14FF43161312020E739B1B5F874
:10F218004610B5F84830994201D32223CDE5002A9B
:10F2280005DDB5F84E20B5F848309A42F5D2B5F864
:10F238004420B5F842309A4209D2AA7CB5F8403049
:10F2480052B1B5F842209A42CED80823B5E595F8D0
:10F258002031002BE1D1F0E7052BC5D93E23ACE5E1
:10F268001E23AAE53D23A8E52323A6E52A23A4E532
:10F27800F80D0420D0F87432D0F8C420934213B5A6
:10F288000446019005D1D0F87812D0F8CC209142EC
:10F2980016D0B4F8AA2004F27D101049A4F88721EA
:10F2A80040F2E242B3FBF2F3A4F88931B4F87832C1
:10F2B800A4F88B31B4F87A32A4F88D3104F035FF14
:10F2C800B4F87A2201A8D4F87412FDF741F90023A2
:10F2D800E3730323A37402B010BD00BF8D4409007B
:10F2E800074B93F900301844142804DC10F17F0F01
:10F2F80003DB40B27047142070476FF07E00704700
:10F30800090E04207F2307B50DF107008DF807309B
:10F3180000F0A6FD03469DF9070053B1094B5B7841
:10F328005B425BB21844142806DC10F17F0F05DB42
:10F3380040B203B05DF804FB1420FAE76FF07E00DA
:10F34800F7E700BF090E0420024B00221A705A701A
:10F35800704700BF090E0420064BD3F8000138B1EE
:10F36800D3F8040120B1D3F80801B0FA80F04009BD
:10F37800704700BF00A00440034B00221A705A7067
:10F3880010229A70704700BF0C0E0420F8B506468C
:10F39800022014460D4600F0CDF8114B114A012702
:10F3A8005C60191D9A6002F1807203342D011F7090
:10F3B800DC601D83C3E904260022243303F80A2CE9
:10F3C8000D2203F8092C084AC2F83015074903C969
:10F3D80083E80300C2F80875C2F83835F8BD00BFE5
:10F3E8000C0E04200300000B00A00440DC6E0A0091
:10F3F80008B5022000F09EF80D4B01221A70002279
:10F408000C4BC3F80021C3F80421C3F808210A4AA9
:10F41800C3F8802003F56433C3F88C20A3F57C334C
:10F42800C3F88C21A3F500530822C3F8042508BDAE
:10F438000C0E042000A0044003000080154A08B503
:10F448001378FBB100231449C1F8803001F5643109
:10F45800C1F88C30A1F57C31C1F88C3108210F4BF3
:10F46800C3F80815FFF778FF88B101235370938E0E
:10F47800FF2B03D9BC213B20FBF7A4F8DBB2937028
:10F48800002313700020BDE8084000F053B8102393
:10F498005070F4E70C0E042000A004400020044043
:10F4A800094B1A7862B1094BD3F8002152B1D3F84D
:10F4B800040140B1D3F80801B0FA80F04009704760
:10F4C80058787047022070470C0E042000A00440B2
:10F4D800064A08B513782BB1FFF73EFF20B192F822
:10F4E800340008BD9078FCE71020FAE70C0E0420E1
:10F4F80038B5084C0025D4F80035032B04BF012388
:10F508006360C4F80055C4F8005500F0A3FFC4F8C0
:10F51800805038BD00A00440054B4FF48062C3F80A
:10F528008820BFF34F8FBFF36F8FFFF7E1BF00BF96
:10F5380000E100E010B50446FFF7DAFF012C06D021
:10F54800022C09D03CB18C213D20FBF73BF8074B3E
:10F558000222C3F8002510BD044B0322C3F800257E
:10F5680002F10042C3F88020F5E700BF00A0044084
:10F57800024BD3F8A00300F00100704700C0FF0061
:10F58800084BD3F8A423D3F8A833511C9BB203D15A
:10F598004FF6FF718B4203D00260838001207047D1
:10F5A8000020704700C0FF000B4B30B5D3F89053D4
:10F5B800D3F89443D3F89813D3F89C2305EA0403AB
:10F5C8000B401340013317BF056000204460816081
:10F5D8001CBFC260012030BD00C0FF000B4B30B51E
:10F5E800D3F88053D3F88443D3F88813D3F88C2303
:10F5F80005EA04030B401340013317BF05600020E0
:10F60800446081601CBFC260012030BD00C0FF00A3
:10F61800064B0022C3F80022C3F81822C3F82022A0
:10F62800C3F80C22C3F81422704700BF00A008409A
:10F6380070B5134D034608466E7F26B940F6C101E2
:10F648003E20FAF7BFFF63B9012EAC69297F05D1C7
:10F6580000F074FD20442B69C01A70BD05F069FEE6
:10F66800F8E7012B09D1012EAC69297F02D100F0FE
:10F6780055FDEFE705F068FEECE70020EBE700BF7B
:10F68800480E04200B4B93F8290088B193F82830D2
:10F698007BB1094BD3F8002442F00102C3F80024DF
:10F6A800D3F8200500F0F600023818BF0120704793
:10F6B80001207047480E042000A0084008B5012822
:10F6C800084B1871084B06D0022808D040F645515F
:10F6D8003E20FAF777FF0322C3F8002508BD04226D
:10F6E800FAE700BF480E042000A0084008B570B92A
:10F6F800104B28311846D9600F4900F04DFF0130F2
:10F70800012816D940F2C2613E20FAF75BFF0128B2
:10F718000CD1084B29311846D960074900F042FF3F
:10F728000130012805D940F2CC61EDE74FF4DA61E8
:10F73800EAE708BD28000420E46E0A0008B50C4B6F
:10F748005B78012B09D100F033FF013001280ED975
:10F7580040F611113E20FAF735FF022B07D100F0D1
:10F768002DFF0130012802D940F61711F2E708BD34
:10F77800480E04200A4B40F409000A4A1B8940F04D
:10F788004000B3F5166F36BFA3F63813A3F516631A
:10F7980043F48073C2F80837C2F84005704700BFC9
:10F7A800480E042000A0084073B50C460546134EC9
:10F7B800FFF784FF20462146FFF7DCFF01AB96F9EF
:10F7C8000520284600F084FE9DF8050000F0FCFEA8
:10F7D80020B140F2E3513E20FAF7F4FE31469DF99C
:10F7E800040000F037FC064B40F20312C3F8442E25
:10F7F80040F25B62C3F8482E02B070BD480E042088
:10F8080000A008402DE9F04106460C46174605F0D1
:10F8180001FE0028FBD02F4D4EBB01236B7095F8DD
:10F8280028301BB9A9793846FFF7BEFF2A4B4FF499
:10F838007A7253F8273003F5FA73B3FBF2F3274AC9
:10F84800E41A274BC3F8002129690127234B2144D7
:10F8580085F82870234DC5F84015C5F8C031FFF765
:10F8680011FF044660BB00242046BDE8F081012E4C
:10F8780021D102236B7095F82830B3B995F806802A
:10F888003846FFF71BFF4046FFF774FF144BD3F8C9
:10F89800002442F01002C3F8002440F20312C3F817
:10F8A800442E40F25B62C3F8482E0D4B293C0B4AAC
:10F8B800C3F80421C8E740F634013E20FAF782FE77
:10F8C800EF64D5F84C358B42CDDA3046FFF70EFFA2
:10F8D800CAE700BF480E0420586F0A000B000080DA
:10F8E80000A008400050084040220021014806F0CE
:10F8F8000CB800BF480E0420024B0344187D00F5E5
:10F9080016607047E46E0A00024B98691B69C01ABA
:10F91800704700BF480E04200A4B1A7FD3E9043011
:10F92800C01A094B03EB8203DB6BC01A074B53F871
:10F9380022304FF47A7203F2F313B3FBF2F3C01AD6
:10F94800704700BF480E0420E46E0A004C6F0A009E
:10F95800FF2808B504D940F2CB213E20FAF732FE41
:10F96800012904D0022919D04FF44F71F5E700237B
:10F9780043F4801340F000700A4A43F4847340F45F
:10F988004030C2F8203EC2F8280ED2F8203503F0E5
:10F99800F703032B05D140F25631DEE74FF08073B1
:10F9A800E6E708BD00A00840F8B5234E4FF480678D
:10F9B800C6F89070BFF34F8FBFF36F8F05F026FD29
:10F9C80004461E4D05F0C6FD0121001B1C4C286194
:10F9D800C4F8A410FFF71CFE4FF40023C4F8401E1F
:10F9E800C4F80034174B187C00F000FE02F0B0FE9B
:10F9F800154B164AC4F83833154BC3F8C820013ADA
:10FA0800C3F8C42040F6FE72124BC4F81433124BEC
:10FA1800C3F804250023AB832B85AB614FF48073B7
:10FA2800C6F89071C4F888342B6C376103B19847D5
:10FA3800BDE8F84000F0A4BD00E100E0480E042055
:10FA480000A0084028000420030000800600008071
:10FA5800005008400100008000200840014B587108
:10FA6800704700BF480E0420020E034B0002C3F883
:10FA7800342EC3F82C0E704700A00840044B054AEA
:10FA8800034490711B7D03F516631381704700BF13
:10FA9800E46E0A00480E0420F8B5334C06460F46BB
:10FAA80094F8293023B940F206713E20FAF78AFD0E
:10FAB80001232E4A84F82830D2F8003443F0010399
:10FAC800C2F8003405F0A6FC0028FBD02EBB0123A9
:10FAD800A17938466370FFF767FE6378012B02D07F
:10FAE8004FF4E961E1E7224AD36402F5A0421360CA
:10FAF8001F4B3046D3F84C552946FFF7F7FD2369CD
:10FB0800ED1A76BB1B4B4FF47A7253F8273003F586
:10FB1800FA73B3FBF2F35819F8BD012EE8D10223AA
:10FB2800A57938466370FFF7C9FD2846FFF722FE1E
:10FB38000E4BD3F8002442F01002C3F8002440F220
:10FB48000312C3F8442E40F25B62C3F8482E627871
:10FB5800022A02D040F25171A7E7054AD6645E60D6
:10FB6800C6E705F12900D7E7480E042000A00840A1
:10FB780000500840586F0A0008B5FFF743FE58B90F
:10FB8800064B0122C3F8400503F5A04302201A6181
:10FB9800BDE80840FCF7C6BE08BD00BF00500840DD
:10FBA80037B5254B4FF48061244A4FF0FF30D3F826
:10FBB8008844C3F89004C2F890114FF400222049F9
:10FBC80004F48074C3F8002400221E4D2A85C1F86D
:10FBD8004025C3F80821C3F80021C3F80421D3F84D
:10FBE8002015C9B2D1B18DF80700C3F8202201222F
:10FBF8001A619DF8072012B1D3F820223AB19DF876
:10FC080007305BB940F6FF013E20FAF7DBFC9DF8B0
:10FC18000720013AD2B28DF80720EAE7FFF78EFDF8
:10FC28000022054BC3F820222A801CB14FF48072B1
:10FC3800C3F8882403B030BD00A0084000E100E00C
:10FC480000500840480E042070B50024254D264E6B
:10FC5800C5F84845C5F84445C5F84045C5F84C457C
:10FC6800FFF79EFF00F092FCC5F8C441C6F80841B2
:10FC7800C6F80041C6F80441C5F8C840C5F8C440F4
:10FC8800C6F80441C6F8004102F07AFD174B40F669
:10FC9800FE72C6F83843C6F81443C5F8C041C3F825
:10FCA80008254FF48062124BDC70C3E90544114B00
:10FCB800C5F84845C5F84445C5F84045C5F84C451C
:10FCC800C5F84841C5F84441C5F84041C5F84C411C
:10FCD800C3F89020BFF34F8FBFF36F8FC3F8902105
:10FCE80070BD00BF0050084000A008400020084038
:10FCF800480E042000E100E070B5104D06462C784F
:10FD08001CB96C70EC702C8570BD18B1BDE87040E2
:10FD1800FFF746BF013CAA784FF0960118BF0124AF
:10FD28002046FFF785FCAA7801462E80204685F8F4
:10FD38002860BDE87040FFF71FBF00BF480E0420D1
:10FD4800014BC3F84C0E704700A0084010B50FC80F
:10FD5800014C84E80F0010BD8C0E04200A490B4B9F
:10FD680010B50124C1F8D00E586283F82940FFF776
:10FD780089FC40B9064BC3F8400503200C61BDE877
:10FD88001040FCF7CFBD10BD00A00840480E04206D
:10FD980000500840144A136918449369834210B507
:10FDA800124C09D30220FCF7BDFD00230122C4F840
:10FDB80040350F4B1A6110BD0123D3706364D4F82A
:10FDC80044250532824206D3094AD2F80C1200298A
:10FDD800F1D11361EFE70023C4F84431054BC4F8AF
:10FDE8004405C4F8C431E6E7480E04200050084032
:10FDF80000A008400900008010B50B4C0346607F46
:10FE0800217F012822794FF0960009D100F0A4F94A
:10FE1800A36922699B1ABDE810401844FFF7BABFCE
:10FE280000F0B4F9F4E700BF480E0420044BC3F80F
:10FE3800940ED3F8002442F04002C3F8002470471F
:10FE480000A00840054BD3F8002422F04002C3F874
:10FE580000240022C3F8942E704700BF00A0084079
:10FE6800044BD3F8183703F07F035B42037001207B
:10FE7800704700BF00A008400028034B14BF0222AF
:10FE8800012299701A707047480E0420054B002211
:10FE9800C3F84025044AD2F82035DBB20BB1012360
:10FEA800136170470050084000A00840044B30B56B
:10FEB800D3E90C459B6BC0E900450B6030BD00BF22
:10FEC800480E04202DE9F0473D4C4FF001083D4E07
:10FED80005F096FA0025C4E90C01C6F84C80D6F85E
:10FEE8004C35A363FFF72AFC374BC3F80851C3F816
:10FEF8000051C3F80451C3F80451C3F80051D3F8B2
:10FF0800002422F01D02C3F80024D6F8482584F8FE
:10FF18002950A261D6F84425626162786277D3F8E5
:10FF28001892D3F82002FFF773FB6778022F2BD1C2
:10FF3800E3784BB1D6F8443133B14046FFF7DCFEE5
:10FF4800636CBDE8F0471847B9F1000F16D0237964
:10FF580000202377FFF7D0FE1B4B0021D3F80C2E8F
:10FF6800D2074CBFD3F81C0E0120A36C48BF00F089
:10FF7800010080F00100BDE8F0471847E8B1012012
:10FF8800FFF7BAFE236DDCE7012F13D1237923771E
:10FF9800B9F1000F06D02846FFF7AEFEE36C3946EC
:10FFA8002846E8E748B13846FFF7A6FEE36C49461D
:10FFB8004846E0E708B14046E2E7BDE8F08700BF01
:10FFC800480E04200050084000A00840024B03EBF4
:10FFD8008003D86B704700BFE46E0A00024B03EB46
:10FFE8008003986C704700BFE46E0A00F7B50123E0
:08FFF8000D46477801464370F5
:0200000290006C
:1000000004462846164600F04DF94FF47A73124A1A
:10001000ADF80630BDF806309BB243B9BDF80630E6
:100020009BB27BB940F65F513E20FAF7CFFAD2F887
:100030000431002BF2D1BDF80630013B9BB2ADF884
:100040000630E7E7677016B9EB78A370AB707B1EDC
:100050005842584103B0F0BD00A004402E3008B50E
:10006000362854D8DFE800F05053535353534D53C0
:10007000535353535353535353534B535353535358
:10008000585358534953475345534353413F3D3BBE
:1000900039373533312F2D2B29272523215A1C00A1
:1000A0003F231F4AC2F8103708BD3323F9E72D2339
:1000B000F7E72823F5E72323F3E71F23F1E71B23C3
:1000C000EFE71823EDE71523EBE71323E9E7112307
:1000D000E7E70F23E5E70D23E3E70B23E1E70A2337
:1000E000DFE70923DDE70823DBE70723D9E706235A
:1000F000D7E70523D5E70423D3E70323D1E701237B
:10010000CFE74FF49873CCE74FF48873C9E74FF407
:100110008E713F20FAF75AFA0223C2E73923C0E76B
:1001200000A008404FF47A73054A584332F9112071
:1001300000F2E7301044B0FBF3F00238704700BF24
:10014000446F0A004FF47A73044A00FB033032F91B
:1001500011201044B0FBF3F0704700BF446F0A0059
:1001600038B51D460A4B33F9114003EB82030535C0
:100170009B681C444FF47A7304F6B73403FB0044C5
:100180001046B4FBF3F42544FFF724FF284438BDA0
:10019000446F0A0070B5064608461546FFF722FF71
:1001A000094B03EB85039C684FF47A7304F6B7346C
:1001B00003FB0644241A2846B4FBF3F4FFF70AFFB6
:1001C0000530204470BD00BF446F0A00024B00227E
:1001D0001A705A709A7070479C0E04202DE9F843EB
:1001E000064601200F4615469846DDF82490FFF795
:1001F000A5F99DF8342006F00303264C43EA026378
:10020000254AC4F804350023C4F88030C2F884308D
:10021000A2F57C32C2F884310222204BC3F80825B3
:10022000BDF828301E4A9380FB6893FA83FCBB68B4
:1002300018BA7B6819BA3B68C4F810C51BBAC4F871
:100240001405C4F81815290AC4F81C352D069DF8A4
:10025000203041EA0861D9F804702DBA003B21F042
:100260000041D9F800003FBA18BF0123022E00BA9E
:10027000C4F8207541EAC3714FF00103C4F82405A6
:1002800009BAC4F82815C4F82C55537008BF137068
:10029000BDE8F88300A0044000300840002004407E
:1002A0009C0E04202B4B5A782DE9F04704460D464E
:1002B00022B94FF4A8716C20FAF788F9264A03F1A5
:1002C000080E4F7803F1100603F1380CDFF88C901C
:1002D0004FF00E08DF809F8403F1480A04379D61C8
:1002E000C3F81C9083F82780A3F85C7092E80300A1
:1002F000C3E914498EE80300D2E9020186E803004D
:10030000E91C0026196283F82660D2E90401C3E9DA
:100310000A668CE80300611C196411495964D2E92A
:100320000601E21C8AE803009A65012183F85E60F9
:1003300083F85F80C3E91866AA78A270094AC2F8F8
:1003400030E5C2F838C599701970C2F804611160BF
:10035000BDE8F0879C0E04206C6F0A000100000DC0
:100360000100000C00A00440334B5A782DE9F04105
:1003700005460E4622B94FF4BD716C20FAF726F9F6
:100380002E4A03F1380C03F1480403F10807DFF8A3
:10039000B080DFF8B0E0C3F844801E65C3F854E0D5
:1003A00092E80300C3E9085E8CE80300711C19643D
:1003B000D2E9080184E80300F11C00249965224970
:1003C0005C6683F82E40C3E91714D2E9040187E87C
:1003D0000300691CC3E90418D2E90601EA1C03F111
:1003E00018089A629A889A850E2288E8030083F892
:1003F0002F200121C3E90C44B278AA70134AC2F835
:1004000030C5C2F8387599701B780BB9A921B4E7CB
:100410000F4BC2F80441C2F80841C2F880300D4ABF
:10042000C2F88430A2F57C32C2F8843102220A4B31
:10043000C3F80425BDE8F0819C0E04206C6F0A000F
:100440000100000C0100000DE803000E00A00440B4
:100450000100008000300840002004400C4B1A7856
:100460008AB100220B490220C1F8802001F56431D5
:10047000C1F88420A1F57C31C1F88421A1F5005197
:10048000C1F808051A7000225A709A70704700BFB0
:100490009C0E042000A0044008B50B4BD3F80821A3
:1004A00022B10420FCF742FA022008BDD3F804214F
:1004B00022B90520FCF73AFA0320F6E7D3F8000446
:1004C000003818BF0120F0E700A00440014B0122D2
:1004D0005A60704700A004402DE9F04F264C85B0CB
:1004E000054698460E46174600F0C2F82378814626
:1004F000AB4211D16378B3420ED194F90230BB42C2
:100500000AD1E378834207D1A388A8F8003094F990
:10051000060005B0BDE8F08F012D06D0022D10D0E9
:1005200040F289410620FAF751F800200DF10F033F
:100530003A46314600F0A2F8824620B14621A92071
:10054000F1E70120F2E730469DF90FB0FFF7D8F947
:10055000A91E0346CDF800A04A4258464A414146EA
:1005600000F03CF8B8F80030A071A38025706670E8
:10057000A77084F80390CAE73E000420014B1B6873
:100580001B68184770000420014B1B685B68184704
:1005900070000420014B1B689B6818477000042002
:1005A000014B1B681B69184770000420014B1B6836
:1005B0005B69184770000420014B1B689B69184752
:1005C00070000420014B1B68DB6918477000042091
:1005D000014B1B689B6A18477000042030B4044C20
:1005E0009DF8085024680295E468A44630BC604732
:1005F0007000042000220D49134610B540FA02F4A1
:10060000E40744BFCA545C1C02F1010248BFE3B2D4
:10061000042AF3D1054AFF24D118032B01D9107104
:1006200010BD013301F8014BDBB2F6E78C13042057
:10063000915309009753090099530900BF530900CA
:100640009D530900C9530900A3530900D35309005E
:10065000A9530900DF530900B5530900B953090034
:10066000AB530900B1530900CF530900D953090016
:10067000014B187D704700BF100F0420042810B5EF
:1006800011D883B104280CBF10242824A1420AD217
:10069000064C54F8200018B141568A42A8BF0A46B9
:1006A00000201A7010BD6FF01500FBE7100F04203A
:1006B0000728034611DC10F12D0F10DB094A101832
:1006C00090F82E0002EBC00292F93C209A4207D02B
:1006D000002918BF0130C0B270471B2070470020AE
:1006E000704700BF946F0A00072808B507DCFFF7C2
:1006F000DFFF044B03EBC00393F93C0008BD082067
:10070000FCE700BF946F0A0010F0FF0008B5074B2C
:1007100005D0012807D04D21B52001F04BFE012264
:100720009A601A6008BD5862FCE700BF00E0104004
:1007300010F0FF0008B5124B05D001281AD07C211B
:10074000B52001F037FE01225A60DA600D4AC3F885
:1007500000011070D3F80824D2070AD4D3F8682413
:1007600012F0010202BFC3F81021C3F81821C3F828
:10077000142108BD00229862C3F81C21EAE700BFDB
:1007800000E01040250F0420014B01221A70704731
:10079000250F042008B50B4B28B101280BD0C2212E
:1007A000B52001F007FED3F8103113B9064B1878C5
:1007B00008BD0120FCE7D3F81C01003818BF012058
:1007C000F6E700BF00E01040250F0420024BD3F8ED
:1007D000080400F00100704700E01040024BD3F81D
:1007E000480400F00100704700E01040024BD3F8CD
:1007F0004004C0B2704700BF00E010400749024605
:10080000D1F84C04D1F84C1410F4803005D0D0B29B
:1008100001F003031B1A58425841704700E0104092
:10082000084B1A7810B50AB100221A70EFF3108441
:1008300072B65B7803F0FF000BB9FFF779FF04B9DC
:1008400062B610BD280F042070B5174D0122044672
:100850000E462B18DA7004F0C4FDA0B934B1012C97
:100860000FD040F225116D2001F0A4FD11232A19AB
:10087000012105EB840451710C4AA660C2F80433CF
:1008800070BD8023F3E7002EFAD034B90220B047C0
:10089000002305EB8405AB60F2E7012C01D1204673
:1008A000F5E74FF4A071DEE7280F042000E01040C8
:1008B000044B0022191803EB80034A719A60CA7036
:1008C000704700BF280F0420014B1882704700BFFB
:1008D000280F0420014B588A704700BF280F0420BE
:1008E000014B188A704700BF280F042010B5EFF3A2
:1008F000108472B6064B03445A780132D2B25A7051
:100900005B78012B01D1FFF7FFFE04B962B610BD81
:10091000280F0420034610B5EFF3108472B6114976
:100920000B445A7822B940F257216D2001F042FD64
:100930005A78013AD2B25A705B7883B90B7D43B1D1
:10094000094BD3F80C34DB0306D44B7803F0FF00DB
:100950002BB9FFF7EDFE02E0487D01F0BDFE04B9C2
:1009600062B610BD280F042000E0104010B504F05E
:100970003BFD0C4C04F035FD60B1A37D3BB90A4B47
:1009800001229A610423E3750023237610BD04F04D
:100990002EFDF9E703230122E375034BC3F804237B
:1009A000F2E700BF280F042000E01040014B0122B5
:1009B0001A62704700E01040044B587E28B1044B87
:1009C000D3F81001B0FA80F040097047280F0420D6
:1009D00000E0104038B50C4B5D7E5DB901245C76BB
:1009E00004F002FD094B1022C3F81051C3F8042390
:1009F000DC6138BDFFF7E0FF0028FAD040F2932118
:100A00006D2001F0D7FC00BF280F042000E010404B
:100A1000024BD87D003818BF01207047280F0420F2
:100A200038B5174C237D23B940F206316D2001F013
:100A3000C1FC01232370A37DC3B9A37EB3B1227E81
:100A4000013B9A4212DA04F0CCFC054601F0DEFDCF
:100A5000A37E012B82BF237E0133237655B1E36948
:100A6000C31A0133022B09D935B1E061BDE8384022
:100A7000FFF77CBF236AF3E72062F7E738BD00BFCA
:100A8000280F042037B5184CA37D63B9606A00F0C5
:100A90000300FFF7B3FE30B1EFF3108372B6E27DCF
:100AA0001AB103B962B603B030BD0122E27503B9D1
:100AB00062B608230D4DC5F808334FF42073ADF826
:100AC0000630BDF806309BB25A1E92B2ADF8062031
:100AD000002BF6D1C5F80C3184F82830FFF746FF1B
:100AE0000823C5F80433DEE7280F042000E0104097
:100AF0002DE9F74F524C237D002B00F09D800323FE
:100B0000ADF804304F4BD3F80051D3F81C21003D11
:100B100018BF012522B1012245F080058DF805207E
:100B2000D3F80881D3F8142112B9D3F8183173B16E
:100B3000444B0026C3F81461C3F81861C3F8106170
:100B4000637E0BB104F053FC667604F09FFD3D4BD1
:100B5000D3F810316BB3637E1BB104F048FC002363
:100B60006376637913B102238DF8043045F01005E4
:100B7000354E0DF1040A334B4FF00009F71EC3F850
:100B800008531AF8010B03280AD03B7843B14FF001
:100B9000000B336887F800B013B19847C6F800B06F
:100BA00009F10103043601374FF00109022BE8D1A6
:100BB00001E0002DDCD1B8F1000F08D0214B00225C
:100BC000C3F808210422C3F80823FFF75BFF94F859
:100BD0002860EA071B4BF6B2D3F80C7108D5E27D0A
:100BE000032A05D1A27D82B90422E27501229A610D
:100BF000A7B1144B0022C3F80C21E37D042B09D0CC
:100C000040F269316D2001F0D5FB04F0F0FB0223C6
:100C1000E375EDE70223E37504F0E9FB66B1002319
:100C200084F82830E37D022B01D1FFF79FFE03B04B
:100C3000BDE8F04F04F0DBBB03B0BDE8F08F00BFB0
:100C4000280F042000E01040300F042010B5054CA0
:100C5000606A00F00300FFF7D1FD0028F8D0002003
:100C600010BD00BF280F0420F8B5054650B102782A
:100C7000022A07D8437842B9013B1F2B02D8837858
:100C8000212B07D96FF0150087E0002BFAD183786C
:100C9000002BF7D1634B4FF48042C3F8A020BFF381
:100CA0004F8FBFF36F8F604EC3F8A021FD235F4CC1
:100CB000C6F808330023C6F81C31C6F80031C6F860
:100CC0000831C6F80C316370A370AB886382FFF7FC
:100CD0007DFD10B10123E3706370D6F80C0440F27F
:100CE000563310F4803023821BD0FFF74DFD50485F
:100CF00001F0C8FC4C4E602360750022C6F8043336
:100D00002B78A978012B62766262A375A176227690
:100D10001BD0022B12D0CBB140F21E516D2001F03E
:100D200049FBC6F81001FFF7EFFC3F4AD2F810313B
:100D3000002BFBD00020FFF7FBFCD8E704F054FBAE
:100D4000D6F80C34D903FBD502236362FFF746FDC6
:100D500048B3FFF74BFD636A03F00303984222D1C7
:100D6000AB79DBB9FFF772FFA37E63B12B7853B980
:100D700004F037FB054601F049FC6FF00043002DFD
:100D80004CD0C4E9070301234FF4804200202375AF
:100D9000244BE075C3F8A0211A62F8BD224B04224F
:100DA000C3F80423E0E7204B012200215A61C3F875
:100DB000081194F82410C3F840141A610422C3F8EF
:100DC0000423AA79002ACFD1D3F80423520702D4EE
:100DD00040F2D141A2E7174A1769116907F01007DD
:100DE00041F010011161D3F808310BB904F007FD8F
:100DF0000D4ED6F8083173B1FFF728FF27B90D4A19
:100E0000136923F0100313610423C6F80833002389
:100E1000C6F80831A8E704F0F0FCEAE7C4E90730B7
:100E2000B1E700BF00E100E000E01040280F04201F
:100E30002108090000ED00E038B50E4B04460D46D0
:100E40001A791AB183216F2001F0B4FA01280DD864
:100E500003445A790AB1002038BD01225A71FFF7C4
:100E600045FD29462046FFF7EFFCF4E76FF015003B
:100E7000F2E700BF540F042070B50C4D04462E79E4
:100E80001EB19A216F2001F095FA01280BD8054474
:100E90006B790BB9002070BDFFF70AFD20466E711B
:100EA000FFF738FDF6E76FF01500F4E7540F042064
:100EB00010B501B3F0B14FF0FF33104A1C46E0FB10
:100EC0000134944203D9DB216F2001F073FA1A0D2B
:100ED000C3F30F100A4B42EA04324FF22444B2FB30
:100EE000F4F100EB024003FB1100B0FBF4F040EA28
:100EF0000140013010BD0846FCE700BF3F420F0033
:100F0000000024F4014B9B68184700BF540F0420D5
:100F1000014BDB68184700BF540F0420014B1B69CD
:100F2000184700BF540F042008B5064B1B7923B1A6
:100F300040F237116F2001F03DFABDE80840FFF79D
:100F40006FBD00BF540F0420034B1A790AB9FFF795
:100F5000C1BC988D704700BF540F0420034B1A7911
:100F60000AB9FFF7BDBC988A704700BF540F042030
:100F7000024B1B790BB9FFF785BD7047540F042056
:100F8000014B9B69184700BF540F042038B51D4C16
:100F9000237933B3FFF7C2FF50B91B4DC5F81001D9
:100FA000FFF7B0FFD5F81031002BFBD0FFF7B0FFF3
:100FB000154B6022C3F80423636A9847002806DBB8
:100FC00094F82E3023B10123002084F8303038BD4E
:100FD000FFF7D6FF0028F6DA40F28D116F2001F0FE
:100FE000E9F90A4BA3610A4BE3610A4B23620A4BFE
:100FF000A3600A4BE3600A4B2361FFF735FE00282C
:10100000E1D0E4E7540F042000E010404D0C09004B
:10101000FB530900110A0900E9530900EF530900C5
:10102000F553090038B5084B04461D7925B140F247
:10103000E1116F2001F0BEF900F0C6FD2046FFF778
:1010400043FC284638BD00BF540F042008B50748AC
:1010500000F0A8FD054800F019F801F0B3F800F021
:10106000D1FF00F0E5F9012008BD00BF880F042082
:1010700008B5054B1A781AB12721032001F09AF917
:101080005860197008BD00BF900F0420024B986093
:1010900000221A705A607047900F0420F7B51E4C5A
:1010A0002378012BDAB204D0022A2ED0012003B01B
:1010B000F0BD0DF10701606800F0D8F965686B7D3F
:1010C000DB071CD5AB7F042B19D000F0FFFD0646D3
:1010D000A8B100F001FE2B69D5E900279A18B36882
:1010E00047F100070A332CBF012500251B1845EBEB
:1010F00001059342BD4102D3606800F0BBFA0023B2
:10110000636023709DF80700D1E70DF10701606867
:1011100000F0B6F9F3E700BF900F042073B5054661
:101120000C4600F0D3FD0646AB7F012B1AD02146BA
:101130002B4604F1180251F8040B914243F8040BBA
:10114000F9D101230DF107012846AB7700F08EF9A4
:1011500016B1012002B070BD034B0421986804F061
:10116000BAFAF6E70020F5E7900F0420024B0621BB
:10117000986804F0B0BA00BF900F0420174B1868AD
:10118000F0B560B150F8102C50E9063418380A3325
:1011900044F100049B18826944F1000402B9F0BDD7
:1011A00052E90615994275EB0406F8D2077D12F84C
:1011B000046CB7420BD00FD90A3152F8103CA2F19F
:1011C000180045F100055B1845F1000404E096881D
:1011D000878BF61B3604EFD41268DFE79C0F0420E0
:1011E000F8B5244C002323716371A371E371EFF30D
:1011F000108272B6A168E3606160A36002B962B652
:1012000000261D4D636803B9F8BD9A79A3F1180053
:10121000032A07D11A6801219E7153F80C3C6260C1
:101220009847EFE71B6863B1183B07462A46997F4A
:1012300004290ED09B7F032B04D063219F2001F053
:10124000B9F82A46136802211B681360C3688677C1
:10125000E6E7B0F81CC0998BA1EB0C010904996971
:1012600044BF07F1180218460029EBD01F46A1F130
:101270001803DCE79C0F0420A00F0420042300F1D6
:10128000180283770023037643768376C376044B74
:10129000996811B99A60DA607047D9680A60FAE70C
:1012A0009C0F04202DE9F041134C06460F46002008
:1012B000236833B9E8B1114BBDE8F041187801F06B
:1012C0000BBA53E9061553F8082CD3F800805218CE
:1012D00045F10005B242BD4109D22268A3F11800D0
:1012E00012682260FFF7CAFF01204346E1E71C466F
:1012F000FBE7BDE8F08100BF9C0F042074000420D0
:10130000494B1B682DE9F74F044682838B46D0E991
:10131000002003B1183B94F815C0DFF80CE10CF085
:10132000010C002B3BD0D3E90056AA4270EB06011A
:1013300035D3BCF1000F2CD0277D197D8F4228D3E7
:1013400099684D1946F1000615F10A0846F1000E9C
:10135000424570EB0E0119D22169891840F100074E
:1013600088457EEB070901D241467746A942B7413D
:101370000FD22046FFF782FF2C4B187801F0ACF912
:1013800000238BF8003003B0BDE8F08F114607460C
:10139000ECE703F1180E9B690BB1183BC3E7BCF1F6
:1013A000000F34D0A168891840F10009019173B38E
:1013B0000199D3E9007611F10A0549F10001AF4224
:1013C00076EB010123D2257D197D8D4218D39D68CE
:1013D000ED1946F1000615F10A0A46F100085245DA
:1013E00070EB080110D22169891840F100078A4585
:1013F00078EB070C01D251464746A942B741B8D312
:101400009B6923B1183BD3E711460746F5E7DEF8A1
:101410000020234643F8182FCEF80030FFF7AEFE29
:101420008442ADD10123ACE79C0F0420740004205A
:1014300010B50B4C2378FF2B04D04FF48D719F20F7
:1014400000F0B8FF074801F01DF9074B002220709B
:101450001A705A709A70DA709A60DA601A8210BD47
:1014600074000420E11109009C0F0420034B1A8A28
:1014700010B4541C1C8210BCFFF742BF9C0F042008
:1014800038B504460D46FFF779FE231A04F118011A
:10149000584258412870044804F043F910B1002321
:1014A0000120A37738BD00BF9C0F042038B5114B35
:1014B000044600F118019A68B2B19A6800209AB106
:1014C00091420ED108B1A56905609D68A94204BF8B
:1014D00012689A60DA68914200D1D8600023A3773D
:1014E00007E010461268EAE7034804F01AF90028FA
:1014F000F4D138BD9C0F0420A00F04202DE9F04149
:10150000264E04460D46FFF7CDFE3068002843D036
:10151000A0F1180C50E90631A34271EB050250F816
:10152000102C3CBF234629460A322CBF0127002736
:101530009B1841EB07020768604627B900F11803C2
:101540007361BDE8F08157E906EC9E457CEB020132
:10155000F4D290F8148017F8041C884513D019D9D8
:10156000744523462A46A7F1180075EB0C0157F87D
:10157000101C3CBF734662465B1842F100020A33FE
:1015800042F1000206E0B988B0F81C80A1EB080126
:101590000904E5D43F68D0E70346D1E79C0F042057
:1015A00010B5054C6169204604F0BBF818B16069BC
:1015B00000231838636110BD9C0F04209C46144B17
:1015C000F0B51D68FDB115F8043C183D834218D8EC
:1015D00012F10A04D5E900364CF10001A34276EB82
:1015E00001070BD22F69FF1846F10006A7428E4172
:1015F00007D3B4F10A0041F1FF31F0BD1C4631467A
:10160000F7E7AD69DEE74FF0FF300146F5E700BFD1
:101610009C0F042008B5837F022B1CD1437D13F05F
:10162000020302D00023837708BD032203764376AA
:101630008376C3760D4B827700F11802996839B929
:101640009A60DA600A4B1878BDE8084001F044B8A7
:10165000D9680A60F5E7837F012BE5D0837F042BEF
:10166000E2D04FF4FF719F2000F0A4FE9C0F0420F5
:101670007400042010B500F118010446084804F075
:1016800050F820B94FF402719F2000F093FE2046DD
:10169000FFF7F4FD034BBDE81040187801F01CB8CB
:1016A0009C0F0420740004202DE9F74FD0F810E0BF
:1016B000BEF1000F04D040F227219F2000F07AFEF7
:1016C000836890F814800193D0E90014EFF3108937
:1016D00072B6274BB3F810C01B686BB1019D183B65
:1016E0000A35D3E900264EF1000A6D1844EB0A0AC8
:1016F00095427AEB060707D2B9F1000F35D0C0E961
:10170000001403B0BDE8F08F8A4276EB04070CD3D7
:101710001F69BF1846F1000BAF427BEB0A0B34BFC9
:101720000125002575B99B69D7E712F10A0A9D6862
:1017300046F1000715EB0A0547F10007A94274EBD3
:101740000707ECE71D7DA84509D0ECD912F10A0185
:101750009D6846F10004691844F10004E3E79D8B9D
:10176000A5EB0C052D04DED5F0E762B6C7E700BF98
:101770009C0F0420024B0521186803F0ACBF00BF8A
:10178000B80F0420064B586810B520B94FF41B71F0
:10179000B02000F00FFEC3680521BDE810401847D7
:1017A000B80F04202DE9F84F274C8146237BA6680B
:1017B000A3BB94F80D8018F0010803D0E3899E4282
:1017C00038BF1E4600F03CFD10EB060B05460F46E9
:1017D00041F1000A58465146FFF790FE08B3D0E9A0
:1017E00000329B457AEB020104D29D1B9B46924638
:1017F00062F100070023154A284639462362C4E9EE
:1018000004BAC4E9065700F0EFFCB8F1000F02D0AB
:10181000E3899E4216D002230D4A0DE04FF00008E6
:10182000D0E7237B2BB1637B9B0702D5636A012042
:1018300098470023074A237384F82830C9F800200A
:10184000BDE8F88F0123E7E7B80F042075170900FA
:1018500065190900135609002DE9F04717463D4C5C
:10186000002B67D0E289D3E900656432864275EBCC
:1018700001034FF000033CBF06460D462362B6EB62
:10188000000A65EB010952451A4672EB0902C4E9E8
:10189000046527DA237B3BB1637B9A0702D5636A31
:1018A000012098470023237394F80D8008F0010865
:1018B000A36803F5E1739A4579F100011DDAB8F1E7
:1018C000000F11D0E089244A301A65F10001C4E903
:1018D000060100F089FC0623204A84F828303A608B
:1018E000BDE8F0879846E3E71B4A30462946C4E93D
:1018F000066500F079FC0523EEE7FFF709FBE089B8
:10190000A368B8F1000F0BD0984209D9301A124AD7
:1019100065F10001C4E9060100F066FC0123DBE784
:10192000F01A0D4A65F10001C4E9060100F05CFC03
:101930000223D1E7237B2BB1637B9B0702D5636A2C
:101940000120984700252573FFF7E2FA2B46044A49
:10195000C3E700BFB80F0420751709006519090017
:1019600013560900023970B50546032900F2D480E8
:10197000DFE801F006020840694B002283F82920C5
:10198000002024E0664C94F82830042B09D8022B60
:1019900028D8013B012B1BD94FF4CD71B02000F0AA
:1019A00009FD053B012BF7D8FFF778FB0028E7D0AE
:1019B00000F036FC00F044FC06460C46FFF79EFDA6
:1019C0002A46034621463046FFF746FF022070BDF7
:1019D000FFF764FB0028D3D000F022FC2846FFF775
:1019E000E1FEF3E7FFF75AFB0028C9D0012384F892
:1019F0002930C5E74A4C94F828301A1F012A2AD802
:101A0000042B94F829600CD100F04AFB48B900205F
:101A10000021FFF773FD08B1FFF72CFEFFF778FAFE
:101A2000DCE7002EC6D1FFF7BBFD0028C2D0606006
:101A3000C4E90B6600F004FB60680223314683773B
:101A4000C3689847D4E9040103F0E1FD354B84F8FD
:101A500028602B60BAE700F0F3FBA369C01A236A81
:101A60009842ACBF2062236294F82830022B19D12F
:101A7000FFF748FA94F82830022BD4E904012CD15E
:101A8000637BDB071BD5237BCBB9E389264AC01ACE
:101A900061F10001C4E9060100F0A6FB032384F80C
:101AA00028306DE7637BDA0701D5207B10B140F267
:101AB000B31173E7636A984701232373DAE7323877
:101AC000236A194A41F1FF31C01841EBE371C4E9BF
:101AD000060100F089FB0423E1E7012B0AD1A3688A
:101AE000114AC01A61F10001C4E9060100F07CFB53
:101AF0000223D4E7236A32380B4A41F1FF31181828
:101B000041EBE371C4E9060100F06EFB94F8283064
:101B1000062BE0D10523C2E740F2F1113EE700BFFA
:101B2000B80F04202D1B09007517090002392DE993
:101B3000F041064604292ED8DFE801F003090B2DF9
:101B40000E00174A537B003B18BF0123137300207C
:101B50001FE0FFF7A3FAFAE7DFF8448000F080FA0D
:101B600000F06EFB0C460546FFF7C8FC0746D8F8A8
:101B70000400FFF74FFD002300222846C8F8043078
:101B800000232146C8E904233B463246FFF764FEA2
:101B90000220BDE8F08140F21721B02000F00AFCDD
:101BA000B80F0420064A002310B5064C02602060DE
:101BB00084F828306373FFF7D1F93230A06010BD8C
:101BC00013560900B80F042008B5074B1A681168AE
:101BD000064A914204D040F25121B02000F0EAFBC5
:101BE0003230986008BD00BFB80F042013560900BA
:101BF00010B5EFF3108472B6034B0421186803F09C
:101C00006AFD04B962B610BDB80F042008B5094BCF
:101C10005A6822B940F27221B02000F0CBFBD3E920
:101C20000421BDE808408018034A41F1000100F09A
:101C3000DBBA00BFB80F04208517090008B5064BB2
:101C40005B6823B94FF41E71B02000F0B3FBBDE810
:101C5000084000F0E5BA00BFB80F042008B5054BF6
:101C60005A6822B940F27E21B02000F0A3FBD8626E
:101C700008BD00BFB80F042008B5054B5A6822B94B
:101C80004FF42171B02000F095FB186308BD00BF30
:101C9000B80F0420054B1B6B10B523B940F28A2105
:101CA000B02000F087FBBDE810401847B80F0420B3
:101CB000054BDB6A10B523B94FF42471B02000F056
:101CC00079FBBDE810401847B80F0420014B586855
:101CD000704700BFB80F042008B5054B5A6822B9F9
:101CE00040F29B21B02000F065FBD3E9040108BD60
:101CF000B80F0420034B587B10F0010018BFD8899F
:101D0000704700BFB80F04200028ADBF00F160404D
:101D100000F00F00044B00F56140B4BF185C90F870
:101D200000034009704700BF14ED00E02DE9F041C9
:101D300005460E46E1B9114F3B681BB1862145208F
:101D400000F038FB38600E48FFF788FF0D48FFF7BA
:101D500093FF03F003FC6B7D04465B0708D503F09B
:101D600059FB0A34241A7C6000F07CFA0028FBD06E
:101D70002B6A3146686ABDE8F0411847F00F04202D
:101D8000A91D0900891D0900064B1B6810B51BB968
:101D90007221452000F00EFB1A6A0421586ABDE842
:101DA00010401047F00F0420064B1B6810B51BB9FC
:101DB0006C21452000F0FEFA1A6A0321586ABDE83A
:101DC00010401047F00F0420024B00221A601A81C5
:101DD000704700BFF00F042008B5074B1A681AB906
:101DE000B921452000F0E6FA0449D16000221A60CA
:101DF000BDE80840FFF7BAB9F00F04202D1D090017
:101E000030B587B00C46182200210546684603F01D
:101E100080FD637A4FF000026168C3F38003029192
:101E200083F0010363F38202237A8DF81430224B8E
:101E30008DF81520039323785BBB9DF81500D4E93A
:101E400004324007CDE9003207D50A3B01F10A010F
:101E500042F1FF320291CDE90032637A69469DF882
:101E60001520C3F3400322F003025B0043F001039B
:101E700013438DF81530114B5868C0F30800B8B102
:101E80001038FFF741FF98B92846FFF747F907B028
:101E900030BD2369049303F0B7FA9DF815305B0752
:101EA00044BF029B0A33CDE9000148BF0293D4E747
:101EB000284603F0B5FAEAE72D1D090000ED00E021
:101EC00070B50B7886B023B140F21F21452000F099
:101ED00071FA4C7A4FF000060593C4F380034D6805
:101EE00083F00103029563F382060B7A8DF81430B8
:101EF0000F4B8DF8156076070393D1E90431CDE9D6
:101F0000003107D50A3B05F10A0541F1FF31029581
:101F1000CDE900319DF81530C4F3400469460492C0
:101F200064F341038DF8153003F07AFA06B070BD02
:101F30002D1D09007FB503F067FA002305930B4BB5
:101F4000039340F21E2302934FF0FF33CDE90001CB
:101F5000694607480493FFF7E1F818B99B2143202D
:101F600000F028FA07B05DF804FB00BF991F0900D4
:101F70002810042010B5074C94F820304BB9FEF718
:101F8000CDFF30B9012384F82030BDE81040FFF7C1
:101F9000D1BF10BD2810042008B505292DD8DFE8D1
:101FA00001F0032E282C2C0D03F02AFA144803F01C
:101FB000D7FA1E38BDE8084003F028BAFEF7AEFF96
:101FC00038B10F4B002283F82020BDE80840FFF70E
:101FD000CDB803F017FA08B903F012FA00214FF454
:101FE000007003F08DFA0028E0D1B921432000F001
:101FF000E1F9BDE80840FFF79DBFC521F6E708BD40
:10200000281004204FF000430B4A0021C2F8803012
:10201000A2F58022C2F88031012302F57832C2F89D
:102020000435A2F58022C2F804352022034B18465D
:1020300083F8201003F06DBC00400C4028100420F1
:1020400008B50DF041FA054AD2F8583743F00103BC
:10205000C2F85837BDE80840FFF78CBF00200E409B
:1020600008B50DF037FA0B4AD2F8583723F00103C0
:10207000C2F858370122084B5A604FF0FF32C3F8BC
:1020800008232022054BC3F89021BDE8084000F04A
:10209000C7B800BF00200E400050084000E100E03B
:1020A00008B5FEF73BFFB0B90D4BD3F800314BB983
:1020B0000C4A536A0133312B53620BD96C214320F4
:1020C00000F078F903F09EF908B17021F7E703F00A
:1020D00095F9012008BD034B00225A62F9E700BFC1
:1020E00000E010402810042040F20251014808B5D9
:1020F00000F056F94F9A0A001848202208B5C0F897
:102100009020BFF34F8FBFF36F8F154BC0F8902116
:10211000D3F8041521F00301C3F80415D3F808150A
:1021200041F00301C3F8081592FAA2F1B1FA81F166
:10213000092904DD40F29F310A4800F031F9C3F863
:10214000101501215960D9604FF00041C3F880108B
:102150004FF0FF31C3F80813026108BD00E100E051
:10216000005008404F9A0A00134A4FF4E0632021C0
:10217000C2F838330023C2F8AC35C2F8BC35C2F817
:10218000CC35C2F82031C2F82431C2F828310B4ACC
:10219000C2F89C11C2F89C10BFF34F8FBFF36F8F32
:1021A000C2F89010BFF34F8FBFF36F8FC2F890113A
:1021B000034A1360704700BF00200E4000E100E0BA
:1021C0005010042008B5FFF7CFFF054B4FF4A06275
:1021D000C3F834232022034BC3F89C21DA6108BDE5
:1021E00000200E4000E100E00B4B10B51C681CB154
:1021F0004C21042000F0DEF8B1F5801F1A6001D3F5
:10220000FFF772FF054B0122C3F8A005C3F8A41520
:10221000C3F8AC2510BD00BF5010042000200E40B4
:10222000054A136833B100230449C1F8AC35C1F83D
:1022300020311360704700BF5010042000200E4072
:1022400030B54FF0FF30064C6FF04041D4E9002329
:10225000904271EB0305F9D31046C3F3130130BD6F
:1022600030270E4008B5FFF7EBFF044BD3E90223FC
:10227000904299412CBF0120002008BD501004203D
:1022800010B5FFF739FF0F4C0023C4F8BC35C4F874
:102290002431FFF7D5FF0A3041F10001B1F5801F6D
:1022A00001D1FFF721FF4FF00043C4F8B005C4F897
:1022B000B415C4F8A4310123C4F8BC35024BC3E9FA
:1022C000020110BD00200E4050100420144BD3F822
:1022D000342312F4A06F10B503D1FB21042000F0C9
:1022E00069F8D3F8202162B100220E49C3F8AC2569
:1022F000C3F820210B6813B940F20311EEE70A601E
:102300009847074BD3F828214AB10022C3F8CC25BF
:10231000C3F82821034BBDE810401B69184710BDC6
:1023200000200E4050100420014B1879704700BF68
:1023300068100420044B1A79824283BF1B68602214
:1023400002FB00300020704768100420BFF34F8F5D
:102350000549064BCA6802F4E0621343CB60BFF341
:102360004F8F00BFFDE700BF00ED00E00400FA055D
:10237000094B01225A604FF0FF32C3F808234FF493
:102380000062064BC3F88820BFF34F8FBFF36F8FF7
:10239000C3F88821704700BF00B0044000E100E0AE
:1023A00008B572B6024B5B6803B19847FFF7CEFFE2
:1023B000701004201FB572B6144B5C6894B9FFF717
:1023C000C5FFB2FBF6F22B465D1C002AF9D1DBB249
:1023D00003F110056D4405F80C2C0A2233B901A84D
:1023E000A047ECE7024600230A26EDE7013BDBB2FB
:1023F00003F110050DEB0506B0FBF2F502FB15002D
:10240000303006F80C0C2846E8E700BF70100420B6
:10241000F8B5234F05460C4616463B78002B3CD1B9
:1024200002F0DEFF7E601F4B01263C814FF480628C
:10243000C3F8A4601C4BC3F89020BFF34F8FBFF3C9
:102440006F8FC3F89021FFF793FF184B002D14BF37
:1024500028461846FEF79AFD0546E0B9FFF7B4FC9A
:10246000FEF786FD03F026F9FEF7F0FD18B9B82156
:102470001120FFF79FFF002C0BDB04F01F03640902
:10248000A4009E4004F1604404F56144C4F88061F6
:10249000266001233B702846F8BD4FF0FF35FAE770
:1024A0007010042000A0084000E100E0AC700A00B9
:1024B000074BB3F90830002B09DB5A09012103F05F
:1024C0001F03994002F14003024A42F8231070476B
:1024D0007010042000E100E0014B1878704700BF45
:1024E0007010042050B1074B03F1140253F8041B81
:1024F000934240F8041BF9D1002070476FF015009B
:10250000704700BF7D9A0A002DE9F84F07468946BB
:1025100093469846374CDFF8E0A0384D2E780136C8
:10252000F6B2D5E84F3F0133DBB2C5E8403F0028A3
:10253000F7D101216160C4F80001C4F80401EFF390
:10254000108072B62E4BC5F80490AB60C5E905B398
:102550003B68C4F810357B68C4F81435BB68C4F810
:102560001835FB68C4F81C35264BC4F830351033D9
:10257000C4F83835216000B962B6D4F800312BB9FF
:10258000D4F8043113B92B789E421CD0B8F1000F57
:1025900009D00A9B3BB1D4F840350A9AC8F80030FC
:1025A000D4F83C351360D4F80431002BB5D1297828
:1025B000B142B2D1C4F80031C4F804310323C4F8E5
:1025C0000833BDE8F88FDAF81030DB06D5D50323E1
:1025D0004FF40061C4F804330B4BC3F88811D4F8EE
:1025E0000031002BC9D1D4F80431002BC5D103F040
:1025F00004F9C2E700B0044000ED00E07C100420C4
:102600001000000B8010042000E100E01A4B4FF492
:10261000000270B5C3F89820BFF34F8FBFF36F8FE0
:10262000164C0021164DC4F80011C3F898212E69EC
:102630002B6906F0100643F010032B610123C4F848
:1026400004332360D4F800319BB11EB92B6923F009
:1026500010032B610123D4F808054FF400026360D6
:10266000C4F808330023C4F80031034BC3F89821A1
:1026700070BD03F0C2F8E5E700E100E000700D4036
:1026800000ED00E038B50B49042301EBC3021579D6
:1026900005F0FF042DB1013BF7D240216920FFF77F
:1026A00089FE41F8330001215471D8B2947111713F
:1026B00038BD00BFA0100420042808B503D9472165
:1026C0006920FFF777FE034B002203EBC0031A716A
:1026D00008BD00BFA0100420042808B503D950216C
:1026E0006920FFF767FE094B03EBC0000379012B5C
:1026F00001D05121F4E7437982790133DBB29A4268
:1027000018BF4371BDE80840FFF7D2BEA0100420F7
:1027100038B505240F4D95F8281005EBC1031A793B
:10272000012A09D158799A79904205D05A79D2B2C2
:102730009A7155F83130984795F82830013C0133AB
:10274000DBB2052B28BF002314F0FF0485F82830E6
:10275000E1D138BDA0100420094B0A4AC3F8002378
:102760000132C3F80C230132C3F818230132C3F835
:1027700020230132C3F81C230132C3F81021704713
:1027800000A0084004000080074B0022C3F800238B
:10279000C3F80C23C3F81823C3F82023C3F81C2361
:1027A000C3F81021704700BF00A00840844641EAEA
:1027B000000313F0030359D1403A33D3F0B4F0C906
:1027C000F0C0F0C9F0C0F0C9F0C0F0C9F0C0403AA4
:1027D000F5D2F0BC26E0403A24D300BF0B6803607A
:1027E0004B6843608B688360CB68C3600B6903618F
:1027F0004B6943618B698361CB69C3610B6A036277
:102800004B6A43628B6A8362CB6AC3620B6B03635E
:102810004B6B43638B6B8363CB6BC3634030403143
:10282000403ADBD230320BD30B6803604B68436015
:102830008B688360CB68C36010301031103AF3D2DC
:102840000C3205D351F8043B40F8043B043AF9D26A
:10285000043208D0D2071CBF11F8013B00F8013B3D
:1028600001D30B8803806046704700BF082A13D34A
:102870008B07B0D010F00303ADD0C3F10403D21A1C
:10288000DB071CBF11F8013B00F8013BA3D331F873
:10289000023B20F8023B9EE7043AD9D3013A11F8F3
:1028A000013B00F8013BF9D20B7803704B78437081
:1028B0008B7883706046704755590900615909004B
:1028C000655909006D5909007159090053B94AB990
:1028D000002908BF00281CBF4FF0FF314FF0FF3028
:1028E00000F00CB8ADF1080C6DE904CE03F052F81D
:1028F000DDF804E0DDE9022304B07047704700BF53
:1029000008B5F7F789FFF9F759FBF7F79BFE0020A9
:1029100008BDFFF7E7BD00F09ABE00F09BBE10B502
:1029200086B0044601A8FFF7DDFD022300202370D6
:1029300005236070A3709DF80430E0706371BDF8EA
:1029400005302071E380DDF80730A36006B010BDCC
:1029500000F0E6BC70B50446FCF70EFE0128054603
:102960001AD1601CFCF710FEB0B1A3790020E61D5F
:1029700063F03F03A371F9F70BFC38B1102200217B
:10298000304602F0C6FF0020257070BD3046FCF7CF
:102990000FFE0028F2D0F6E70025F4E710B5044654
:1029A0001022002102F0B5FF04F1100310220021D3
:1029B000184602F0AEFFFCF715FE0020F9F7E8FB21
:1029C00020B12046FCF7F4FD002010BDFCF7D4FD3B
:1029D0000028F6D0F8E710B50446FFF717FEB0F56B
:1029E000007F09DA10F5007F08DD031EB8BF03334E
:1029F0009B100020237010BD7F23FAE76FF07E0349
:102A0000F7E78178008800F0E5BD37B505460C464C
:102A100000880DF1060100F012FD2B882380BDF81F
:102A20000630638003B030BDF7B504462046F9F7A1
:102A30009FFE022805462ED004282CD123788A2B0D
:102A400018D13E20F7F7FCFE78B9E37801A9227986
:102A5000684643EA0223ADF8003000F06FFD00281D
:102A6000E4D053210820F7F7B1FD0520F7F72CFF3C
:102A70000028EAD0204600F013F82678A7783046E0
:102A8000F7F7DEFE0028D1D03E2E04D13846F7F706
:102A90001BFF0028CAD0284603B0F0BD01F0FABAE7
:102AA00010B503780446813B0E2B2FD8DFE803F0E6
:102AB0002F3541454F676D08613B71775B2E7D0077
:102AC0002920F7F701FF30B13E23237022236370E2
:102AD0002923A3701AE00A20F7F7F6FE3E2323709D
:102AE00018B11F2363700A23F3E70123A370132394
:102AF0006370E37903F00103E371D4F81A30C4F88A
:102B00000E30E38B638294F82030237510BD3E2392
:102B10000370042343701423DBE73E2303700A236E
:102B200043700323D5E73E2303700D234370052331
:102B3000CFE705232370042307E05A20F7F780FE30
:102B400008230028F6D05A2222706370DEE75B204B
:102B5000F7F776FE18B15B2323700623F5E73023E1
:102B600023700323F1E73E2303700B2343700723F5
:102B7000AFE73E230370062343700C23A9E713231A
:102B8000037083789B000133DFE757230370022330
:102B9000DBE73E23037006234370122399E73E23AD
:102BA000037009234370132393E7FF2303700D235E
:102BB000437080238DE708B510B96FF0150008BD8C
:102BC000FFF76CFF0028F8D00020F8E710B50C469E
:102BD00048B141B1FFF728FF002820700CBF6FF00B
:102BE0002200002010BD6FF01500FBE7F8B5941C23
:102BF0000E46054617460C446343B3F5004FA8BF85
:102C00004FF0FF3310F003019CB203D0B021142029
:102C1000F7F7DCFCB4F5004F01D9B121F7E7142236
:102C2000043002F076FEEF746C802E80F8BD38B56B
:102C30000388C4888B420589C4F30E0203D2D121D4
:102C40001420F7F7C3FC84EA0503C3F30E030BB9A2
:102C5000AC4206D102F118030122C1528274184419
:102C600038BD1846FCE7023101444A43B2F5004F33
:102C7000A8BF4FF0FF3290B21B3020F00300B0F538
:102C8000004F34BF00B24FF0FF30704740881B3018
:102C900020F00300B0F5004F34BF00B24FF0FF301A
:102CA00080B2704738B503888B4203D2F7211420D5
:102CB000F7F78CFC857C65B1C388C3F30E0318332A
:102CC000C25A8A4207D3C152811DF7F70DFE002375
:102CD0008374284638BD0025FBE703461830F0B55D
:102CE0009E88DD88B4B2C6F30E06A54214D05F8973
:102CF000DD7C845B3D44E41B0235A4B235442844AA
:102D00000D88A54284BF0C8025465989B1FA81F10E
:102D100049091170DD81F0BD00252846FAE7F8B5B4
:102D200082880026C38904460D4692B20E60CBB15C
:102D30004189C2F30E020B4418329BB28718825AA3
:102D40004381934204D94FF4A2711420F7F73EFC5B
:102D500004D1011DF7F7C8FD46812F600023012033
:102D6000E381F8BD1846FCE78388014602899BB2DF
:102D70009A4202D00831F7F7B7BD70478388C08800
:102D80009BB2C31A584258417047828873B595B2B6
:102D9000C488C2F30E02AC4202F1180212D041897B
:102DA000C689835A314499420EDB0DF10601ADF814
:102DB0000650F7F799FDBDF80600001B18BF01206B
:102DC00002B070BD0020FBE70120F9E770B5C488B0
:102DD000034606891830C4F30E0584EA0602C2F3DE
:102DE0000E020AB9B4420FD19C891A880CB1465B15
:102DF000921B914207DCDA7C2C44023222441044BC
:102E00000A461A8270BD00221046FAE7F8B5038A16
:102E1000002B38D08B4236D3C48800F11803858943
:102E2000C4F30E041E1995B91D55757085891E5B76
:102E30000D443144ADB285811953D2B1811DF7F7EC
:102E400053FD00238381002303820120F8BD1E5B14
:102E5000AE4204D04FF4F6711420F7F7B7FBC57CEF
:102E60002644878A023535445E195F53857DB570E7
:102E7000DCE7C27C254402322A4499189B5A83829B
:102E80008B788375DFE70020E0E78388C2889BB2F8
:102E90009A4206D0428922B9C3F30E03183318446C
:102EA000704700207047C37C0233C8187047023057
:102EB000704738B58388C2889BB29A4207D045894B
:102EC0002DB9011DF7F710FDC581012038BD002087
:102ED000FCE703881380C388C3F30E03183303444D
:102EE00080890B6070470368002223B9C0E9013272
:102EF000031D0360704759681B680A44F5E70729FA
:102F0000034670B504D84FF4EC711520F7F75EFB5B
:102F10000068C0B1446806461A688C4210D0106838
:102F200060B901F10805AC420DD3546850501868DF
:102F3000651A541800686560505002E01346E9E7CE
:102F4000146830461C6070BD0023C1E9003203687C
:102F50000B600160704730B590B18478B1FBF4F339
:102F600004FB131300EB430252898A4201D1D8B209
:102F700030BDC27822B900F10803D0B2844201D832
:102F8000FF20F5E733F8025F01328D42F5D1EFE71C
:102F90008278038805324B4303EB420318447047A1
:102FA00037B500240546CDE900448DF80600684693
:102FB000ADF80440F7F76CFEBDF8044008B103B06B
:102FC00030BD29462046F7F73FFE0028EFD040F2FB
:102FD00035211720F7F7FAFA70B51E460D4609217C
:102FE000FFF741FE0446324609212846FFF73BFE23
:102FF00040EA04031B0454BF00194FF0FF3070BDBA
:1030000001230370704710B5FF238B70C2F3800358
:1030100001245B00DBB2CA18127D032A08BF01330A
:10302000CA18147503F10C04002201EB830321F884
:1030300014205B688A700360828010BDF8B50C466E
:10304000054611461E4684F001046400E4B2FF23E5
:10305000837003191B7D012B05D00134E4B20319E1
:103060001B7D012B0AD105EB44073B8B3A8C981949
:10307000904205DD00232C443B8323750020F8BDDE
:1030800005EB8404324660681844FFF78FFB3B8BE6
:103090001E443E830023AB700120F0E781F0010164
:1030A000490010B5C9B2FF23837043181C7D012C61
:1030B00007D10C3120F8112002221A7500238370E9
:1030C00010BD0131C9B243181C7D012CF1D04FF461
:1030D00099710920F7F77AFA024630B5837803F040
:1030E000FF00F3B9137D022B19D0537D022B15D1AC
:1030F0000346012089B10024D5180C332C7522F821
:103100001340131803241C7502EB80035B680B60EB
:1031100000F10C0332F813308B80012030BD012305
:10312000E8E70020FAE7034630B5827802F0FF00B6
:10313000E2B99A7D022A17D0DC7D022C13D103223A
:1031400081B11D1900200C34287523F8140098183B
:103150000324047503EB82000C32406833F812300C
:1031600008608B80012030BD0324E9E70020FAE7E6
:10317000037D012B01D1008B7047437D012B0CBFD8
:10318000408B00207047837D012B01D1808B7047DD
:10319000C37D012B0CBFC08B00207047027D022A2B
:1031A00001D1008B7047437D022B01D1408B7047CA
:1031B000032AF6D0032BF9D000207047827D022A23
:1031C00001D1808B7047C37D022B01D1C08B70472A
:1031D000032AF6D0032BF9D000207047F7F746BE3C
:1031E000F7F7A2BE002307B5CDE9003301238DF820
:1031F00006306846F7F74CFD08B1002004E000985F
:1032000001F02FFD0028F4D003B05DF804FB1FB5DA
:10321000002240F6881303A90092FDF7DFF905B0FC
:103220005DF804FB10B5044638B1F8F7F1FE24EA66
:103230000000B0FA80F0400910BD0120FCE710B595
:10324000FFF7D0FF60B1F8F753FB044601F04CFEE6
:1032500040B9204601F044FE80F00100C0B210BD2C
:103260000120FCE70020FAE7006890F8BA3123B1AA
:10327000002380F8BA3101F0E9BB7047112243F214
:1032800039030270C2705922A0F801308280C380D5
:1032900000207047082108B5F7F71AFE002008BD86
:1032A00073B5064600880C46088001A980B200F07C
:1032B000D3FC054640B9B3784BB9019B93F91C0187
:1032C000A070FCF711F8A070284602B070BD7F20F6
:1032D000FFF79DFFF4E710B504466FF07F00FFF79E
:1032E00096FFFCF701F820707F20FFF790FFFBF7B7
:1032F000FBFF6070002010BD0A4600F1100108B508
:10330000072302F070FA002008BD10B501460446FC
:103310000020F8F723FF08B92060A080002010BD2E
:1033200010B50446F8F744FE28B900202146F8F706
:10333000FDFE002010BDFFF782FF0028F5D10C2014
:10334000F8E710B50446FFF77AFF28B101202146BF
:10335000F8F7ECFE002010BD0C20FCE713B5008848
:103360000C46088001A980B200F076FCC8B9019B28
:1033700083F8160193F81421012A06D0022A04D0FA
:103380004FF43F710620F7F721F9A27093F8152149
:10339000012A01D0022AF3D1E27093F81621002A03
:1033A000E6D102B010BD1FB5044603A9008800F0A5
:1033B00053FC38B9A388022B14D8E078FFF732FF0A
:1033C00010B9112004B010BDA078FFF72BFF002822
:1033D000F7D0012303A80093A388E278A17800F036
:1033E000A9F9EFE71220EDE737B58378C17803F04C
:1033F0000104027903F0020351EA04051DD052EAE8
:1034000003051AD0002C18BF0021002B037818BF29
:1034100000228DF802108DF80320427843EA02233F
:10342000ADF8003043798279684643EA0223ADF86B
:103430000430FFF7B8FF03B030BD1120FBE713B530
:103440000C4601A900F008FC18B9019BDB88013388
:10345000238002B010BD07B5008801A900F015FC5B
:1034600030B9019B93F8332112B9FF2283F833213D
:1034700003B05DF804FB10B50446F8F7C3FD206007
:103480000020616010BD37B50446F8F731FA0546F3
:1034900023781F2B18D8816A04226846FFF7B3FDF2
:1034A00022460021A86A12F8013BFFF7C7FD68B168
:1034B000AC6A2046FFF767FE002102462046FFF770
:1034C000EDFD002003B030BD1220FBE70720F9E737
:1034D00037B50446F8F70CFA054623781F2B18D8A1
:1034E000816A00226846FFF78EFD22460121A86A04
:1034F00012F8013BFFF7A2FD68B1AC6A2046FFF766
:1035000037FE012102462046FFF7C8FD002003B028
:1035100030BD1220FBE70720F9E710B5044634F868
:10352000020B0880002180B2F7F778FB20B121461A
:10353000BDE8104001F09BBE022010BD008808B518
:103540000880002180B2F7F769FB20B10021BDE8B7
:10355000084001F08CBE022008BD13B500880C465F
:10356000088001A980B200F077FB10B9019B9B8F06
:10357000638002B010BD37B5038804460B8098B253
:10358000638813B9122003B030BD01A900F064FBB9
:103590000028F8D1658842F21072019BA9B2D3F8D5
:1035A000C4405143B3F8DA206243B3F8CC4004FB83
:1035B00002229142E6D3D3F8C420D3F8C440944207
:1035C000F9D100229D875A63621E0A44B2FBF4F2CD
:1035D0009A63D8E710B50C460021F7F71FFB90B1AE
:1035E000022C12D804F00102C4F3400480F8BC217C
:1035F00080F8BB4112B190F8BA310BB9002010BD70
:1036000001F024FAFAE70220F9E71220F7E710B5F3
:1036100004460078FF280AD00121F7F7FFFA58B1D5
:103620006378A27843EA0223C383002010BDB4F874
:103630000100FAF76DFAF8E74220F7E708B50078DD
:10364000003818BF0120FAF7C9F9002008BD08208A
:10365000F8F7CCBC01F035BE10B5044604B910BD76
:10366000236898476468F9E703680BB901607047FD
:103670001A465B6813B18A42FAD170478A4218BF72
:103680005160704708B5FAF755FEFAF79BF9BDE8A7
:103690000840FAF737BE08B50020FFF781FCF7F7BE
:1036A00081FBF8F7FDFCF8F727F820B140F2431151
:1036B0009320F6F78BFF08BD08B5FAF753F9FAF730
:1036C0000FFE20B140F263119320F6F77FFF012037
:1036D000BDE80840FFF764BC08B5FFF7EDFF01F057
:1036E000B2FD20B14FF4BC719320F6F76FFF08BD17
:1036F000FDF72ABC0B46892203F8032BD0F80920DA
:10370000C1F80320427B1A71704738B50D46044654
:10371000F8F77EFC2B78002B08BF034684F868304E
:103720006B78002B08BF034684F869306B88A4F8D7
:103730006A3038BD2DE9F743046899460F461646AE
:1037400094F8633094F80F8043EAD303DB0702D484
:10375000B8F1250F36D16FBBF8F75AFC0546BEBB52
:10376000F8F756FC45BBB8F1250F2ED100200546D1
:10377000FF2384F82D3194F82C3103F0FF08F3B9BE
:103780009DF8283001A984F82F0104F1A80084F8DD
:103790002C3184F82E518DF804708DF80560ADF849
:1037A0000690FFF7B2FF002384F82D31404603B0A6
:1037B000BDE8F0833D46D2E70028D4D0D8E74FF0EB
:1037C0003A08F0E74FF01A08F0E74FF00908EDE784
:1037D000002DC8D03046CBE738B5036804460D4607
:1037E00093F82C31012B02D11E21F8F733FC23680A
:1037F000002083F82C0165B1182283F89920082253
:103800009A7393F84A3093B940F25B41AE20F6F7D1
:10381000DDFEDA7B233A072A03D82046DD7300F069
:1038200099FD20461821BDE8384000F0B2BD38BDF2
:1038300008B503689A7B22B14FF4E671AE20F6F723
:10384000C5FE23229A7308BD034610F0010002BF93
:10385000C3F340035B00D8B270472DE9F84F074629
:1038600010461E4642EA0104FFF7EEFF8346084673
:1038700092464BEA0404FFF7E7FF88460A9D04439B
:103880008146E4B2003C18BF0124F8F7C1FB10EAFE
:103890000A0A18BFDA46F8F7BBFB97F8143110EAAA
:1038A000080118BF4946534508BF4FF0000A85F884
:1038B00000A097F815318B4208BF002169705AEAC1
:1038C00001010AD1FB88013EF61A47F6FD73B6B234
:1038D0009E428CBF002404F001042046BDE8F88F0E
:1038E000F7B504680646E57BA5F12303072B4FD9FE
:1038F000002D4BD1A37B282B4AD04B7813F0070324
:103900003DD08A7812F0070239D084F80C31252393
:1039100084F80D21E37394F82D31F3B994F82C3128
:10392000012B1AD094F80C7194F8150194F8101129
:10393000874294F81121B4F8123114D194F80D7122
:1039400094F8140187420ED1022084F82E1184F8D5
:103950002F2184F82C01A4F83031304600F0F0FC1F
:10396000284603B0F0BD022000903046FFF7E2FE8B
:103970000028F2D04FF46671AE20F6F727FE0978E2
:10398000304603B0BDE8F04000F003BD0125E7E795
:103990002025E5E72DE9F04F056887B0044695F846
:1039A0000EB0ABF12403D3F1000848EB0308052A5D
:1039B00070D1EB7B262B73D10F358A784F7802F0CC
:1039C000070A039207F007090AF1FF3009F1FF33F4
:1039D00000EA0A0003EA0903034366D1B1F8036071
:1039E000F8F716FB039A174307F0070787435CD1E4
:1039F0005046FFF729FF2768A8B197F8143198427D
:103A000011D097F82E211AEA020F4ED0BBF1240FE5
:103A100009D097F80D211AEA020F04D1022870D1BB
:103A2000013B012B71D84846FFF70EFF40B197F8D4
:103A30001531834204D097F82F3119EA030F34D09F
:103A400005AB38465246494600933346FFF705FF1B
:103A50002368074678BB93F82C21012A28D1014618
:103A60002046F8F7F7FA236883F82C712F70236843
:103A700003F10F02954201D10022DA73236803F1AA
:103A80000F02954237D1204600F064FC002007B0B9
:103A9000BDE8F08F414607B0BDE8F04FFFF79CBE90
:103AA000BBF1240F2BD10E3587E741462046F2E7C4
:103AB00083F82C01DBE7DA88A3F86C62013EB61AC2
:103AC00047F6FD72B6B2964206D92822204683F800
:103AD0003120F9F7F9F8D1E7DA7B0C2A02D0093A5C
:103AE000012A01D82A22F1E7BDF81420A3F86E229A
:103AF00028232B70C2E7002283F84A20C6E7022061
:103B0000C5E7012B8FD0022BCFD04FF4DD710620FB
:103B1000F6F75CFD08B50368DA7B252A05D022B1EB
:103B200040F2D351AE20F6F751FD2622DA7308BDDC
:103B3000F8F7B6BA704730B542401C7808785D781F
:103B400060404C786C409D7820448C786C40DD78E7
:103B50002044CC786C401D795B7920440C794979FC
:103B60006C404B40204418441044B0FA80F04009A7
:103B700030BD024600200139C9B2FF2900D170478B
:103B8000535C83F001030344D8B2F4E708B5F8F7B7
:103B90000BFB082803D0BDE80840F8F727BB08BD99
:103BA00008B501F09BFB18B1BDE80840FBF794BCD9
:103BB000082008BDF8B505460C46D0E9047601F0AA
:103BC00045FD18B952212920F6F700FDE4B1D5E9E9
:103BD0000423D21B63EB0603012A73F100014FF0AB
:103BE000000113DB6FF001009042994101DA5C2182
:103BF000E9E7631E1344B3FBF4F35C43E41946F1B5
:103C00000006C5E904461C462046F8BD0C46FBE705
:103C1000022905D13C2808D980100F3880B270479E
:103C2000702802D9C0100E38F8E70020704701292B
:103C300008B5034605D002290BD0E7212920F6F765
:103C4000C5FC40F6C41040F2E242002B08BF10460B
:103C500008BD40F6C410FBE710B50C460021F6F78E
:103C6000DDFF2060B0FA80F04009400010BD03681D
:103C7000587BC0B293F830302BB900F0FB0000380D
:103C800018BF012070470020704710B50C46FFF7A1
:103C9000E3FF38B92046FFF7EAFF80F0010040005B
:103CA000C0B210BD0220FCE738B54FF426720D46B5
:103CB0000021044601F02DFE6FF036020123A4F826
:103CC000AA5084F863200422A37584F864206FF05E
:103CD0003B0284F8A83084F865206F2284F86620BF
:103CE000032284F86720002284F868206FF07F02A6
:103CF00084F869202B2284F86220FE2284F89E201A
:103D00007F22E27238BD40F6B83307B5B0F8CE2056
:103D1000D0F8C4100190838701A8F8F71DFC03B008
:103D20005DF804FBC2B292FAA2F2030A93FAA3F37B
:103D30001B0E100E40EA03207047013105300022AF
:103D4000C9B270B510F8013F8B4216D310F8054C7C
:103D50000023012505FA03F626421CBF01F1FF31BD
:103D6000C9B269B10133082BF4D10132D2B2052AAC
:103D7000E8D19B214620F6F729FCC91AC9B2F4E71D
:103D800003EBC200C0B270BD0B6870B5C0F8013063
:103D900004460B790546461D03F01F0343710023BB
:103DA000C37215F8010F00F0B2FA6871B542E37AF8
:103DB0001844E072F5D170BD81EA114170B58CB242
:103DC0000546C17A032682EA0400FFF7ABFF013EF5
:103DD00000EB001016F0FF0604EB000290B2F4D1E5
:103DE00044402522B4FBF2F302FB1343C3F3C402A5
:103DF000D8B203F007032A445678012202FA03F3EB
:103E00001E4207D161432846C1F30741BDE8704017
:103E1000FFF793BF70BDF8B590F8215004466B1EB4
:103E2000242B03D9E1214620F6F7D0FBDAB1807DBF
:103E3000002843D194F8233094F8221002FB013279
:103E40002523B2FBF3F103FB1123DBB204EBD30216
:103E500003F0070684F82330D17D0122B2401142DD
:103E600002D084F82430F8BDB3FBF5F205FB123321
:103E700004F11B01013303F0FF0311F8012F9A42F3
:103E800019D311F8055C0022012606FA02F72F4229
:103E900008D0013B13F0FF0304D102EBC00284F809
:103EA0002420E0E70132082AEFD10130C0B2052812
:103EB000E3D1D721B7E79B1ADBB2F6E7E28804F13A
:103EC0001600096AFFF778FF84F82400CBE703782F
:103ED000890123F0400301F040010B430370704758
:103EE000037803F07F0343EAC113037070471F2A6E
:103EF00038B50546144603D9A8212A20F6F766FBF3
:103F000006340930FEF752FC6C7038BD1F2A38B5F4
:103F10000546144603D9CA212A20F6F757FB063472
:103F20000930FEF743FC6C7038BD0378024603F09D
:103F30000F03032B3ED0052B42D1C37F90F8200006
:103F4000034392F82100034392F82200034392F8BE
:103F5000230000F01F00184333D05378222B2FD1B9
:103F6000B2F81930B1B1B3F5506F13D940F607511B
:103F70008B4225D8B2F81B30B3F5FA7F20D2B2F8C5
:103F80001D0040F676430A3880B298428CBF00206C
:103F900001207047991F40F67A4089B281420FD8BC
:103FA000917D481E07280BD8994209D2B2F8171004
:103FB0009942DEE74078A0F10C035842584170471F
:103FC000002070478388A1B1B3F5506F11D940F636
:103FD000075293421BD8C388B3F5FA7F17D20089E2
:103FE00040F676430A3880B298428CBF0020012008
:103FF00070479A420BD8B3F5486F08D84278511EE3
:10400000072904D89A4202D242889A42E2E7002065
:1040100070472DE9F3470E4601A914469946FFF76C
:104020001BFE054618B9019F2CB901237B750120A1
:1040300002B0BDE8F087D7F8BC8021464046FEF7C5
:10404000F6FD824608B90020F2E7F7F76BFC8442E0
:10405000F9D851464046FEF726FF7B7D4946A0F839
:104060000150002B224618BF022600F8036BFEF712
:104070009DFB21464046FEF715FE18B983212B20F3
:10408000F6F7A4FA01A8FFF7EFF8019BA3F8B251E5
:104090007D75CCE743780246C3F30111012910B5C1
:1040A0000ED0022915D00478022103F00F00131D51
:1040B000528844EA0020FFF7ACFF38B1012010BD60
:1040C000047803F00F00131D5288F2E7F8F720FC84
:1040D000F4E70020F3E71A230B7001234B708B7079
:1040E0007047F8F7EDBA10B521B940F2A9211020B8
:1040F000F6F76CFA4A600B72EFF3108472B6031D88
:104100000B6042681AB1127A012A08BF0360036883
:104110001960016004B962B6BDE81040F8F71ABB37
:104120000222F8F7E3BB0322F8F7E0BB0422F8F71A
:10413000DDBB0222F8F71EBC8D230B7030F8953CD6
:10414000A1F8033030F8573CA1F8053030F8533C63
:10415000A1F8073030F8553CA1F8093030F8513C4F
:10416000A1F80B307047012908B503D10E30C0000B
:1041700080B208BD022902D10F308000F8E74FF469
:104180000C710620F6F722FA40687047C08A704723
:104190008A880B8910B5CC884988A0F85840A0F8C7
:1041A0005410A0F85620A0F85A3010BD0346B3F8BA
:1041B0004C10B3F85820914270B528BF1146B3F89F
:1041C0005A40B3F85020B3F84850A242B0F84260C9
:1041D000B0F8460028BF2246B3F84A40A3F8421080
:1041E0009442A3F8462038BF14468D4238BF0D468E
:1041F0008E42A3F84A40A3F8485021D1801A18BF34
:104200000120B3F84E10B3F85420B3F85660914231
:10421000B3F84050B3F8444028BF1146B3F85220D9
:10422000B242A3F8401028BF32468D42A3F8442082
:1042300008D1944218BF40F0010000F0010070BDA9
:104240000120DEE70120F8E738B5C58B0446438C32
:10425000007A9D4228BF1D46FFF785FF6389AB4268
:1042600028BF2B46984238BF184680B238BD2DE98A
:10427000F041984607460E46808919461446FFF7D6
:1042800072FF054641463846FFF7DEFF85429DF83E
:10429000181028BF0546B88AFFF765FFFB8AADB244
:1042A000834228BF0346A01D9BB230442B441844D0
:1042B000BDE8F08107B590F86D30002296213430CA
:1042C000009390F83830FFF7D2FF03B05DF804FB9D
:1042D00038B514460D4619469634FFF7EBFF2044D7
:1042E000A84294BF281A002038BD38B50D461146A3
:1042F0000446FFF7DFFF2844A06338BD01F19C03AB
:1043000083423DBF9C38401A40080020704700F0AF
:104310005503400800F05500034403F033009B08A8
:1043200003F03303034403F00F0000EB1310704756
:10433000036800229A7383F84A20A3F84620704746
:1043400003680022A3F84E2093F85020013283F82E
:1043500050207047026808B592F85030013B5BB2BC
:10436000002B82F8503003DA52214A20F6F72EF95A
:1043700008BDA0F10903042B09D9A0F14603012BC4
:1043800005D9233807288CBF002001207047012061
:1043900070470268136810B513F0080408D143F0A1
:1043A000080382F898101360FFF7CAFF204610BD7B
:1043B0000120FCE730F8023CF7B505460E46B0F8A0
:1043C000827073B101226846ADF801708DF800204B
:1043D000ADF80330F7F732FB18B195216320F6F7FB
:1043E000F5F883230024A6F803703370B4706B7A59
:1043F000D5F898007371FEF7C1FC08B9BA21EDE752
:1044000021463846F6F720FC4FF40173204603F0AE
:1044100004021B0A62F3070063F30F2003B0F0BD30
:10442000036800201A7C063A012A81BF4A785A7430
:1044300006221A7470470268137C063B012B84BF66
:10444000072313747047026870B5D57BE5B9CB8834
:10445000D688A2F86C32013B9B1B47F6FD769BB2D7
:10446000B34206D9282382F83130F8F72DFC2846CC
:1044700070BDD1F80130C2F86E324B7982F87232D9
:1044800009220368DA73F2E70125F0E70B4682227E
:1044900003F8032BD0F80920C1F80320D0F80D2031
:1044A0005A60427C1A720023CB707047036870B563
:1044B000DD7B06460C46002D3CD1062229462046CF
:1044C000FFF780FD28B921783046BDE87040FFF73E
:1044D00060BF32686389D188A2F86C32013B5B1AF5
:1044E00047F6FD719BB28B4207D92823304682F8EC
:1044F0003130F8F7E9FB284670BDA38840F2E2416D
:104500004B43C2F874326378C3EB431003EB800370
:1045100003EB83035B00A2F86E3263884B43C2F85F
:104520007032E388A2F878322389A2F87A320C2319
:10453000D373E0E70125DEE70B46842203F8022B64
:10454000D0F80920C1F80220D0F80D205A60704739
:104550000B46852203F8022BD0F80920C1F802206F
:10456000B0F80D209A80704738B503680546DC7BAB
:1045700034B1103C0F2C8CBF01240824204638BDD8
:104580001B7D002BFAD0FFF7DBFE2B681022DA73BD
:10459000F4E708B50368DA7B152A04D040F253210A
:1045A0001F20F6F713F8012283F851201722DA733F
:1045B00008BD0368DA7B112A05BF12220020022001
:1045C000DA737047036810B5DB7B04461B2B06D1FA
:1045D000FFF7C0FE23681F220020DA7310BD0220FF
:1045E000FCE708B50368DA7B102A04D040F27E218C
:1045F0001F20F5F7EBFF012283F851201122DA7317
:1046000008BD08B50368DA7B172A04D040F28A2176
:104610001F20F5F7DBFF1B22DA7308BD3E230B706A
:104620000C234B7004238B70D0F80930C1F8033091
:10463000D0F80D30C1F80730B0F81130A1F80B30C8
:10464000C37C4B73704708B503689A7B1AB1CF21BE
:104650001C20F5F7BBFF04229A7308BD026808B559
:104660001368D90703D4DD211C20F5F7AFFF23F031
:1046700001031360BDE80840FFF76CBE87230B7091
:1046800030F88C3C4B807047036800209A7B0E2AE0
:1046900001BF002283F83E2083F84A209A737047B6
:1046A00038B505682B6813F0040407D1FFF748FEFE
:1046B0002B68204643F004032B6038BD0120FCE743
:1046C0000268136823F004031360FFF743BE08B5C4
:1046D00003689A7B1AB172214B20F5F777FF0E22FF
:1046E0009A7308BD10B5D0E90D42A24206D38B8C57
:1046F000121B498E05334B43934202D3012380F8AA
:104700003E3010BD0C230B7008234B7000238B70C0
:10471000B0F85630A1F80330437A4B714389CB800F
:1047200083890B81704710B5046894F853309A0759
:104730000CD4A37B1BB177214020F5F747FF012262
:10474000A4F84630A27384F84A2010BD23689B0762
:1047500005D5FFF7FFFD236823F002032360002344
:1047600084F83231F1E710B50B7901284C790A68E9
:1047700043EA0421104608BF41F4803110BD07B55B
:10478000FFF7F1FF0DF10702F8F7C6FC03B05DF883
:1047900004FB002307B501A80193FBF7EFFE019886
:1047A00010F0030018BF012003B05DF804FB08B54A
:1047B000FFF7EFFF002814BF1420002008BD10B53C
:1047C000FBF710FC0446FFF7F2FF4FF47A7204F592
:1047D0004443A4304933B3FBF2F3184410BD10B581
:1047E000044690F86D00FFF7EAFF012201462046DB
:1047F000BDE81040FFF779BD7FB5044618B9A52183
:104800003020F5F7E3FE052900F2B580DFE801F07E
:1048100003AE2A25B3A990F80032C288A3B1B0F83C
:10482000FE31934208BFB0F8B4319A1AA0F8B6210D
:10483000E3802046D4E99023C4E99223FAF722F9D1
:1048400094F84C3004B070BDB0F8FC319B1AA0F85D
:10485000B631B0F8FC319BB2EAE704B0BDE8704075
:10486000FBF734BB00F0D0FDD4E99223801A61EB52
:104870000301012871F1000302DA40F20161BFE790
:104880006FF0010383424FF000038B4102DA40F2E4
:104890000261B5E7D4F8C4300BB1B0FBF3F3E17BB0
:1048A000B4F8FE210C2931D10132A4F8FE21B4F86C
:1048B000623203AEE5880133A4F86232B4F84230C4
:1048C0001D44B4F84030013DED1AADB2B4F8FE110C
:1048D0006B1A180434D40023204600961A46F8F7C1
:1048E000C3FC0128AED1B4F8FE21B4F8B011BDF874
:1048F0000C301344521A12049BB204D5EA1A12F473
:10490000004F18BF0B46A4F8FE31DFE7E1880B44E7
:104910009BB2D11A0D044BBF013301329BB293B24B
:10492000A4F8FE3194F80132002BC0D1B4F8B431B0
:10493000B4F8FE21934204BF0133A4F8FE31B6E778
:10494000A37C30460394002B14BF08233E2384F835
:104950003130F8F7B9F9204600F07EFC002363738C
:1049600070E704B0BDE87040FEF73ABC437B042B0F
:10497000F4D0C62144E7CB2142E7002313B51A4601
:104980004373A0F86032194600930446F8F76CFCB4
:1049900020B140F2E7113020F5F718FE0123C4F8EA
:1049A000E801C4F8E0016373A4F8FE01A4F8FC0177
:1049B00084F80102E388A4F86202013BE38002B0BC
:1049C00010BDD0F8E800704738B5044690F828319B
:1049D0009BB1FF2380F83031012100F09EFA94F85A
:1049E000283153B104F1C005284600F030FD2846B7
:1049F00000F039FD002384F82831002038BD08B5C7
:104A000090F8302142B990F8EC2042B1D0E93C3125
:104A1000994202D9F9F7D2FD0022104608BD0122C1
:104A2000FBE710B50446FFF7C2FE00F25911E26938
:104A3000636B9A4228BF1A461046FFF75FFC40F6A8
:104A40004803984228BF184680B210BD7FB504467F
:104A500090F84C3003F0FF05002B57D1437B032B1C
:104A600054D100F0D1FCD4E99223801A61EB030108
:104A7000012871F1000349DB6FF00103834275EBFC
:104A8000010104DA40F2AA513020F5F79FFDD4F875
:104A9000C420E3880AB1B0FBF2F2013313449BB2A5
:104AA000A4F8FC31B4F8B431B4F8FC219B1A1BB261
:104AB000002B2BDD04F5027000F0C9FC30B3FF239E
:104AC00084F80132B4F842300DF10E06E5881D4439
:104AD000B4F84030013DED1AADB2B4F8FC31EB1A38
:104AE0001B0413D4B4F8FC1100230122204689B220
:104AF0000096F8F7B9FB012808D1B4F8FC31BDF8ED
:104B00000E2013449BB2A4F8FC31E6E704B070BD5C
:104B10002DE970430C461546E2B9FAF7F9FE84F820
:104B2000EC500646D4E9468984F82851D4F8E800C8
:104B3000FFF7E9F8D4F8E800C0E99289C0F86462A8
:104B4000C0E99689FFF719FFFBF782F8BDE87043CB
:104B5000FDF742B940F2C3713020F5F737FD70B56B
:104B6000044621B1012978D040F2D37172E000F0FF
:104B700007F994F8293105460E46DBB150EA0103E6
:104B800018D0D4E93E32D4E94601C01A334661EB6D
:104B900002012A4600F074FE05FB01F300FB063318
:104BA000A5FB00021344D4E93E21121843EB010394
:104BB000C4E93E23E08B30B1F7F704FFE38BB0FB91
:104BC000F3F202FB1300D4E93E32ED184FF000037C
:104BD00046EB02062D1840F2024284F8083146F1F5
:104BE000000684F82931A4F81021C4E93E56C4E92E
:104BF000465694F8303103F0FF01DBB96FF0004303
:104C0000D4E948029A4208BFB0F1FF3F18D02046CD
:104C1000D4E9465600F0A9F8AE30D4E948325B1B1F
:104C200062EB06021B1A62F10002002A08DA204633
:104C3000F9F7C4FCFBF70CF8BDE87040FDF7CCB801
:104C400004F5847104F1C000FDF7DAF80028F1D111
:104C50004FF4E0613020F5F7B9FC002380F8EC3028
:104C6000E8E790F82801003818BF012070470B468C
:104C70008C2203F8032BD0F80920C1F80320D0F8C8
:104C80000D205A60704738B588220B460C4603F851
:104C9000032B00F10902293052F8041B824243F829
:104CA000041BF9D1127800211A700123A588A37181
:104CB0002846F5F7B3FF58B1E3784BB100212846F9
:104CC000F5F7C2FF20B140F233212D20F5F77EFC2D
:104CD00038BD0121F9F702BAFFF7FBBF90F8723037
:104CE0000BB10120704790F8AA2002F0FF03002AC0
:104CF000F7D190F89C201846704737B50D464FF411
:104D00009C720021044600F004FEFF23237013234D
:104D1000638042F21073E383F6F77AF800220146CB
:104D2000A0626846FEF76FF9A06A00220121FEF733
:104D3000B5F9A16A68460422FEF765F90022A06A67
:104D40001146FEF7ABF904F12000A57403B0BDE8ED
:104D5000304000F019B9FF23886A0B70FEF750B994
:104D60000078FF3818BF0120704710B50446203086
:104D700000F05AF928226188F9F750FC6D3010BD17
:104D8000D0E9020170472DE9F04F07468FB00C467D
:104D9000064606AD0DF110080FCF0FC597E80F00BE
:104DA00085E80F00404600F0EFF8677894F814901B
:104DB00007F07F0594F80AA0B9F1010F94F800B04C
:104DC0002F4607D0B9F1020F04D040F2123106206D
:104DD000F5F7FCFB617A404600F0DDF8237D227F89
:104DE0004046022B02F101020CBF617D0121D2B2CB
:104DF00004BF0131C9B200F0D0F815F0080360D14A
:104E00004046019300F010F928223946F9F706FCD4
:104E100040F2712100F28622E5782079019B45EA73
:104E200000256079B2FBF1F245EA00454A434D4363
:104E3000AA420AD9E079A57945EA0025207A45EA0F
:104E400000454D43954228BF1546227E0393531ECD
:104E5000A17CB06A5A4202915A410192FEF79EF932
:104E6000B06AFEF7ABF9039B019A0299ADF81A708C
:104E700006AF8DF818B0089535468DF828208DF8C6
:104E80002B108DF82CA08DF81C9009930FCF0FC517
:104E900097E80F0085E80F0098E8030030620020D3
:104EA000B184E37A03F0FD03003B18BF012386F8C9
:104EB0004F30E3683365238AA6F854300FB0BDE85D
:104EC000F08F00252B46C0E74FF40043C38443888E
:104ED0001D2B08BF00214174704790F912007047E4
:104EE000408800F0010070478078C0F340007047B0
:104EF0008078C0F3C000704790F84830816181F835
:104F0000B330D0F84930C1F8B430B0F84D30A1F822
:104F1000B83070477047F8F74BBE80F8681070479C
:104F20008278034612F0010002D0D978C90710D563
:104F3000900702D5D97889070AD512F0040008D065
:104F4000D878C0F3800080F001008000C0B27047C4
:104F500002207047C0F34002C0F3800300F001005C
:104F6000134418447047022808B507D0042807D016
:104F7000012807D039212E20F5F728FB262008BD6F
:104F80002720FCE72520FAE70023C0F802300123A0
:104F90004370037070478170704710B542701446BB
:104FA00001708078FFF7D6FF484304FB00F2FE2A29
:104FB00003DD5C212E20F5F709FB10BD0023C37033
:104FC00043710371704710B50446FFF7A9FF637979
:104FD00062780133DBB29A4263710CD1E37800222C
:104FE000A17803436271DBB29942E37001BF237978
:104FF000E27001332371BDE81040FFF7B4BF38B54C
:1050000004468078FFF7A6FF0146E078FFF7A2FF8D
:105010002378227965789B1A6B4359436379C91ABF
:1050200000FB1510C0B238BD014608B58078FFF707
:1050300091FF4A780B7853435843C0B208BD40F201
:10504000EE20704740F25A335843704738B50E3857
:10505000136814460D469A7B09283ED8DFE800F015
:10506000053D3D3D0F3D183D3D27042A05D1204615
:10507000FFF75EF92046F7F791FF002038BD0E2AB2
:10508000FBD1002220461146BDE83840FFF7FCBAAC
:10509000202AF2D12046FFF74BF9002DEDD02268EF
:1050A00092F8623023F0200382F86230E5E7DA7B81
:1050B000262AE2D100252046DD73FFF74BF923684D
:1050C00093F82C31012B03D129462046F6F7C2FF75
:1050D0002368002283F82C21CFE740F2622131209F
:1050E000F5F774FA08B50368DA7B172A04D040F2A2
:1050F0007E513120F5F76AFA1D22DA7308BD08B532
:1051000090F89E30FE2B04D040F66F113120F5F759
:105110005DFA002380F89E1080F89F3012B9A0F845
:105120004E2008BDA0F84630012380F84A30F8E749
:1051300008B50368DA7B342A05D10022DA73BDE8AA
:105140000840FFF707B9172A02D11D22DA7308BDFC
:1051500040F293513120F5F739FA08B503689A7B8C
:10516000082A0AD193F8991093F8A020914204D10B
:1051700000229A7383F84A2008BD1A68110706D5E1
:1051800022F008021A60BDE80840FFF7E3B84FF4C8
:10519000AF613120F5F71AFA037D63B9C37BA3F140
:1051A0000F02032A07D990F8520028B11F2B8CBF99
:1051B00000200120704701207047024600684978AE
:1051C000837B202B13D00AD8042B12D00E2B12D0A5
:1051D000C37B262B0CBF1720FE20F9F787BB2A2B99
:1051E00003D02C2B09D0242BF2D11620F5E7142064
:1051F000F3E70E20F1E71220EFE72320EDE7024668
:1052000000680B4690F8621041F0040180F86210CB
:1052100099785878F9F76ABB38B50C460546D1E954
:105220002F01F5F7ABFD637B3BB104F5027420461B
:1052300000F00DF9204600F016F928460221BDE8DD
:105240003840F5F701BD0020704708B5F7F704FCBA
:10525000BDE80840F7F79EBD0022C281827490F835
:105260004C3013B10221F8F7CDBB0321FBE738B571
:1052700004460846E37B03F0FD0394F8682212B16C
:105280000C25284638BD152BFAD194F8843203F04A
:10529000FF05002BF4D191B194F8D63123B940F633
:1052A0006C313120F5F792F9052304F1800204F501
:1052B000E37100F098FA012384F86832E1E70223F1
:1052C000FAE7F7F729BC08B5FAF712FBFAF728F95D
:1052D000FAF756F8BDE80840FAF778BF10B5C824C9
:1052E000FAF7E2F8022808D1013C14F0FF04F7D1E4
:1052F0000620F7F71BFB204610BD431E58425841BD
:10530000FAE710B5FAF70CFB044600F027F920186D
:1053100041F1000110BD38B504461546FAF78CF985
:1053200001462A462046BDE83840FAF729BC19B99B
:1053300043780BB1C3788370704710B504460846B4
:10534000FAF750FE4FF47A73B0FBF3F0201A10BD59
:1053500010B504460846FAF745FE4FF47A7200F29B
:10536000E733023CB3FBF2F3E01A10BD00F038B8AB
:10537000801A00F3070038B50D46144659B240B202
:10538000FBF7B2F90023287020446B7040B238BD9F
:105390000023036070477047002070474FF0FF30D4
:1053A00070474FF0FF30704770474FF0FF30704745
:1053B00000207047002070470023037070479DF85D
:1053C00000300022FFF7D4BF4FF0FF3070470020BD
:1053D00070474FF0FF3070474FF0FF307047704715
:1053E00070470020FBF7D6B90020FBF77FBA0020FA
:1053F000FBF790BA0020FBF7CDB97047FBF7D6BAA0
:10540000FBF7E8BAFBF7D8BAFCF71ABFFCF7FEBB0C
:10541000FCF714BCFCF734BF00F03AB9FCF722BF2C
:1054200010B5837F8BB9034601F1180251F8044B84
:10543000914243F8044BF9D1012484772146FBF7CC
:1054400017FEFCF7D5FB204610BD0020FCE710B589
:1054500004460221FBF70CFEFCF7CAFBA07FB0FA62
:1054600080F0400910BD38B50446A37F03B938BDAC
:10547000A37F032B02D0A37F042B0ED1EFF3108563
:1054800072B62046FCF712F805B962B6A37F002B6E
:10549000EDD0FF210320FCF78DFFA37F012B02D16C
:1054A0004FF48271F6E700F0A8F9DEE7F8B5074699
:1054B000FCF70CFC044620B940F229110320FCF74C
:1054C00079FFFCF709FCA46800252418384641F14F
:1054D000000622463346FCF771F8A04271EB060342
:1054E00009D3001B6FF0010361EB0601834275EBEA
:1054F000010102D3F8BD2846FCE74FF0FF30F9E781
:105500002DE9F04104460F46FCF7E0FB064620B9C2
:105510004FF4A3710320FCF74DFF85680023621947
:105520005B4113B10020BDE8F081FCF7D5FB2A18E0
:10553000384641F1000314EB020843F10005FCF783
:105540003DF84045A941EDD3FCF77AFE00F05FF845
:10555000B368012037752344B360E4E7FCF7BCBBB4
:1055600080687047F8B50369044623B14FF4D171E0
:105570000320FCF71FFFFCF763FE05460E46FBF712
:10558000CDFC70B36435D4E9003246F10001AB4282
:1055900072EB010001D22B460A46C4E90032EFF358
:1055A000108572B6FCF792FB064698B1FCF794FBA7
:1055B000B3680B332CBF012200221B18D4E9006012
:1055C00042EB0101B34271EB00023CBF334601469E
:1055D000C4E9003105B962B62046BDE8F840FCF7E1
:1055E00063B8FBF7BBFC0746FCF784FBB84238BF47
:1055F0003846963546F100024319D4E9000142F1DC
:105600000002834272EB0105C7D20346C4E7FBF7F1
:1056100049BE032910B5044606D801290ED840F228
:105620005D11B020FCF7C6FE0429F8D1FBF736FD6A
:1056300020B12046FCF7B6F8022010BD0020FCE7A0
:10564000C0E908122022002100F063B910B50378E8
:1056500086B0044623B14FF4AB714520FCF7AAFE97
:105660000593CDE90333D0E90423CDE90023436852
:105670000293037A68468DF81430FFF773FF012018
:10568000DDE90023C4E9042306B010BDFCF772BCB9
:1056900010B5029C241841F10001A01A61EB03012E
:1056A000B0F1004F71F1000103DBAA210420FCF7E7
:1056B00081FE10BD70B50024FCF736FE0546264677
:1056C000E0B2854200D870BDFCF734FE0134068597
:1056D00080F82A60F4E7F8B5037904461BB11B2172
:1056E0009D20FCF767FE4679017126B901234371BD
:1056F000217909B96171F8BD276820462671B8473C
:1057000002280546F4D103212046B84708B12F21CD
:10571000E6E723682946204698470028E8D030214C
:10572000DEE70346006800B970478842F9D1026895
:105730001A60704701F11003013813F8012D8B42F4
:1057400000F8012FF9D170472DE9F04713F0010F50
:105750008EB004460D4617469A46DDE9168924D0D8
:1057600006A8FFF7E7FFA30735D002AA04F110054A
:105770002068083454F8041C1346AC4203C31A468C
:10578000F6D106AD02AC1AF0020F4346CDF80090F8
:1057900023D0294620460AAAFCF7B6FE0AA93846B5
:1057A000FFF7C8FF0EB0BDE8F08713F0040F0DD16E
:1057B00006AB0E4601F1100C1D463068083656F84F
:1057C000041C1A46664503C21346F6D1214602A8B8
:1057D000FFF7B0FFD6E706ADD5E73A4629462046A3
:1057E000FCF792FEDEE713B50024CDE90044FFF795
:1057F000ABFF02B010BDFCF78BBF20BF704720BFCE
:1058000070479142F8B503D373219620FCF7D2FD7F
:10581000B2FA82F33BB1C3F1200499409A4020FAD6
:1058200004F4984021434FEA124C93B2040C87B21F
:10583000B1FBFCF50CFB151E05FB03F64FEA0E4E03
:105840000EEB1040864205D9361A964294BF0126C7
:105850000226AD1B04EB0141280405FB1211B1FB2C
:10586000FCF40CFB1411634307EB0147BB4205D961
:10587000DB1B934294BF01230223E41A2043F8BDAB
:105880002DE9F0411D4607460C46164652EA05032F
:1058900003D1A6219620FCF78DFD85B9914204D253
:1058A000FFF7AFFF2946BDE8F08108462946FFF71C
:1058B000A8FF05463246384606FB1541F0E7B5FA23
:1058C00085F80123400803FA08F3C8F11F0840EAED
:1058D000C470A3FB0212610803FB0522FFF791FFCE
:1058E00030FA08F04FF0000102D0013861EB0101FD
:1058F00000FB05F3A0FB062C06FB0133BF1A634433
:1059000064EB0304B742AC41CDD3013041F1000157
:10591000C9E7F0B5C9B20446A30726460ED14FF039
:10592000013522F003034D43E718BC420CD1334448
:1059300002F003021A44934209D1F0BD002AFCD0C0
:10594000013A04F8011BE7E744F8045BEDE703F8CC
:10595000011BF0E700280CBF6FF015000020704716
:105960000020704707230370002070470020704715
:1059700000207047034611F8012B03F8012B002A81
:10598000F9D17047034613F8012B002AFBD1181AEE
:10599000013870472DE9F0478C468E46089E154623
:1059A00004461946002B40F0D080724547D9B2FA20
:1059B00082F74FB1C7F120030EFA07FCBD40BC408F
:1059C00020FA03F343EA0C0C4FEA154EA8B2230C5D
:1059D000BCFBFEF80EFB18CC08FB00F943EA0C43B5
:1059E000994528D9EB1808F1FF3204D2994502D91C
:1059F000A8F102022B44A3EB0903A4B2B3FBFEFC03
:105A00000EFB1C330CFB00F044EA0344A04214D903
:105A10002C190CF1FF3304D2A04202D9ACF10203DD
:105A20002C44241A43EA02401EB1FC400023346097
:105A30007360BDE8F0874246DDE76346F1E7002A80
:105A400079D0B2FA82F3002B3FD01946C1F120037E
:105A500002FA01F500FA01F42EFA03F20EFA01FE41
:105A600020FA03F3AFB243EA0E034FEA154EB2FB3E
:105A7000FEFC0EFB1C201A0C0CFB07F842EA00424D
:105A800090455AD9AA180CF1FF3004D2904502D99A
:105A9000ACF102002A44A2EB08029BB2B2FBFEFC6E
:105AA0000EFB1C220CFB07F743EA02439F4246D938
:105AB000EB180CF1FF3204D29F4202D9ACF1020282
:105AC0002B44DB1B42EA004202E0AEEB0203012260
:105AD0004FEA154EAFB2200CB3FBFEFC0EFB1C339D
:105AE0000CFB07F840EA034398452AD9EB180CF160
:105AF000FF3004D2984502D9ACF102002B44A3EB4D
:105B00000803A4B2B3FBFEFC0EFB1C330CFB07F72F
:105B100044EA0344A74216D92C190CF1FF3304D2EE
:105B2000A74202D9ACF102032C44E41B43EA004033
:105B30000F46114678E71F2188E76046ABE76246CB
:105B4000BFE76046DBE76346EFE7734506D916B962
:105B5000002108466DE7C6E9000EF9E7B3FA83F7BE
:105B600087B9734501D3824207D8841A6EEB0303C9
:105B700001209C461EB900215BE73846FAE7C6E9DA
:105B8000004CF8E7C7F1200CBB4000FA07F422FAFA
:105B90000CF520FA0CF1BA401D432EFA0CF30EFA64
:105BA00007FE4FEA154941EA0E011FFA85FEB3FBD5
:105BB000F9F809FB18300B0C08FB0EFA43EA004316
:105BC0009A4540D9EB1808F1FF3004D29A4502D922
:105BD000A8F102002B44A3EB0A0389B2B3FBF9F846
:105BE00009FB183308FB0EFE41EA03418E452CD910
:105BF000691808F1FF3304D28E4502D9A8F10203D7
:105C0000294443EA0040A1EB0E01A0FB0298414564
:105C1000CE46434602D306D14C4504D20138B9EBF7
:105C2000020E68EB0503002EA5D0B4EB0E0261EB6B
:105C3000030101FA0CFC22FA07F3F9404CEA0303D2
:105C4000C6E9003197E74046C5E74346D9E700007B
:105C500013B500246FF009034FF48062144915480E
:105C600000940BF0D5F9144912480BF075FA13495A
:105C700013480FF006FF224604211C2001F0CAFF42
:105C80000122104BD3E8EF1FC3E8E02F0028F9D121
:105C900005A3D3E900230C4906480BF0F9F9204687
:105CA00002B010BDAFF30080389C1C000000000063
:105CB000184604209823042074970A00574E0A00BF
:105CC000B02A0420AC2A04200002042000000000B6
:105CD00010B50B4BD3E8AF3F53B1FBF725F906A343
:105CE000D3E90023BDE81040064907480BF0D0B9BE
:105CF00010BD00BFAFF30080389C1C000000000006
:105D0000AC2A042000020420982304201FB501249B
:105D10000294044C0194BDF8184000940EF03EFD2E
:105D200004B010BD982B04200B4610B5064C074854
:105D30000321074A0DF050FA206818B104F04EFF15
:105D40000023236010BD00BFB8270420A86C0A0000
:105D50008C770A0080B50D4A0D4B00AF88B0012941
:105D600008BF13466A460B49CDE905134FF400738B
:105D7000ADF81C30084B42F8103F00234FF4E651B9
:105D8000064801F015F9BD4680BD00BFA5770A00A1
:105D9000AD770A00B6770A0003000001A86C0A007C
:105DA00030B50B4B0B4D1C6887B0287074B10021C7
:105DB0001822684610F0D7F8074B6946CDE901353F
:105DC00001232046ADF80C3007F01AFD07B030BDB6
:105DD000B8270420982B042004710A0003460121EF
:105DE000014A02480DF0F8B9C7770A00A86C0A000A
:105DF00010B50446084619B1BDE81040FFF7EEBFE4
:105E00000321054A05480DF0DEF920460DF029FE74
:105E1000034B186010BD00BFE2770A00A86C0A00AF
:105E2000B827042008B505480321054A0DF0CBF931
:105E3000BDE808400020FFF7B3BF00BFA86C0A0010
:105E4000F7770A002DE9F04F97B00321634A6448C1
:105E50000DF0B9F9634E30460FF022FC40B9624AAA
:105E600001215F480DF0AFF9002017B0BDE8F08FB9
:105E7000002003F0ABFE08B15C4AF1E701275C4C5F
:105E800007AD0FCC0FC5236802222B6059495A4B2E
:105E9000009707A804F0F6FA054608B1574ADFE76D
:105EA00003210DF11008564A4D4804340DF08BF9CA
:105EB00094E8070088E8070029461E220DF13A0001
:105EC00010F051F84F4A504BB468CDE90C23282309
:105ED0008DF838303C238DF839301023119302238C
:105EE000CDF840808DF854308DF8567023680CA999
:105EF0003046984739463046636898470321434BFC
:105F0000434A37480DF068F92C46A846DFF8FC9064
:105F10004FF47A720021B36800929D68304603AB5B
:105F2000CDE9021102AAA8470346002844D1DDF8B2
:105F300008E0BEF1000F3FD0002000211F46039D66
:105F40006D08AB423BDB25B12A460023FCF7BEFCC3
:105F500005460FF09FFF4FF47A7CA0FB0C0E002348
:105F600047F612220CFB01E1FCF7B0FC4D458346DD
:105F70008A46034602D8B7F5FA5F19DD40F6B93113
:105F80001B1B6AEB08028B4272F1000210DB03213B
:105F90003B46204A124800950DF028F90120FFF7F2
:105FA000FFFE00231C4A1D480BF0D0F85C46D0468B
:105FB00002991B480FF0CDFB0BF042FBA8E73EF91E
:105FC00013C001338CEAEC72A2EBEC7292B2BA42CB
:105FD000CCFB8C01C8BF17B2B3E700BF25780A001D
:105FE000A86C0A0068620A0051780A0071780A00F9
:105FF000706D0A00E0700A00D8700A0087780A0005
:106000009A780A0040420F00006A180060E3160008
:10601000C9780A00F3780A00366E01008000042077
:106020009C0604202DE9F84F8A4600AF002974D061
:1060300004680E1F361BF50826F0070604EB060859
:10604000B8F802B01BF0010B16D1E94688B06A46D9
:10605000334BCDE90531032342F8103F4FF4C251D1
:106060005B46304800F0A4FFCD468BF31188BFF3A8
:106070006F8F0423184602DF294620460CF009FBE7
:10608000284434F83030C01A854217D0E94688B029
:106090006A46254BCDE9053A032342F8103F002319
:1060A0004FF4C2511F4800F083FF0023CD4683F315
:1060B0001188BFF36F8F0423184602DFB8F802304F
:1060C000294623F00103A8F8023020460CF0E1FA3B
:1060D00005EB000804EBC8035B88DA0708D44146E7
:1060E00020460CF01FFB4246294620460CF05FFB81
:1060F000A65BAE1B04EBC6035B88DB0709D4314605
:1061000020460CF00FFB2A46314620460CF04FFB90
:106110003546294620460CF0C1FABD46BDE8F88F49
:1061200090790A00F86C0A0067790A002DE9F04FAF
:1061300091B0009302F004030293C2F3C20301334F
:10614000840705460E46DDF868A00392059340F0EB
:106150009C81041D002849D101F00706341DC6F1B9
:106160000806009B00274FF004085A1E4FF0FF332B
:10617000B9460193BB46434604970DB1009921608F
:106180000598002800F3D6808F480099814203D3F8
:106190008E488142C0F0CE800399601B11F0020C42
:1061A00040F0D680B9F10F0F00F2CF80002D00F043
:1061B000D68009F140010DEB010E0199C0F3870073
:1061C0000EF8200C0EF8101CBCF1000F00F0C3807C
:1061D00060F07F000EF8200C013709F10109C5F1CC
:1061E00008014FF6DA7E043406918CE00729B8D80E
:1061F0006FF01B0011B0BDE8F08F7A285BD84B28F8
:106200000FD8472857D829282ED8252850D052D81B
:10621000202818BF23280CBF4FF0010B4FF0000BB4
:1062200071E04C382E2846D8DFE800F06D45454532
:10623000454545454545454548454545454545450B
:1062400045564548485656566D486A456D45184866
:106250001845457F7C48454548457C0000204FF067
:10626000000B4FF0040835E001212A38C0B201FAD2
:1062700000F010EA0E0F46D110F0625C2CD110EA4B
:10628000010B40D06046013C4444B4FBF8F408FBE9
:1062900004F425B1A3EB050CA444B445A8D8002808
:1062A00070D00599013905915AF8041B009164E7F3
:1062B0000199013901914FF0000B24E012F8010C13
:1062C0006C2834D1002012F8023C83466C2BC8D1D4
:1062D0004FF008084346D6E70AF1070A2AF0070AF2
:1062E000073424F00704FAE802BC35B106982044CC
:1062F000B0423FF67DAFC4E900BC4FF0000B08345C
:106300004FF00808434612F8010F002853D0BBF1A4
:10631000000F7FF472AF2528F5D14FF0010B019BE0
:10632000013301934FF00408ECE7584697E700204B
:106330008346A8E7039988077FF551AF4FF0010C1A
:10634000601BB0F5007FFFF42DAF6FF0150051E733
:106350004FF0000CF5E70498013004903DE7BCF1E4
:10636000000F01D0013638E70298023600287FF48A
:1063700034AF0098CDE90632FFF704FBDDE90632C1
:1063800006442AE7042B08D10AF1040015B1DAF813
:106390000010216082460434B5E70AF1070323F0B8
:1063A000070303F1080A1DB1D3E90001C4E90001A4
:1063B00008230834A7E7631BB3F5806FC5D23DB946
:1063C000A6F10804E01815E7A8600A006C9B0A0013
:1063D000029A9B0828602B709DF81030AAB1EB70D0
:1063E000AF702FB1002208A8C5F1010C91450ED164
:1063F0004FF0000AC5F101030DF1200801930DF1E2
:10640000300BD14512D1601BF4E66B70E8E710F851
:10641000013B190608D50CEB040EB64503F07F03CB
:106420003FF6E6AE04F8013B0132DFE71FB198F911
:106430000020002A17DB029BD3B11AF80B2004F8C6
:10644000012B0022019B18191044B0423FF6D0AE38
:1064500098F80000009904F8010B204603920FF011
:1064600075FD039A14440AF1010A08F10108C8E70E
:1064700098F8002055F822300093029B009845F8C8
:106480002230FFF77FFA421CDCE76FF00D00B1E627
:106490002DE9F04F97B000AF05468A46C7E90A32AA
:1064A00049B903784678807800EB83002844564544
:1064B00024D8A0EB050AD7F8803095F8028003F0C5
:1064C0000103D7F88040FB61EB78B8F1000F0CBFF7
:1064D000002404F001047B621BB1D7F880309A07D6
:1064E00015D4A4B9FB6A1BB151462846BA6A98472D
:1064F000564630465C37BD46BDE8F08F441C20460A
:10650000FFF740FA013020440AF1010ACFE7D7F83B
:106510008030C3F3C0033B622B78BB619B003B61BF
:106520006B687B61BB6905EB830BFB6A002B77D142
:106530005646D844BCB11C461BF8013B55F8230015
:10654000FFF720FAD7F88430013043B1D7F888300C
:10655000A34282BFD7F8843023F814000134C34526
:106560000644E9D1D846D7F880304FF0000913F03F
:10657000050F0CBF4FF0020B4FF0010B7B6A9945E2
:10658000B7D298F8013008F1020855F823A0AE4BB5
:106590009A45C0F04C81AD4B3A6A9A452CBF002316
:1065A00001230AB318F8021C7869FB620CF0D4F9D5
:1065B000FB6AC8B1EA468AB06A46A54B05937B6977
:1065C000CDE906314FF40073ADF82030A14B42F80D
:1065D000103F00234FF412519F4800F0E9FCD546CC
:1065E000023E09F10109C9E723B1FB6933B9A6EB02
:1065F0000B06F6E7D7F880309B07F2D55046FFF739
:10660000C1F9D7F884304BB1D7F888309C423FBFEE
:10661000D7F88420431C22F8143001340644E0E704
:10662000002C6AD1B8F1000F6DD0D7F88030580730
:106630006CD5C14607F14800424659460FF086FC2A
:1066400000220BEB0803FB600233796A8A425FD3B6
:10665000D7F8802095F801B0F969920704EB0B0395
:1066600048BF0022DBB258BF4FEA5902002940F070
:10667000A680D7F8801011F0040F14BF49460021FE
:106680006B70A970EA702846BA6A3969FB6A984744
:10669000061EFFF62EAFBB6949462B707B6ABA6AAD
:1066A000EB7085F801B0FB6A85F8028007F14800BD
:1066B0009847B0F10009C0F2B6803B697A6A786AFF
:1066C00003EB4201FB68414403EB4000BA6AFB6AFA
:1066D000AAEB010198470028C0F2A7804FF0000BF9
:1066E000B14409EB000607F1380AA34569D300213C
:1066F000BA6A0846FB6A9847FBE644464FF0000931
:1067000007F1380098E74446C14699E7A14697E764
:1067100013F8016CDFF830C155F8260013F8021C9D
:106720006045C0F08A80DFF824C16045386A2CBF1C
:106730004FF0000B4FF0010B38B17869C7E9013217
:106740000CF00AF9D7E90132F0B9BBF1000F1ED005
:10675000F96949B1611C04F1280007F130040419FA
:1067600004F8206CCCB20FE0D7F8801049070BD5A5
:1067700009F1280007F1300C09F1010100EB0C09C7
:1067800009F8106C5FFA81F9013202335DE7D7F83E
:1067900080008007DED409F1280C07F1300EF444A4
:1067A00009F101000CF8101C07F1580109F1020968
:1067B00051FA80F05FFA89F900F8106CE4E70021E3
:1067C0005EE71BF80A3055F8239087F83730D7F882
:1067D00084302BB3D7F888309B4521D2D7F884304A
:1067E00033F81B800121BA6AFB6A07F1370098472A
:1067F00000281ADB0644B8F1000F06D14846FFF71F
:10680000C1F800F101081FFA88F841464846BA6A03
:10681000FB6A9847002808DB06440BF1010B64E78C
:106820004FF00008DEE74E4663E6064661E63B6A47
:10683000002B3FF4DFAE0023B4E6386A0028A6D070
:106840004FF0000B79E700BFA8600A006C9B0A00BC
:10685000BD790A0004000001906C0A00014B186029
:10686000704700BFE002042080B505460E4617467B
:1068700098460AF063FF034601F0C2FA0446DFF8C7
:106880001890424649F8003039463046A84754F837
:10689000090001F04FFA00BF080000002DE9F047A1
:1068A000058B0446280717460CD501290CBF45F077
:1068B000100545F02005258387F31188BFF36F8FFE
:1068C000BDE8F087022905F0070540F094802046D6
:1068D0000CF0E9FA052864D801A353F820F000BFB2
:1068E000B9680900F7690900A36909006569090029
:1068F0007F6909009169090001F007035A1F012A05
:106900001FD8002221F00701062BD4F8008089B29D
:10691000C4E9002209D1434603E0628B013262835D
:106920001B68002BF9D141F00201204621830CF0B5
:10693000BAFA4FF0000900286DD041F02001218300
:1069400069E0042B0AD121F0070189B22046218396
:106950000CF0A9FA10B141F0200121834FF000089A
:10696000C14658E02369D3F80090238B23F0070336
:1069700043F006034FF00008238346464BE02369AB
:10698000D3F80490238B23F0070343F00403F1E7CB
:106990002369D3F80890238B23F0070343F0050302
:1069A000E8E74FF00008C146E7E7012243F008039B
:1069B000238387F31188BFF36F8F002A3BD1B8F18F
:1069C000000F4AD1B9F1000F02D020462C49C84728
:1069D000EFF31187402383F31288BFF36F8F238B6C
:1069E00023F008039BB22383D9063FD523F010027E
:1069F000228303F007056669218B002EBFF67CAF6A
:106A000000239946D4F8008021F00701C4E900333F
:106A100041F001012183238B03F0070AAA4502D02C
:106A2000A268002AC1D1B8F1000F02D1B9F1000F5C
:106A3000DAD00022BAE7A1680029C0D00D68002989
:106A4000BDD03346524620464F68B8471DB12B682B
:106A500029461D46F3E72B46FAE7414633465246A0
:106A60002046D8F800800CF04AFAA8E79A067FF58D
:106A700023AF23F02002228303F0070527E700BF9E
:106A80002B2F0A002DE9F047044607464FF0010975
:106A9000DFF84C8094FAA4F5B5FA85F509FA05F308
:106AA0002E0108EB05156FEA030A24EA03042B7B89
:106AB00063B158F806301B696BB946447368042209
:106AC0002846196807EA0A070CF00DFB002CE1D1F3
:106AD0003846BDE8F087284698470028F6D1ECE70D
:106AE000186D0A0010B5002288B00E490E480FF04C
:106AF00019FA002200230024CDE906230E234FF4C7
:106B00004072CDE90334CDE90144084B08490094B3
:106B100008480AF097FB084906480AF01DFB204682
:106B200008B010BD3D6B090060180420596E0900C3
:106B3000B82E0420981304207C7A0A0001480AF039
:106B400095B800BFFC0604202DE9F0478046214897
:106B50000F460CF0ACFA0646002833D00025284634
:106B6000BDE8F087237B83B12368DB680BB1204647
:106B70009847636883F8069023681B69D3B96368F4
:106B80000422204619680CF0AEFA01361034544540
:106B9000E8D3B8F1000FE2D0002DDFD02846FFF790
:106BA00071FF0546002FF7D0002140F239100FF099
:106BB000C2F8F1E7204698470028E0D009FA06F32A
:106BC0001D43E2E705464FF00109034CDFF80CA036
:106BD000DDE700BFCC270420186D0A00286D0A00ED
:106BE000014B53F82000704754710A0008B5034662
:106BF00008462BB1044A136000F03AFC002008BD9F
:106C00006FF01500FBE700BFE402042010B5044C50
:106C1000237813B903480AF029F80123237010BD23
:106C2000992B0420FC06042010B5044609480CF0FA
:106C30003EFA3CB1084BD3E8EF1F0139C3E8E21F2D
:106C4000002AF8D105480BF0C1F8BDE8104004480F
:106C50000AF00CB8C4270420C827042060180420B8
:106C6000FC0604200022044BD3E8EF0FC3E8E12F19
:106C70000029F9D1704700BFC427042070B5FFF781
:106C8000F1FF0546074C084EB44200D370BD63685F
:106C90005B792BB123685B6813B12946204698477E
:106CA0001034F1E7186D0A00286D0A0010B5044C85
:106CB000044920460BF08CFF034B1C6010BD00BF45
:106CC0002806042040710A00BC27042000230D4A36
:106CD00010B513700C4A0D4913600D4A0D4813602E
:106CE000FFF784FFFFF7E2FF0B4B0C4918468B427E
:106CF00000D310BD1A1A5C681211013222711033D0
:106D0000F5E700BF9A2B0420C427042040420F005F
:106D1000C8270420AB300A00186D0A00286D0A004D
:106D200001460022002301480BF073BF280604200F
:106D300001480CF00AB800BF28060420024B0146A7
:106D400018680CF05DB800BFBC27042001480CF0A7
:106D500092B800BF28060420F8B5284B1B78002BFA
:106D60004AD0FFF7E5FF0446002842D1244B254DC9
:106D70001B68002B19DD0FF08DF84FF47A76A0FB1D
:106D8000060747F61222002306FB0171FBF79EFD62
:106D9000D5E90032C01A40F2E93361EB02019842B2
:106DA00071F1000101D3FFF769FFD5E9003213F556
:106DB0007A7342F10002C5E90032ECB1BDE8F84057
:106DC000FFF7C4BF6B685B7923B12B682146284667
:106DD0001B6898471035B542F4D32046FFF7AEFF45
:106DE000094BD3E8EF1F0139C3E8E21F002ABDD0E9
:106DF000F7E7064D064EEEE70020F8BD992B04207C
:106E0000C427042058180420C8270420186D0A003D
:106E1000286D0A0070B50D4D297861B90120FFF782
:106E200093FE0B4C0B4EB44206D3FFF795FF0028A0
:106E3000FBD101232B7070BD63685B791BB12368A4
:106E400020469B6898471034EDE700BF9A2B04203A
:106E5000186D0A00286D0A0000212DE9F843084644
:106E6000FFF772FE044648B340F21B684FF000097A
:106E700000F0C6FF1A4B1B4A1B58136033B11A4B64
:106E80001B68092B02DD194809F0F0FE0025184F98
:106E900044B12046FFF7F6FD044618B94FF0FF381D
:106EA0004FF0FF39FFF758FF064628B9B5B90F482C
:106EB00042464B4609F00EFF3546E9E74FF0FF38F2
:106EC0004FF0FF39D4E72B689B691BB1002228469D
:106ED000114698471035BD42F5D3E8E7054DFAE76E
:106EE00008000000C0270420C8270420FC06042056
:106EF000286D0A00186D0A0013B518480CF0D7F871
:106F0000174B1B7873B1EFF31184402383F312887E
:106F1000BFF36F8FFFF720FF84F31188BFF36F8FEC
:106F200002B010BD0F4B1B68002BF9D050B90022E6
:106F300000230D48CDE9002347F6122200230AF072
:106F40000DFFEDE70928EBD107480AF03FFF07489E
:106F500002B0BDE8104009F089BE00BFC827042078
:106F60009A2B0420C027042060180420FC0604206B
:106F700010B5064B04461B6898472146A06004489C
:106F80000BF0C4FEBDE81040FFF7B6BFE4020420DA
:106F900028060420044A054B9B1AB1EBD30F34BFDB
:106FA00052F8310000207047306C0A00186D0A005A
:106FB0002DE9F04F8FB0C1F34A2604AF0D4690463D
:106FC000B8607B600C0D002E61D04FF000090A23E1
:106FD0004FF0040B07F1140AFE60C7E90799C7F8E0
:106FE00024900093CDF808B0CDF804A007F11C035D
:106FF0004A464046F968FFF74BFAB0F5006F034682
:107000001CD36C468AB0D8F8041004AB24481A4646
:10701000C3E9050140F2FF71D9614FF40071198491
:10702000204B42F8103F4FF412514B461E48FFF7D9
:10703000BFFFA5462C37BD46BDE8F08FC0F30A065A
:1070400004F11700184420F0070080083B60FFF7A8
:1070500067FE66F35325044680B13B6800F11001DA
:10706000C7E908390A23F961CDE901AB009340462D
:107070000E4AF96807F11C03FFF70AFA66F3532575
:107080002A4620467B68B9680CF04DF8D2E704F137
:10709000170020F007008008FFF742FE0446EDE7E6
:1070A000917A0A0004000001B06C0A00F9300A006D
:1070B0002DE9F04F87B00546DDE9106BDDE9127A66
:1070C000884614469946BFB110213B465A460020D7
:1070D000CDF800A0CDF814A0FFF728F8B0F5006FA8
:1070E00001460BD340F2FF730221184A184807B03B
:1070F000BDE8F04F0CF070B83946384604F007038D
:1071000005F00704E40044EA831444EA402444EA16
:10711000065406F11700084420F007008008039188
:10712000FFF7FEFD054640B13FB13B465A46039985
:10713000CDF800A01030FEF7F9FF4B46224641463D
:10714000284607B0BDE8F04F0BF0EDBFD07A0A003B
:10715000B06C0A00406820B1034BC01A40F3CF0066
:1071600070474FF0FF307047306C0A000EB403B523
:1071700003AB53F8042B01460448019301F074F863
:1071800002B05DF804EB03B0704700BF3B320A0069
:10719000CA0605D48B064CBF02490349FFF7E6BF78
:1071A000704700BF097B0A00087B0A002DE9F04FF9
:1071B00089B098469DF85090159B044606930D465D
:1071C000DDE916A3189F05920493B9F1000F00F0B2
:1071D000B08007F4807307930BF083FF07F0020B76
:1071E0000246002874D020467749FFF7BFFF0646C5
:1071F000BBF1000F08D017F0440F6BD12A46204690
:107200007249FFF7B3FF064407F0010353B1704B17
:10721000204653F829206F4B6F49002A08BF1A46B1
:10722000FFF7A4FF07F48073002B07F0080318BFD3
:107230004FF00008002B79D0684B204653F82920E6
:107240006749FFF793FF0546059B2BB11A46204679
:107250006449FFF78BFF0544B8F1000F05D04246A3
:1072600020466149FFF782FF054460483544069B8C
:107270001BB122465E490BF03EFB049B002B00F045
:107280008E80DDF810803946B8F1100F204628BFF7
:107290004FF010080026FFF77BFFB54250DC0026B8
:1072A000334620461AF803205249FFF75FFF0136A4
:1072B000102E4BD0710703D120464F49FFF756FFE0
:1072C00046453346EDD320464C49FFF74FFFEEE7E6
:1072D00006468DE74A4B1868002894D0494B4FF476
:1072E0007A7B1B684FF03C0CB5FBF3F5B5FBF0F176
:1072F0004FF4616300FB11550BFB05F5B1FBF3F295
:10730000B5FBF0FE03FB121100FB1E55B1FBFCF3B5
:107310000BFB05F5B5FBF0F50CFB131120460091B6
:10732000CDE901E53849FFF721FF6CE707F00805D3
:107330008AE7B8F1010F4D460CBF2C48334896E759
:1073400020462D49FFF712FF0136A6E7002620460A
:107350002F49FFF70BFF33461AF803202046A2F10E
:1073600020035F2B28BF2E222A49FFF7FFFE01369C
:10737000102E0DD0720703D120461F49FFF7F6FEED
:10738000B0453346E8D820461B49FFF7EFFEEEE74D
:10739000049BC244B3EB080304937FF472AFB9F1CA
:1073A000000F0AD0FB0704D520460A4A0A49FFF716
:1073B000DDFE39462046FFF7EBFE204609B0BDE86A
:1073C000F04F0BF02DBF00BF107B0A00147B0A00AA
:1073D00064710A000B7B0A0063850A0078710A0059
:1073E000397B0A003F7B0A00437B0A003B320A00DC
:1073F00069820900487B0A00507B0A004E7B0A0024
:10740000D4270420D02704201D7B0A0069320A00FB
:10741000527B0A00547B0A0042F20F7373B58B4211
:1074200028BF0B4605680446052168460D4A0AF048
:10743000B5FE0646636828460B225B680A490BF0D6
:10744000E1FE63683246694628465B680BF0DAFE67
:1074500063681B2228465B6804490BF0D3FE02B028
:1074600070BD00BF71970A00BD9A0A00A19A0A0078
:1074700000210123064A904206D8064A01B9012399
:107480001360054B18607047012140085B00F2E76C
:1074900040420F00D0270420D4270420F8B50D4621
:1074A0000446064F4618B44201D12846F8BD14F8E8
:1074B000011BBB6801485B689847F4E730620A002B
:1074C000014B036000207047C0710A0010B54FF4F3
:1074D0002814DFF820C086B0CDE904C40824029443
:1074E00004AC0194BDF8204000940DF057F906B0AB
:1074F00010BD00BF1800280008B504480BF04DFA75
:1075000003480BF04AFA002008BD00BF917B0A0037
:10751000C67B0A0008B50348034A0021121A0BF083
:1075200054FF08BD28080420B42E0420074808B5DD
:10753000074A0849121A0BF04AFFBDE808400648FE
:10754000064A0749121A0BF042BF00BF0000042090
:10755000280804206C9B0A0000000420000004207E
:107560006C9B0A002DE9F04706460C4600AF002947
:1075700036D0D1E90012E9468AB06D46A3684FF0D3
:10758000050AE8461F48CDE90723CDE9050148F87B
:1075900010AF002342464FF421511B48FFF708FD6E
:1075A000D4E90312CD466369AD461848C5E90723FF
:1075B000C5E90501C5F810A0002342464FF421514A
:1075C0001148FFF7F5FCCD46E3690121104A0E484A
:1075D0000BF002FEA36901210E4A0B480BF0FCFDE3
:1075E000012E07D1EFF305830B4A31460648103BC5
:1075F0000BF0F2FD2146304608F09CFFBD46BDE889
:10760000F08700BFF37B0A00F06C0A00227C0A00BE
:10761000517C0A00607C0A008E7C0A0030BFFFF7B4
:10762000FDBF00BF2DE9F04105460B4EDFF82C8071
:10763000324606EB0807CC1B204609490EF086FCB3
:10764000A01942460021083C0EF08DFCC5F8AC4064
:1076500007F10800BDE8F081000000000400000010
:107660006C6D0A0010B5244C244925480BF0BCFE73
:10767000A36A99013ED5224822490BF0B5FE1E208F
:10768000A36ADA0104D51E481F490BF0ADFE1F2086
:10769000194CA36ADB0204D519481C490BF0A4FE5F
:1076A0002020A36A1C0304D5154819490BF09CFE41
:1076B0002120114CA36A590304D5114815490BF038
:1076C00093FE2220A36A9A0304D50D4812490BF0B9
:1076D0008BFE2320084CA36ADB0304D508480F491E
:1076E0000BF082FE2420A36A6FEA03436FEA134380
:1076F000A36210BD1D20C3E700ED00E0A17C0A00DD
:10770000F06C0A00B97C0A00CC7C0A00E67C0A0016
:10771000107D0A002E7D0A00537D0A006D7D0A004F
:1077200070B506460D46294C29492A480BF05CFEE7
:10773000A36ADB0647D5274827490BF055FE1120E1
:10774000A36A1C0704D5234824490BF04DFE1220E0
:107750001E4CA36A990712D521491E480BF044FE1E
:10776000636BA26A120609D501211E4A19480BF063
:1077700033FD1EB1A36A23F08003A3621320134CD0
:10778000A36ADE0704D5134817490BF02DFE142019
:10779000A36A9C0604D50F4814490BF025FE15205A
:1077A0000A4B9A6AD10658BF9A6A9A6A920642BFF1
:1077B0005A6A22F400525A629A6A42F0FF029A62AE
:1077C00000232B7070BD1020BAE700BF00ED00E071
:1077D000987D0A00F06C0A00AE7D0A00E17D0A0087
:1077E000F47D0A000C7E0A00227E0A00417E0A0017
:1077F00070B506460D46284C284929480BF0F4FD83
:10780000A36AD9043CD5264826490BF0EDFD172084
:10781000A36A1A0504D5224823490BF0E5FD182078
:107820001D4CA36A9B0512D51D4820490BF0DCFDB9
:10783000A36BA26A100409D501211D4A18480BF058
:10784000CBFC1EB1A36A23F40043A3621920124C9F
:10785000A36A590504D5124816490BF0C5FD1A2034
:10786000A36ADA050ED50E4813490BF0BDFD1B20A7
:10787000094A936A43F47F43936200232B7070BDDF
:107880001620C5E7A36A9B04F2D505480B490BF007
:10789000ABFD1C20ECE700BF00ED00E0707E0A00AD
:1078A000F06C0A00867E0A00E17D0A00977E0A00DD
:1078B000B07E0A00C57E0A00E07E0A00417E0A0012
:1078C0002DE9F0478AB06B4B0446D3F804A08946F3
:1078D0001646002500AFCAF3080885F31188BFF3E8
:1078E0006F8F02F07F43B3F17F4F1ED1D3071CD4BB
:1078F000500603D4110708D4012508E05E495F480B
:107900000BF072FD16F0040600D04C460025002353
:10791000FB71A8F10303092B00F28B80DFE803F071
:107920000781847D8989898989872C46EFE75449B5
:1079300052480BF059FD00234E4EFB71F36A9A0733
:1079400005D550494D480BF04FFD00232DE0F36A5B
:10795000002B01DA4C49F5E7F36A5B00F5D54B499A
:1079600046480BF041FD7369A26943F4807373616B
:10797000BFF34F8FBFF36F8F32F8023C726922F46E
:1079800080727261BFF34F8FBFF36F8F03F47F423A
:10799000B2F55F4F2BD1DBB2022B28D12368012136
:1079A0003B4A36480BF018FC2368FA79DAB907F13C
:1079B000080604F1200C324620686168083403C2CE
:1079C00064451646F7D17A6A002D50D0C2F30801FB
:1079D00021B96FEA52226FEA42227A62184607F111
:1079E0000801FFF7BFFD2837BD46BDE8F087214BF2
:1079F0009A6AD2B222B10120F91DFFF791FE0EE082
:107A00009A6A12F47F4F04D00120F91DFFF7F0FEAF
:107A100005E09B6AB3F5803F97D3FFF723FE03464B
:107A2000C3E70020F91DE8E70020F91DEEE719493A
:107A300088E7194A6E461AF4F87F8AB0174B08BFD8
:107A400013466A461649CDE90513A8F110030793BA
:107A50004FF40073ADF82030124B42F8103F002372
:107A60004FF411510548FFF7A3FAB5466DE76FF3E0
:107A70000802B2E700ED00E0267F0A00F06C0A0081
:107A8000497F0A00607F0A00817F0A008F7F0A0019
:107A9000AE7F0A00CA7F0A00F87E0A000D7F0A0046
:107AA000EE7F0A0004000001044B5A6942F0100204
:107AB0005A615A6922F008025A61704700ED00E0ED
:107AC000EFF30880EFF3098101B57246FFF7F8FE86
:107AD00001BD00BF002080F31488BFF36F8F00202A
:107AE00080F30A8880F30B88104880F30888002010
:107AF0000F49087007F0E4FF00200E490860BFF34B
:107B00004F8F00F02DF8402080F311880A484FF481
:107B10000061401880F30988EFF3148002210843C4
:107B200080F31488BFF36F8F00F09CF85863042033
:107B3000B22E042094ED00E0184A042000231846D9
:107B40000649D1F89020C2F30722934200DB704728
:107B5000C1F89830C1F8A0000133F6E700ED00E06D
:107B600010B572B6002484F31388FFF7E7FF2346AD
:107B70004FF0FF300C4A03F120010133102B42F883
:107B80002100F8D100234FF0FF30074A03F16001D4
:107B90000133102B42F82100F8D162B6BFF34F8FAA
:107BA000BFF36F8F10BD00BF00E100E01EF0040FB7
:107BB0000CBFEFF30880EFF30980816911F8021C14
:107BC0000229FFD001B572460BF003FC01BD00BFD6
:107BD00000B2002807DB01234109034A00F01F001F
:107BE000834042F82130704700E100E000B20028F5
:107BF0000CDB01220649430900F01F0082402033BC
:107C000041F82320BFF34F8FBFF36F8F704700BF42
:107C100000E100E0D30748BF002100B258BF0231A5
:107C20000028ACBF00F16040064A4FEA4113DBB2C6
:107C3000ABBF00F5614000F00F0080F80033135433
:107C4000704700BF14ED00E0044B054A23F07F03AA
:107C50009360BFF34F8FBFF36F8F704700A0080092
:107C600000ED00E008B5FFF7EFFF074AD2F88830D3
:107C700023F47003C2F88830FFF74CFCFFF756FC82
:107C800000F09EF808F07CFD00ED00E04FF43C4170
:107C9000C0F8B81042F8203C009B0B4942F81C3C4D
:107CA000019B21F0010142F8183C029B42F8081C9C
:107CB00042F8143C4FF0807342F8043C0023203A11
:107CC0000265C0F8B03070476968090000B50C4B18
:107CD00015469860D0F8AC200A4B0E461A602C4628
:107CE00086F309880020044B984720460021002293
:107CF0000023024C20470000FF330A006968090096
:107D0000382B0420FC2704201022014B1A617047F5
:107D100000ED00E0054B5A699B689A421FBF044A78
:107D2000536843F080535360704700BF382B0420E2
:107D300000ED00E0084B9B6883420BD1EFF3058315
:107D400043B1064B5A6842F080525A605A6A22F494
:107D500000425A6209F0F8BC382B042000ED00E024
:107D600014498A6882F8B9E04FF030001044EFF30C
:107D7000098C80E8F01F402080F31288BFF36F8FDA
:107D80000D4F4FF000664A698A603E60D2F8AC0041
:107D90000A4C206092F9B9E0D2F8B0000023C2F892
:107DA000B03080F3118802F1300090E8F01F8CF3BE
:107DB00009887047382B042004ED00E0FC270420DC
:107DC000002340210448C2180133B3F5917F82F8A3
:107DD0000013F8D1704700BF00E100E008B5EFF3F1
:107DE0000583064A103B02EBC30152F83300496891
:107DF0008847BDE80840FFF78DBF00BF84620A00D6
:107E00000148006870470000FC2704201FB50121CD
:107E1000094B0A4A0A4800F00FF90023064A039367
:107E2000084B0121019301A8D31A029300F00EF927
:107E300005B05DF804FB00BF00F00720000004203F
:107E40004C720A00280804200A7A0B6810B562F305
:107E500004031C46CB68520923F01F0343EA420384
:107E6000044A43F00103C2F89800C2F89C40C2F8EB
:107E7000A03010BD00ED00E010B50A4BD3F89030F3
:107E8000C3F30723013B984208D901210346064A60
:107E900006480BF0A1F96FF0150010BDFFF7D4FFF5
:107EA000FBE700BF00ED00E005800A00D06C0A008F
:107EB0002DE9F04F8946144606464FF000084F4D15
:107EC00085B0C84527DAD6F804A0BAF1000F44D02F
:107ED000BAF11F0F17D91AF01F0F14D1D6F800B03E
:107EE0001BF01F0F0FD158460BF0ACFA07460AEBF8
:107EF0000B0001380BF0A6FA874210D06FF015077F
:107F00003F4A3B4601E043463E4A01213E480BF0D2
:107F100063F96FF01504204605B0BDE8F08F17F146
:107F2000160FEDD0BC42EBDDC5F89870D5F89C106B
:107F3000C5F89870D5F8A03021F01F0143F01F0B51
:107F4000D6E900321A44994202F1FF3A1AD1D345D8
:107F500007D13146F8B20BF07EFA08F101080C3671
:107F6000AFE73146C5F89870D5F89C30E0B263F3BE
:107F70000402C5F89C200BF06EFA10F1160FC8D061
:107F8000441CEAE7C5F89870D5F8A020013B23F01F
:107F90001F0302F01F021343D3453146E0B2C5F878
:107FA000A030E8D00BF057FA10F1160FB1D0C5F899
:107FB0009870D5F89C209DF808300BF1FF3B62F3D8
:107FC00004038DF80830D5F8A0309DF808205B0830
:107FD00063F347128DF80820D6E90032134400936A
:107FE00023F01F035B44A3EB0A03013023F01F03BC
:107FF0006946C0B20393FFF73FFFBEE700ED00E024
:1080000051800A002B800A00D06C0A000522044B24
:10801000C3F89420BFF34F8FBFF36F8F704700BF3B
:1080200000ED00E0BFF35F8F0022024BC3F8942005
:10803000704700BF00ED00E010B5034C2278FFF759
:1080400037FF207010BD00BF9C2B04202DE9F74F97
:10805000294D8A4606464FF00008AB46274FD045CB
:108060001BDAD6F80490B9F1000F3FD0316808460A
:1080700001910BF0E7F90199044609EB0100013881
:108080000BF0E0F984424FF014021D4B08D002FBC4
:1080900008F36FF015024BF8032003B0BDE8F08F32
:1080A00014F1160F2C60F8D01978A142F5DD02FB0F
:1080B00008B0C7F89840C7F89840D7F89C4000F13E
:1080C0000801007B64F304000871D7F8A0000C7964
:1080D000400860F347140C71D7F89C1021F01F0181
:1080E0006960D7F8A01021F01F01296108F101088B
:1080F00014350C36B3E700BF0028042000ED00E083
:108100009C2B0420F0B55349534DD1F890302C6886
:10811000C3F307239C4287B000F299800020FFF749
:1081200081FF4E4BC1F8C030844216D14C4D01A89E
:108130002C70FFF7C5F9002607464A4CB74213D109
:1081400000202B784349D1F89020C2F307229342B4
:1081500077DBFFF75BFF002046E0696801EB001169
:10816000FFF772FE0130DFE70199300101EB0613E2
:10817000DA682240B2F1807F52D00AD8B2F5001FEF
:1081800034D0B2F5800F3ED0B2F5801F12D0013648
:10819000D4E7B2F1006F43D0B2F1805FF7D15A68F3
:1081A0009B680958013B22F01F00034423F01F0382
:1081B000012032E05A689B680958013B22F01F00F9
:1081C00003440120844623F01F0340EA4C10CDE90C
:1081D00002218DF8100002A928780593FFF74CFEC4
:1081E00000282ADA6FF0150007B0F0BD5A689B68C6
:1081F0000958013B22F01F0003444FF0020C0120FC
:1082000023F01F03E1E75A689B680958013B22F0FD
:108210001F000344062023F01F034FF0000CD4E797
:108220005A689B680958013B22F01F0003444FF035
:10823000030C012023F01F03C7E72B7801332B70B9
:10824000A5E7C1F89830C1F8A00001337BE74FF0F3
:10825000FF30C9E700ED00E058720A00AAFF4400B1
:108260009C2B04200000F0FFF0B587B007460E46B7
:1082700014460021102268461D460DF074FE0223AC
:108280008DF80230054B2A4621466846CDE9047632
:10829000019309F0ADFF07B0F0BD00BF89340A00BB
:1082A00008B5024809F05AFFFEE700BF83800A00C4
:1082B00008B5024B1B689847002008BD142804200D
:1082C000034B044A1860937843F00203937070479D
:1082D000142804200803042008B50649064821F0A4
:1082E0000701C1F1005202F5FE220AF0C3FA002094
:1082F00008BD00BFE79C04201828042070B5416920
:108300000446867A0A4D59B1437ADB0706D4242302
:1083100003FB0653DB691B689B6898470023636176
:108320002420214600FB0650BDE870400DF013BB31
:108330002C0704202422024B02FB0030704700BFB0
:108340002C0704202421827A054B01FB02331A6A90
:108350001B7D801A1B3323F00303B0FBF3F070473F
:108360002C07042038B52424827A064B04FB023300
:10837000DB69D3E901240C601568FFF7E3FF04FB18
:10838000005038BD2C0704202DE9F04385B0054688
:10839000684690461C4603910DF07EFDDDE90067BE
:1083A000EFF31189402383F31288BFF36F8F6B8A39
:1083B000002B41D02A8A9A4225D900220023284640
:1083C00008F022FC0446F0B189F31188BFF36F8FE7
:1083D000039B002B41D032463B4668460DF081FDA1
:1083E0002421A27A254B204601FB0233DB6903A935
:1083F0001B681D68DDE90023A847606170BB20464B
:10840000FFF77CFF24E0698A4B1E6B8289F3118899
:10841000BFF36F8F2B7D2A8A2C6A1B3323F0030353
:10842000521A02FB0344154B154AEB1A9B10534397
:10843000A3722B7DE372CBE789F31188BFF36F8FB3
:1084400023464246284608F0DFFB04460028BFD1F9
:108450000024204605B0BDE8F083636101230025B8
:108460002381039B29466382E27A656004F1180048
:108470000DF079FD63692582E360EAE72C070420AB
:10848000398EE33870B524250C4C00B970BD037AE1
:108490004668002BFAD0013BDBB20372002BF5D10A
:1084A000C3604360837A05FB03439B6913B198471C
:1084B0003046EAE7FFF722FFFAE700BF2C07042067
:1084C000024B034A00201A60704700BFC805042011
:1084D0000020A10748B1054B054A1B68B3FBF2F326
:1084E0005843044B43F0010318477047C805042064
:1084F00040420F00C0700A0070B50B7892B006467B
:108500000C4607AD032B31D8DFE803F0022A2C2EEE
:1085100019492846FDF72EFA05956378174A049302
:10852000A3781E210393E3780AA80293237910AD60
:10853000019363790093A37909F030FE32460AABC8
:108540001C4603CCAC4210605160234602F1080285
:10855000F6D1206810603046A388938012B070BDB9
:108560000749D6E70749D4E70749D2E70A21284651
:10857000064A09F013FECFE7A3800A00C5800A006F
:10858000AA800A00B1800A00BB800A0083900A001A
:108590000E4B402928BF402170B51D460C4C461893
:1085A000B04203F1020304D1002305F8113007485B
:1085B00070BD02781209A25C03F8022C10F8012B9E
:1085C00002F00F02A25C03F8012CE9E79D2B0420C6
:1085D000E39A0A0010B50024094B86B009480393BA
:1085E000CDE904440DF094FA03AB009340F6380251
:1085F0000A230549034808F00BFD204606B010BDCC
:10860000E8800A0098180420B83104200146014887
:1086100008F03EBD9818042030B50378012B11D026
:10862000022B21D06BB90A46144B03F1100453F806
:10863000045BA34242F8045BF9D143881A0A8A70AA
:10864000CB7030BD0A460D4B03F1100453F8045BA8
:10865000A34242F8045BF9D143681A0C180E4A7021
:108660000870C3F30722EAE700F11003013913F899
:108670000129984201F8012FF9D1E2E7F49A0A00A2
:1086800010B50BF024F80DF093FA044608B908F081
:1086900091FF064BD3E8AF3F0BB10A2098471CB9B6
:1086A000BDE8104008F09ABF10BD00BF2428042088
:1086B00038B5044608480AF0F8FE054648B1631E7E
:1086C000DBB21F2B96BF054A0021D15C0C300AF0AB
:1086D0005BFF284638BD00BFE0070420049B0A006A
:1086E000034BD3E8EF2FC3E8E10F0029F9D170471E
:1086F000242804200F2810B50CD80D280CD90A48BE
:108700000AF0D3FE044618B104210C300AF03CFFF5
:10871000204610BD1328F2D009B10448F0E702202A
:10872000BDE81040FFF7C4BF04080420740704200C
:10873000C3681B780221024A02480BF038B800BF18
:1087400000810A00606C0A0038B5C5682B7893B9BF
:10875000B5F801400F21204602F078FBEB78054682
:1087600050B90A4A118831B96FEA04506FEA1050C3
:108770001080074A137038BD4372012102F080FA5D
:108780002846BDE8384002F029BA00BF842B0420F7
:108790001E2C042070B5C3681D78BDB9B3F8016004
:1087A0000F21304602F052FB044638B9012133460E
:1087B000BDE87040064A07480AF0F9BF294602F0B2
:1087C0005FFA2046BDE8704002F008BA70BD00BFF5
:1087D00028810A00606C0A0010B5C3680121B3F853
:1087E0000140204602F032FB38B901212346BDE8A2
:1087F0001040044A04480AF0DABFBDE8104002F015
:10880000EDB900BF4E810A00606C0A0010B501216D
:108810000C300AF0DAFE03780121BDE81040024A6C
:1088200002480AF0C4BF00BF72810A00606C0A00EF
:10883000014610B508480AF03CFE084908480DF00A
:108840003CF9031E06DABDE810400121054A06483E
:108850000AF0ADBF10BD00BFE40104209004042065
:10886000581A042094810A00606C0A0010B5002494
:10887000084B86B0039303AB00934FF462724FF042
:10888000FF3305490548CDE9044408F0C1FB204603
:1088900006B010BDB1810A00F03904207819042017
:1088A00010B5084C0146062294F86F0002F0D6FD80
:1088B00038B994F86F000522BDE81040024902F073
:1088C000CDBD10BDB0000420C99A0A000121024AA2
:1088D00002480AF06ABF00BFC1810A00606C0A004A
:1088E0000B46B0B50D8A00AF04462946D868FFF79D
:1088F0004FFE8AB06A46094BCDE90750CDE90534F1
:1089000040F20243ADF82430054B4FF43251054894
:1089100042F8103F0AF058FFBD46B0BDDB810A00A7
:1089200005000001606C0A0070B5C5680121B5F84A
:108930000160304602F08AFA044638B90121334614
:10894000BDE870400B4A0C480AF031BF2B783BB9A8
:10895000D5F80330C0F89930D5F80730C0F89D300D
:10896000201D4FF480310AF024FF2046BDE87040FE
:1089700002F034B94E810A00606C0A002DE9F84F0C
:10898000D0F80C90018A99F8004000AFA3000133A1
:108990008B425FD96D468AB06A46CDE9073105231F
:1089A0002E484FF42151CDE905042D4842F8103FDF
:1089B0000AF00AFFAD46BD46BDE8F88F01212B46FF
:1089C000284A27480AF0F3FE013699F800309E4203
:1089D000F1DA09EB8603B3F801500F212846B3F80A
:1089E000038002F033FA04460028E7D000F1C00A01
:1089F000B8F1000F06D0656945B901211A4A184837
:108A00000AF0D3FE204602F0E9F8DDE7A2692B6800
:108A100095422046636108BFA36102F005F808F0A3
:108A200025F9C5F800B0236A8BB9C4E90755DAE81F
:108A3000EF3F013BCAE8E23F002AF8D1002120467F
:108A400008F1FF3801F0FCFF1FFA88F8D0E71D603D
:108A50002562ECE70026B346B7E700BFFD810A00B8
:108A6000606C0A0028820A0044820A0037B5044676
:108A7000084602EBC3039A4202D16FF05E0010E099
:108A8000114611F8085BA54211D1038A5178994229
:108A900009D908480121084A00940AF0A7FB6FF0A1
:108AA000150003B030BD536898470020F9E70A4627
:108AB000E1E700BF606C0A005B820A002DE9F04725
:108AC0000C4608F077FDE5682B78022B75D0042B57
:108AD0000AD001213D4A3E480AF069FE2046FFF7D0
:108AE000D1FC6FF015040EE0B4F81080B8F1020F5D
:108AF0000ED84346374A364801210AF058FE204630
:108B0000FFF7C0FC002408F069FD2046BDE8F087AF
:108B100068783E280CD1B8F1030F02D12E4A4346A3
:108B2000E9E7EB78012B01D00A2B46D1032704E0BB
:108B30000AF029FE0746F8073FD504F10C0601218B
:108B40003046D4F814A00AF038FD022130460AF06D
:108B50003CFD814600783E2807D1E3681B78012B55
:108B600001D00A2B06D1032614E00AF00CFEC1073F
:108B700006460FD441F26813184A1949194809F0FA
:108B800019FF002383F31188BFF36F8F0323184667
:108B900002DF0226144A0623214699F800000AF053
:108BA0003AFEB2070DD56369A5EB0A0513FA85F500
:108BB000E560A4F81080BB07A4D52046FFF738FE77
:108BC000A0E72046FFF75EFCF5E700BF23830A001D
:108BD000606C0A007D820A0099820A00B9820A004C
:108BE000ED820A0006830A0008730A0010B501210D
:108BF00004460C300AF0E9FC2146BDE8104002238F
:108C0000014A00780AF007BE38730A0073B53E487F
:108C10000AF064FC0446002873D000F10C052846D5
:108C20000AF0DBFC0228034603D0042847D0374A69
:108C300003E0238A032B05D8354A012135480AF081
:108C4000B6FD13E0042128460AF0BFFCFF2342884A
:108C500006882376238AC6F30B009A42608309D0E4
:108C6000012100922B482C4A0AF0C0FA2046FFF757
:108C700009FC12E00F2102F0E9F8054610B9638BF8
:108C8000264ADAE702F008F921462076320B284618
:108C900001F028FF284601F0A1FF214BD3F8343121
:108CA0007BB3204920480CF008FF031E29DA01217C
:108CB0001E4A184802B0BDE870400AF078BD284648
:108CC00002210AF082FC054600783E2812D00AF004
:108CD0005AFD10F002060DD140F69A43144A154988
:108CE000154809F067FE86F31188BFF36F8F0323E1
:108CF000184602DF04232146104A28780AF08BFD2B
:108D0000B4E702B070BD00BFE4010420CC830A00C8
:108D100037830A00606C0A0058830A007C830A00CB
:108D2000B000042090040420581A042094810A0002
:108D3000B9820A009E830A0006830A0048730A006B
:108D400010B5012104460C300AF03FFC2146BDE875
:108D500010400623014A00780AF05DBD68730A00DE
:108D6000F8B50121044600AF0C300AF02EFC06785D
:108D7000002321463046104AFFF778FE5F3019D1B4
:108D8000258AE0682946FFF703FC6C468AB06A46EC
:108D90000A4BCDE90750CDE9053640F20243ADF864
:108DA0002430074B4FF43251064842F8103F0AF086
:108DB0000BFDA546BD46F8BD98730A00E0830A0086
:108DC00005000001606C0A002DE9F74F0023804682
:108DD00089461746DFF800A1DAE8EF4FCAE8E23F1C
:108DE000002AF9D1264644B9012143463B4A3C4872
:108DF00003B0BDE8F04F0AF0DABC2046FFF7A2FA54
:108E00004FF00C0B374D0BFB0050438843451BD0F4
:108E10002046FFF797FA0BFB00504388012100938F
:108E2000314A43462E480AF0E1F9DAE8EF3FCAE852
:108E3000E26F002AF9D1002B4BD01E46304603B01A
:108E4000BDE8F04FFFF71EBBA74208D020460AF04E
:108E500027FB3A8AF96804F10C000AF08CFB2046E3
:108E6000FFF770FA0C2707FB00504368ABB1B9F16C
:108E7000000F12D12046FFF765FA012107FB0050D1
:108E80004268536803F01F00814010685B0900EBE3
:108E90008300137ACBB10AF08CFC2046FFF752FA1C
:108EA0000C2707FB00508368002BC7D02046FFF734
:108EB00049FA784305F800902046FFF743FA07FB8C
:108EC0000055A86807F0D2FEB8E7C9430AF07FFC56
:108ED000E3E703B0BDE8F08FE001042012840A004C
:108EE000606C0A00282804203A840A0073B5C5681B
:108EF0000121B5F80160304601F0A8FF044640B9F1
:108F0000012133463B4A3C4802B0BDE870400AF0BC
:108F10004EBC2B78061D1A2B19D1C378012B50D1CA
:108F20004FF4804130460AF044FC42040FD4D4F898
:108F30008C3069460093D4F894302046019302F0B7
:108F4000BDFD204602B0BDE8704001F047BE2B7861
:108F5000BBBB40F2E242B5F8033028495343C4F8A2
:108F60008830B5F80520A4F89020B5F80720A4F8BB
:108F70009220A3F5EA520C3A8A4204D90221204AEF
:108F80001D480AF014FCB4F89030B3F5FA7F04D30E
:108F900002211C4A18480AF00AFC40F67641B4F84F
:108FA0009230A3F10A0292B28A4204D90221164AEF
:108FB00011480AF0FCFB6FF4805130460AF007FCC0
:108FC00013E0D6E8AF3FDB04F5D52B78202BF2D1A8
:108FD00094F89830002BEED0013B84F898300B4A7F
:108FE000002304F1400008F07DF8204602F02EF93D
:108FF000A7E700BF4E810A00606C0A0095F03C00B4
:109000006D840A0094840A00BB840A005A6202003C
:10901000B0B53C28044600AF1AD101F02FFA6FF426
:10902000807110300AF0D3FB0020FFF739FC0546B1
:1090300030B90121114A12480AF0B7FBBD46B0BD54
:109040004472002101F01CFE284601F0C7FDF5E73F
:109050006D468AB06A460B4B4FF41251CDE905308C
:10906000094B0748079340F20133ADF82030074B16
:1090700042F8103F0AF0A8FBAD46DFE7E7840A009C
:10908000606C0A0008850A000A7B0A0004000001DF
:10909000054BD3E8AF2F02F00B02D3E8EF1FC3E874
:1090A000E02F0028F9D170478401042010B5C1E9F0
:1090B00000239DF808300C460B72FFF743F90C2291
:1090C000024B02FB00335C6010BD00BF2828042067
:1090D000F8B502460B4610480AF0E7F90446C0B15D
:1090E00004210C300AF036FA2046FFF72BF90C2742
:1090F00000260A4D07FB005046802046FFF722F964
:1091000007FB005086602046FFF71CF907FB00555F
:109110006E602046F8BD00BFBC070420282804204C
:1091200010B5044692B04822684606490CF00EFF7E
:10913000112C9DBF12AB03EB840454F8480C024879
:1091400012B010BD906D0A0024850A00034B014641
:10915000D3F84C0182689268104700BFB000042029
:109160002DE9F04F91B0042100AF4A480AF021FBED
:109170006D4688B06A46484B4FF4E6510593474B1D
:10918000474806934FF40073ADF81C30454B464CEE
:1091900042F8103F0AF018FBAD46E179434B444ECC
:1091A00007F12008012998BF1E4640462146FFF7D7
:1091B000A3F98AB06A463F4BCDF81C80CDE905364D
:1091C0003D4B4FF4235108933C4B354842F8103F38
:1091D0000AF0FAFAA246AD460125394EDFF8E480DE
:1091E000E3790AF1070A9D423BDB94F870506E4622
:1091F0002846FFF795FF8CB06A46B4F87210B4F8B1
:109200007630CDE907514FF40075DFF8BCC0099303
:109210002E4BCDE905C0ADF828504FF4535142F81C
:10922000103F1F480AF0D0FAB54694F871603046F6
:10923000FFF776FF8AB06A46B4F874302449CDE966
:109240000763244BCDE90510ADF824504FF433519A
:10925000134842F8103F0AF0B7FA4437BD46BDE85C
:10926000F08F51463846FFF747F9E9468AB06A461B
:1092700040F20133CDE905650797ADF820304FF492
:109280001351074842F8108F0AF09EFA0135CD4677
:10929000A6E700BF8401042030850A0042850A0049
:1092A000606C0A0003000001B00004200A7B0A0081
:1092B0002C850A0046850A00000201030400000212
:1092C00055850A000400000166850A0006000001B9
:1092D000A4850A00050000010048704722790A00B1
:1092E000014902480CF0E9BB8004042078190420ED
:1092F00070B505460C4639B1CB684A699B1A032BF9
:109300000ED86FF0150509E04FF0FF304FF0FF3138
:10931000FFF7DEFE044618B96FF06805284670BDF9
:109320002046FFF70FF80C22164BA61802FB00335D
:10933000032130465D800AF02FF90580238A012140
:10934000033B837030460AF02FF940F635439D42C7
:109350000FD12046FFF7FAFE05460028DED0012196
:109360000346094A09480AF022FA2046FFF78AF81C
:10937000D4E7214606480CF0E3FA0025FFF7B0FFDA
:10938000CCE700BF28280420CB850A00606C0A00C7
:10939000EC0104202DE9F04784B0804691460C464C
:1093A00000AF71B94FF0FF304FF0FF31FFF790FE83
:1093B000044660B96FF0680528461037BD46BDE821
:1093C000F087887AFEF7B6FF3B4B83426ED10122CD
:1093D000002138460CF0CDFA2046FEF7B3FF0C23EF
:1093E000DFF8D8A003FB00A0876020460AF08CF8C5
:1093F00001464046FFF77CFF054618B12046FFF7BF
:1094000041F8D9E7002338462D4A07F063FC0646A9
:1094100090B14FF4F1732B4A2B492C4809F0CAFA4A
:10942000324641462A4809F0C5FA85F31188BFF350
:109430006F8F0323184602DF2046FEF783FF0C23BD
:1094400058431AF800605EB36D468AB06A46214BF5
:109450000796CDE90538204B4FF43251089340F27E
:109460000243ADF824301D4B1D4842F8103F0AF06E
:10947000ABF92046AD46093EFFF704F8092E0CD89B
:10948000DFE806F0050B0B08170B0B0B0B146FF046
:109490006E0591E76FF00C058EE76FF004058BE722
:1094A000B9F1000FAAD0C9F8004085E76FF01505A3
:1094B00082E76FF00B057FE7BC0704202828042013
:1094C000B4C40400B9820A00ED850A0006830A00CC
:1094D000F6850A003B860A000A7B0A0005000001A7
:1094E000606C0A002DE9F04F8DB000265D4BB0F89E
:1094F0000190198849F47042914204BF1E805A4B72
:1095000000F1040A08BF1E78C37800AF012B08BF22
:10951000564B0546504614BF002493F86F400AF09E
:10952000D2F807F10808514680B34FF0010B4046CE
:109530000AF0BEF8D5F81130C7F80130B5F815308B
:10954000A7F80530EB78012B37D007F1100451460E
:109550002046FEF7D1FF6D4688B06A46444B4FF473
:10956000E251CDE905344FF40073ADF81C30414BA6
:10957000414842F8103F0AF027F91321AD4648460A
:109580000AF07BF93437BD46BDE8F08F20460AF07B
:10959000D9F90346006895F804B0B8609A889B79B9
:1095A0006868A8F8042088F80630BAF804209AF809
:1095B00006303860BA80BB71C4E74046FFF770F9E7
:1095C00004460028C1D00346B5F8012023F8702BCB
:1095D00098F80620B868B8F8041020679A7140F22D
:1095E000E2429980B5F8173053430022C4F888301E
:1095F000B5F81930A4F89030B5F81B30A4F89230C3
:10960000EB786272012BE3701AD187F800B0BA8848
:10961000BB793868A4F87B2084F87D30C4F87700E3
:1096200000F02CFF237A1149C3EBC3035A18CB581F
:10963000C4F87E309388A4F88230937984F884301B
:109640000721204601F01CFB26B10121204666724D
:1096500001F016FB204601F05BFC204601F0BEFA4B
:1096600090E700BF842B04201E2C0420B0000420AF
:109670005A860A0003000001606C0A0000B5C36846
:1096800089B0187820B109B05DF804EBFFF7C0BCD1
:10969000B3F801208DF80000ADF80120DA788DF8DC
:1096A0000320B3F80B20ADF81720B3F80D20ADF868
:1096B0001920B3F80F20ADF81B205A7C8DF81D201F
:1096C000586801901A899B7AADF808208DF80A3005
:1096D000084B68461A689B88CDF80B20ADF80F3010
:1096E000CDF81120ADF81530FFF7FCFE09B05DF89C
:1096F00004FB00BFDD9A0A000022F0B585B01146D8
:1097000040F6034002AFFFF745FE044600285BD158
:10971000FFF7BEFC214641F203003A1DFFF73AFE77
:109720000446002850D17A68B14DD16805F178031C
:10973000D1F80100D1F8051003C31046FEF7A2FED0
:10974000214641F201003A1DFFF724FE044600289D
:109750003AD17868C3685A7885F870205A88A5F895
:1097600072201A7985F87120B3F80720A5F87420C3
:10977000B3F80530A5F87630FEF784FE214641F2B5
:1097800002003A1DFFF706FE0446E8B9D7F804C008
:1097900005F18006DCF80C20531C41323446186871
:1097A0005968083303C493422646F7D16046FEF752
:1097B00069FE95F87C305E060AD401218D4A8E48F8
:1097C00009F0F3FF6FF0120420460C37BD46F0BDE0
:1097D000002142F203003A1DFFF7DCFD0446002899
:1097E000F2D17A68854BD168D1F80100D1F8051023
:1097F00003C31046FEF746FE214642F202003A1D20
:10980000FFF7C8FD04460028DED17E68F468B4F88E
:1098100001309AB292B1E27882B1A5F8FC30E378D7
:10982000032B06D00322022100927348744A09F0E8
:10983000DDFCE278734811460CF09BF83046FEF7E9
:1098400021FE1F2395F87C60A5F8103116F0200644
:1098500019D14FF0FF304FF0FF31FFF739FC0446CC
:10986000002800F0728102210C3009F07EFE0123F5
:10987000214603704670324640F66D40FFF78AFD80
:1098800004460028A0D195F89C301C0712D5002171
:1098900042F21C003A1DFFF77DFD0446002893D1DB
:1098A0007868C368D3F80120D3F80530C5E93823B8
:1098B000FEF7E8FD4FF0FF304FF0FF31FFF708FCF7
:1098C0000446002800F0418108210C3009F04DFECB
:1098D00095F8D83095F8D92013F0020F14BF2F2334
:1098E0000F2312F0090F4FF0000218BF43F400637A
:1098F00003701B0A214643708270C270027142716C
:109900008271C27142F20100FFF744FD0446002853
:109910007FF45AAF95F87C30B5F8FC1098065DD40A
:10992000C9B941F205003A1DFFF734FD044600288D
:109930007FF44AAFB5F8FC307C684BB9E368B3F804
:109940000120A5F8FC209A882E4811460CF011F849
:109950002046FEF797FD4FF0FF304FF0FF31FFF745
:10996000B7FB0446002800F0F08008210C3009F015
:10997000FCFD10230370882300224370022620235D
:1099800021468270C670027142718271C37140F6C5
:109990000140FFF7FFFC044600287FF415AF0146A5
:1099A0003A1D4FF60140FFF7F5FC88B3164A022135
:1099B000114809F0FAFEEB79002B40F0B68000F078
:1099C000A7FC044600287FF4FFAE01F077FE0446B2
:1099D00000287FF4F9AEFFF7C3FBF5E60029BAD102
:1099E00001210A4A044809F0E0FE6FF00404EBE6A6
:1099F000B000042076860A00606C0A00880104200A
:109A00009A860A00B001042003870A00E0860A0053
:109A10007B686E46DC688AB0B4F80130042B96BFD0
:109A2000574A584952F8231002AAD3614FF40073E1
:109A300055481384554BC2E9050142F8103F4FF4D5
:109A40001351534809F0C0FEB4F80120B546022A6C
:109A5000B4F8033049D1052B47D84E4A52F82310A9
:109A60006E468AB002AAD3614FF400734A48138449
:109A7000464BC2E9050142F8103F4FF413514448E8
:109A800009F0A2FEB546637994F806C0032B98BF8F
:109A9000424AB4F80760D4F809006C468CB094BF11
:109AA00052F82310374902AAC2E9073C4FF4007369
:109AB000DFF8ECE093853B4BC2E905E1C2E90960C0
:109AC0004FF4735142F8103F314809F07DFEA5462E
:109AD0007868FEF7D7FC00214FF602403A1DFFF7E9
:109AE00059FC044618B1304A61E72649B8E778685E
:109AF000C368B3F80130A5F8C130FEF7C3FC95F890
:109B0000C1305A077FF557AF21464FF603403A1D43
:109B1000FFF740FC08B1254A49E77868C3685B78DD
:109B200085F8C030FEF7AEFC45E72E78002E7FF4B6
:109B300046AF95F8C1309B061FD54FF0FF304FF070
:109B4000FF31FFF7C5FA044610B96FF068043BE631
:109B500006210C3009F009FDD5F8013021460360DB
:109B6000134B32469B8883804FF60640FFF712FC6A
:109B7000044600283FF423AF26E66FF0850423E671
:109B8000F4720A0024850A0027870A0004000001F5
:109B9000606C0A00DC720A0040870A00CC720A007E
:109BA00058870A000700000185870A00AE870A006F
:109BB000B100042010B5FFF79FFD034B1B6813B1E4
:109BC000BDE81040184710BD4028042073B52A4D49
:109BD0000646D5F84C010BF063FD48B90121274A30
:109BE000274809F0E2FD6FF01204204602B070BD74
:109BF0006FF0020105F1D40009F0E9FD012109F03F
:109C0000D8FD10EA010434D11E4B1E600A4605F54A
:109C100090700BF0AEFE05F59E700BF089FE1A48B1
:109C20000BF076FF6FF007034FF4006217491648F8
:109C3000009407F0EDF91649134807F08DFAD5F8AE
:109C40004C01144983681B689847044630B10121D0
:109C50000346114A0A4809F0AAFDC6E726B902B030
:109C6000BDE87040FFF748BD05F1C40007F0CAF930
:109C7000BBE76FF07704B8E7B0000420D7870A008D
:109C8000606C0A0040280420581A0420783D042003
:109C9000EF870A00BD8A0900F8870A0073B5C36818
:109CA000D9789A781E8842EA0122ADF800205979C5
:109CB0001A79B4B242EA0122ADF80220D9799A7930
:109CC000204642EA0122ADF804201A7A5B7A01218B
:109CD00042EA0323ADF8063001F0B8F8054658B95A
:109CE00001211D4823461D4A09F061FD022120463D
:109CF00009F002FE02B070BD694601F0F3FA38B90E
:109D00001E21204609F0F8FD284600F067FFF1E724
:109D10004FF0FF304FF0FF31FFF7DAF9044600282B
:109D2000F2D00E210C3009F020FC00230680C0F890
:109D30000A30BDF8003021464380BDF802308380F0
:109D4000BDF80430C380BDF80630038142F2200024
:109D5000FFF7CEFAD8E700BF606C0A004E810A0018
:109D600038B5042104460C3009F02FFC0346408826
:109D70005D7818B122461978FFF726F835B1044806
:109D800006F074FFBDE83840FFF7AABA38BD00BF3F
:109D9000D0010420B0B50446032100AF0C3009F017
:109DA00014FCE2680346117840F63542B0F8010031
:109DB000904216D16C468AB06A46104B1048CDE9E5
:109DC0000531104B4FF41251079340F20133ADF8B7
:109DD00020300D4B42F8103F09F0F6FCA546BD4679
:109DE000B0BD1D7810B12246FEF7EEFF002DF6D073
:109DF000064806F03BFFFFF773FAF0E714880A0005
:109E0000606C0A000A7B0A0004000001D0010420F3
:109E100038B507F0CFFB2F4DD5F83C31002B56D08D
:109E20000022002305F5907006F054FF00284ED163
:109E30000022002305F59E7006F0E6FE044668B990
:109E400040F6AA43244A2549254808F0B3FD84F387
:109E50001188BFF36F8F0323184602DFD5F8303126
:109E60005BB101211F4A204809F09FFCD5F8300161
:109E7000FEF708FB0023C5F83031204609F044FB0B
:109E8000C5F830012046FFF761F90346C8B101214A
:109E9000164A154809F08BFC154806F0E7FE2046E7
:109EA000FEF750FA0C22134B02FB0033588818B10E
:109EB00022461F21FEF788FF2046FEF7E3FAFFF750
:109EC0000FFAFFF70DFABDE8384007F087BB01F045
:109ED0002FF8F8E7B0000420B9820A00F4800A00E5
:109EE00006830A004C880A00606C0A00CB850A00D1
:109EF000D001042028280420F8B506460024094D86
:109F0000EF79E3B29F4202D86FF0010007E02946E3
:109F1000304609F00DFD0735631C08B12046F8BD39
:109F20001C46EEE7B000042070B51A4E06223146FA
:109F300005460CF027F838B34FF0FF304FF0FF31F3
:109F4000FFF7C6F8044608B3062229460C3009F08C
:109F500012FB2146002242F20500FFF71BFA0446DD
:109F600048B110F10D0F04D102210B4A0B4809F042
:109F7000E7FC204670BD33462A6843F86929AA8861
:109F8000B280012283F868200024F2E76FF06804B1
:109F9000EFE700BF190104208C890A00686C0A00F1
:109FA00073B504460D4689B12846174909F0C0FC2F
:109FB00060B9164A2968C4EBC4041151A318AA88D1
:109FC0009A80AA799A71002002B070BD6E46304620
:109FD00009F060FB0028F7D13046FFF78DFF00281D
:109FE000F5DA0A4A0098C4EBC4041051B179B0887C
:109FF000A31898809971002DE5D012592A609A888B
:10A00000AA809B79AB71DEE7D09A0A00B0000420E9
:10A0100070B5044629BB38B3264909F089FC18BB42
:10A020002046FFF769FF00283EDA23786BB9224A01
:10A03000D379002B38D120681060A179A088917164
:10A04000012190801846D17170BD012B04D1A379F4
:10A0500003F0C003C02B07D00121184A184809F0AB
:10A060006FFC6FF01500EFE7134DEB79012B1ED05D
:10A0700005F1D403D3E8AF3FDB0707D4002CF0D0C1
:10A0800020460C4909F054FC0028EAD1EE7921461B
:10A09000731C3046EB71FFF783FF08B93046D3E7F6
:10A0A000EB79013BEB71CFE76FF07700CCE76FF016
:10A0B0000B00C9E7D09A0A00B00004209B890A006F
:10A0C000686C0A002DE9F341044640B91A4A02219E
:10A0D0001A4809F035FC002002B0BDE8F0810021EB
:10A0E00041F2090001AAFFF755F9054608B1144AE3
:10A0F000EDE7019E0622D6F80C80124908F101070F
:10A1000038460BF03FFF28B1062238460E490BF0C7
:10A1100039FF18B93046FEF7B5F9DCE7D8F8013059
:10A120003046C4F80130BB882570A4F80530FEF72E
:10A13000A9F90120D0E700BFC9890A00686C0A00AC
:10A14000E2890A00DD9A0A00D79A0A0007B5684634
:10A15000FFF7B8FF044BD87118B169460020FFF72C
:10A160001FFF03B05DF804FBB00004202DE9F041AF
:10A17000304E88B0F179002954D196F8C24014F0DD
:10A18000010411D12C4A02212C4809F0D9FB0024EA
:10A19000F471162500240127F379E0B283422BD80D
:10A1A000002B3FD000203AE06A464FF60940FFF707
:10A1B000F1F808B1224AE6E7DDF800C0DCF80C50FF
:10A1C00095F80180B8F1000F0ED0AB1C02AA123531
:10A1D000174618685968083303C7AB423A46F7D1A7
:10A1E000186838609B88BB806046FEF74BF9B8F171
:10A1F000000FCDD1134AC6E708AB05FB003353F877
:10A20000182C33F8143C6946CDF80120ADF8053020
:10A210008DF80070FFF7C4FE01340028BCD008B0F0
:10A22000BDE8F0810021084608B0BDE8F041FFF725
:10A23000EFBE00BFB0000420008A0A00686C0A006C
:10A240002C8A0A004C8A0A002DE9F0411D460E4670
:10A250001746034648B145B10A0311D54C0708D546
:10A260000121284A284809F06BFB6FF01500BDE872
:10A27000F08109F074FB0028F9D101232B70F6E777
:10A28000B107047824D021492FB1B20603D591F843
:10A29000D820500632D5C4EBC40411F80480B8F1BC
:10A2A000010F09D101341846214409F050FB002860
:10A2B000DDD185F8008002E0B8F1000FF9D02FB1B0
:10A2C000B30642BF2B7843F002032B700020CEE789
:10A2D000720710D50D49C4EBC4040F5D012F07D1DF
:10A2E0000134214409F033FB0028C0D12F70E7E787
:10A2F000002FE5D1FAE709F032FBBEE76FF08500E9
:10A30000B5E700BF758A0A00686C0A00B000042037
:10A3100038B5104DEB7913B10024204638BDFFF756
:10A3200015FF044628B10C4A01210C4809F008FB2E
:10A33000F3E7EB79002BEFD1FFF718FF0446002875
:10A34000F1D1681CFFF7F0FD04460028E5D0044A6F
:10A35000EAE700BFB0000420948A0A00686C0A0093
:10A36000B38A0A002DE9F74F884601904FF0FF317C
:10A370004FF0FF30FEF7ACFE044600284ED02021FF
:10A380000C3009F0F2F800270646002120220BF0DD
:10A39000EAFD3946D8F8005006F1010BD8F8043030
:10A3A0009F4208D3317000222146019803B0BDE8D6
:10A3B000F04FFEF7EFBF6A78881C13181F2B95F833
:10A3C00000C05FFA80F915D9BCF1090FC9F11F026D
:10A3D00001D1002A0CDC0121124A134808F0F3FED7
:10A3E0002046FEF74FF86FF0150003B0BDE8F08F80
:10A3F0004FF0080C5FFA82FA0AF1010E0BF801E047
:10A400000131C9B20BF801C069685844D1440BF05E
:10A410009DFD01375FFA89F10835BFE76FF06800ED
:10A42000E3E700BFD68A0A00306C0A00F7B5CDE931
:10A430000001694642F2080016461D469DF820704C
:10A44000FFF790FF044648B95FB90B4BD3E8EF1F05
:10A4500041F00401C3E8E21F002AF7D1204603B00F
:10A46000F0BD694642F20900CDE90065FFF77AFFC9
:10A470000028EAD00446F1E7D800042000487047DD
:10A48000C80004202DE9F04FD0F8109089B0B9F140
:10A4900000040546934618BF0124DFF8C0A20291CC
:10A4A0000393DAE8AF3F5A0740F17D8146687305B0
:10A4B0000CD56FF01504002240F20110029B934569
:10A4C00040F07A81204609B0BDE8F08FD0F81080C6
:10A4D000B8F1000F01D0B707EBD0A14F2878FB7976
:10A4E0008342E6D9C0EBC00007229E4938440BF0F6
:10A4F00049FD0028DDD0B00706D197F87030082B51
:10A5000002D8AB689F2BD4D916F0300F6DD0B8F1BC
:10A51000000FCED0F1066BD406F46036B6F5603F7E
:10A52000C7D0284609F032FA80460028C1D08E4EA6
:10A53000D6E8AF2FC2F30023D20500F13781CDE971
:10A540000533CDF81B30AB686A68ADF81030EB68A6
:10A5500012F4004FADF8123014BF06230723D003C6
:10A5600048BF03F00503910348BF03F0FB038DF8D8
:10A570001D30DAE8EF3F23F48073CAE8E23F002A97
:10A58000F7D12B7822463B7687F86F306968774899
:10A590000DF11503FFF758FE044600288BD1744BCC
:10A5A000B9F1000F30D02A6911684AF8B31C9188BC
:10A5B000998092799A716B689A0727D0B9F1000F48
:10A5C0002BD013F0100F0CBF012304238DF814308F
:10A5D0002B691A68CDF816209A88ADF81A209B7955
:10A5E0008DF81C304FF000081AE0B8F1000F93D13D
:10A5F000D5E902239A423FF65CAF1F2A7FF659AF96
:10A60000B3F5804F88D954E7564ACDE79B0502D46D
:10A61000039B002B3CD0022300E04B468DF8143006
:10A620004FF0FF304FF0FF31FEF752FD0446002897
:10A6300000F0BF800F2204A90C3008F09CFF2146D7
:10A64000002242F20600FEF7A5FE044600287FF431
:10A6500032AFB9F1000F1FD0686810F0030027D1A6
:10A6600007460121414809F095F90446002845D0E4
:10A670000121404A404808F0A6FD002F3FF41BAFDF
:10A680003846002100F0FCFA384600F0A7FA12E73D
:10A6900003238DF81430A5E75946129B039A0298BC
:10A6A000CDF80080FFF7C2FE04460028D4D002E7B0
:10A6B0003C7E07222B492E4887F86F400BF062FC46
:10A6C00060B920462D4900F049FE074610B96FF0E9
:10A6D0000B04F0E6052100F0D3FAC2E72046244936
:10A6E00000F080FE00287FF4E4AE387E204900F0C0
:10A6F00035FE07460028EAD00621ECE717B13846B8
:10A7000000F06CFA6B689F071FD0D6E8EF3F43F468
:10A710000073C6E8E23F002AF7D1B8F1000F2FD04E
:10A72000D6E8EF3F43F48063C6E8E23F002AF7D162
:10A730006B6858072DD5D6E8EF3F43F48053C6E841
:10A74000E23F002A3FF4B7AEF5E7D6E8EF3F23F447
:10A750000073C6E8E23F002ADFD0F6E78401042058
:10A76000B0000420D09A0A00D8000420C8000420B9
:10A77000D1000420EF8A0A00306C0A00C99A0A004E
:10A78000D6E8EF3F23F48063C6E8E23F002ACFD04B
:10A79000F6E7D6E8EF3F23F48053C6E8E23F002A0D
:10A7A0003FF489AEF5E76FF00A0484E66FF07704B2
:10A7B00081E66FF068047EE61988814204D1596809
:10A7C00011B10978C90702D40132083377E6054987
:10A7D00005480BF0A3F90023044A034806F0B6FC31
:10A7E00070E600BF65A80900E00004201C4E0E00C2
:10A7F00010B5184809F0F4F8174CD4E8AF3FDA0563
:10A80000C3F3002024D5D4E8AF3F9B0517D51349E7
:10A810000722E01F0BF0B6FB0346A4F1280114F851
:10A82000100C93B905220E4900F018FE044630B111
:10A830000021417200F024FA204600F0CFF9BDE873
:10A8400010400021034809F0A5B806222131EBE7AA
:10A8500010BD00BFC8000420D8000420D09A0A0010
:10A86000C99A0A0010B5FFF7C3FF034630B1BDE82F
:10A8700010400221024A034808F0AEBC10BD00BFE0
:10A880000A8B0A00306C0A0070B505460B4B1C6839
:10A8900044B154F8143C143C13B12846697A9847E3
:10A8A0006469F5E7064C074EB44200D370BD2368D7
:10A8B00013B12846697A98471834F5E778280420B8
:10A8C000006C0A00186C0A0010B50446FDF73AFD4A
:10A8D000044901EB0011204608F036FFBDE81040A6
:10A8E000FEF7FEBC44280420002270B50446D1E9DE
:10A8F00001560748C1E901220BF022F83DB131466B
:10A9000020462B46BDE870406FF06D02184770BDC1
:10A910001C07042070B50546002200230E4806F0EF
:10A92000D9F9B8B90D4B1C6834B154F80C3C143C3F
:10A9300003B198476469F7E7094C0A4EB44204D35F
:10A940002846BDE8704006F05DBBA36803B1984798
:10A950001834F3E770BD00BF0C07042078280420EA
:10A96000006C0A00186C0A002DE9F04104464027EB
:10A970000025EFF3118287F31288BFF36F8FE1692F
:10A9800029B1206A0B688142E36108BF236282F328
:10A990001188BFF36F8F71B1D1E901680748C1E930
:10A9A00001550AF0CDFF1EB1002241462046B047B6
:10A9B000FEF796FCDDE7BDE8F08100BF1C07042030
:10A9C00070B50446031DD3E8EF2F42F48061C3E85D
:10A9D000E51F002DF7D151051DD4D3E8AF3FDA03B1
:10A9E00008D5E378BBB9BDE8704002210A4A0B489C
:10A9F00008F0F2BB0A4B93F8D8301B07F1D508F0EA
:10AA000060FF034620B10121064A044808F0E4FB38
:10AA1000A37A072BE5D070BD518B0A00486C0A0061
:10AA2000B0000420308B0A000448B0F8FC3000F578
:10AA30008070002B08BF0020704700BFB0000420CA
:10AA400030B50446FDF7DCF90D460D4A0D4989B0D5
:10AA50000858D2F8C010884205D1204609B0BDE898
:10AA60003040FFF781BF2434214610460BF025F813
:10AA70001DB1694620460BF030F809B030BD00BF6B
:10AA8000F82504200800000038B5002204468A4258
:10AA900002D10024204638BD012004F1C803D3E8C8
:10AAA000EF5F002D04D1C3E8EC0FBCF1000FF6D12D
:10AAB00002D0D0340244EAE7002CEAD0C8220021B8
:10AAC00020460BF050FA04F1400004490BF026F840
:10AAD000034904F124000AF0D4FFDBE7BDB5090007
:10AAE000093A0A00F7B516460D4601210446FFF75C
:10AAF000A7FF012E23D0022E52D123693BB131484A
:10AB00000121314A08F05FFB204608F0A1FF2561D2
:10AB100021690B8A012B53D9CA681288043292B278
:10AB200093424DD343D9012100922648274A08F089
:10AB30005DFB204603B0BDE8F04008F089BF206906
:10AB400040B9234A31461F4808F03DFB204608F033
:10AB50007FFF01E02A8A2AB9284603B0BDE8F04009
:10AB6000FDF790BC018A438A47695B1AC168C91B1B
:10AB70005B1A9A420CD9174A3146124808F023FB57
:10AB800000222046216900F06DFF00232361E3E7E6
:10AB9000E9680C3008F0EFFC2846FDF773FCB7E7D6
:10ABA000012133460C4A074808F016FBCEE7002384
:10ABB00001222046236103B0BDE8F04000F052BFFF
:10ABC00003B0F0BD486C0A006A8B0A00EA8B0A00E9
:10ABD000878B0A00A58B0A00CC8B0A0008B500F110
:10ABE000C803D3E8EF2F013AC3E8E12F0029F8D1D9
:10ABF000AAB90B4B984212D303F1D00290420ED265
:10AC0000C01AD023B0FBF3F203FB120038B9054899
:10AC100006F02CF8BDE80840034806F0F3B908BD7B
:10AC2000381B04200C070420B004042010B504468F
:10AC300008F017FF06F0BEFC104A04F1BC03D2F87E
:10AC4000141161B9C4F8BC10D2F8181159B9C2E98D
:10AC5000453306F0C3FCBDE81040FEF741BB8B4214
:10AC600005D00968EDE70B60C2F81831F1E706F08E
:10AC7000B5FC2046FFF7B2FFEDE700BFB0000420AF
:10AC8000F8B5867A04468E420D4600AF1CD1082ED8
:10AC900098BF544B6C4688B094BF53F82630524B43
:10ACA0006A465249CDE905134FF40073ADF81C30E4
:10ACB0004F4B42F8103F00234FF4E4514D48FCF74E
:10ACC00077F9A546BD46F8BD81720EB908F0C9FEF8
:10ACD000A37A082B00F2828001A252F823F000BF71
:10ACE0002DAD090083AD0900C5AC0900C5AC090054
:10ACF000C5AC0900C5AC0900C5AC090005AD09002B
:10AD0000C5AC09000023C4E90D33E378012BD9D188
:10AD1000A378394A012B08BF032304F1400008BF80
:10AD200084F89830002306F0DDF9CBE7082EC9D867
:10AD3000DFE806F02005171C1C1C1720200004F17A
:10AD4000400528460AF0F6FE01212046FFF778FE6E
:10AD5000204608F07DFE00220023284606F0F6F982
:10AD6000B0E7637A13B12046FFF78EFD2046FFF768
:10AD700035FFA7E72B46214A02211E4808F02CFA8E
:10AD8000A0E7637A3E2B0FD16D4688B06A461C4B14
:10AD9000CDE90534032342F8103F00234FF4C4519A
:10ADA0001448FCF705F9AD46164D05F58076616946
:10ADB00011B9FEF795FA85E7A2690B68914208BFC1
:10ADC000A36120466361FFF78FFDB5F8FC30002BCF
:10ADD00014BF3046002005F049FFE8E70A4A2B4639
:10ADE000CAE700BFAC730A00058C0A000F8C0A008A
:10ADF00003000001486C0A005A620200208C0A001D
:10AE0000378C0A00B00004205E8C0A00F8B50746B3
:10AE100009480D46164608F024FE044650B18378D2
:10AE20001F4203D1BDE8F840FFF7D8BE3146A8471E
:10AE30002046F7E7F8BD00BF381B042000220120A0
:10AE40000149FFF7E3BF00BF453A0A0070B5054668
:10AE50000E480E4608F005FE0446A0B1837A012B89
:10AE600002D0073B012B0CD82388AB4208D1A37832
:10AE70001E4209D102212B46054A064808F0ACF9CA
:10AE80002046FFF7ABFE0024204670BD381B04208F
:10AE90007A8C0A00486C0A00034BC01A034B00115D
:10AEA0005843C0B2704700BF381B0420C54EECC4E5
:10AEB00070B51C46144305460E460DD0FCF7A0FFA6
:10AEC0000E49D1F8C0400E4909588C4206D10221E2
:10AED0000C4A0D4808F077F9002213460B49002D63
:10AEE00014BF2846084608F0E0FA044618B1711D60
:10AEF0000C3008F02FFB204670BD00BFF825042061
:10AF000008000000918C0A00486C0A002C070420FD
:10AF100010B50446054806F075F8204600F0F0FC30
:10AF20002046BDE81040FFF7AFBC00BFA0040420DE
:10AF30002DE9F04F002387B000AFFB607B61BB4B76
:10AF40005A8A3AB1BA4DD5F814413CB91C37BD46BE
:10AF5000BDE8F08F1B68002BF4D1F7E754F8BC393B
:10AF600003B1BC3B0026B34901E01C461346B5F8CB
:10AF7000FC20002A00F05781D5F808214AB904F1D5
:10AF8000BC06002BE2D0D3F8BC20002AEDD0BC3A9E
:10AF9000EBE70A68002AF2D0D4F8A820002AEED005
:10AFA000D4F8AC20002AEAD0D4F8B020002AE6D0A9
:10AFB000A37A072B6AD120469047002866D004F177
:10AFC000C003D3E8AF3F022B60DC204608F049FD08
:10AFD00004460028BAD0A37A072B40F021812046EE
:10AFE000D4F8A830B5F8FC1007F110029847814654
:10AFF000002800F00581B5F8FC203B699A4208D38F
:10B000000146D4F8AC60204607F1140307F10C02A6
:10B01000B0477B69D7F80C803B60B9F81030002B43
:10B0200000F0F8804846D7F810A008F0A3FB78603D
:10B03000002840F0F280B5F8FC30DFF8FCB1002BBE
:10B0400014BF584600200022002305F043FE78B9C3
:10B0500000220023774805F0D7FD064600283BD1A3
:10B06000B5F8FC30002B18BF5E46304605F0FEFDFB
:10B070006FF00B054846FDF705FAB8F1000F00F038
:10B08000AA802A4620463968C047A4E0D4F8BC30DC
:10B0900004F1BC02C6B9D5F81811C5F814318A42BA
:10B0A00001D1C5F8183100232046C4F8BC30D4F8CB
:10B0B000B030984700288ED0A37A072B40F0B0809C
:10B0C0002046FFF7B3FD86E73360D5F818319A4282
:10B0D00008BFC5F81861E6E73B68C0F804808360E4
:10B0E000B5F8FCB00022DA454FF000034FF0000144
:10B0F0004E4898BF1FFA8AFBFDF746F9804650B1CB
:10B10000FDF720F94D4B5A4603EB001349464046E4
:10B1100008F0F5FA8046B5F8FC3094F8C4909A45EA
:10B1200084BF01237B607B689CBF09F102095FFA41
:10B1300089F984F8C43004F1C00ADAE8EF3F01333A
:10B14000CAE8E23F002AF8D100233360A369002B4C
:10B150005AD1C4E90566A378012B58D108F10C0B2C
:10B160000421584608F018FA238809F0FD0943EA3B
:10B1700009330380B8F810300221043B438058465D
:10B1800008F012FA4046FDF7E1FF8146002847D05B
:10B19000DAE8EF3F013BCAE8E23F002AF8D1314646
:10B1A00004F1140008F033FC254A4B4601212548E0
:10B1B00008F012F84046FDF765F920463146FFF7E2
:10B1C00093FBB5F8FC301C48002B08BF002005F0AD
:10B1D0004DFD6FF004056E4688B01B4A0423CDE98F
:10B1E00005256A46079442F8103F4FF4015115486F
:10B1F0000023FBF7DDFE1321B546204608F045FC91
:10B200002046FFF7EBFCA1E61E60A661A3E76FF006
:10B210001509BDE76FF079052CE76FF0040529E704
:10B22000FEF75EF8ECE79368FFDE00BF98070420A6
:10B23000B00004201C070420B0010420442804208E
:10B24000CB850A00486C0A00BA8C0A0040F2E2433F
:10B250002DE9F041D0F888600446B6FBF3F6031DF3
:10B26000B6B2D3E8AF2F920413D5B0F88C20B24217
:10B270000FD8B0F88E20B2420BD3D0E924129142FD
:10B2800007D1D3E8EF1F21F40051C3E8E21F002AE1
:10B29000F7D1114B1D6865B155F8047C143D37B1E9
:10B2A00031462046B4F89230B4F89020B8476D6922
:10B2B000F1E70A4DDFF82880454501D3BDE8F0816C
:10B2C0002F6937B131462046B4F89230B4F8902057
:10B2D000B8471835F0E700BF78280420006C0A0052
:10B2E000186C0A002DE9F041074608460D4608F0A3
:10B2F000A0FA064618B900263046BDE8F081144B86
:10B300001C6884B154F8083C143C0BB96469F8E734
:10B310002946384698470028EDD0284608F089FA93
:10B320000028F3D1E7E70B4CDFF82C804445E3D24B
:10B33000E3680BB91834F9E72946384698470028DE
:10B34000D9D0284608F075FA0028F3D1D3E700BF1A
:10B3500078280420006C0A00186C0A0038B50546ED
:10B360000C460E480121FFF78FFBB0B10572236830
:10B370000367A388A0F87430A37980F8763001239E
:10B380008370074BC0F8A830064BC0F8AC30064BB2
:10B39000C0F8B030054BC0F88C3038BD381B0420E5
:10B3A00001B80900F3390A00E7390A00180028003B
:10B3B00070B505460A480E4608F053FB044620B116
:10B3C0008378012B04D0FFF709FC0024204670BDD0
:10B3D0003246294608F079FB0028F7D12046F2E7EB
:10B3E000381B0420F0B589B000AF0D46FFF7E0FF31
:10B3F000044618B329463846FDF77EF8A37A6D4611
:10B40000082B98BF0F4A8AB094BF52F823300E4BD6
:10B410006A46CDE907730D4B0D4909930D4BCDE9F4
:10B42000051442F8103F00234FF442510A48FBF73D
:10B43000BFFD2046AD46FFF7D1FB01202437BD46B6
:10B44000F0BD00BFAC730A00058C0A0001030204C2
:10B45000DD8C0A0005000002486C0A00F8B50546BC
:10B460000E480E46174608F0FCFA044620B18378D1
:10B47000012B03D0FFF7B2FB00240DE036B13246BA
:10B48000294608F022FB08B92046F3E7A37ABB421D
:10B49000FAD1237AAB42F7D12046F8BD381B0420FD
:10B4A00070B58B780646012B0C4692B042D191F8CC
:10B4B000703007AD032B37D8DFE803F002303234A9
:10B4C0001E492846FAF756FA059594F871301E2160
:10B4D000049394F872301A4A039394F873300AA8CC
:10B4E000029394F87430019394F87530009394F8B3
:10B4F000763006F053FE32460AAB10AD1C4603CC44
:10B50000AC4210605160234602F10802F6D1206877
:10B5100010603046A388938012B070BD0949D0E70F
:10B520000949CEE70949CCE70A212846084A06F02E
:10B5300035FEC9E700238DF82830DCE7A3800A0038
:10B54000C5800A00AA800A00B1800A00BB800A00F8
:10B5500083900A0038B5044608460D4608F069F99C
:10B5600038B3154B93F8D830990707D4E37873B103
:10B5700029462046BDE8384000F0A0BA94F899303A
:10B580009A07F3D5231DD3E8AF3F5B04EED42946D9
:10B59000204608F0BAFA58B92B88A4F88C306B888A
:10B5A000A4F88E30AB88A4F89430EB88A4F89630D9
:10B5B00038BD6FF01500FBE7B0000420F7B510F8B8
:10B5C000363C0446A0F140060BBB304608F0F0FACA
:10B5D000334B1D684DB155F8103C143D1BB130463E
:10B5E00014F8371C98476D69F4E72E4D2E4FBD4275
:10B5F00005D3304603B0BDE8F040FFF7EFBA6B6803
:10B600001BB1304614F8371C98471835EFE710F88F
:10B610003E3C012B25D1A0F13C05D5E8EF3F23F4BA
:10B620000052C5E8E12F0029F7D1990421D5E36C38
:10B6300069460093636D30460193FFF78BFF034625
:10B6400088B9D5E8EF3F23F48053C5E8E23F002AEC
:10B65000F7D1D5E8EF3F43F40063C5E8E23F002AA5
:10B66000F7D103B0F0BD114A0221114807F0B4FD33
:10B67000EFE74FF428130F4A69463046CDE900231F
:10B68000FFF768FF034640B9D5E8EF3F43F4805326
:10B69000C5E8E23F002ADCD0F6E7074AE4E700BF4E
:10B6A00078280420006C0A00186C0A00168D0A0025
:10B6B000486C0A00180028003B8D0A0010B50E489F
:10B6C0000AF036F90D490C480AF03AF90C490A48D3
:10B6D0000AF036F90B4908480AF032F908F093FEEF
:10B6E00002F0CCF9044628B909F096F9044608B9E5
:10B6F00008F005FB204610BD1C0704205428042038
:10B70000602804206C28042003460121014A0248D5
:10B7100007F062BDEE8D0A00706C0A0080B500AFC4
:10B7200088B06A46074BCDE90530032342F8103F45
:10B7300000234FF4C2510448FBF73AFC6FF00B00B2
:10B74000BD4680BD168E0A00706C0A0008B5064A18
:10B75000136823B90548506018460A6008BDFFF712
:10B76000DDFF6FF00B00F9E780280420F8730A0072
:10B7700070B5044652EA030008D0FCF741FB074DC0
:10B78000074ED5F8C0503058854201D100221346EB
:10B790002046BDE870400431FFF78ABBF82504203D
:10B7A0000800000073B5054618462B680BB39B7A5A
:10B7B000072B1ED1002A0CBF012302230E7A9E42C2
:10B7C00009DD01210C4A0D48009607F00FFD6FF0CE
:10B7D000150002B070BDCB7A072BF8D9C8618A6119
:10B7E00005F130000AF0ACF8284608F0B8F900205E
:10B7F000EFE76FF07F00ECE73D8E0A00706C0A0007
:10B800002DE9F84F88469146D0F8B44000AF44B1D6
:10B81000403C236B63B92068B43008F0BFF9246C56
:10B82000F5E7FDF75DFD00263046BD46BDE8F88F23
:10B8300004F1300A50460AF098F805460028F0D086
:10B8400007F098FF80B16C4688B06A46294BCDE975
:10B850000535032342F8103F00234FF4C251264818
:10B86000FBF7A6FBA546DEE7284607F04DFE656C14
:10B8700006469DB9A38C058A403B9BB23F2B03D85B
:10B88000238D9D4228BF1D46042106F10C0007F0C0
:10B8900083FE0580A38C04354380656445451FD82D
:10B8A000B6F810B0AB4506D100220023504605F093
:10B8B000ABF9FCF7E7FDA38CA3F140023F2A06D8C1
:10B8C000AB451ABF002213460C4AF361B2612068EF
:10B8D000B43008F063F9236B13B1204608F03FF948
:10B8E000636C98452CBF0021A3EB0801C9F8003018
:10B8F000616499E75D8E0A00706C0A00B13C0A0031
:10B90000F7B504460026234D234FBD4201D303B0B3
:10B91000F0BD2988204608F0C2F96B68019001A9A2
:10B9200020469847002830DB019B2A889A829A8417
:10B9300003F11002D2E8EF1FC2E8E06F0028F9D14E
:10B940001E645E649E60A16B03F10802F9B9C4E94C
:10B950000D221C60DE6003F1300009F0E9FF019860
:10B9600043681B6803B19847019B1033D3E8EF1F6E
:10B9700041F00101C3E8E21F002AF7D101984368B2
:10B98000DB6913B100F1100198470835BDE70A6083
:10B99000A263DEE7E86B0A00006C0A0073B50D468F
:10B9A0000646042105F10C0007F00FFE2B8A4288A1
:10B9B00004469A4207D000921C4A01211C4807F015
:10B9C00015FC02B070BD43783BB90121194A1848F3
:10B9D00002B0BDE8704007F0F6BB0378012BF0D051
:10B9E000132B06D1022AECD0022300931346124AED
:10B9F000E3E70221114A0E4807F0EEFB61780222CC
:10BA00000120356808F031F904460028D9D0022118
:10BA10000C3007F0AAFD002321460370437028462E
:10BA200002B0BDE8704008F050B900BF758E0A0042
:10BA3000706C0A00968E0A00B78E0A00E28E0A0029
:10BA400008B50B8A032B06D80121044A044807F0E5
:10BA5000BAFB002008BDFFF7A1FFFAE70A8F0A0032
:10BA6000706C0A0038B50B8A0546032B0C4609D8C2
:10BA700001210F4A0F4807F0A6FB2046BDE83840D9
:10BA8000FCF700BD042104F10C0007F09EFD418885
:10BA9000284608F02BF930B9074A0B460548022121
:10BAA00007F09AFBE9E7436821465B699847E4E7BA
:10BAB000288F0A00706C0A00458F0A0070B5134A7F
:10BAC0000C4613780646013313F0FF010ABF012329
:10BAD0000B46194613701220082208F0C6F80546D6
:10BAE00088B108210C3007F040FD228829460280E9
:10BAF00062884280A2888280E288C2803046BDE8A7
:10BB0000704008F0E2B86FF00B0070BD1F2C0420ED
:10BB100023281FD81A2804D8431E182B0ED9062014
:10BB20007047A0F11B03082B1ED8DFE803F0051DAA
:10BB30001B231D19251D05000320704701230F4AF3
:10BB400083401A40C2B90E4A1A40002A0CBF062090
:10BB50000120704700F07F03522B05D10020704771
:10BB6000012070470520704710F0400F14BF0020DF
:10BB7000062070470420704702207047AAAA8A0254
:10BB8000545545012DE9F74F064608460C46FCF78B
:10BB9000D9FB182343432D4F0546FA1891680191AC
:10BBA000E16806F14C00D0E8AF0FC0070AD40121CC
:10BBB000274A284808F0C6F86FF01509484603B030
:10BBC000BDE8F08FE068007810710022FA500B7821
:10BBD000D22B0FD133682146186808F01AFF81462E
:10BBE00040B101211C4A1B4808F0ACF82046FCF784
:10BBF00049FCE3E7182303FB0573D4F80C80D4F861
:10BC000014B0B4F810A09E60002321461A46301DDF
:10BC1000FFF7C8FD81460028D0D010F1690F04D18C
:10BC200001210E4A0B4808F08DF86269A8EB0B0859
:10BC300012FA88F2E26018225543019B7A19A4F89F
:10BC400010A0936047F80590B8E700BFD028042003
:10BC5000818F0A00386C0A009B8F0A00AE8F0A00A1
:10BC600008B5EFF31181402383F31288BFF36F8F80
:10BC7000002303600F4B5A68C2B9C3E9000081F387
:10BC80001188BFF36F8F0C4805F0BCF9031E0CDA66
:10BC900001210A4A0A4807F09FFA002383F311881A
:10BCA000BFF36F8F0323184602DF08BD1060586092
:10BCB000E5E700BFC8280420E8040420D18F0A006B
:10BCC000386C0A00011F014809F043BD80060420BA
:10BCD0000121024A024808F035B800BFFA8F0A0075
:10BCE000386C0A0010B5044600F14803D3E8EF1F92
:10BCF00041F00101C3E8E21F002AF7D1201F08F03C
:10BD0000F5F804F16400044909F008FF2068BDE873
:10BD1000104001F05FBE00BFCDCC090073B50E46E8
:10BD2000438D418B01328B4228BF0B469A42054618
:10BD300009D9022100921D481D4A07F057FA002434
:10BD4000204602B070BD3046FFF7E2FE6FF01403EC
:10BD5000034113F0010310D0FCF752F8154B1958AA
:10BD6000154BD3F8C03099421DD0144B1B685A1A9A
:10BD700018BF4FF0FF32134600E0114A002111486E
:10BD8000FFF7F6FC04460028DAD0FCF7DBFA1822AD
:10BD90000D4B012102FB003304F10C009D6007F004
:10BDA000E4FB0670CCE70022E5E700BF386C0A0030
:10BDB00017900A0008000000F82504201829042024
:10BDC0001C4E0E0050070420D0280420F0B51D465C
:10BDD00003680E460039044618BF012187B0186871
:10BDE000174608F09CFD40B904F14C0008F0E6F855
:10BDF000002846D0002007B0F0BD002D43D0182207
:10BE0000002168460AF0AFF86FB1002213212046E6
:10BE1000FFF784FF019030B91C4801211C4A07F04C
:10BE200091FF1120E7E7236829461B682846009305
:10BE30000023ADF812300C9B164A0393BDF8343042
:10BE40008DF80860ADF8103001238DF814306B4682
:10BE500008F090F89DF8143063B1002FCAD0019813
:10BE6000FCF710FB2A46314620469DF8143008F0B6
:10BE7000B0F8BFE701990029BCD0204607F0CCFFFD
:10BE8000B8E71220B7E70120B5E700BF386C0A0019
:10BE90003C900A00A73D0A002DE9F3410B8A0446B5
:10BEA0000D4643B90121294A294807F04BFF0020DC
:10BEB00002B0BDE8F0810768012105F10C0007F030
:10BEC00084FBBB7A0646072BF1D154F8043C002BC7
:10BED000EDD0002203781F4F043C17F832004FEAE0
:10BEE000C208984207EBC20114D12A8A48789042CE
:10BEF00026D90121009316481346174A07F076F910
:10BF000004234744BA78012AD1D1002BCFD0002294
:10BF1000317811E001320C2ADFD1104A02210C489D
:10BF200007F05AF931780846FFF7F2FD2122C240A6
:10BF300012F00102BBD10623204608F04AF8B6E70A
:10BF40004B682046294698470346DAE755900A0091
:10BF5000386C0A0020740A008A900A0070900A0067
:10BF6000F8B5124A0746002311480D4607F09DFA1E
:10BF7000044638B901212B460E4A0F4807F02CF928
:10BF80002046F8BD00F10C060921304607F0E2FA20
:10BF90002046FCF7D7F91822084B012102FB003399
:10BFA00030469F6007F0E1FA0570E9E71C4E0E008D
:10BFB00050070420EE8D0A00386C0A00D0280420B7
:10BFC0002DE9F0410E8A0446043EF6B2022E0846E0
:10BFD0008CB001D0102E64D104210C3007F0F5FA9A
:10BFE0000DF1080805884788011D3246404607F0D4
:10BFF00031FB002857D0A5B300268FB3AF4230D312
:10C000004FF42053404601A98DF80460ADF8063086
:10C0100007F0F3FA48BB1422002107A809F0A3FF98
:10C0200011212046FFF79CFF0990002837D00121FD
:10C030000C30CDE9074807F098FA00230A903946FA
:10C0400003701A4A0B93284607AB07F093FFDDE90C
:10C0500009131B78FBB90846FCF714FA0A2301E020
:10C060003D4601232A4610210EE042F601034046D8
:10C0700007A98DF81C60ADF81E3007F0BEFA002845
:10C08000C9D010232A461946204607F0A2FF0020F7
:10C090000CB0BDE8F081204607F0BEFEF7E71120A6
:10C0A000F6E70420F4E70E20F2E700BF05C609001A
:10C0B0002DE9FF41036804460D461868012108F088
:10C0C0002EFC40B904F14C0007F078FFA0BB122011
:10C0D00004B0BDE8F08110220021684609F043FF5A
:10C0E00021212046FFF73CFF029038B34FF00108B2
:10C0F000009405F10C072B8A012B04D820460299E5
:10C1000007F08AFE18E0384607F06FFA6B460146E2
:10C110000B4A06468DF80C8007F02CFF9DF80C307A
:10C12000002BE8D00298FCF7ADF9324620212046DA
:10C130009DF80C3007F04DFF0020C9E71120C7E73C
:10C1400025420A002DE9FF41036804460D461868A0
:10C15000012108F0E4FB40B904F14C0007F02EFF88
:10C16000A0BB122004B0BDE8F08110220021684677
:10C1700009F0F9FE0F212046FFF7F2FE029038B3D6
:10C180004FF00108009405F10C072B8A012B04D80D
:10C190002046029907F040FE18E0384607F025FADD
:10C1A0006B4601460B4A06468DF80C8007F0E2FE0E
:10C1B0009DF80C30002BE8D00298FCF763F932466A
:10C1C0000E2120469DF80C3007F003FF0020C9E740
:10C1D0001120C7E7A9420A00F0B51D4603680446CE
:10C1E0000E4685B001211868174608F098FB38B94B
:10C1F00004F14C0007F0E2FE50BB122005B0F0BD88
:10C2000065B310220021684609F0ADFE394620468C
:10C21000FFF7A6FE029018B3BDF828302946ADF806
:10C220000430012328468DF80C300E4A6B460094EA
:10C2300007F0A0FE9DF80C3002995BB10846FCF7B0
:10C2400021F92A46314620469DF80C3007F0C1FE00
:10C250000020D3E7204607F0DFFDF9E70120CDE716
:10C260001120CBE7A9420A002DE9F0410E8A0446CD
:10C27000043EF6B2022E08468CB001D0102E76D1C4
:10C2800004210C3007F0A1F90DF104080588478856
:10C29000011D3246404607F0DDF9002869D085B31C
:10C2A00077B3BD422DD80121606808F038FB0646FF
:10C2B00078BB42F602038DF8000069464046ADF8AF
:10C2C000023007F09AF920B342F60303404606A96C
:10C2D0008DF81860ADF81A3007F08FF9C8B1012D4C
:10C2E00003D14FF6FF739F4213D004F14C0007F0C7
:10C2F00065FE002814BF002012200CB0BDE8F081BC
:10C300003D4601232A460821204607F062FE002010
:10C31000F3E7182200210DEB020009F024FE0921A9
:10C320002046FFF71DFE0890F8B101210C30CDE941
:10C33000064807F01AF90023099003700A233946CA
:10C340008DF82C30284606AB0B4A07F013FE9DF8FB
:10C350002C3008992BB10846FCF794F89DF82C3046
:10C36000D0E7204607F058FDD1E71120C5E70420AB
:10C37000C3E70E20C1E700BFBDC609002DE9F043A9
:10C380000F460446062187B007F10C0007F01DF99F
:10C390000588EDB1B0F80280B8F1000F17D045451F
:10C3A00016D8002382888DF800308DF804304FF4C1
:10C3B0002053684601A9D7F80C90ADF80220ADF8DB
:10C3C000063007F01AF9064660B10A2301E0454637
:10C3D00001232A460621204607F0FBFD002007B076
:10C3E000BDE8F0830146142201A83F7C09F0BBFDA3
:10C3F00007212046FFF7B4FD0290D8B10A23414639
:10C400008DF81530284601AB0B4ACDE9036901943C
:10C410008DF8147007F0AEFD9DF8153002992BB120
:10C420000846FCF72FF89DF81530D2E7204607F0B4
:10C43000F3FCD3E71120D2E7A9C409007FB5CB688C
:10C4400004461D888DB15E8876B1B5420DD81022A4
:10C450000021684609F087FD05212046FFF780FD91
:10C46000019058B9112007E0354601232A460421DE
:10C47000204607F0AEFD002004B070BD6B4631468B
:10C480002846084A009407F075FDDDE9011323B939
:10C490000846FBF7F7FF0A23E8E7204607F0BCFC55
:10C4A000E9E700BF353E0A002DE9F04342F60103FB
:10C4B000002591B0D2F8008006460F4600680BA90F
:10C4C000D8F8049014468DF82C50ADF82E3007F0B3
:10C4D00094F800286DD04FF4205330680BA98DF8E4
:10C4E0002C50ADF82E3007F088F838B1A3681BB196
:10C4F0005A88BA4200D25F80012010E06168084685
:10C5000007F008FCB8F82A20B8F81A309A4294BF0D
:10C51000C0EB0200C0EB0300032803D8002011B0D9
:10C52000BDE8F083084606F0F3FF0546616808465B
:10C5300007F0F0FB6B8A2A8AA3EB020C6B69EA68AE
:10C54000D21AACEB0203B8F82AC0B8F81A20944506
:10C5500094BFC0EB0C00C0EB0200834228BF03462F
:10C560006BB9887AFBF7E6FE0022002306F09DFFF8
:10C5700005460028D2D00146606806F0DAFF0023A5
:10C5800000933146D6F804801023484602AAC047DB
:10C59000061E0EDB227CE068964227D001460BA8DF
:10C5A00007F058F840B9237C134A0221134806F0DB
:10C5B00013FE0023A3609FE7F2B202A906A807F0CA
:10C5C00049F810B90E4A3346EFE706A90BA807F061
:10C5D00014F80028EDD100230421637405F10C0048
:10C5E00006F0C3FFA0600780A36884E7324602A973
:10C5F00009F0C8FCEDE700BFA9900A00386C0A00FA
:10C60000C8900A002DE9FF414FF000084FF4205375
:10C6100005460E46006802A9144617688DF8088082
:10C62000ADF80A3006F0E9FFA0B142F60103286830
:10C6300003A98DF80C80ADF80E3006F0DEFF48B18E
:10C6400023691BB15A88B24200D25E80012004B037
:10C65000BDE8F0816168286806F0CFFF10B10023C3
:10C660002361F3E7E368A0681A786AB1B7F81AC0E3
:10C67000798D038A8C4594BFC3EB0C03C3EB010394
:10C68000934201DA0020E2E704210C3006F06DFF4E
:10C6900020610680236929465E80074B0194009340
:10C6A00038460023A26807F034FD0028EADB206941
:10C6B000003818BF0120CAE7553F0A002DE9F347AB
:10C6C000176805468946006851681446D7F804A0E3
:10C6D00006F093FF804600284BD19522294650460C
:10C6E00008F0CAF80646207540B1E3681B780BB124
:10C6F00084F81480002002B0BDE8F0872946504637
:10C7000008F04AF910B908232375F3E7A0682675E5
:10C7100006F0FEFE02210C3006F027FF164B2061CA
:10C72000A0F8009000930194334629463846A26849
:10C7300007F0EFFC002807DA10F1FF0F32BF0E20E0
:10C740004042C0B22075D5E72369002BD2D0A06843
:10C7500007F0E0FA7B8D7A8B9A4294BFC0EB02001F
:10C76000C0EB0300E3681B78984294BF00200120CF
:10C77000C1E70120BFE700BF253D0A002DE9F041D8
:10C7800082B000AF044688460022002339463B4869
:10C7900004F080F80546B0B16D4688B06A46384B63
:10C7A000CDE90534032342F8103F00234FF4C25172
:10C7B0003448FAF7FDFBAD466FF00B0630460837FC
:10C7C000BD46BDE8F081FBF71BFB2F4B29461A58ED
:10C7D0002E4B38681A60242209F0C5FB3B68002202
:10C7E0001C603C680023C4E90155C4E9075528488A
:10C7F000391D7D6004F04EF8064688B123686C460A
:10C8000088B06A462349CDE90513032342F8103F57
:10C810004FF4C4512B461B48FAF7CAFBA546CBE799
:10C820000146A022786809F09EFB78681A4B836065
:10C83000543009F07DF87B684C33D3E8EF2FC3E820
:10C84000E16F0029F9D17B681C60E3697D681BB941
:10C8500004F10C0009F06CF8E26905F19803C5F8E1
:10C860009820226AE36102B9236217227B685A8505
:10C870005A830433C8F80030A0E700BF64060420E0
:10C88000E7900A00386C0A0008000000182904200C
:10C89000800604200C910A00C004042008B5837AA5
:10C8A000072B06D002210C4A0C4807F04BFA002057
:10C8B00008BD042107F01AFA10B9094A0121F3E76B
:10C8C00000F14803D3E8AF3FDB0701D4054AF5E7A1
:10C8D00050F8040CECE700BF31910A00386C0A00F4
:10C8E0003F910A00818F0A002DE9F04F85B000AF1B
:10C8F000B860EFF31188402383F31288BFF36F8F82
:10C90000584C204607F0FCF92668054688F3118844
:10C91000BFF36F8F00285FD0FBF714FD182202FBD6
:10C9200000F35149C81851F803A003690021D0E968
:10C930000248FB6090F80490B0F806B009F013FBD1
:10C94000A87AFBF7F7FC6969034659B16A7AD00700
:10C9500006D4DA69284612687B60926890477B6843
:10C9600000226A612946184608F0F5FFB9F1000F68
:10C970000DD064B1236853B11B6843B1BAF1000F05
:10C980002ED001215346394A394806F025FC1EB302
:10C990000020B96809F091F800281DDA6C468AB0C9
:10C9A0006A46344B0593344BCDE906304FF400739F
:10C9B000ADF82030314B42F8103F00234FF41151B5
:10C9C0002B48FAF7F5FA0023A54683F31188BFF345
:10C9D0006F8F0323184602DF1437BD46BDE8F08F82
:10C9E000201D07F091FC4846FFF792F80528CED8A5
:10C9F00001A353F820F000BF3DCA090011CA090085
:10CA00008FC909003DCA09008FC9090011CA090070
:10CA100004F14C03D3E8AF3FDA0705D40121184AEB
:10CA2000134807F08FF9B2E7236D002BAFD0002336
:10CA3000144A04F1680004F089FBA8E754F84C3B61
:10CA40001D68D4E8AF3FDB07E8D5B8F1000F9ED0F2
:10CA5000002403E02846F968C0470134A3B29B458F
:10CA6000F8D894E7C8280420D02804205A910A0056
:10CA7000386C0A0079910A00249B0A000400000126
:10CA8000818F0A001C4E0E00F8B50F461646FFF7C0
:10CA900005FFB0B1C46920461CB150F8984904B1F3
:10CAA000983C731C194638B1428B458DAA4228BF69
:10CAB0002A469A4207D264B902210A4A0A4806F075
:10CAC0008BFB0020F8BD32463946BDE8F840FFF741
:10CAD00025B9D4F8985005B1983D20460B462C4610
:10CAE000E2E700BF94910A00386C0A0007B50B46D4
:10CAF00000210246FBF784F901910E4909580E48BE
:10CB00000068884204D00D48D0F8C000884201D1A6
:10CB10000022134601A90A4803F0BCFE014638B9B9
:10CB20001022019809F01FFA019803B05DF804FB88
:10CB30000020FAE70800000018290420F825042046
:10CB4000B806042010B50446806818B1FBF79AFCBB
:10CB50000023A3602146BDE81040014808F0F9BD5C
:10CB6000B80604202DE9F743044668300F46904686
:10CB70001E4608F0DFFF206D50B90221144A154807
:10CB800007F0E0F8204603B0BDE8F04300F086B8B7
:10CB9000114B98424FF0000317D045684360206D59
:10CBA000D0F80C90FFF7CEFF00232068236507F034
:10CBB000DCFB3DB12068CDF8009043463A46314653
:10CBC0000068A84703B0BDE8F0831D46ECE700BF4E
:10CBD000AF910A00386C0A001C290420F7B550F800
:10CBE000044C0546002C55D000F1940104F11C00C2
:10CBF00007F0CBF92E1F05F150070022002338461D
:10CC000004F002F8024658BBEB6C2BB101466FF002
:10CC100067033046FFF7A6FF002345F8043C05F103
:10CC20004803D3E8EF1F21F00101C3E8E21F002A07
:10CC3000F7D1E36973BB04F10C06002200233046F0
:10CC400003F0E2FF78B9666886B92146124826608B
:10CC500008F07FFD286803B0BDE8F04000F0EABEB0
:10CC6000FBF710FCC9E7FBF70DFCE6E7A2683368A9
:10CC70009642636008BFA36077683FB1F3686FF0C6
:10CC800067010093002320681A46B8473046FFF733
:10CC900059FFD8E703B0F0BD6406042010B5044680
:10CCA0000430FFF79BFF1321606806F0EEFE034699
:10CCB00030B1BDE810400121024A034806F08CBAA9
:10CCC00010BD00BFC6910A00386C0A00F0B589B0EB
:10CCD000044654F8683D00AF38461968FEF7E0FB9B
:10CCE0006E4688B06A460B4BCDE905374FF40073AA
:10CCF000ADF81C30084B42F8103F00234FF4E251CE
:10CD00000648FAF755F92046B546FFF7C7FF24371E
:10CD1000BD46F0BDE4910A0003000001386C0A0032
:10CD2000F8B51D460F461646FBF70CFB1823044CBE
:10CD300003FB00400123C0E90376C3800575F8BDFD
:10CD4000D028042008B530B90749084807F0F1FB9E
:10CD500038B1074808BD054A12F8011C06F0B5FEB7
:10CD6000F6E70020F6E700BFD09A0A004529042024
:10CD70004429042010B5074C2378834207D1601C56
:10CD800007F0D7FB002814BF2046002010BD00206C
:10CD9000FCE700BF8A2B042010B54A1C0C4628B1C2
:10CDA000097806F092FE30B1204610BD10460349C6
:10CDB00007F0BFFBF7E70020F7E700BFD09A0A00B3
:10CDC000024608B50749013007F0C6FB00230C32C4
:10CDD00002F8043CD2E8EF1FC2E8E03F0028F9D196
:10CDE00008BD00BFD09A0A002DE9F04180460F46E9
:10CDF00016461D46FFF7BEFF044680B91249FFF7ED
:10CE0000B9FF044630B9BDE8F04101210F4A10488E
:10CE100006F0D9B9394600F8018B07F09DFB23894C
:10CE20002BB962892AB926816581BDE8F0819E42CD
:10CE300004D36289AA42F8D29E42F5D26389268140
:10CE4000AB42F2D2F0E700BFD09A0A0017920A0074
:10CE5000586C0A002DE9F041214B154682680746BF
:10CE60009A4202D1C4686389E3B90120BDE8F08128
:10CE700005F170084146287A06F0FDFC68B9194BA7
:10CE80009C4202D1284607F0F3FB3046164907F0D2
:10CE900063FB00232370238119E04146304607F0ED
:10CEA0005BFB14E0238993B1264616F8011B284644
:10CEB000324606F00AFE0028DAD131462078FEF725
:10CEC00077FA20B1857AFDF789FE072DCDD00021B4
:10CED000E3686181002BC8D038469847C5E700BF9A
:10CEE00011CF090010050420D09A0A0008B502F0FD
:10CEF00059FD38B101210346034A044806F06CF994
:10CF00006FF0040008BD00BF36920A00586C0A009A
:10CF10002DE9F8431E46BDF8203081460F46D1F872
:10CF20000C80002B45D1731E012B45D8012E4146A4
:10CF30000CBF15781588FFF72FFF0446C0B915B947
:10CF40003046BDE8F8834146FFF726FF044638B96E
:10CF50001B4802211B4A06F036F96FF01000F0E77B
:10CF600009F17001013007F0F7FA99F808302370E1
:10CF7000D8F810308BB92581B8F80A30AB4203D00D
:10CF80004146384607F0EFFA002DD9D10E49601C12
:10CF900007F0E2FA25702581D2E72A46394648464D
:10CFA00098470028CDDB01380128E4D96FF00D0047
:10CFB000C7E76FF00600C4E76FF00C00C1E700BFE1
:10CFC000586C0A004C920A00D09A0A002DE9F041F0
:10CFD0009846BDF818300646012B174635D843440D
:10CFE000012B454634DCFFF7ADFE044668B9FFF778
:10CFF000A9FE044648B90221184A194806F0E3F888
:10D000006FF010052846BDE8F081B8F1000F11D08F
:10D010000023217A21FA03F2D00703D53A78DA40C7
:10D02000D20718D50133032BF4D13B7803F0070363
:10D0300019432172601C06F1700107F08DFA337AF2
:10D040002046237007F08EFBDCE76FF00605D9E77A
:10D050006FF00C05D6E76FF01205D3E766920A0071
:10D06000586C0A0010B504461048D0E8EF3F23F092
:10D070000203C0E8E23F002AF7D1D0E8AF3FDA0769
:10D0800004D500220023303804F060F8204607F071
:10D0900010FA50B12046FFF755FE30B1037ADB0796
:10D0A00003D5BDE8104007F05DBB10BDB81C0420DF
:10D0B000012110B5144807F044FAC30723D4022114
:10D0C000114807F03EFA084007D11049104A0B8872
:10D0D000104CA24211D300B10B800F490F4808F049
:10D0E0001DFD40F2391200230C48FBF78FFABDE812
:10D0F00010400B490B4808F011BD5068083203443A
:10D100009BB20120E5E710BD54290420962B042092
:10D11000186C0A00306C0A0071D30900181C042036
:10D12000B9D60900881C042003462DE9F04148B116
:10D13000008A38B901244FF0140C1149DFF844E09B
:10D14000714501D3BDE8F081D1E90076BB4204D33B
:10D150000CFB0672143A93420ED93444A2B2144620
:10D160000831EDE70CFB0578434507D0013562191E
:10D17000AE4292B2F6D1F2E70025F8E71046E1E7B9
:10D18000186C0A00306C0A002DE9F74F99464FF6EB
:10D19000FF73BDF830500746002D08BF1D46244BD5
:10D1A00090461B88009183423CD203B0BDE8F08FCB
:10D1B00073682344BB4232D29CB208361D4B9E4258
:10D1C000F6D3F2E740468958019306F016FA019B20
:10D1D00090B101340AF1010AA4B273685345ECD945
:10D1E000009B9C42E1D8BC42F3D30BFB0AF23168AE
:10D1F0008B18B8F1000FE5D1B9F1000F0BD1013D4B
:10D200001846ADB221460E9A0D9B9847002DCCD002
:10D210000028DED1C9E7DA689145DAD1EFE74FF0AF
:10D22000000ADAE701244FF0140B034EC6E700BFF3
:10D23000962B0420306C0A00186C0A0010B58EB0D2
:10D240001022002103A808F08EFE1822002108A851
:10D2500008F089FE4FF41053ADF81C308023ADF870
:10D260001E304FF48063214C1022CDE9093403A90C
:10D2700001AB07A802F026FB034630B11C4A01218E
:10D280001C4805F0A9FF0EB010BD0090224668466C
:10D29000019902F061FB034608B1174AEFE76B46BC
:10D2A0004FF6FF710120154A07F0DBFA102268469D
:10D2B000134907AB02F098FB0446019802F02EFBDD
:10D2C00014B1104A2346DAE721460D4B03F1100250
:10D2D000187812F8014D0131082903F8014B10703C
:10D2E000F6D1094807F02DF9CDE700BF0002C003D1
:10D2F00092920A00586C0A00BB920A00BD460A00CE
:10D30000081C0420D9920A00B81C04202DE9F04121
:10D3100014490646A1F1300014461D46BDF81870A8
:10D3200008F01BFC104BD3E8AF3F190701D4FFF7FF
:10D3300085FF3046FFF706FD50B1037ADA0707D5BF
:10D340000C30D0E8AF3FDB0702D4022107F0F9F838
:10D3500010233A46069329462046BDE8F041034B88
:10D3600007F019B9481C0420B81C0420081C04202C
:10D37000034BD3E8AF3F1B0701D4FFF75FBF7047F4
:10D38000B81C0420002307B50193FFF7CDFE411C14
:10D3900089B20846034A01AB07F063FA019803B06B
:10D3A0005DF804FBF7440A002DE9F04387B0837A67
:10D3B0008046072B0C46154602AF40F0A68000239E
:10D3C0003B7342F60303206807F10C01FB8106F072
:10D3D00014F90646002834D1D4F80490B9F1000FAE
:10D3E00005D101214B4A4C4805F0EDFE8DE00123AB
:10D3F0002146009007F10802C847031E11DA6D4666
:10D4000088B002AAD36104234449C2E9051442F852
:10D41000103F4FF4015133463F48F9F7C9FDAD467F
:10D4200073E0012B05D001213D4A3B4805F0D4FEB5
:10D430006BE03B7A13F0300F67D02046FFF7A2FF76
:10D440000446002320683B7342F6021307F10C01E7
:10D45000FB8106F0D2F818B12046FFF793FF04468F
:10D46000002642F60219206839463E70A7F802905D
:10D4700006F0C3F818BB002320683B7342F6021382
:10D4800007F10C01FB8106F0B8F8064600283CD1F4
:10D49000D4F80490B9F1000FA3D0022300902146E4
:10D4A000404607F10C02C847031EA8DB022BBAD185
:10D4B000BB8905EA0300003818BF012026E042F6C8
:10D4C00003032068391D3E71FB8006F096F80028A2
:10D4D000D1D04FF42053206807F108013E727B81C0
:10D4E00006F08BF80028C6D042F60103206807F149
:10D4F0000C013E73FB8106F080F80028BBD020466B
:10D50000FFF740FF04460028ADD100201437BD4688
:10D51000BDE8F083EF920A00586C0A0003930A00FA
:10D5200029930A002DE9F843894651680746B1F866
:10D530001280154618F094083BD10222FFF734FF01
:10D54000002839D000211E48AE8AFFF7CFFA0236F4
:10D55000044660B11B4B32464360C5601D2138460E
:10D56000FFF792FA064638B92046FFF7EBFA6FF05C
:10D570000B052846BDE8F883012342464146FFF7E4
:10D58000CFFBA98A06F10C00023105F0EEFF20F86E
:10D59000029BAA8A296908F0D9FC21463846A66070
:10D5A00006F06AFF05460028E3D02046FFF7CAFAD6
:10D5B000DFE74FF0FF35DCE76FF01505D9E700BF77
:10D5C0001C4E0E00FD440A0070B504460D468AB09C
:10D5D000364BD3E8AF3F5A0761D510B1837A072B9A
:10D5E00060D16E6830460596FFF79EFD2A68ADF85B
:10D5F000180032B305A902912D49002301910121A0
:10D6000000914FF6FF710593FFF7BEFD059E1EB911
:10D610006FF001000AB070BD6E60002330688DF8B5
:10D62000103042F6030304A9ADF8123005F0E5FF0F
:10D6300070B90598C3689B799B0605D46FF01500F7
:10D64000E8E70028E9D1E3E707F0C4F8ADF81800EF
:10D65000BDF818003CB1012301462A462046AB75AF
:10D66000FFF760FFD6E76FF07F0307930223ADF863
:10D67000203042F60213ADF8123005ABAC750293C0
:10D680000C4B4FF6FF710193012304AA009323462C
:10D6900009958DF81040FFF777FD0798BAE76FF00E
:10D6A0000A00B7E76FF07F00B4E700BF84010420F1
:10D6B0002B450A00E9D80900034613B550F8082C99
:10D6C000A0F12001019200F13004D4E8EF2F22F004
:10D6D0000102C4E8E02F0028F7D10D4A002043F8EA
:10D6E0001C2C0C4A23F8080C43F8182C01AA43F808
:10D6F000102C042223F8060C23F80C2CFFF764FFEF
:10D7000018B90221204606F01CFF02B010BD00BF70
:10D71000BC740A0065D00900F8B5304B8168044636
:10D72000994200AF21D1C66815683389EBB1324602
:10D73000284612F8011B06F0C8F9B0B14FF49572F3
:10D740002146284607F098F8032811D16D4688B085
:10D750006A46234BCDE9053442F8100F00234FF4FD
:10D76000C4512048F9F724FCAD460120BD46F8BD60
:10D770003146204606F0F7FE1B4B9E42F5D1287A33
:10D7800005F17001FFF7F6FA04460028EDD0038991
:10D7900013B94389002BE8D02846FDF77DFB228989
:10D7A000124B134923F82020628903EB80035A802F
:10D7B000182202FB00110B6104230E4A28464A601E
:10D7C0000D4A8B828A60FFF7FFFE0028CDD0012131
:10D7D0000A4A044805F0F7FCC7E700BF11CF09006B
:10D7E00042930A00586C0A0010050420862B04207E
:10D7F0002C290420BC740A006D470A0056930A00C5
:10D8000070B504460D468AB0344BD3E8AF3F5A0793
:10D810005DD510B1837A072B5CD16E6830460596D2
:10D82000FFF782FC2A68ADF8180032B305A902910F
:10D830002B4900230191012100914FF6FF710593BF
:10D84000FFF7A2FC059E1EB96FF001000AB070BD83
:10D850006E60002330688DF8103042F6030304A98F
:10D86000ADF8123005F0C9FE70B90598C3689B7910
:10D87000DB0605D46FF01500E8E70028E9D1E3E7FF
:10D8800006F0A8FFADF81800BDF818002CB101464D
:10D890002A46204607F00EF8D8E76FF07F0342F6DD
:10D8A000021207930123ADF8122005AA02920D4A35
:10D8B000ADF82030CDE900324FF6FF71234604AABF
:10D8C00009958DF81040FFF75FFC0798BEE76FF0F1
:10D8D0000A00BBE76FF07F00B8E700BF84010420B7
:10D8E0002B450A00E9D80900F8B51546354B826882
:10D8F00004469A4201D00120F8BDC768324B9F42CE
:10D9000046D03A89AB899A42F5D1394611F8010BD4
:10D91000FDF74EFD06460028EDD0837A072B05D093
:10D92000FDF75CF9E7E7FDF759F9EAE77B6923B111
:10D930002146984708B93046F2E7648A14F0940407
:10D94000F9D1AB89022B16D13C8914F002040AD01C
:10D9500030462A69A988FFF7E5FD044618B92A6907
:10D96000937D013393753046FDF738F9002CAC6098
:10D97000C1DA0020C0E7012BF5D13C8914F0010485
:10D98000F1D030462A69A98806F094FF0446EAE7F8
:10D990000E4E0F49304606F0CCFD0028B1D10722CB
:10D9A000314616F8010CFDF759FD0028BBD12B6953
:10D9B00031461A6916F8010C53881288FFF714FAD9
:10D9C0009FE700BF11CF0900100504208B2B042016
:10D9D000D09A0A0007B5009001206B464FF6FF7100
:10D9E000034A8DF8040006F03CFF03B05DF804FB29
:10D9F00019D709002DE9F0410D4B06461B680F466B
:10DA0000904623B153F8044904B1043C0BB9BDE876
:10DA1000F0811B681BB142463946304698472CB10D
:10DA2000656805B1043D23462C46EFE72546FAE735
:10DA30005829042070B5044603464FF6FF710120B3
:10DA40000D4A06F00EFF2046FFF77CF9054688B127
:10DA500004F170063146207A05F00DFF20B9284602
:10DA6000BDE87040FFF7ACB93146681CBDE87040B6
:10DA700006F072BD70BD00BF55CE09007FB54FF4F2
:10DA800020520023ADF8162004AA02920A4A01206F
:10DA9000CDE900324FF6FF7105AA04938DF81430DA
:10DAA000FFF772FB049B012B14BF6FF015000020E1
:10DAB00007B05DF804FB00BFA1490A0080B500AFC4
:10DAC00088B06A46074BCDE90530032342F8103F82
:10DAD00000234FF4C2510448F9F76AFA6FF00B00C3
:10DAE000BD4680BD7B930A00886C0A0008B5064AD3
:10DAF000136823B90548506018460A6008BDFFF74F
:10DB0000DDFF6FF00B00F9E76029042034750A008F
:10DB10002DE9F04106691D4696F8883017469A07A8
:10DB2000069C07D41448154906F078FF6FF00400EE
:10DB3000BDE8F081631C06F1600818D047F6122C8E
:10DB400040F2E730002124EAE4744FF47A720023B3
:10DB5000E4FB0C01F4F7BAFE02460B463946404698
:10DB600002F02CFF0028E3D1736B2B60E0E74FF04D
:10DB7000FF321346F2E700BFA06C0A00A7930A0029
:10DB800037B5044600220121D020FAF743F8636834
:10DB900000211D6A01AA284607F02AF800281FDB89
:10DBA000019B2A681979186800F08AFD002817DBA4
:10DBB00004230C491A460C4807F01BFE04230B48AB
:10DBC0001A460B4907F015FE6368256993F824305F
:10DBD000022B0CBF0220002000F034FBE861002083
:10DBE00003B030BDB8290420880504206005042056
:10DBF000A82904202DE9F04704690D4694F88930DE
:10DC0000D0F80490D1F810808CB003F0FF0C43B131
:10DC10005748584906F002FF6FF00F000CB0BDE8FE
:10DC2000F08791F8243091F826A0012B0CBF1A46FA
:10DC3000022281F825204FF0010281F827204FF0C1
:10DC4000000218BF4FF0100CBAF1010F0A6209D19F
:10DC50005A1E012A06D84A69624501D0012A01D11B
:10DC6000A96931B14449424806F0D8FE6FF0150069
:10DC7000D4E7D8F8000010B198F8040070B994F80F
:10DC800088309D0708D5204607F0F4FB94F88830CB
:10DC900023F0020384F888300020BFE7102801D069
:10DCA0003649E0E7581ED0F1000E4EEB000E6245FB
:10DCB00018BF4FF0010C05AE09F1040708BF8A46F2
:10DCC0000FCF0FC697E8070086E80700C5F81CC00D
:10DCD00099F824302A4A022B0CBF012300238DF827
:10DCE0002C30284B08BF13468DF814E08DF815A092
:10DCF0000193D8F80030314602932B6801A80393B2
:10DD00006B68049302F0AEFB054608B11E49AAE712
:10DD100094F888309B0708D5204607F0ABFB94F8B1
:10DD2000883065F3410384F888302046D9F8002014
:10DD300005A907F07DFB034638B10D480121134AC0
:10DD400005F04AFA6FF0040068E7B8F8063094F876
:10DD500088206363D8F8083022F00302236399F81F
:10DD60002430003B18BF012343F00203134391E723
:10DD7000A06C0A00C0930A00EB930A0014940A00F6
:10DD800000366E010048E80136940A0064940A00E7
:10DD900010B5044602F04AFBC0B1012103460C4A0B
:10DDA0000C4805F019FA94F88830DB0709D5E069CA
:10DDB00005F026F9031E04DA0121074A054805F09B
:10DDC0000BFA00236FF0040084F8893010BD00BF07
:10DDD00081940A00A06C0A0099940A000B4670B561
:10DDE00002460069032B45D8DFE803F0020C020C61
:10DDF00090F8893023B1012380F88A3007F09BFB2B
:10DE0000002070BD90F888309B0706D41D491E483D
:10DE100006F004FE6FF00400F3E790F8893003F099
:10DE2000FF05002BECD1012680F88A50146994F884
:10DE3000883084F8896013F0010F15D0134BE56228
:10DE400063624FF00303A362DAD0E06904F12001BA
:10DE500005F08BF8031ED3DA84F889500C4A31465A
:10DE6000094805F0B9F9D5E72046FFF791FF0028EA
:10DE7000C6D0CFE704480121064A05F0ADF96FF09E
:10DE80001500BEE7A7930A00A06C0A0099DE0900FE
:10DE9000B5940A00D1940A0010B591F8693083B99D
:10DEA00091F86830DB0712D551F8040C05F0A8F89A
:10DEB000031E0CDABDE810400121054A054805F0B3
:10DEC0008BB9A1F12000BDE81040FFF761BF10BD84
:10DED00099940A00A06C0A00F7B506780546454CEF
:10DEE00066B100230022206B01A902F0D3FC031EBF
:10DEF00019DA414A0121414805F06EF994F88A2067
:10DF00006B68002A4FD0002B37D0002200233C48FA
:10DF100001A902F053FD00282BDA3A49374806F0F0
:10DF20007DFD03B0F0BD019F0022002301A904F193
:10DF3000380007F06DFC00280EDA33492F4806F050
:10DF40006DFD206B019907F004FC0123204684F845
:10DF50008A3007F0F0FAE4E7626B39462046C2F3F4
:10DF60004F0207F0A1FA034608B1284AC2E7064665
:10DF7000C4E70199206B07F0ECFB94F88930002B83
:10DF800034D0002384F8893094F88830DB072DD50D
:10DF9000E06905F035F8031E28DA01211C4A17480C
:10DFA00005F01AF9BDE70BB300220023144801A9BC
:10DFB00002F004FD002808DA1249104806F02EFD90
:10DFC00001230C4884F88A30C3E70022002311485B
:10DFD00001A907F01DFC002808DA0F49074806F0E0
:10DFE0001DFD0199206B07F0B4FBE9E7002E98D0E6
:10DFF000E6E700BF28050420E5940A00A06C0A00AB
:10E00000600504203C950A0003950A0023950A0048
:10E0100099940A00880504204F950A00084B70B5B2
:10E02000C31A0D4607499B1004465943402206482F
:10E0300006F001FD2B4601462046BDE8704018471A
:10E04000DC290420B76DDBB688610A00402373B574
:10E050000B4C0093041B0B460D460A49A410614368
:10E060000646094A094806F012FD014628B1304625
:10E070002B4602B0BDE87040184702B070BD00BF2B
:10E08000DC290420B76DDBB6FB4A0A0088610A0070
:10E090002DE9F8430022012107464FF48770F9F774
:10E0A000B9FD114801F0B6FB0446C0B906F03CFFCB
:10E0B00025464FF01C094FF00C083E690B4909FB3F
:10E0C000056004F03FFF031E0CDB012308FB05661F
:10E0D0001D44032DF365F0D12046BDE8F8836FF0B1
:10E0E0000404F9E71C46F7E719E20900B0750A00D5
:10E0F0001FB5002201236C46CDE902236B46074A77
:10E10000CDE9004406F0F2FC28B943F60952002399
:10E11000684602F0DFFD04B010BD00BF194B0A00D5
:10E1200010B5EFF31184402383F31288BFF36F8F90
:10E13000074A136823F00201DB07116002D40120B3
:10E1400006F0E8FE84F31188BFF36F8F10BD00BFA7
:10E15000542A04200C22104B014602FB00330020FD
:10E1600030B4D3E915525865EFF31180402484F39D
:10E170001288BFF36F8FDC6D04F0C00444F002041A
:10E18000DC6580F31188BFF36F8F1DB12B4630BC67
:10E190000248184730BC7047DC29042088610A0017
:10E1A00010B4EFF31180402282F31288BFF36F8F17
:10E1B00016490B6843F0020413F001030C6017D0FA
:10E1C000134BD3F80C3413F4803311D0EFF31181D7
:10E1D00082F31288BFF36F8F0E4AD36D03F0C00332
:10E1E00043F00203D36581F31188BFF36F8F0123DE
:10E1F00080F31188BFF36F8F1BB1002010BCFFF7B5
:10E20000A9BF012010BC01F0EFBA00BF542A0420BE
:10E2100000E01040DC290420042804D0072809D09D
:10E22000022809D07047064BD86D10F0070005D1C1
:10E23000FFF790BF0220FBE70120F9E7704700BF1E
:10E24000DC290420C3B21C20014A00FB03207047D4
:10E25000DC2904202DE9F041012280463549D1E82E
:10E26000EF3FC1E8E02F0028F9D133B932493348F4
:10E270004B60CB608A6004F078FE08F1FF33012B1D
:10E280004CD8B8F1010F06D12D4BD3F8503403F020
:10E290000303012B42D007F08BFC054650B1EFF38E
:10E2A0001186402383F31288BFF36F8F0125244C1E
:10E2B000244F21E0244B1B78002BF0D00422204B6C
:10E2C0000646C3F80823F2E755B3304605F0ABF82D
:10E2D000D4F8403413F0FF030ED1D4F808215AB11A
:10E2E000C4F80831D4F808314FF480420123C4F84F
:10E2F0004034C7F8A0212361D4F84C24D4F84C341E
:10E30000D203E1D503F00303012B02D0B8F1010FD2
:10E31000DAD155B186F31188BFF36F8FBDE8F08174
:10E320000021202007F007FDD2E70422044BC3F8A8
:10E330000423F3E7D8290420C8290420F82904205D
:10E3400000E0104000E100E0B22E042008B50748CC
:10E3500007F0A6F938B10648F9F7B2FF0448F8F714
:10E360007DFA002008BD6FF01200FBE730620A0062
:10E3700075E309000A2838B50446074D04D1AB6897
:10E380000D2128465B689847AB6803485B68E1B29B
:10E390009847204638BD00BF30620A002DE9F0439F
:10E3A00040F206354768D00648BF4FF0030C3B7C6F
:10E3B00002EA050558BFC2F3401C87B001F01F06F2
:10E3C000B5F5837F144646EA43168DF803C045D061
:10E3D0000DD8062D44D005D8A5B1022D12D06FF06E
:10E3E000150038E0B5F5807FF9D101250AE040F24B
:10E3F0000222954236D0B5F5407F35D0B5F5007F85
:10E40000EDD10425220331D501237A688B40536076
:10E41000B86890BB7F2E06F01F034FEA561175D8DF
:10E420003C4A52F82120C4F3004102EB8302D2F8A7
:10E43000803081F00101C4F3404423F4706344EA66
:10E44000410423F00F031C4344EA8C0444EA0524EE
:10E45000C2F88040002007B0BDE8F0830925D1E76D
:10E460000825CFE70625CDE70525CBE7630341BFA8
:10E4700001237A688B409360CAE731460DF10202AE
:10E4800006F069FF14F4403F80460CD13146B8686D
:10E4900006F07AFFB8F1000FDCD19DF80210B868E1
:10E4A00001F044FCD6E74FF0000901ABCDE901993A
:10E4B000CDE90439CDF80C903146B86803AA06F0CE
:10E4C00093FE4845C6DB14F4003314D09DF80330A6
:10E4D000C4F3004484F001048DF80E308DF80C5024
:10E4E0008DF80D404B463146B86803AA01F076FB23
:10E4F0000028CFDAAEE7CDE904330DF1030303932F
:10E500003146B86803AA06F06FFEF1E7203350F8F1
:10E510002330FFDEF0750A007F2870B54FEA5011F6
:10E520000CD80D4A52F8216046B13269516829B1C0
:10E53000012500F01F030C689D4001B970BD8A6879
:10E540002A4002D030464B6898471CB123682146C8
:10E550001C46F2E72346FAE7E0750A0038B545683D
:10E56000A868C0B106F00AFF0146A0B9A86801F08A
:10E57000ABFB044688B902460949A86806F0E8FEE4
:10E5800022460121DA20F9F745FB224601214FF40A
:10E590008670F9F73FFB002038BD6FF00400FBE701
:10E5A00019E50900F0B545681646A8682A7C01F00F
:10E5B0001F0487B044EA4214002868D0B6F5001F53
:10E5C00004D1214606F032FF002051E00020B6F5CC
:10E5D000800F01AA0190506039D1B3F1007F14BFC0
:10E5E000052304238DF804300023CDE9042303938D
:10E5F000EB680DF1030723FA01F111F0010139D1A4
:10E60000B6F1A07F36D104F01F037F2C4FEA5410DF
:10E6100003F120033ED8214A52F8202052F823303B
:10E62000DB0727D43A462146A86806F094FE163048
:10E6300018D002972146A86803AA06F0D5FD002845
:10E6400016DB01222146A86806F0A0FEBCE7B3F164
:10E65000C06F05D0B3F1007F14BF01230223C1E7CF
:10E660000323BFE73946A86801F06AFB0028E0DA17
:10E6700007B0F0BD3A462146A86806F06CFE0028B7
:10E68000D8D19DF80310A86801F050FBD2E76FF0D5
:10E690008500EDE751F82330FFDE00BFF0750A007A
:10E6A000036803F01F027F2B02604FEA53129ABFE8
:10E6B000024B53F822000020704700BF50760A003A
:10E6C0002DE9F74F154606464FF0010800EB810192
:10E6D000B14203D1002003B0BDE8F08F3268C2F32D
:10E6E000C323082BC2F3080400F2A6805448C75C79
:10E6F00040F2FF139C4208BF4FF0FF34B2F1D05FED
:10E700004FEA126310D2192B12D8DFE803F014235A
:10E710003734282F34111111111111111111111148
:10E7200011113A3D40777A7D382B70D04E2B25D091
:10E730006FF08500CFE7C5F80446621C5CD001A8E5
:10E740000194FFF7ADFF019B4FF0010908FA03F3B5
:10E7500043602FE0C5F80C464FF0000A68E04FF028
:10E760000009C5F80046601C1CD145E0C5F8044608
:10E770004FF00109F7E7C5F80846EDE7C5F8104680
:10E78000DBE7C5F84045F3E7C5F84445E4E7C5F8DD
:10E7900060457388621C03F001032DD0002BCED19D
:10E7A0004FF0010901A80194FFF77AFF019B08FAD5
:10E7B00003F383604FF0010AD6F800B001A81BF400
:10E7C000004F1CBF4FF001094FF0000A0194FFF702
:10E7D00067FF019B1B4C00EB8300D0F88020CBF33C
:10E7E000412B3B0243EA8B0343EA0A0314402343D1
:10E7F00043EA4903C0F88030043669E7C5F8644548
:10E80000C7E7C5F86845C4E7C5F86C45C1E701A886
:10E810000194FFF745FF4FF0010A019B00EB8300D5
:10E82000D0F8803023F0E04343F08043C0F88030DC
:10E83000631CE1D0D146BFE76FF015004BE700BF86
:10E84000409B0A00F0F0FCFF2DE9F04104460D4624
:10E85000476807F0ADF988B14021EFF311831A46FC
:10E8600081F31288BFF36F8F60680068D0F83001C1
:10E87000D0B983F31188BFF36F8FEEE71E4B1B787F
:10E88000002BE9D04FF04008642663681B68D3F87A
:10E890003031FBB9012006F069FB013EF5D10021C2
:10E8A000202007F048FAEFE77B6A00201D706368BC
:10E8B000796A1B68C3F83C170121C3F84017C3F8F5
:10E8C0003001D3F83001196582F31188BFF36F8FDF
:10E8D000BDE8F081EFF311831A4688F31288BFF385
:10E8E0006F8F61680968D1F830110029DCD183F39A
:10E8F0001188BFF36F8FD2E7B22E042070B4104C92
:10E90000D4E90015501A63EB0506400940EAC660D9
:10E910002026E0FB0615C4E900150024002509495E
:10E92000C1E90023084BC3E90045EFF311814023FF
:10E9300083F31288BFF36F8F70BC03F015B900BF6B
:10E94000E01C0420C81C0420D81C042008B50022A8
:10E950000121E320F9F75EF9164A0020D2F81837B2
:10E9600023F44033C2F8183701F036FB002820DBCF
:10E970000120114901F0BCFB00281ADB01F004FB67
:10E980000E4B20F01F00C3E900010D4B0022C3E92C
:10E9900000014FF0FF304FF0FF310A4BC3E9000197
:10E9A000094B0A49187A01F001FB67220020084B45
:10E9B0001A6008BD00200E40BC050420E01C0420A5
:10E9C000C01C0420C81C0420B4050420FDE8090074
:10E9D000902A042008B501F0D7FA064AD2E900329D
:10E9E000C01A054B61EB0201C3E90001400940EA8E
:10E9F000C16008BDE01C0420D81C0420F7B5224BE0
:10EA00000146224F187A224BD7E90056D3E900235A
:10EA10009E4208BF954211D1B1F1806F0ED24901DB
:10EA2000012938BF012101224D1946F10006C7E92D
:10EA3000005603B0BDE8F04001F0E0BB154BDFF835
:10EA400058C0D3E90043DCE9002CA41843EB0C0CBC
:10EA50004FF0200E22466346C1FB0E23954276EB13
:10EA60000301C7E900230DD2291B66EB0C04C8295A
:10EA700074F10004B4BF01210021009101F088FB72
:10EA800003B0F0BD0021F8E7B4050420D01C042039
:10EA9000C81C0420E01C0420D81C042002460B469D
:10EAA000014801F0EFBF00BFD4060420014802F086
:10EAB0005BB800BFD40604200149024806F0FDBF40
:10EAC000982A042098230420094B93F84730042BFC
:10EAD00002D1810709D47047022B02D1020704D466
:10EAE0007047082B03D1830601D5FFF7E5BF7047B8
:10EAF000222C042010B403460A46034881680C689F
:10EB00001946234610BC184714620A00B0B5002409
:10EB100084B000AF3B1D7C600A22BC60C7F80B408C
:10EB200039600146184607F03DFA6D468AB0034643
:10EB30006A4639680D480791CDE905034FF4007323
:10EB4000ADF820300A4B42F8103F4FF411512346E4
:10EB50000848F8F72DFAAD4684F31188BFF36F8F9C
:10EB60000323184602DF1037BD46B0BDFB950A00EF
:10EB700004000001806C0A00F0B589B0064600AFC1
:10EB80000D463448344906F07CFF07F10C00F3F7DA
:10EB9000C0FE6C4688B06A46304B0593304B0693F6
:10EBA0004FF40073ADF81C302E4B42F8103F2E4945
:10EBB0002E4807F10C03F8F7FBF9A5462C4806F0A0
:10EBC0006FFD50B901212B4A284804F0FCFA6FF080
:10EBD000120420462437BD46F0BD274B381D7B600C
:10EBE000ECF76EF9034638B10121244A1F4804F0BE
:10EBF000F3FA6FF01504ECE74FF0FF304FF0FF3100
:10EC0000FFF74CFF04460028E3D11D491D48EBF7F0
:10EC1000ADFD044610B1FFF749FFDAE741F64C536A
:10EC200007F10800BB60EDF755F920B1FFF73EFF93
:10EC30006FF08504CDE7012338463B70F4F7FEFC06
:10EC40000028F3D1FFF732FF33690F481D60F9F751
:10EC500047FDBEE7982A0420D34D0A0063850A00C9
:10EC600020960A0003000001C01C4001806C0A00CD
:10EC700014620A0047960A00F5EA090067960A003E
:10EC8000E81C042055ED0900C9EA090030B52E48FA
:10EC900087B0EBF7EFFC0446002850D10125EBF7D5
:10ECA000A3FDEBF7ADFDF3F736FEF3F736FE0221D9
:10ECB000204603AA8DF80C50EBF70AFD00283DDB37
:10ECC00008230721204603AAADF80C30EBF700FD1E
:10ECD000002833DB4FF01B13039340F2032303217F
:10ECE000204603AAADF81030EBF7F2FC002825DB34
:10ECF0000421204603AA8DF80C50EBF7E9FC00280C
:10ED00001CDB1F230621204603AAADF80C30EBF7CD
:10ED1000DFFC002812DB40F2AC63984212D90B4AA8
:10ED2000009029460A4804F061FA84F31188BFF381
:10ED30006F8F0423184602DF6FF00B000446204655
:10ED400007B030BD2046F9E70DEB09008B960A00AD
:10ED5000806C0A0073B53F4C94F847302BB394F89D
:10ED60004730042B54D120783E2831D1A678B31EE9
:10ED70005E425E4163780233472B2BD94722012143
:10ED800000923548354A04F031FA6FF00B03012147
:10ED9000334A314804F020FA002383F31188BFF38B
:10EDA0006F8F0423184602DF1DE04FF0FF304FF055
:10EDB000FF31FFF773FE48B9204604F1470100F028
:10EDC000D1FA0546FFF772FE002DC8D002B070BD23
:10EDD0000026CFE7002200233146F9F78BFC0546D9
:10EDE00048B9002EF2D0002384F8473002B0BDE8C5
:10EDF0007040FFF761BE62780232164905F10C00DF
:10EE000004F0B9FB174B29461B6817489847EAE7F7
:10EE1000022B0DD1002200230820F9F749FC0546FA
:10EE20000028D3D063880433472BA7D81A46E4E7D9
:10EE3000082B09D1002300222020F9F739FC638830
:10EE400005460028EFD1C1E70121084A024804F035
:10EE5000C3F9C8E7222C0420806C0A00AE960A0091
:10EE600008970A00942A04204C620A00CF960A00F0
:10EE70002DE9F341A44D07462C78002C40F06B821D
:10EE800004238DF80730A14B0688D3F80080B8F131
:10EE9000000F15D1B6F5105F4FEA96230BD2002B69
:10EEA00000F04C82013B072B62D8DFE803F02661BB
:10EEB0004D95616161DD3F2B00F085810120C0E14E
:10EEC0000DF106030DF10702691CC0470128E1D0CE
:10EED0009DF8063013B9012840F033820F236B7080
:10EEE0000423AB700123E8702B71A5F805600123A2
:10EEF00000202B7002B0BDE8F081384640F2064297
:10EF000030F9033B934219D040F21D42934218D08E
:10EF1000012042F219039E4200F2FD8142F20C03ED
:10EF20009E4200F2F18140F2064440F21D43A642A7
:10EF300018BF9E4214BF0124002430E0ECF790FD7E
:10EF4000E7E7ECF7EBFDE4E7384640F6634230F9DB
:10EF5000033B934234D00EDC40F60342934223D06D
:10EF600040F62D42934222D040F60142934213D004
:10EF70000120044613E040F67B42934223D040F642
:10EF80007C429342F4D19DF80730614902338DF8F9
:10EF90000730F4F7F0FA01E0EBF770FC012484F09D
:10EFA00001048DF8064093E7F3F7AAFCF6E79DF815
:10EFB0000730574903338DF80730F4F771F9EDE75F
:10EFC000EBF76EFCEAE79DF80730514904338DF802
:10EFD0000730F4F7C2FAE1E73B88A3F58053013B21
:10EFE000082BC5D801A252F823F000BF11F0090088
:10EFF00023F0090037F0090071EF090071EF0900F3
:10F0000071EF090071EF090071EF090057F0090075
:10F010009DF807303E4808338DF80730F4F72EF995
:10F02000BCE79DF807303A4840338DF8073005F0CB
:10F03000D2FE0020B2E700229DF8073008338DF899
:10F040000730334B1A605A60EB7A23F0600343F0C9
:10F050006003EB72EDE79DF807302D4806338DF81D
:10F060000730F4F752F999E7384642F2320130F8A6
:10F07000033B1AB28A4222DCB2F5005F23DDA3F51E
:10F080000053013B312B1ED8DFE803F01F2C351D48
:10F0900044471D4A4D501D1D1D1D1D1D1D1D1D1DBF
:10F0A0001D53565F1D68717A1D1D1D1D1D1D1D1DE3
:10F0B0001D1D1D1D1D1D1D1D1D1D1D858E9142F239
:10F0C0004B039A4276D0012001E0EBF7F3FB42F2CA
:10F0D00064039E423FF463AF42F264039E4200F237
:10F0E000B08016E79DF80730094803338DF80730E4
:10F0F000ECF7ACFCEBE79DF80730054808338DF8DA
:10F100000730F4F7B8F9E2E76A2C0420A82A0420B3
:10F11000712C0420F4F715F9D9E7ECF7DBFDD6E7FD
:10F12000F4F7D6F9D3E7F4F7AEF9D0E7ECF72CFE15
:10F13000CDE7F4F790F9CAE79DF807308749103317
:10F140008DF80730F4F7D8F8C1E79DF80730834809
:10F1500008338DF80730F4F79DF8B8E79DF80730CD
:10F160007E4902338DF80730F4F7D7F9AFE79DF801
:10F1700007307A4902338DF80730F4F7DFF9A6E754
:10F180009DF80730002008338DF807308F23EB718E
:10F19000C023EB729BE79DF80730704904338DF86C
:10F1A0000730F4F7DBF892E7ECF78CFC8FE7F4F725
:10F1B0001BF98CE79DF80730684802338DF807305B
:10F1C000F4F789F883E738464FF60C5230F8033BE2
:10F1D000934222D84FF60252934212D803F2FF32E2
:10F1E00092B20A2A3FF66AAEA3F57C43013B0A2B92
:10F1F0007DD8DFE803F01E347C7C7C5B7C7C49524C
:10F200005E00A3F57D43033B092B70D8DFE803F0D4
:10F210005A6F5D6F6F6F606F6F634FF6145293425A
:10F220005CD04FF6165293427FF448AEECF75AFE8C
:10F2300007E09DF8073049480C338DF80730F3F7A5
:10F240006EFB42F285039E4272D842F267039E42F1
:10F250004FD842F26604341B18BF01249FE60020F9
:10F260009DF8073040338DF807303C4B1880EB7920
:10F2700023F0230343F02303EB712B7A23F00703DE
:10F2800043F007032B72DCE79DF807303348173350
:10F290008DF80730F3F75EFBD3E79DF807302F4872
:10F2A00020338DF80730F3F779FBCAE7F3F750FB0B
:10F2B000C7E79DF80730294801338DF80730F3F789
:10F2C0008AFBBEE7F4F7BAF9BBE7ECF703FEB8E751
:10F2D000F3F797FBB5E7F4F79AF9B2E79DF8073033
:10F2E0001E4904338DF80730F3F78FFBA9E701209F
:10F2F000F2E6A6F50153283B194C9BB2DC4004F022
:10F30000010484F001044AE6A6F500530D3B41F2E6
:10F3100041249BB2F2E742F232039E423FF43FAEF9
:10F32000A6F50154033C012C94BF0024012436E6C9
:10F330004FF6025326F00804E41A8DE70124204614
:10F340002DE69DF807300E22AB7001236A70EB703A
:10F35000AE80A871CBE54FF0FF30CBE5712C0420D7
:10F360002F80402038B5094C0D4623781BB9BDE8E5
:10F370003840F3F72BBCA278611C023206F0E6FDA0
:10F380000020042320702B7038BD00BF6A2C04209D
:10F3900070B505460E46084C204606F081F938B196
:10F3A000A36829462046B2B21B68BDE870401847E2
:10F3B0006FF0120070BD00BF14620A00024B1860AB
:10F3C000024B002019607047C4050420C0050420CA
:10F3D0004FF40071014802F08DBE00BFB22C042032
:10F3E000322330B585B0ADF80C30012500231C2147
:10F3F000144A02A88DF80E30ADF808508DF80A3086
:10F40000F3F706F80446C8B905F08DFB80B2F1F7B2
:10F4100009FE01AB032229460B4805F08CFD2A4664
:10F4200021468520F8F7F6FB2A462146E520F8F725
:10F43000F1FB2A4621468A20F8F7ECFB204605B06E
:10F4400030BD00BF5DF4090018E5045001490248D1
:10F4500006F033BBB02A042098230420B0B5002462
:10F4600084B000AF3B1D7C600A22BC60C7F80B4033
:10F4700039600146184606F095FD6D468AB0034690
:10F480006A4639680D480791CDE905034FF40073CA
:10F49000ADF820300A4B42F8103F4FF4115123468B
:10F4A0000848F7F785FDAD4684F31188BFF36F8FE9
:10F4B0000323184602DF1037BD46B0BD60970A002F
:10F4C00004000001C86C0A000122014B1A63704756
:10F4D00000E010400122014B5A63704700E01040E9
:10F4E00010B50749074805F0EDFC044628B1012195
:10F4F0000346054A054803F06FFE204610BD00BFD5
:10F500005DF70900C02A042088970A00F06C0A0001
:10F510002DE9F041DFF8D4810D46D8F8704000AFF6
:10F52000072C00F008065BD0132C00F0A080052CFF
:10F5300040F0B980D8F854806D496E4805F0BEFCA3
:10F5400018F4805F41D06C496A4805F0B7FC172475
:10F5500018F4006F04D06949664805F0AFFC182420
:10F5600018F4007F0ED06649624805F0A7FC654B91
:10F5700018F4004F9B6B04D00121634A5D4803F0EF
:10F580002BFE192418F4806F04D06049594805F007
:10F5900095FC1A2418F4807F19D05D49554805F070
:10F5A0008DFC1B24EB69002E40F09C80C3F3080205
:10F5B00022B96FEA53236FEA4323EB6129462046C1
:10F5C000F7F7D0FFBD46BDE8F0811624C0E718F478
:10F5D000005FE7D04F49474805F070FC1C24E1E785
:10F5E000D8F85C4043484C4905F068FC600606D5F5
:10F5F000D8F868300121494A3E4803F0EDFDE107A3
:10F6000005D547493B4805F059FC2624CAE7A2071F
:10F6100005D54449374805F051FC2724C2E7630764
:10F6200005D54149334805F049FC2824BAE72007AD
:10F6300005D53E492F4805F041FC2924B2E7E106F3
:10F6400005D53B492B4805F039FC2A24AAE7A20638
:10F6500005D53849274805F031FC2B24A2E72306BD
:10F660003ED53549234805F029FC2C249AE7D8F8E3
:10F670006C8032491F4805F021FC18F0020F03D0BE
:10F680002F491C4805F01AFC18F0010F03D02D4932
:10F69000184805F013FC18F0040F83D02A491548C8
:10F6A00005F00CFC7EE7294A294BE8468AB00F2C6E
:10F6B000D8BF13466A462749103CCDE905134FF4DD
:10F6C0000073ADF82030244B079442F8103F00231C
:10F6D0004FF411510748F7F76BFC0024C54661E76A
:10F6E00025245FE76FF3080367E700BFC02A042003
:10F6F000707E0A00F06C0A00867E0A00E17D0A0036
:10F70000977E0A0000ED00E0B07E0A00C57E0A0088
:10F71000E07E0A00417E0A00C2970A00DB970A00D9
:10F72000EB970A0001980A001F980A003A980A000D
:10F7300057980A006C980A0086980A0099980A005F
:10F74000B3980A00E3980A0011990A00F87E0A00AB
:10F750000D7F0A00EE7F0A000400000100B5104B87
:10F7600089B05A6AD86C00929A6A20F0050001921A
:10F77000DA6A694602921A6B03925A6B04929A6B88
:10F780000592DA6B06921A6C1B6D07929B0748BFB5
:10F7900040F00400FFF7BCFE09B05DF804FB00BFB9
:10F7A000C02A0420012803460ED0022805D040B10B
:10F7B0000221074A074803F00FBD0420064B1B68CF
:10F7C0001847054B1B68FBE7034B07201B68F7E74F
:10F7D00045990A00E86C0A00342B0420014B0220F2
:10F7E0001B681847342B0420012803D0022805D0B9
:10F7F00038B1704700200549F1F71EBB01200349CD
:10F80000FAE7034B02201B68184700BFA5F7090061
:10F81000342B0420014B186000207047342B042047
:10F820002DE9F04105460E461746984606F0C0F908
:10F83000044668B10124424639463046069BA84733
:10F84000054614B90A4801F08FF92846BDE8F08151
:10F85000084B1B78002BEDD04FF0FF324FF0FF33F9
:10F86000034801F00FF90028E5D06FF08305ECE7BD
:10F87000E8060420B22E0420002300B589B0CDE9AB
:10F88000063303AB0493042303900593A9B10B68DB
:10F8900006934B6807930223111E18BF01210848E5
:10F8A000CDE9002140F2F53104AA00F0EFF800287C
:10F8B000B8BF012009B05DF804FB0123ECE700BFED
:10F8C000050100402DE9F0414FF040089AB01C4678
:10F8D0000AAB07460E46154600214246184606F07A
:10F8E00042FB1C23CDE9073604230393012340F296
:10F8F0000322019302ABCDE90408ADF85020009338
:10F900000021032304AA044806970995029400F0F5
:10F91000BDF81AB0BDE8F0810001004010B594B008
:10F9200004463C22002105A806F01DFB4FF401739C
:10F93000ADF8383004AB002102934023CDE900112B
:10F94000039302AA01230348049400F09FF814B023
:10F9500010BD00BF0001004070B5044696B00E46D1
:10F9600015460021342209A806F0FDFA236804AAEE
:10F97000089340F20243ADF8403006AB02934023B7
:10F98000CDE9033404230593012300920021019360
:10F9900002AA0348CDE9066500F078F816B070BDFC
:10F9A00000010040F0B54027064697B006AB0D4673
:10F9B000144600213A46184606F0D5FA326800216E
:10F9C000089240F20442CDE90207ADF8402002233C
:10F9D000CDE9001102AA0348CDE9045400F056F81D
:10F9E00017B0F0BD000100402DE9F0414FF0400894
:10F9F00098B01D4608AB04460F4616460021424605
:10FA0000184606F0B0FA04232268CDE90537022330
:10FA10000A9240F20542019304ABCDE90208ADF829
:10FA2000482000930021012302AA05480494079668
:10FA300000F02CF8079B2B6018B0BDE8F08100BFE8
:10FA40000001004070B5402696B006AB05460C4656
:10FA500032460021184606F086FA4FF48072CDE94E
:10FA60000206CDE90454ADF8402054B1012304AAA4
:10FA7000009200210448019302AA00F007F816B092
:10FA800070BD2046FBE700BF0001004010B4B1F597
:10FA9000004F029C0ED2042B0CD8042C0AD824044C
:10FAA00044EA0364134644EA0102014610BC0348D9
:10FAB000FFF7B6BE6FF0800010BC70470105000074
:10FAC000034AD2F88C3043F44063C2F88C3070475C
:10FAD00000ED00E0036803F01F027F2B02604FEA95
:10FAE00053129ABF024B53F822000020704700BF08
:10FAF000BC760A00034A4309D35C00F01F00184497
:10FB0000C0B27047499B0A00F0B58446002587B013
:10FB1000DFF848E0124F019102AE1EF8013B06AA41
:10FB200002EBD30212F8144C03F00703DC4014F08C
:10FB3000010406D10135042DEFD10024204607B081
:10FB4000F0BD97E80F0086E80F0056F82520136AED
:10FB50004CF825301362002BECD0EFE7599B0A00DC
:10FB6000D86D0A00F7B504460846FFF7C3FF04EB5B
:10FB70004006B38A0D46DB072AD5204605F012FB66
:10FB80002946204605F07FFA50B1204605F091FA4B
:10FB90000023276807EB8000C0F81035C0F8103547
:10FBA0002946204605F0AEFA002101A8B182019550
:10FBB000FFF790FF019B00EB8300D0F88020064BFD
:10FBC000134043F00203C0F88030084603B0F0BD94
:10FBD0006FF01500FAE700BFF0F0FCFF2DE9F043ED
:10FBE000044685B0084615461F46FFF783FF0E46BC
:10FBF000804625B3204605F051FA18B9204605F095
:10FC000042FA18BB04EB4809B9F8143003F01C039E
:10FC100013B16B78012B19D001238DF80F3000231D
:10FC20003046CDE900536A1CAB1C0DF10F0105F005
:10FC3000D2F9B9F8143043F00303A9F81430002FB7
:10FC40003ED03146204605F029FA20B96FF0150064
:10FC500005B0BDE8F0830022397823684FEA810CB3
:10FC600003EB8103C3F81025C3F8102504EB480209
:10FC7000938A23F4604323F0200393827D78FDB1BF
:10FC80002468B8786444D4F810750E4B2D043B40BA
:10FC9000C4F8103541F6F07305F4403503EA061355
:10FCA0000005D4F810752B4300F4801003433B4348
:10FCB000C4F81035938A43EA413343F0200393821A
:10FCC0000020C5E70FE0ECFF70B590F8B0400546A6
:10FCD00090F8B1602CBB84222146143006F043F921
:10FCE00021462246104B286853F836308B420FD1FC
:10FCF0000024C0F84041D0F84031C0F30830F7F795
:10FD000067FF0123204685F8B030C5F89C3070BDF0
:10FD1000CCB2102C04BFC0F84021D0F840410131D2
:10FD2000E4E76FF07700F2E7CC760A0090F8B100D4
:10FD3000024B03EB800005F035B900BFCC05042071
:10FD400010B5064B90F8B1000C4603EB800005F0AF
:10FD50000FF90028A4BF2070002010BDCC0504209E
:10FD60002DE9F04F804658F804BB90F8B140DBF81D
:10FD700004136B4BC9B253F8342007468DB0584674
:10FD800041F4803105F0E7F9C20305463AD5102267
:10FD9000002108A806F0E7F8614BE60003EBC40475
:10FDA000636808A819460093FFF7AEFE331D03935E
:10FDB0004FF0000A5B4B0DF120090293029A58495B
:10FDC00012F8013B0292039A02EBD3028A5C03F021
:10FDD000070322FA03F3DB071AD40AF1010ABAF186
:10FDE000040F09F10409E9D14FF48031002258468B
:10FDF00005F0B1F9009908A8FFF786FE0028D7D1D1
:10FE000025F480350124002D73D10DB0BDE8F08FAD
:10FE1000454B53440493D9F80060002EDDD096FA88
:10FE2000A6F6B6FA86F6049B1C7846EA44142046E9
:10FE3000FFF760FE07EB4000818AF208C1F38203FE
:10FE400005930193012319F8020006F0070603FA4F
:10FE500006F620EA060009F8020007A80794FFF753
:10FE600039FE079A11F0100F02F1200250F82260BB
:10FE7000059BC6F3014623D04046019A214605F072
:10FE800022F907A80794FFF725FE079BF6B2203357
:10FE900050F82330C3F301439E4207D1002120468E
:10FEA00005F0E2F83146204605F0DEF807A8079491
:10FEB000FFF710FE0122079B02FA03F30362AAE791
:10FEC000022E14BF022103212046059305F0CCF831
:10FED000059B032B03D0022E07D1012BE6D121462F
:10FEE0004046019A05F0EFF8E0E7032EDED1022B41
:10FEF000F4E795FAA5F3B3FA83F304FA03F225EADB
:10FF0000020503F5A2725BF8222007EB430340468B
:10FF1000B3F8A010C2F3014205F0D5F873E700BFB3
:10FF2000CC760A00599B0A00599B0A000123034A18
:10FF300003FA00F093680343936070473002042093
:10FF400073B504460191EFF31186402383F31288C1
:10FF5000BFF36F8F0B4D019B6A6801A8134001939B
:10FF600005F006F8002807DB01226B68824023EACF
:10FF700002036B602070002086F31188BFF36F8F3F
:10FF800002B070BD300204204FF0FF306FF04041EE
:10FF900030B5054CD4E90023904271EB0305F9D349
:10FFA0001046C3F3130130BD30270E4030B50C2589
:10FFB000074B1C1894F8544005FB0433C3E90312A3
:10FFC00018750123034A8340C2F8143330BD00BFC3
:10FFD0003002042000200E40F8B53E4C2278002A62
:10FFE00072D13D4BD3F8101521F00201C3F8101562
:10FFF000D3F8101541F00101C3F810150521C3F81D
:02000002A0005C
:10000000A4160421C3F8AC160723672101F00100F0
:100010000244013BD2B24FEA5101F7D1052A56D131
:1000200019464FF0010C2B4E00256720CFB204E09B
:100030000CFA02F220EA0200013590FAA0F25FFA0F
:1000400085FEBE45B2FA82F2F2D30131327505293E
:10005000224482F8547006F10C06E5D101210025F6
:100060001E489A0801FA02F212F0670F18BF1D50DD
:100070000433302BF5D1E320F7F7AAFD164B1849CE
:10008000D3F8102503F5C07322F00202C3F89023C1
:1000900040F6FF72C3F8982100221A60A3F5807021
:1000A00004338B420260F8D101250B4B0D4A1D66CB
:1000B0000D4B5D201B68B3FBF2F358430B4B2B43F6
:1000C000984700202570F8BD6FF07700FBE76FF0D0
:1000D0008B00F8E73002042000200E4000210E4083
:1000E000B0210E4040420F00C8050420D0700A0025
:1000F00038B5244B0D46D3F8102594073CD4D3F8DB
:10010000102542F00202C3F81025C0B1D3F83827F9
:1001100012F0010202BFD3F8381741F00101C3F811
:100120003817184BD3F83017D3F834174800F9D4E0
:100130002AB9D3F8382722F00102C3F83827124B26
:10014000124A1B68B3FBF2F30E4A03EB4313B3B13D
:10015000D2F83017D2F8341749000BD44FF0FF31E2
:100160002846FFF7EDFE044610B92878FFF7DEFEBB
:10017000204638BD013BEAE76FF07704F8E76FF0FF
:100180007304F5E700200E40C805042040420F002C
:1001900070B51E461546174A9DF81010131893F8AF
:1001A00054300C3302EBC30442F833506660C6F39C
:1001B00013020401A1B104F1804404F56224C4F8DF
:1001C0002055C4F824250C4C80000444236833B126
:1001D000FFF7DAFEA842B14101D20023236070BDCF
:1001E00004F1804303F56223C3F82055C3F82425A6
:1001F000F5E700BF3002042000210E40F0B50E4D9F
:100200002B1893F8543000010C3355F8334005EBAC
:10021000C3077E68641800F1804021F0004146F178
:10022000000641EAC27100F5622045F833407E6065
:10023000C0F82815F0BD00BF30020420F7B5284BE8
:10024000284CD3F81C6304F188070EB903B0F0BD45
:1002500096FAA6F00123B0FA80F08340DA432249EF
:1002600026EA0306231893F85450830019440C23FC
:1002700003FB0543DB6873B3D7E8EF3F03EA020CE7
:10028000C7E8EECFBEF1000FF6D1C340DB0719D5AA
:10029000020102F1804202F56222D2F82435D2F83E
:1002A0002025D1F800C0BCF1000FCED04FF0000CDB
:1002B000C1F800C00C2101FB054529690091E968DE
:1002C0008847C2E705F10C0304EBC30C54F8332054
:1002D000DCF80430E5E70A68002AB6D00B60B4E722
:1002E00000200E403002042000210E402DE9F8438A
:1002F0004B7E83BB4A687F2A4FEA52146DD83A4E30
:1003000002F01F0256F82450012404FA02F2AA60F7
:100310004C687F2C04F01F024FEA54155FD856F842
:100320002550324C05EB8205D5F88020224042F062
:100330000302C5F880208D687F2D05F01F024FEA6B
:1003400055174CD856F8273003EB8203D3F880209A
:100350002240C3F880208B7E33B9D1E90142036883
:10036000C3F84045C3F844254A780C78D1F810808A
:1003700091F80CE091F80DC091F818908F7ED1E9BA
:1003800001650368097D5200C3F8201502F00202DE
:1003900004F001010A43C3F84C95C3F88085C3F803
:1003A0000825C3F818E5C3F81CC51FB9C3F8406594
:1003B000C3F8445500230468C4F80031D4F8002180
:1003C000C4F30830C4F80431D4F80431F7F700FC62
:1003D0000323C4F80433BDE8F8839B60FFDE2032BA
:1003E00053F82230FAE700BFDC760A00F0F0FCFF99
:1003F0007F2800F01F034FEA50110DD8094A52F828
:10040000212002EB8302D2F88010074B0B4043F00F
:100410000203C2F8803070470022203352F82330A4
:10042000FFDE00BFDC760A00F0F0FCFF437D2BB15D
:10043000437D012B11D06FF00F00704702234375ED
:10044000012302680376C2F34341C2F304329340AE
:1004500001F14002024941F822300020704700BFFC
:1004600000E100E0F0B5024600254FF0FF30284CD7
:10047000D2F804E02678136806FB0EFCB3FBFCF709
:10048000B3FBF7F3D2F808C0634532D3D2F80CC0FF
:1004900063452ED8B3FBF6F39E458CBFAEEB03034A
:1004A000A3EB0E03834224D20F60C3B118464FF072
:1004B000010E136807F1010CB3FBFCF39768BB4214
:1004C0001AD3D768BB4217D8B3FBF6F357689F42DD
:1004D0008CBFFB1ADB1B83420ED2C1F800C06078D0
:1004E000087118460135072D0BD002340028BFD102
:1004F000F0BD4FF0000EDCE7BEF1000FF2D0034676
:10050000EDE7431C0CBF6FF015000020F0E700BFC3
:100510005D9B0A0010B50446F6F77CFC03480121F8
:10052000034A02F050FE204605F0C5F8F06C0A00C0
:1005300071990A002DE9F84304460D4600AFEFF328
:100540001188402383F31288BFF36F8F04282A4A4F
:1005500098BF2A4BE9468AB09668117C98BF53F839
:1005600020306A4688BF264BCDE9073140F201337F
:100570002448ADF82430244BCDE9050442F8103F5F
:1005800000234FF431512148F6F712FDCD4645B115
:10059000EB69C3F3080323B101211D4A1B4802F094
:1005A00012FE2EB1304605F009FB08B1037803B9FD
:1005B0001848E9468AB06A46174B0790CDE90536D8
:1005C00040F20133ADF82030144B42F8103F0023C5
:1005D0004FF411510D48F6F7EBFC2946CD46204665
:1005E000FFF798FF88F31188BFF36F8F3046F7F756
:1005F000A1FBBD46BDE8F883382B0420EC760A0049
:1006000080990A008E990A0005000001F06C0A002A
:10061000B6990A0024850A00D7990A00040000014F
:1006200038B50A4B53F82040013053F82050A5420A
:1006300000D838BD606830B1037EDB0701D405F017
:1006400017F80834F3E723689847FAE700770A00B9
:10065000012270B5294B86B003201A70FFF7E0FF26
:1006600005F073FC0420FFF7DBFF254C254D2646E3
:10067000AE4204F130040FD300F09CFF204CAC429A
:1006800026D300F0ABFFF5F7DDFB1F4A938923F07B
:100690000103938106B070BD54F80C3C059354F8E7
:1006A000103C049354F8143C039354F8183C029300
:1006B00054F81C3C019354F8203C009354E90A235D
:1006C00054E90C0100F058FD54F8303C5E65CEE76B
:1006D000D4E90A23B3F1FF3F08BFB2F1FF3F05D0D1
:1006E00052EA0301206803D105F041FB3034C6E72C
:1006F0000649183001F0A8F9F8E700BFB22E04202F
:10070000946B0A00946B0A0038250420995C0A0057
:10071000C02370B5144E86B003FB0066134B012254
:1007200005930F23CDE903320023CDE901331423D0
:100730004FF4A0720E4D0F4903FB0055044602FB17
:1007400000110D4B3046009500F016FD337C2C74E3
:1007500023F004033374094B013403EBC423EE602C
:100760006B6006B070BD00BF78240420399A0A007F
:10077000382B042018520420C3570A00184A0420BA
:100780007FB50020FFF74CFF274B83F30888E02359
:10079000264C002584F822302023E37725766576E1
:1007A000A57684F82050636A43F4E023636284F8FA
:1007B0002350F7F779F9F7F7A7FA4FF0FF33A36261
:1007C000E362F7F79FFCF7F721FBF6F77FFA18488B
:1007D00000F064FD0120FFF723FF0220154CFFF716
:1007E0001FFF00F025FF144B4FF480525C61134B48
:1007F0001349059301232046CDE90353CDE9015563
:10080000104B009500F0B8FC0646237C204623F0F0
:100810000403237405F00CFA2846FFF779FF3146EC
:100820002046084AF7F752FA1852042000ED00E07B
:10083000D826042038250420382B04203E9A0A00AC
:100840005853042051060A0038B5064C064DAC42F8
:1008500001D3002038BD2046D4E9011204F033FF53
:100860001434F4E7D4060420D406042038B5074C29
:10087000074DAC4201D3002038BD204604F047FFAD
:1008800008B91C34F5E76FF01500F5E7640604209D
:10089000D406042073B50C46EFF31181402585F38F
:1008A0001288BFF36F8FC5685DB125602B68C36088
:1008B000836901338361002081F31188BFF36F8F57
:1008C00011E052EA030603D16FF00B002560F3E755
:1008D000CDE900230246083000F0CAFD18B9034BE9
:1008E0009B685B69236002B070BD00BF382B042099
:1008F000F7B50D4604469DF82010EFF31187402010
:1009000080F31288BFF36F8F266AE068864240D278
:100910002668B4421AD0CEB1304604F05DFF06F12D
:10092000180005F07EFA2946002554F8082F706952
:1009300005F00CFB3046C6F8B45005F079F92046B6
:10094000394605F0CFF9284603B0F0BDA268A9B139
:100950002946E06905F0FAFAE369A268134462697E
:10096000E361934201D12369E3610020236A0133EB
:10097000236287F31188BFF36F8FE5E7A0692369CE
:100980002946984208BF6069801AA06105F0DEFA26
:10099000EBE752EA03010BD0074904F1080089682C
:1009A0004D61CDE900233946224600F061FDCBE7D9
:1009B0006FF02200DDE700BF382B0420F7B50446B6
:1009C0000846EFF31186402181F31288BFF36F8F41
:1009D000216A00293BD0A268A16905F0B7FAA36992
:1009E000A268256813446269A361934204BF236926
:1009F000A361236AAC4203F1FF33236236D0284659
:100A0000002D34D0002704F0E7FE05F1180005F0B2
:100A100008FA6969A268E06905F098FAE369A268D2
:100A2000284613446269E361934204BF2369E3618A
:100A3000236A01332362C5F8B47005F0F9F804F1B4
:100A40000800314605F04EF9384603B0F0BD52EAD1
:100A5000030111D00A4989684861CDE90023314674
:100A6000224604F1080000F003FDEEE7002086F3C3
:100A70001188BFF36F8FE8E76FF02200F7E700BF40
:100A8000382B04202DE9F341044617461E46EFF3A8
:100A90001188402383F31288BFF36F8F304BC268F5
:100AA0009B6872B18068984217D057EA060216D147
:100AB00088F31188BFF36F8F6FF00F0002B0BDE8AD
:100AC000F08193F90E1001322161C4E9023288F3FA
:100AD0001188BFF36F8F0020F0E72169F3E793F9E6
:100AE0000E1090F90E30994230DA9942A8BF19469B
:100AF00004F095FE054622464146CDE900761948A8
:100B000000F0B6FC0028E6D0EFF31186402383F313
:100B10001288BFF36F8FA068D0B1236821699C420F
:100B20000AD04BB193F90E309942A8BF19466FF025
:100B30007F039942B8BF194604F071FE40B13146B7
:100B4000084805F0CFF86FF00A00B7E70025D2E7B4
:100B5000002DF4D186F31188BFF36F8FF3E700BF48
:100B6000382B0420B32E0420F8B583680546002BEB
:100B700040D0234A926893423FD1C368012B03D9E6
:100B8000013BC3600020F8BDEFF31187402383F3DE
:100B90001288BFF36F8F0169806804F040FE2C68F3
:100BA000A54207D10023C5E9023387F31188BFF3BB
:100BB0006F8FE7E7002CF5D0D4E9003200261360F0
:100BC0005A60237CC4E9006623F002032374A66004
:100BD00004F1180005F025F9AC6094F90E302046B8
:100BE0002B61C4F8B46005F023F83946054805F0D8
:100BF00079F8C7E76FF01500C5E74FF0FF30C2E79F
:100C0000382B0420B32E042037B51146EFF311859D
:100C1000402282F31288BFF36F8F04689CB123686F
:100C2000426823F003039442036008BF436001213C
:100C3000204604F071FE044685F31188BFF36F8FE0
:100C4000204603B030BD51EA0302F5D000F108029E
:100C5000CDE900131046294600F00AFC0028EFD128
:100C6000014B9B685C69EBE7382B042070B5EFF310
:100C70001186402383F31288BFF36F8F0468A0426C
:100C80001BD0D4B1D4E90032002513605A60237C14
:100C9000C4E9005523F002032374A56004F1180091
:100CA00005F0BFF82046C4F8B45004F0C1FF314647
:100CB000BDE87040064805F015B8D0E902329A4206
:100CC00018BF0133836086F31188BFF36F8F70BD47
:100CD000B32E042013B5EFF31181402484F312885E
:100CE000BFF36F8F846844B1013C846081F3118845
:100CF000BFF36F8F002002B010BD52EA030406D18B
:100D000081F31188BFF36F8F6FF00F00F3E7CDE928
:100D100000230246014800F0ABFBECE7B32E0420B1
:100D200007B5074B4FF48052009306494FF0FF334D
:100D3000054800F06DF9002003B05DF804FB00BF2A
:100D400018770A0058630420F82504202DE9FF4194
:100D500004464027534EEFF3118887F31288BFF300
:100D60006F8FD4F8C450F5B9022104F1DC0004F00F
:100D70000CFE002870D004F1D40500220121284681
:100D800005F015F80028F8D100234FF0FF32029348
:100D90004FF0FF334146CDE90023434804F1CC0234
:100DA00000F074FDD7E7D4F8C8202B689542C4F84A
:100DB000C43008BFC4F8C830D4F8DC3043F00203B4
:100DC000C4F8DC30EB6823F0040343F00103EB606C
:100DD0006B6888F31188BFF36F8F28469847EFF34D
:100DE000118887F31288BFF36F8FEB68D80623F062
:100DF00001023ED4EA60EB689A0717D5306823F009
:100E00000203EB6090B10021036878B1426895421B
:100E10003DD10368002934D172683360904200D11B
:100E20007360002340F8083BFFF720FFD4F8DC3064
:100E300023F00203C4F8DC30DB0530D4D4F8C4302E
:100E4000003B18BF012388F31188BFF36F8F002B7D
:100E500081D000F0F5FB7EE7D4F8DC30D90693D5DD
:100E6000C4F8DC0088F31188BFF36F8F04B0BDE8CD
:100E7000F08123F01103EB6005F11000FFF7F6FE9F
:100E8000B9E70B607368984208BF7160C9E7014613
:100E90001BB11A6818461346B7E71A46FAE700234B
:100EA000D1E700BF5C2B0420B32E042070B5C368CB
:100EB0000546C3F340069B070C460DD501220021D1
:100EC00004F1080004F055FD00232360054B656024
:100ED0005A681AB9C3E90044304670BD14605C60BA
:100EE000FAE700BF5C2B0420F8B5C36804469A07F4
:100EF0000E46C3F3400542D45F0742D40B680BB9DA
:100F000083680B60E368D80742BFA368022533609B
:100F1000376858BF012557B31B4B9A68D7F8C030C4
:100F20009A421ED104F044FE80F00100C0B2D7F80E
:100F3000DC30D907C3F380021CD5F2B1F8B100232D
:100F40002360D7F8C83073B9C7E93144384604F094
:100F500037FDE36843F00403E3603368A360284689
:100F6000F8BD0020E3E71C60C7F8C840EEE76FF06B
:100F7000150506E06FF0120503E01B07DFD56FF0E3
:100F80000F0500233360EAE7382B0420F8B5C36867
:100F9000064603F00503002B0C4614BF012700276B
:100FA0001CD085680122002104F1100004F0E1FC4E
:100FB0002046134904F065FDE36843F01003E36045
:100FC000F3685B0712D5336823606BB9D5F8C83076
:100FD00033B9C5E93144284604F0F2FC3846F8BD7F
:100FE0001C60C5F8C840F6E73460F4E7D5F8C430B3
:100FF0002360D5F8C830C5F8C440002BEBD1F0E72A
:10100000A1590A000146014804F057BDF825042003
:10101000F0B50446002089B00E9DC4E9310004F10A
:10102000CC00C4E9330004F1D400C4E9350055B361
:101030002879002840F2011008BF0120C4F8DC0024
:1010400000204FF0FF364FF0FF37CDE90330CDE9F8
:101050000100CDE9066720460C4B009400F0F2F841
:1010600055B1296811B1204600F076F86B791BB1B3
:10107000A38943F00103A381204604F078FEC4F85D
:10108000C04009B0F0BD0120D8E700BF4D0D0A00F7
:1010900037B501900846EFF31184402181F312889F
:1010A000BFF36F8FC16811F01E0F16D153EA02050E
:1010B00008D101A9FFF718FF84F31188BFF36F8FE0
:1010C00003B030BD41F00801C16001991030816169
:1010D000034900F0B9FC0120EEE70020ECE700BF77
:1010E000355A0A0001460148FFF7D2BFF82504200F
:1010F000F7B50C4616461D460190EFF311874023C5
:1011000083F31288BFF36F8F084604F04AFC55EA58
:10111000060309D1204601A9FFF7E6FE87F31188EF
:10112000BFF36F8F03B0F0BDE368324643F00803AE
:10113000E360019B0449A36204F110002B4600F018
:1011400083FC0120EAE700BF355A0A000146014846
:10115000FFF7CEBFF825042010B5044608B9054BAB
:101160009C681F2204F17C0004F01CFF002084F81E
:101170009B0010BD382B04202DE9F04F984685B018
:1011800000F15803C0E91633129B00258381042324
:10119000D61D26F007060374119B01EB060A0F46C5
:1011A000C0E90655514685608373C5730446DDF872
:1011B00038B0DDF84C90F6F735FA109B073020F088
:1011C0000700C4E92776C4F8A40002930F9BAAEB9A
:1011D0000006CDE900B33246434639462046F6F7CD
:1011E00055FD0F9BC4E91A8B2367109B65656367E8
:1011F000EFF31183402282F31288BFF36F8F104FF9
:101200003A6A3C62A26783F31188BFF36F8FB9F12A
:10121000000F11D01F22494604F17C0004F0C2FEE9
:1012200084F89B50BB680BB1D3F8A8303046C4F8A3
:10123000A83005B0BDE8F08F84F87C90F2E700BFDD
:10124000382B0420F0B5002587B00595109DDDE909
:10125000127604950F9D044603950E9D02950D9DF3
:1012600001950C9D0095FFF787FFB6F1FF3F08BF82
:10127000B7F1FF3F05D056EA070305D1204604F039
:1012800076FD204607B0F0BD3A46334604F118001B
:10129000014900F0D9FBF4E7995C0A0001230374CB
:1012A00083810023C0E92733C0F8A830014B986040
:1012B000704700BF382B04206FF00A01094A936879
:1012C000C3F8B4100849C3F8B0004B6843F080532A
:1012D0004B60002383F31188BFF36F8F9368D3F8BB
:1012E000B4007047382B042000ED00E070B590F991
:1012F0001020037C002A2FDBD9062DD11A4C63F075
:101300007F032246037452F8183FE169934207D1E4
:10131000C0E900210860E0610FE09942F8D01B6845
:10132000002BF5D093F90E6090F90E50AE42F4DD2B
:101330005968C0E9003108605860A569954200D03D
:1013400005B9E568A3681A7CD20606D1DA897F2A36
:1013500003D9AA690AB9636170BDAB4202D02846BD
:1013600000F0D6FA6561F7E7382B042038B590F91C
:1013700010200146002A037C04DA03F07F03037483
:1013800004F01EFC0D4D2A4652F8184FAB689442EB
:1013900000D004B9EC688B4207D01A7CD20604D185
:1013A000DA897F2A01D9A2692AB1A34202D0204654
:1013B00000F0AEFA23466B6138BD00BF382B042025
:1013C000B3F1FF3F08BFB2F1FF3F03D0024918302D
:1013D00000F03ABB704700BF995C0A00034648B969
:1013E000EFF3058232B9064A51699268914201D001
:1013F000FFF762BF83F31188BFF36F8F704700BFA1
:10140000382B042038B5184CA168E0690B6881427C
:1014100014BF1A46002249680B605960A368E1694D
:101420002AB9124AC3E900210B60E3610AE092F98C
:101430000E5093F90E00854212DD5168C3E9002178
:101440000B605360A569094B9D4200D005B9E56862
:10145000A3689D4202D0284600F05AFA656138BD63
:101460008A42DED01268DBE7382B0420502B0420A0
:10147000F8B5DDE906670D4B0C46986811460C4A35
:101480001060EFF31182402282F31288BFF36F8F56
:101490009D68284604F0A6FB284632463B46FFF7E7
:1014A0008FFF2046BDE8F840FFF706BF382B042029
:1014B000642B0420F8B50446EFF31187402383F32F
:1014C0001288BFF36F8F037C49B203F01F02002A1A
:1014D0000CBF0126002635D103F07F032A4D03748B
:1014E00004F06EFB2A46037C817363F07F03037470
:1014F00052F8183FE869934207D1C4E9002004601C
:10150000EC610DE09842F8D01B68002BF5D093F900
:101510000EC08C45F6DD5968C4E900310C605C6092
:10152000AC69944200D004B9EC68AB689C4202D02C
:10153000204600F0EDF96C6187F31188BFF36F8FDF
:101540003046F8BD9B071CD5856804F039FB8173D4
:101550002B689D4209D16B68C4E900531C606C6024
:10156000EAE76A689A42F6D01B68002BF3D093F939
:101570000E208A42F5DD5A68C4E9003214605C60CE
:10158000DAE78173D8E700BF382B0420034648B957
:10159000EFF3058232B9064A51699268914201D04F
:1015A000FFF78ABE83F31188BFF36F8F704700BFC8
:1015B000382B0420EFF31181402383F31288BFF30B
:1015C0006F8F054B9A68D37B013BD37381F31188EE
:1015D000BFF36F8F704700BF382B042070B5EFF357
:1015E0001186402383F31288BFF36F8F0F4DAB68D2
:1015F000DA7B0132DA732A4652F8184F944200D04F
:1016000004B9EC681A7CD20604D1DA897F2A01D9A0
:10161000A2692AB19C4202D0204600F079F9234603
:101620006B613046BDE87040FFF7D8BE382B042010
:10163000024B03F11802C3E906227047382B04203D
:1016400070B5EFF31186402383F31288BFF36F8FD9
:101650001A4CA168E0690B68814214BF1A46002247
:1016600049680B605960A368E1692AB9144AC3E963
:1016700000210B60E3610AE092F90E5093F90E002D
:10168000854216DD5168C3E900210B605360A569EE
:101690000B4B9D4200D005B9E568A3689D4202D07E
:1016A000284600F035F965613046BDE87040FFF727
:1016B00003BE8A42DAD01268D7E700BF382B042075
:1016C000502B0420F8B550EA010306460C4603D11E
:1016D000FFF7B6FF0020F8BDEFF31187402383F337
:1016E0001288BFF36F8F124D124BA8681860FFF776
:1016F0003DFEA868234632460F49183000F0A4F991
:10170000AA680446137C384643F004031374FFF7B9
:10171000D3FDAB68D3E90A23B3F1004F08BF002A19
:10172000D8D104F0B3FB201A20EAE070D3E700BF61
:10173000382B0420642B0420995C0A00014B986824
:10174000704700BF382B04202DE9F84304468789F1
:10175000EFF31186402383F31288BFF36F8F037C6E
:10176000190705D586F31188BFF36F8FBDE8F8839D
:10177000D90943F0080272D10274A36813B120465C
:1017800004F026FA04F1180004F04BFBA56D04F1F7
:101790005808A84511D04FF0000975B1284604F04B
:1017A00017FA05F1180004F03CFB2846C5F8B49080
:1017B000FFF79CFDA56DA845EFD1DFF8C480D8F8F0
:1017C00008309C4253D1EFF30589B9F1000918BFE5
:1017D0004FF00109D8F818502A4A954200D00DB9A7
:1017E000D8F80C50AB4202D0284600F091F82046C1
:1017F000C8F8145001F000FE204600F0D9F8B9F105
:10180000000F02D02048FFF749FDD8F808309C426D
:1018100030D1EFF305836BBBA289D20711D586F3D4
:101820001188BFF36F8F83F31188BFF36F8F042389
:10183000184602DFEFF31186402383F31288BFF3CB
:101840006F8F3046FFF738FDFB078FD5002383F3FA
:101850001188BFF36F8F0423184602DF86E703F079
:101860007F0343F00803037404F0AAF985E74FF0FF
:101870000009AFE786F31188BFF36F8FE4E700BF7D
:10188000382B0420502B0420D8260420D3B5DDE9C2
:101890000667089CCDE90067FFF7EAFD1CB1034B22
:1018A0009B685B69236002B0D0BD00BF382B042069
:1018B000027C034612F01F0210D10A4988420DD063
:1018C0000949086868B1D9897F2909D893F90E2098
:1018D000064B1B689A42B8BF002070470020704733
:1018E0001046704778240420D4050420682B042077
:1018F0000122044BC01A044BC0105843034B1A5426
:10190000704700BF98270420ABAAAAAAB32E0420D0
:1019100070B50C4B0C4D1E7CFFF7CAFF182303FB60
:1019200006550446284604F07CFA0022074B9A55D7
:101930003CB1621E2846BDE870400549D31700F04F
:1019400083B870BD382B042098270420B32E0420C0
:10195000F1180A0038B5EFF31185402383F312889C
:10196000BFF36F8F0F4B104A9C681068A04206D1DE
:10197000FFF7CEFF85F31188BFF36F8F38BD0021CD
:101980001B7C1160094AD35C002BF3D02046FFF783
:101990008FFF0028EED0237CDB0601D1FFF732FD5C
:1019A0002046E5E7382B0420642B0420B32E0420C6
:1019B000EFF31181402383F31288BFF36F8F0A4A3C
:1019C000136A834207D19B6F136281F31188BFF3BF
:1019D0006F8F70471346002BF7D09A6F8242F9D170
:1019E000826F9A67F1E700BF382B0420024B18681A
:1019F000984208BF00207047D8050420034B1B689D
:101A00000BB9FCF7E7BF0020704700BF6C2B042028
:101A100030B570B10B4B5B6898420AD0036843B194
:101A2000D3E90421D0E90445121941EB0501C3E9CA
:101A30000421D0E9003213605A600023C0E900336A
:101A400030BD00BFD8050420B3F1FF3F08BFB2F19D
:101A5000FF3F2DE9F84F0446994615461F467AD0B8
:101A60008160EFF31188402383F31288BFF36F8FF7
:101A7000B9F1000FDFF8E4A020DBFFF7BFFFDAE9E0
:101A80000027013549F100092D1849EBE07306469E
:101A90004FF00109C4E90453AD1843EB0707FFF702
:101AA000A5FF0346DFF8B8E0DEF804A0EBB9C4E90F
:101AB00000EACAF80040CEF8044028E06FF00103C5
:101AC000DAE900125B1A4FF0FF3161EB02025B1B97
:101AD00062EB0902012B72F10001BCBF012300225D
:101AE0004FF00009C0E90432D9E7D3E9041CD4E976
:101AF00004208A4270EB0C0B24DA891A5A686CEBCA
:101B00000000C3E90410C4E9003214605C60FFF710
:101B10006DFF84420ED1134B1B685BB9B9F1000F06
:101B200002D1FFF76BFF0646304604F063F900214F
:101B3000FCF764FF88F31188BFF36F8F284639469E
:101B4000BDE8F88F521A60EB0C005345C4E904203D
:101B5000ADD01B68AAE700252F46EFE7B027042089
:101B6000D80504206C2B04202DE9F047DFF8A8905D
:101B70000246C9F800000D46FFF738FF002600278F
:101B8000DFF898804FEAE27ED8E9001350B1D0E93F
:101B9000044CA2427EEB0C0A1ADAA41A6CEB0E0675
:101BA000C0E904460024521843EB0E032046C8E95E
:101BB0000023C9F8004004F01DF92146FCF71EFF80
:101BC00085F31188BFF36F8FBDE8F047FFF7C2BE02
:101BD000611843EBE473C0E90467C8E90013FFF739
:101BE00017FF01224FF00043C0E9042385F3118859
:101BF000BFF36F8F83689847EFF31185402383F31A
:101C00001288BFF36F8FD9F80020121BC9F800208B
:101C1000FFF7ECFEB6E700BF6C2B0420B0270420D2
:101C200010B5EFF31184402383F31288BFF36F8F55
:101C3000FFF7E4FE0346054AD2E90001181841EB1C
:101C4000E37184F31188BFF36F8F10BDB0270420B8
:101C5000F8B50446EFF31187402383F31288BFF3EE
:101C60006F8FD0E90423B3F1004F08BF012A04D0DD
:101C700087F31188BFF36F8FF8BDD0E90A566A1C4D
:101C800046F10003022A73F1000334D3013D46F10B
:101C9000FF36002EBCBF00252E4604F0FBF80130B5
:101CA00041F10001401946EB0101012871F10001E9
:101CB00048DB04F0EFF86FF00203013041F100015E
:101CC000401946EB010183426FF000438B413EDB3C
:101CD00004F0E0F8013041F100016FF00102401919
:101CE00046EB01034FF0FF31121A61EB030320466C
:101CF0001949FFF7A9FE236B01332363236A63B1FC
:101D000087F31188BFF36F8F20469847EFF3118751
:101D1000402383F31288BFF36F8F54F8185FA542F6
:101D2000A6D0002DA4D0284603F091FF0023C5F8CB
:101D3000B43087F31188BFF36F8F2846BDE8F840B1
:101D400003F076BF6FF001024FF0FF33CFE70022C0
:101D50004FF00043CBE700BF511C0A002DE9F041D2
:101D600005461C4690461F46EFF31186402383F339
:101D70001288BFF36F8FB4F1FF3F08BFB2F1FF3F8E
:101D800005D186F31188BFF36F8FBDE8F081002C79
:101D900009DB012A74F10003BCBF0122002412F107
:101DA000FF3844F1FF37284604F03BF8DDE906012F
:101DB0000023C5E90A012B6342463B4628460249F7
:101DC000FFF742FEDDE700BF511C0A0070B5054673
:101DD000EFF31184402686F31288BFF36F8F04F06F
:101DE00020F820B184F31188BFF36F8F70BD6B6A48
:101DF00063B184F31188BFF36F8F28466B6A9847ED
:101E0000EFF3118486F31288BFF36F8F05F118008A
:101E100003F052FF0028E5D003F00AFF2146BDE899
:101E20007040014803F05EBFB42E0420F8B50746A9
:101E30000C46164603F0BCFE08B10020F8BD0E4B60
:101E40009B68D3F8A850002DF7D0221DF5D2EFF3F0
:101E50001184402383F31288BFF36F8F284647F025
:101E60000401B04784F31188BFF36F8F0028E4D0DA
:101E700040F8045BE2E700BF382B04200146024A29
:101E80000020FFF7D3BF00BF6F280A0001680E4A89
:101E90000346914215D1C169A2F11022A2F1EF12BD
:101EA00091420ED18268012A0BD8C26812B1016931
:101EB0008A4206D0586928B19B691B1A584258417A
:101EC00070470120704700BF55AA00FF70B50E4B48
:101ED0009E68B6B13046FFF7D9FF044618B9F368DB
:101EE0007BB935690DB9204670BD2846FFF7CEFF96
:101EF00028B9EB68B34204D12E462D69F2E70446B7
:101F0000F1E70124EFE700BF702B0420F8B5374A52
:101F10001368D3B19368C3B1002865D0002963D09A
:101F200001FB00F4B4FBF0F088425DD1201D5BD8CA
:101F3000A1070CD024F003000430D36803E05D68EF
:101F4000854206D29B69002BF9D11846F8BD204680
:101F5000F3E7D3F808C0BCF1000F02D0012004F071
:101F60000AF82D1A232D03F120061CD801219960AF
:101F7000D3E90501A8B18161996909B1586948613E
:101F80000021C3E905111369DB0703D5FFF79EFFA5
:101F90000028E3D122460021304603F0E4FF034647
:101FA000D3E7D160E8E700F12007D919203DC1E966
:101FB000015CCB601D69DFF838C00D6143F807C0D4
:101FC0000C4FCF6105B1E9605D694D619F698F611B
:101FD00045B1A9618D6905B1696101251961C3E93F
:101FE0000105CDE7D160F5E70023AEE7702B0420B3
:101FF00055AA00FF669911EE70B50546002860D01D
:102000003B4E3368002B5CD0B268002A59D0834223
:1020100003D872681344984202D3012003F0ABFF47
:10202000A0F120042046FFF731FF0028F5D155F834
:10203000183C012BF1D155F8143C45F8180CC3B1EC
:102040009A68002A3ED155F81C2C02F120015A68EA
:102050000A445A6055E905321A6155F8145C2B6937
:1020600003B1DD6020462022002103F07CFF2346DF
:102070002C462069002832D08268002A2FD163685C
:10208000426820331344636003692361D4E9052364
:10209000D2B903BB436963618269A261EBB19C6100
:1020A000A36903B15C61236903B1DC6020220021D4
:1020B00003F059FF33699B0703D5FFF707FF00289B
:1020C000ABD170BD0346D4E79361A369002BE1D087
:1020D00062695A61DEE7F360F7E7F460E0E7002B3E
:1020E000E8D1F368A36103B15C61F460E2E700BF8B
:1020F000702B042038B50C461422002105461348E5
:1021000003F031FF12491348FDF758F9232C1CD96D
:1021100015F003031FBF043CE418C3F10403ED18DA
:1021200022460021284603F01EFF084B0A49C3E956
:102130000054203C9D606C609A6811609A68A1F11F
:102140001021A1F1EF11D161DA6038BD702B0420AC
:10215000F91F0A000D1F0A0055AA00FFF8B50E4B23
:1021600006461D68AB789B0712D56F6816F8014BC1
:1021700029462CB90A20B847002805DB204609E08B
:102180002046B8470028F1DAAB7843F00403AB707F
:102190004FF0FF30F8BD00BF80720A000CB430B5BC
:1021A0008BB004460D462022002102A803F0DBFE7E
:1021B0000223002D06948DF80A300C4B039312DB9A
:1021C00001D06B1E1C440FAA0E9902A8079401921D
:1021D00000F00EF815B1069B00221A700BB0BDE896
:1021E000304002B070470024EDE700BF8F600A0066
:1021F0002DE9F04F43688BB0804692460093837878
:102200009C0740F1F98000250878002800F0F6804E
:1022100025280AD04B1C019301354146009B984765
:102220000028C0F2E3800199EEE74E788B1C252E42
:102230000193F1D000270A22B9463C461F2C22D830
:10224000A6F12003102B20D8DFE803F0141F1F1A7B
:102250001F1F1F0B1F1F1F121F171F1F090044F0F6
:102260000104019B13F8016B0193002EE6D13AE0C3
:1022700044F0020444F00404F3E744F00804F0E7F7
:1022800044F01004EDE77F2C24D8A6F13003092B8D
:1022900008D860064EBF02FB073744F0200402FB5B
:1022A0000939DEE72A2E0DD161065AF8043B53D4D2
:1022B000002BA7BF44F020049946C3F1000944F065
:1022C0002804CEE72E2E05D1630600F1978044F056
:1022D0004004C6E76C2E2ED028D8682E32D06A2E45
:1022E00037D04C2E35D0002F46F02003B8BF24F055
:1022F0004004A3F16502BCBF0027A4B2022A01D9A1
:10230000612B2BD10AF1070A07279D4E2AF0070AF5
:102310000AF1080A210760D506EB070B34465C4535
:102320005DD1AE1BA9EB0709A21959E1742E98D013
:102330007A2E96D0D7E7260648BF44F4007444F0BE
:1023400080048EE7E00548BF44F4007444F48074D0
:1023500087E744F4207484E71F4682E7A6F163020E
:10236000122A00F2D880DFE812F013004D00D600E8
:10237000D600D600D6004D00D600D600D600D60036
:10238000D600E800D100D600D6001A00D600A00082
:102390005AF8043B012704AE8DF81030BAE75AF81A
:1023A000046B784B002E08BF1E4614F0400F3046D9
:1023B00014BF39464FF0FF3103F007FE0746A9E787
:1023C00041462020009B984700280FDB013CA74294
:1023D000F6D34D44A1462D1B9EE74C46F7E74146F8
:1023E00014F8010B009B9847002898DA98F80230FF
:1023F00043F0040388F802304FF0FF3528460BB055
:10240000BDE8F08F220630D5A3052AD50AF1070AC8
:102410002AF007039A4659685AF8080B24F0100B63
:1024200000291FFA8BFB2FDA40424BF4806B61EBE3
:10243000410104AC0A23224603F0D3FD1BF0400FF8
:10244000A0EB040200F08E802BF001049742A4B2AE
:1024500040F38F80002E40F08E802BF01104A4B248
:102460001DE05AF8040BC117D8E7E0055AF8041B21
:1024700001D40846F7E7A20547BF48B241F3C011AF
:1024800008B241F3C031C9E750EA0103D1D1630674
:10249000CFD5002FCDD124F011043A46A4B23B464B
:1024A00040F206410C4262D124E024F010040A23D9
:1024B000A4B214F0800243D014F4007117BF0AF1E3
:1024C000070A5AF8040B2AF0070292461CBF51680B
:1024D0005AF8080B50EA01023ED124F0160B6206AE
:1024E0001FFA8BFB3CD5002F3AD124F017043A4653
:1024F0003B46A4B221075AD4E10705D5994572DDC0
:10250000A9EB03039F184B469B464AE044F0100496
:1025100010237826CDE7782B04D1C6F1780343F059
:102520001003C6E741462520009B98470028FFF688
:102530005DAF02354146304670E608230026B8E715
:1025400014F480715AF8040BC4D014F400711ABF4B
:10255000C0B2114680B2BDE724F006041FFA84FB26
:1025600004AC68E713465C46E10699D52EB9013301
:10257000C0E71346F8E73B46F6E70233BAE700BF89
:10258000999A0A00929A0A00CDE902324146202027
:10259000009B98470028FFF629AF0BF1010BDDE9FE
:1025A0000232D945F0DCEB1A03EB0B055B46E10682
:1025B00027D541463020CDE90232009B98470028BC
:1025C000FFF614AFDDE902327EB901352F44791BE5
:1025D0008A4229DB144604AE94BB2A44A9EB0309C2
:1025E0001546914440E017468EE702354146304695
:1025F000CDE90232009B98470028DDE90232E5DA96
:10260000F4E640F206410C42E0D014F0020F05F16E
:102610000105414614BF2B20202014F4806FCDE922
:10262000023218BF2D20E5E7CDE902324146009B7A
:102630003020013598470028DDE90232C7DAD5E6B7
:10264000013C4146CDE90232305D009B98470028AD
:10265000DDE90232C0DAC9E641462020009B01359F
:1026600098470028FFF6C2AEA9EB0503002BF3DC68
:10267000D9E500BF38B5044C044DAC4200D138BD9B
:1026800054F8043D9847F8E70000000000000000FF
:10269000704700EBC100408840087047F8B503461A
:1026A000FFF7F7FFB0FA80F0C0F11F0003EB800CDA
:1026B000DCF81060CA00171D0C4606328DB256B900
:1026C000012101FA00F0D9680143D960CCF810402B
:1026D000DD539D52F8BDF1000431585AD85303EB35
:1026E000C0009E52C5805D52F4E710B500EBC104F6
:1026F000E3888B4202F104010AD1012303FA02F2BA
:10270000C36823EA0203C360002340F8213010BDF0
:10271000A28840F8213000EBC20100EBC300CB805F
:102720008280F4E708B50346FFF7B3FFB0FA80F202
:102730001846BDE80840C2F11F02FFF7D6BF2DE9D9
:10274000F843B1FA81F3C3F11F0200EB8209D9F813
:10275000107006460D4687B94FF0FF34C3F12003D1
:102760009C40F3681C4014D094FAA4F2B2FA82F2AE
:10277000131D56F82340214608E03C464FF003085D
:1027800021463046FFF785FF854205D83046FFF7E2
:10279000ACFF2046BDE8F88306EBC404E488B8F13A
:1027A0000108C9F81040D7D0BC42E9D1D4E738B508
:1027B0000446FFF76EFF0D46034611462046FFF71D
:1027C00068FF03449BB204EBC5055A0020466A80AB
:1027D000FFF75FFF014424F8313038BD70B50B4678
:1027E0000446FFF756FF04EBC305511A9B1A89B242
:1027F00003444E009BB26E8004EBC2005D00458036
:1028000024F8321020461146FFF743FF014424F814
:10281000313070BD70B509B9002070BD056801F098
:1028200007030B33CC0804EBD304AB6828469C4267
:1028300028BF1C462146FFF782FF06460028EBD042
:1028400001462846FFF725FFA04207D9284632193E
:10285000FFF7C4FF11462846FFF720FF05EBC6022D
:1028600010465388043043F001035380D5E71146E6
:10287000FFF7D0BF043A2DE9F843CC1D114424F0F2
:10288000070421F00706A6EB04084FEAD807B7FAB9
:1028900087F24FF00009C2F12405AD000735C2F1FF
:1028A0002002ED0804604946A760C4F80C9092002D
:1028B00004F1100003F057FBAAB2530043F00103E8
:1028C00063807B1B9BB204EBC5015800A4F8009009
:1028D000488024F83520A6F8029024F8083004EB4C
:1028E000C7035A88294642F001025A802046BDE8B3
:1028F000F843FFF7D3BE2DE9F04706460D461746CD
:1029000098462BB34FF0000A98F8004093F80190D6
:10291000DB78A40004EB430498F802301C444444E0
:10292000CA4509D339463046AC46D8F8042008F1E8
:102930000803BDE8F047604714F8013B0AF1010ABB
:10294000204648F82340F3F71DF801300444E7E738
:102950006FF01500BDE8F08730B502460024002076
:1029600012F8013B43B178B18C4207D1702B04D0EF
:10297000A3F140053A2D07D8002030BDA3F1400552
:102980003A2D01D80134EAE7252B08BF80F0010079
:10299000E6E70020704700F093BB0FB407B504A929
:1029A00051F8040B019100F08BFB03B05DF804EBD0
:1029B00004B070470FB407B504A951F8040B019196
:1029C000FFF7E9FF03B05DF804EB04B0704710B502
:1029D0000369024613F0080009D11368D4689C42C9
:1029E0009BBF0120126AE31AD31A0B6010BD0023AB
:1029F0001846FAE713B501A90446FFF7E8FF20B12E
:102A0000019BE268013B13440193206A019BC01AB9
:102A1000013802B010BD10B5044650182269236A6F
:102A2000D20702D5013B184010BD984228BFC01AFA
:102A3000FAE710B504460A46C168FFF7ECFF2369C0
:102A4000E06023F00803236110BD38B50D46C2696C
:102A50008B00016843F00203044642F8213001680C
:102A60002A46FFF7D8FFE3686168984208BF2369E8
:102A7000206008BF43F008032A46204608BF2361B0
:102A8000FFF7C9FF606038BD2DE9F74F0F46002101
:102A9000D0F80CB0C669009216F82B209A4602F0C6
:102AA0000302022A14BF894656F82B2006EB8B033B
:102AB0000193009B08BFC2F39D0919600446CAF840
:102AC0000010B9F1000F07D04946FFF7B2FFE368E5
:102AD000A3604FF0010804E001698A0705D44FF0B4
:102AE0000008404603B0BDE8F08F816906EB8B001B
:102AF000884716F82B10054611F00108EFD08B0718
:102B00001DD51FB139462046FFF79FFF61682A4651
:102B10002046FFF780FFD4E902138B42606007D1A3
:102B20002A462046FFF777FF4FF000080146A060D5
:102B30002369216043F00803E1602361D1E7014686
:102B40002046FFF776FFE168A1601FB12068E169C8
:102B500041F82090EA19CAF8002021682046FFF7C2
:102B60005AFF2269206042F00802226116F82B20E9
:102B700022F0010206F82B20DDE900321A60A8E7F6
:102B800070B504461546FFF746FF2368834205D11A
:102B90002369216023F00803236170BDE269AB0063
:102BA00043F0020342F8213061682A462046FFF7CD
:102BB00032FF6060F1E738B5036904465B0706D56C
:102BC000456AFFF717FF85422CBF6562606238BD1A
:102BD00038B50D4604461C22002103F0C4F900223A
:102BE000EB68A361AB6863612B68E3616B68626249
:102BF00023622A6923B1591E194208BF42F001021B
:102C00002261012204F128000021BDE8384002F0D1
:102C1000B0BE2DE9F04F00259846036A87B08B427D
:102C200004460E469346AA460395059538D3EFF31E
:102C30001189402383F31288BFF36F8F059A2AB15D
:102C400029462046FFF79CFF0023059304A9204650
:102C5000FFF7BDFE04990746B1422AD32268E36913
:102C6000204613F8221003EB820A21F0030103F837
:102C7000221021683246FFF7CEFEE36820609842BA
:102C800012D0002789F31188BFF36F8F039929B100
:102C900062690AB12046904700230393002FC6D1F2
:102CA000504607B0BDE8F08F236943F00803236165
:102CB000E7E718B12046FFF7C8FEE3E75BEA080341
:102CC0001CD0019102F074FF0199B8B9B9F1000F5D
:102CD00014D189F31188BFF36F8F5A46434604F12C
:102CE0002800FDF7F7FFEFF31189402383F31288E3
:102CF000BFF36F8FB0FA80F77F09C3E7204605ABBB
:102D000003AA2568FFF7C0FE0746BBE770B5044677
:102D1000836908460D4698470246EFF31186402323
:102D200083F31288BFF36F8F2B78204643F00103A3
:102D30002B706168FFF76FFE60602046FFF73BFF76
:102D400086F31188BFF36F8F70BD2DE9F8430446F9
:102D500000274026EFF3118586F31288BFF36F8FAB
:102D60002369A268190702D46368934200D2236AD8
:102D70009B1A002B42D0E06910F8221000EB820968
:102D800011F003033AD0022B04D150F822305FEA4D
:102D9000930805D1CB0720D44846A36998478046BD
:102DA000A16842462046FFF736FE0127A060414653
:102DB0002046FFF73EFE3B4685F31188BFF36F8F39
:102DC000002BC7D137B1B9F1000F03D104F12800AE
:102DD000FDF74CFF4846BDE8F88341F0020100F8DA
:102DE0002210A3694846D4F8088098474146024615
:102DF0002046FFF710FE0023A060DDE79946DBE7E1
:102E0000F8B50446836908460D4698470646EFF331
:102E10001187402383F31288BFF36F8F2B7823F041
:102E200001032B7023699B0705D5E268E36903EB77
:102E300082039D421AD12B7823F002032B70D4E930
:102E40000231994204D132462046FFF7E4FDA060EA
:102E500031462046FFF7EDFD87F31188BFF36F8FF2
:102E600004F12800BDE8F840FDF700BF2B6860F3CF
:102E70009F032B60F0E7EFF31181402383F3128867
:102E8000BFF36F8F02698368120702D442689A42C7
:102E900000D2026AD31A81F31188BFF36F8F181E14
:102EA00018BF01207047038B13F0070306D1036896
:102EB000002B18BF032008BF00207047022B05D14C
:102EC000408BB0FA80F0400980007047012B04D19C
:102ED0000368002B18BF0520EDE70020704710B5F0
:102EE0000C4600B111B96FF0150010BD081D00F0BF
:102EF000ABF80028F9D1A368032BF6D9F3E72DE945
:102F0000F0410D4607461946281D90461E4600F022
:102F1000ACF8044638B13346424629463846A44602
:102F2000BDE8F0416047BDE8F08110B4EFF31182D5
:102F3000402484F31288BFF36F8F416110BC0121DC
:102F4000F3F7ACBC38B50C46054658B151B10B6827
:102F500043B14B6833B11C22002103F004F8002078
:102F60002C6138BD6FF01500FBE7F8B504460E463E
:102F7000FFF7B5FF051E3BDBEFF31182402383F320
:102F80001288BFF36F8F4FF6FF71638B278B8B42D5
:102F900007F007072ED0062F2FD8DFE807F0182EEE
:102FA000082E180418006FF08505002303E0013394
:102FB00063830225012382F31188BFF36F8FBBB1B6
:102FC00000233A4631462046FFF799FF10E00023E0
:102FD0003360636823B9C4E9006627B13D46E4E77E
:102FE0001E606660F9E702212046F3F757FC3D4674
:102FF0002846F8BD6FF00A05D7E76FF00405D4E75F
:1030000010B5EFF31182402383F31288BFF36F8F63
:10301000048B04F00704022C0AD0012C0CBF6FF0C3
:1030200004006FF0850082F31188BFF36F8F08E012
:10303000438B013B9BB2438323B92146F3F72EFC1C
:10304000204610BD2046EEE7034658B1426802F024
:103050000302012A03D0032A04D1026812B100201E
:10306000986070476FF0150070474268034602F0A1
:103070000302032A4FF00002816014BF104600686B
:103080005A607047704703785B075FBF03684288E8
:10309000C3F34A2303EB12105DBF173020F0070083
:1030A0008008002070470020704701F03CBE0346B6
:1030B000D3E8EF0F421CC3E8E12F0029F8D1704795
:1030C0001FB50023CDE902011A4619461846CDE97D
:1030D0000033F3F7EDFF05B05DF804FB0120F3F7D3
:1030E000A3BD002070474368DA710122436819606C
:1030F00043685A71F3F78ABD70B515460C4669B13D
:10310000D2E901369B1B99420AD813680A46014648
:10311000981902F01BFFAB682344AB60204670BDDA
:103120006FF01B00FBE770B50E46154619460446C6
:1031300018B9BDE87040F3F777BD33B1C2F34A2345
:103140001030120D184402F001FFC4E90056204669
:10315000BDE87040F3F70CBF2DE9F3415F1C4FEA67
:103160008708064608F1170020F0070080080C4683
:103170001546F3F7D5FD00238DF80470ADF8053042
:103180008DF8073068B10346019AA8F1040143F8AD
:10319000102F2A46294452F8045B8A4243F8045F00
:1031A000F9D100233146A20102F4E07242EA48223A
:1031B00022F07F4222F4700222F03F0202B0BDE80A
:1031C000F041FFF7B0BF07B50123019201AAFFF755
:1031D000C3FF03B05DF804FB07B5CDE9002302236C
:1031E0006A46FFF7B9FF03B05DF804FB1FB5CDE9F0
:1031F0000123069B01AA03930323FFF7ADFF05B04C
:103200005DF804FBF8B506460D4614461F4604B9A2
:10321000F8BD214628463A46B047241A0544F6E749
:1032200010B542680446D2E9002381680068FFF7C0
:10323000E9FF002263681A6010BD38B54B68054687
:103240001A68CB680C469A4202D10846FFF7E8FF9D
:103250006368D3E8EF2F511CC3E8E01F0028F8D1C2
:10326000A36800209D5438BD0A2838B504460D4691
:1032700002D10D20FFF7E1FF29462046FFF7DDFFD1
:10328000002038BD2DE9F043054689B008460E8878
:1032900091F800900C46D1F808801746F3F75AFFD2
:1032A000011EC6F38216C9F3C2091FDB4846F3F7B5
:1032B00071FE0346214651F8102B6088C2F34A2262
:1032C000002A01EB020408BF00210022C0F30B100A
:1032D000CDE90507CDE9031428464146CDE9002292
:1032E0000296F3F763FF09B0BDE8F0830023E1E73E
:1032F000436800201B685B681961704743681B685E
:103300001A6852685360704701212DE9F041436803
:103310001B685A6811751D682F68D5E90136D3E915
:1033200000481CB96B681C60BDE8F081214630463E
:103330004246B847241A0644F3E743681B681868F6
:10334000F4F76AB870B543680C461D686B68186975
:10335000F3F746FC214603460F222868BDE870407B
:103360001847F0B587B01F4604460D46164600F0D4
:1033700080FA022302930DF116030193BDF8303059
:10338000ADF81600009332463B462946204601F030
:1033900005FA07B0F0BD2DE9FF411F460D46164660
:1033A0000446F5F799FF8046F2F7ECFABDF82830AD
:1033B00080B2CDE90180009332463B462946204643
:1033C00001F0ECF904B0BDE8F08102F0CCBD02F0F0
:1033D000BDBD01460068F4F7C5B808B5F4F71EF99D
:1033E000BDE80840F4F796BC0A460121FFF7EBBEA2
:1033F00000210120F4F7B6B86FF08500704761B680
:1034000062B680F31188BFF36F8F704772B60023E6
:1034100083F31188BFF36F8FBFF34F8F30BF62B656
:10342000BFF36F8F704772B6002383F31188BFF329
:103430006F8FBFF34F8F20BF80F31188BFF36F8F63
:1034400062B6704740E800F313F4803FD8B208BF7B
:103450006FF01500704730B50C684B6885B00A896D
:103460004D890094013B24F01F04234402F01F0205
:1034700042EA451223F01F0369468DF808200393A2
:10348000F4F7FAFC05B030BD08B5D1E9043198472E
:10349000002008BD08B5F4F70BFF002008BD7047F9
:1034A000002303824369C3607047C1698968F4F7E8
:1034B0006BBFEFF31182402383F31288BFF36F8F4A
:1034C00000230B60436833B9C0E9001182F311880F
:1034D000BFF36F8F704719604160F7E7034610B57F
:1034E000EFF31181402282F31288BFF36F8F0068DF
:1034F00028B15C680268A0421A6008BF5A6081F374
:103500001188BFF36F8F10BD027A013202727047CB
:10351000034618465B68002BFBD17047426810B524
:103520002AB10B461C465B68002BFBD162604160F0
:1035300010BD10B5044620B908460B7A01330B7252
:1035400010BD034618465B68002BFBD1FFF7E6FF72
:103550002046F5E783680B440360704703680B60FF
:1035600043684B6083688B607047838802681944A6
:103570008180D018704730B484880568A318838090
:10358000281930BC02F0E2BC10B5838802685C1CCC
:103590008480D154D01810BD034600689A88401A20
:1035A00011441860998070470268531E0360838835
:1035B0000133838002F8011C704703468288521A47
:1035C00082800068084418607047034600689A8843
:1035D000521A01449A801960704710B5036801219E
:1035E0001C78FFF7EAFF204610BD10B503680221E2
:1035F0001C88FFF7E2FF204610BD10B50C4601788D
:10360000227888B08A420ED06946F5F705F8204640
:1036100004A9F5F701F8102268460DEB020102F04B
:10362000B1FC08B010BD012A06D0022A07D072B939
:1036300040886388C01AF4E740686368FAE710229C
:10364000611C013008B0BDE8104002F09BBC6FF077
:103650001500E6E7042A0AD0102A0DD0022A4FF0FE
:10366000000315D103700B884380012070470123AC
:1036700003700B684360F8E7022300F8013B01F197
:10368000100351F8042B994240F8042BF9D1ECE7D0
:1036900018467047012310B50621044600F8013B87
:1036A000FBF776FE18B9A37963F03F03A37110BD51
:1036B0000B6803608B8883808B798371037823F098
:1036C0000203037070470078C0F34000704738B5BC
:1036D0000446807AF4F72EFE6169054649B1637AA3
:1036E000DB0704D4C36920461B689B689847002306
:1036F000636121462846BDE8384002F02CB92DE927
:10370000F0410C461746054601F10C0800F10C018A
:1037100040461E46FFF722FF6269E36839469B1A5E
:1037200013FA87F36B82012340466B722F82FFF7F7
:1037300044FFE368284673600023628AE360728175
:1037400063823460BDE8F08138B50C46D1E90032BF
:103750000546DA600B684A895A820868F4F792FED7
:1037600020461022002102F0FEFB2846BDE838402A
:10377000FFF7ADBF438A23B9C068B0FA80F04009B3
:103780007047002070470F2806D80D280BD8052851
:1037900014BF022003207047132804D01A2814BF36
:1037A00002200120704701207047FFF70CBDFFF792
:1037B00013BD034610B5D3E8EF0F40EA0102C3E89A
:1037C000E42F002CF7D110BD0023F3F7F1BBD0E8B4
:1037D000EF3F0B40C0E8E23F002AF8D1704710B538
:1037E000F6F74CFE04466FF480711030FFF7EFFFE0
:1037F0002046BDE8104000F0F3B8C368DB78012B29
:1038000001D1FFF7ECBF7047C368DB78012B01D112
:10381000FFF7E5BF704738B504460D46F5F726F9C2
:103820005F3005D129462046BDE83840F5F758B845
:1038300038BD10B5028843889A4218D8052A16D98F
:10384000B3F5486F13D88488B4F5FA7F0FD2C188D6
:1038500040F67640A1F10A0292B2824207D804FBF8
:103860000333B3EB810F34BF0120002010BD0020D3
:10387000FCE7002070470020704770B506460D46F3
:103880004FF0FF304FF0FF31F5F722FC044668B1EE
:1038900003210C30FFF769FE068085702146BDE8E4
:1038A0007040002240F20640F5F774BD6FF06800EA
:1038B00070BDC368187808B1F5F7AABB1846F5F7CC
:1038C00011BE38B54FF0FF3105464FF0FF30F5F728
:1038D000FFFB044668B102210C30FFF746FE2B883F
:1038E000214603800022BDE8384042F21600F5F779
:1038F00051BD6FF0680038BD70B506460D464FF0FB
:10390000FF304FF0FF31F5F7E3FB044618B9BDE88F
:103910007040F4F7DBBF03210C30FFF726FE068072
:1039200085702146BDE8704042F22100F5F7E0BC09
:10393000072208B502F026FBB0FA80F0400908BD66
:10394000FFF741BC00280CBF08460020704718B1A3
:1039500011B10846F6F7E8BA6FF01500704713B5D5
:10396000044680B106216846FBF712FD48B99DF870
:103970000530694603F03F0320468DF80530FFF718
:10398000E6FF02B010BD6FF01500FAE7003818BF6F
:103990000120704770B506460D464FF0FF304FF0DE
:1039A000FF3186B0F5F794FB0446B0B10C3095B109
:1039B0000121FFF7E9FD204606F1100203A90823C3
:1039C0000095F5F773FB0022214642F20A00F5F755
:1039D000E1FC06B070BD2946EBE76FF06800F8E740
:1039E000183002F0A7B8D0F8B400003818BF012092
:1039F00070470846896918301160426800211A60D2
:103A000010F80D2C02F0AFBA2438F6F7ADBF002243
:103A100003680BB9184670478B4210D10B6842B946
:103A200042680360914200D14360002301200B6093
:103A3000704713604368994208BF4260F5E71A4631
:103A40001B68E6E7837A072B01D1F6F7B9BF704709
:103A500010B50446006918B1F4F714FD0023236182
:103A600010BD10B500F1C802D2E8AF3F5BB1591CE0
:103A7000D2E8EF4F9C4204D1C2E8EC1FBCF1000F2A
:103A8000F6D1F1D110BD1846FCE710B5837A044693
:103A9000023B062B16D8DFE803F009041515150BB9
:103AA0000900417200212046F7F7EAF8002010BD16
:103AB0000088FFF7E2FE0028F9D1A37A072BF5D1A1
:103AC0000821F0E76FF07F00F1E738B5037A04468C
:103AD0008B42154615D100F170010722284602F0ED
:103AE00051FA80B1E378072243B904F17E012846F8
:103AF00002F048FAB0FA80F0400938BD04F17701CD
:103B0000F5E70020F9E70120F7E7F8B507460D468D
:103B10004FF0FF304FF0FF31F5F7DAFA0646D0B13B
:103B20000E210C30FFF721FD04460E22002102F089
:103B30001AFA3B88314623802B88002263806B88E9
:103B400042F21300A380AB88E380EB882381BDE8B9
:103B5000F840F5F71FBC6FF06800F8BD704710B56E
:103B60000446FDF727FD234653F8402BD2F8B41046
:103B700061B92164D2F8B81061B9C2E92D33FDF7FB
:103B80002DFD2068BDE81040F7F750B88B42F6D005
:103B90000968EDE70B60C2F8B830F0E703682BB1B5
:103BA00041681A688B42026008BF426070477047E4
:103BB0002DE9F843446B2CB154F8085905B1083D80
:103BC00000270CB9BDE8F883D4E900682EB3FDF7EF
:103BD000F1FC0022D6F8B43004F1400163B19942FF
:103BE00033D1236C4ABBD6F8B820C6F8B430914222
:103BF00001D1C6F8B8302764FDF7F0FC04F13009B4
:103C0000002200234846FCF7FFFF064600BBD8F819
:103C100004300BB1204698472760E3680BB120467B
:103C20009847D8F820300BB120469847DDB1AB68F3
:103C300003B1083B2C461D46C3E71360D6F8B830E5
:103C4000994208BFC6F8B820D5E71A461B68C5E7F1
:103C5000B36923B16FF06D02F1692068984730466F
:103C6000F4F710FCCCE72B46E4E7F8B50F4600214B
:103C70000546164600234FF224420846F7F778FD22
:103C8000044620B92846F7F73FFD2046F8BD042139
:103C90000C30FFF76AFC057047704680F5E7406B13
:103CA00028B1838B08388B4201D08068F8E77047D1
:103CB00010B54AB989B2FFF7F2FF28B143689B6992
:103CC00013B1BDE81040184710BD38B50D460521A9
:103CD000FFF7E5FF002329461A46F7F763FD044680
:103CE00010B12846F4F7CEFB204638BD406B28B112
:103CF000838908388B4201D08068F8E770477047A5
:103D00000346006828B15968026888421A6008BFF3
:103D10005A6070470346002003B970471A8A5B68EF
:103D20001044F9E710B5D4680231237813B9217033
:103D3000012010BD8B42FBD0038A023B038200208E
:103D40001061F6E7FFF73FBA2DE9F04104468868B5
:103D5000FFF7E0FF638D628B0D46934228BF134649
:103D600083421DD300272165D1F808808F60FDF7BD
:103D700021FC41462046F7F705FF064638B1C5F855
:103D800008802765FDF72AFC3046BDE8F081618D8B
:103D9000638B2846994228BF194600F0FCFDF1E7E5
:103DA0006FF07906F0E773B51446014605464FF407
:103DB0009572206800F060FD207530B929462068B2
:103DC00000F0ECFD20B908232375002002B070BD7F
:103DD000237AB3B1A3F11802534253419B000193DC
:103DE000638A29460093AE68238AE2682068B04758
:103DF000002808DB238A98420CD100230120237578
:103E0000E4E70223EBE710F1FF0F03D34042C0B217
:103E10002075DAE70E20FBE738B504460D46F7F7C4
:103E2000B1FE30B1294604F15400BDE8384001F03C
:103E300087BD38BDF8B5936805460F461446166829
:103E400063B9506801210C30FFF78FFBA0602B682D
:103E50001B78002B14BF022301230370A3681B7877
:103E6000012B03D0022B1FD000201CE02B681B78F5
:103E7000002BF9D1606804210C30FFF776FBE0607D
:103E800007802A68E36852885A806168728D738B54
:103E9000088A9A4294BFC0EB0200C0EB03000428DA
:103EA00094BF00200120F8BD2B681B78022BDBD1CA
:103EB000606812210C30FFF758FBE06007802B6828
:103EC000E268591C0232113351F8040B994242F84E
:103ED000040BF9D16168728D738B088A9A4294BF82
:103EE000C0EB0200C0EB03001228D9E770B40668EB
:103EF000F2695AB3144654F8983903B1983B00223A
:103F000011467CB9438D408B8B4201D890421FD91A
:103F1000824238BF02469942306838BF194670BCA9
:103F2000F9F768BD844207D0658D648BA94238BF1C
:103F30002946A24238BF224633B1D3F8985005B182
:103F4000983D1C462B46DCE71D46FAE71146D9E7AB
:103F500070BC7047D0680431037813B90170012038
:103F600070478B42FBD0002091680B8A043B0B8288
:103F7000106170471FB5CDE9012300231A46009355
:103F8000F9F702F905B05DF804FB0022036803B9F4
:103F900070478B420FD10B683AB942680360914277
:103FA00000D1436000230B6070471360436899425F
:103FB00008BF4260F6E71A461B68E8E7D0E8EF3F23
:103FC00043F00802C0E8E12F0029F7D1C3F3C00095
:103FD00070472DE9F041064690461F460D46B9B19F
:103FE00004220121F7F79AFE044618B9BDE8F04112
:103FF000F7F76EBE04210C30FFF7B7FA0570A0F892
:104000000180C77021463046BDE8F041FFF704BF8C
:10401000BDE8F08137B50C46054601F10C00FFF70D
:10402000E4FA228A03460192E268122100922846AD
:104030001322F7F7CBFE03B030BD37B50C4605466B
:1040400001F10C00FFF7D1FA228A03460192E268DF
:104050002846009200221146F7F7B8FE03B030BDA3
:1040600070B504460E46002200230846FCF7CCFD3E
:10407000054658B101462046F7F784FD044618B1BD
:104080002946304601F067FC204670BD6FF0010400
:10409000FAE707B5CA680C211388528800920D22EE
:1040A000F8F79AF803B05DF804FB07B50022CB6877
:1040B0000A211B8800920B22F8F78EF803B05DF8F6
:1040C00004FB2DE9F041CB6805461F88BBB2162BD7
:1040D0001BD90321F7F744FF0646C0B102210C307B
:1040E000FFF743FA00244FF01708314680F80080AC
:1040F00044702846FFF790FE2846A5F81A806F8581
:10410000FFF7F4FE2046BDE8F0810420FBE70E2017
:10411000F9E72DE9F04F064685B0104690469946DE
:10412000FFF7F8FD738B728D8B46934228BF1346C1
:10413000834275D9736840460393FFF7E9F94FF05E
:10414000000A04464046FFF7E5FDE168228A658AD9
:104150006369AD1ACB1AED1A778B738D9F4294BFAA
:10416000C0EB0700C0EB0300854228BF054625BB16
:1041700098F80A00F4F7DEF800220023FFF795F91B
:10418000044608B9574627E001464046FFF7D1F9F3
:104190004046FFF7BFFDE168228A658A6369AD1A70
:1041A000CB1AED1A778D738B9F4294BFC0EB07003B
:1041B000C0EB0300854228BF0546CDF80090DBF830
:1041C00004700A4403985946ABB2B847071E07DA91
:1041D000BAF1000F18BF5746384605B0BDE8F08F5A
:1041E0000E9BABB9394604F10C00FFF7BEF940460F
:1041F000FFF790FD738D728BB944934228BF13462D
:104200008342BA441FFA89F9BCD9AF429AD0B9E7C0
:10421000394620460F9A0E9B98470028E2D1B1E715
:104220000027D9E700232DE9F34117681446D7F892
:1042300004800146137306469522404600F01CFB9D
:104240000546207330B93146404600F0A5FB28B939
:1042500008232373002002B0BDE8F081A068798DA7
:104260007A8B038A914294BFC3EB0103C3EB020331
:10427000012BEFDD02210C30FFF777F9CDE9005576
:104280008046A38831463846A268FFF742FF031EE6
:1042900006DA13F1FF0F2ABF5B420E23DBB2D8E729
:1042A0000120A8F80030D6E700232DE9F341176874
:1042B0001446D7F8048001461373064695224046FB
:1042C00000F0DAFA0546207330B93146404600F076
:1042D00063FB28B908232373002002B0BDE8F081F6
:1042E000CDE9005531463846A388A268FFF711FF93
:1042F000002807DA10F1FF0F32BF0E204042C0B293
:104300002073E9E70120E8E7F8B5054650F8044CCA
:10431000071F00F14803D3E8EF1F21F00401C3E8B1
:10432000E21F002AF7D1FCB1EB6C83B9636873B16B
:10433000201DFFF7E5FC064601463846FFF704FD61
:1043400090B163683360A368666003B9A6603846BD
:1043500005F15001FFF784FE30B1384604F10C013D
:10436000BDE8F840FFF77CBEF8BD2DE9F041C46917
:10437000074644B154F8986906B1983E00221546A4
:1043800007F104080CB9BDE8F081236D9BB905B9AC
:104390008AB94046FFF7B4FC054658B101462046AD
:1043A000FFF7D2FC0028EED07B682B60BB687D60F5
:1043B00003B9BD60224636B1D6F8983003B1983BB8
:1043C00034461E46DEE73346FAE738B50546D1E8FF
:1043D000AF3FDB0716D550F8040C98B1EB6C8BB9E6
:1043E0000430FFF78DFC044660B10146281FFFF73B
:1043F000ABFC38B155F8043C5A6822609A685C609E
:1044000002B99C6038BDF8F753BE08B500230A8A8C
:10441000C968F8F7A7FB002008BD70B50D46F8F78E
:104420003DFA044628B92846F4F72CF86FF07F00CF
:1044300070BD00F10C062946304601F081FAE469AE
:10444000C4B154F8985905B1983D0022104607E0D0
:1044500022467DB1D5F8983003B1983B2C461D46D5
:10446000831C01D1002AF4D131462046FFF7F8FD24
:104470000028EDD10020DBE738B505460C46FDF7F6
:1044800099F82846F8F70AFA20B9FDF7A7F86FF06F
:104490007F0038BD0023236083683BB9C0E9014435
:1044A000FFF763FFFDF79AF80020F2E71C608460D5
:1044B000F6E70120704708B5F8F7F0F978B1C3695D
:1044C0006BB1983B03F14C02D2E8EF0F20F00800EB
:1044D000C2E8E10F0029F7D1D3F89830F0E708BD22
:1044E00008B50421FFF702FC20B14830D0E8AF0F37
:1044F000C0F3C00008BD10600020704710B5029CDA
:10450000A36833B1B1F5807F28BF0E21CAB221461E
:104510009847A37DE268013BDBB2A37522B11BB9CA
:104520002046BDE81040104710BD1060918000206B
:104530007047072208B501F025FDB0FA80F0400968
:1045400008BD034610B5D3E8EF0F40EA0102C3E807
:10455000E42F002CF7D110BD0B6803608B8883809B
:104560008B798371704770B50D46064611F8010BC3
:10457000F6F71EFF044610B12C89F6F72FFB6B8966
:10458000A34207D0EB686C8123B121463046BDE8D9
:104590007040184770BD38B5BDF810401546A242AE
:1045A0000CD84CB16BB1A41A8C42A8BF0C46A4B273
:1045B0002246591901F0CAFC204638BD6FF00604A6
:1045C000FAE76FF00D04F7E730B585B0C968144617
:1045D0001D46F8F7E1FB00B100890223ADF80E009B
:1045E000009329462046BDF820200DF10E03FFF769
:1045F000D2FF05B030BD1FB50C461946E368104622
:104600001C78BDF818203CB110240133069404B086
:10461000BDE81040FFF7BFBF5B88ADF80E30022346
:1046200000930DF10E03FFF7B6FF04B010BD30B5D7
:104630001D46002385B014468DF80C30F8F782FB38
:1046400010B1037A8DF80C300123294600932046DF
:10465000BDF8202003ABFFF79EFF05B030BD08B5C5
:10466000F8F788FB18B1002303604360836008BD3E
:1046700070B500F1700605463146007AFFF7FBF889
:1046800004463146287A1CB1BDE87040FFF7E7BF09
:10469000F8F770FB10B104604460846070BD022ABA
:1046A00010B508D1002300F170011A46007AF8F71E
:1046B0009BFB022010BDFFF7DBFFFAE7F0B50768B0
:1046C00006463D78144689B0DDB97B88B3F5245F92
:1046D00004D010D8A3F52053032B12D8ADF80A103C
:1046E000022220460DF10A01F8F700FC68B16FF0D4
:1046F0001503A36006E003F55643FF339BB2042B7A
:104700001FD90125284609B0F0BD7B88022220462A
:104710000DF10A01ADF80A30F8F7E8FB0028E6D100
:10472000009003AA132331467768B847021E01DAC6
:10473000A260E7E703A92046F8F7D8FB0028E0D0FD
:10474000D5E7ADF80A10022220460DF10A01F8F76C
:10475000CDFB0028CBD17B880222ADF80A300DF1C9
:104760000A01E8E701210C30FFF7EBBE38B504463B
:104770001546FFF79EFE40B12046F8F7E3FA20B158
:10478000037ADB0701D5FFF7EDFF35B9207A04F195
:104790007001F8F7EFFA00B1856038BD38B5BDF8A3
:1047A0001010BDF818401046A142059D0CD84CB120
:1047B0006DB1641A9C42A8BF1C46A4B2224629448B
:1047C00001F0C4FB204638BD6FF00604FAE76FF035
:1047D0000D04F7E713B5044610B9002002B010BD70
:1047E00000238DF8043042F60303006801A9ADF8F8
:1047F0000630FEF702FF0028EFD1E3689888002812
:10480000ECD12046F8F790FC013080B2E6E770B5B5
:10481000CC681E46A37988B008468DF80C30154642
:10482000FFF7D8FFADF80D00246823786BB96388D3
:10483000ADF80F300523009331462846BDF83020EF
:1048400003ABFFF7A8FE08B070BD631C0DF10F02AB
:10485000113453F8041BA34242F8041BF9D113236B
:10486000E9E71FB5CDE9012300231A460093F8F7C5
:104870008BFC05B05DF804FB4B8A12F0010FC3F30B
:104880000E0304D013F0950F10D0486870B112F0E9
:10489000020F04D013F4957F0AD0896841B1134008
:1048A00013F4DE7F14BF05200020704702207047FC
:1048B00003207047F8B50F46516806464B8A1446E8
:1048C00003F0940313BB0122F8F76EFD08B3A2892D
:1048D0001B2130460232F8F7D7F80546E0B1A1892E
:1048E0000C300231FEF741FE20F8027BA289A1685C
:1048F00001F02CFBD4E9041228460123F8F710FA42
:1049000029463046BDE8F840FFF787BD4FF0FF303D
:10491000F8BD6FF01500FBE76FF00B00F8E72DE92D
:10492000F04105468846F8F70DFA0446E0B1037AEF
:10493000DA0719D500F10C06D6E8AF7F17F00107AA
:1049400012D1B8F1000F10D0D6E8EF3F23F00202E9
:10495000C6E8E12F0029F7D19B07284608D5FFF7C5
:10496000AAFD2046FFF7FEFE01273846BDE8F0818C
:10497000FFF79FFD0028F8D02846FFF7B1FD00287B
:10498000F3D0D6E8EF3F23F00203C6E8E23F002A67
:10499000F7D12846E3E770470120704701207047B0
:1049A00013B5C068144668B100238DF804304FF485
:1049B000C05301A9ADF80630FEF71FFE10B92368F9
:1049C00001332360012002B010BD0021F8B54FF083
:1049D000FF324FF0FF3305460846F6F7C9FE00F1F7
:1049E0000C07044601213846FEF7BFFD05260121CC
:1049F00006703846FEF7B9FD002306701A462146B8
:104A00002846F6F7CFFE10B12046F3F73BFD002015
:104A1000F8BD6FF085007047002070470A460121FD
:104A2000FEF7D1BB0C220369C9B202FB0133D86D7A
:104A300000F00700704770B50346C9B20069EFF394
:104A40001186402484F31288BFF36F8F0C2505FB79
:104A50000104E46D14F0C00401D0A24211D101227E
:104A600005FB0100C265002086F31188BFF36F8F3C
:104A700030B90C225B6802FB01335B689847002069
:104A800070BD4FF0FF30EFE78022FFF7D4BFF8B5DD
:104A9000069F05460469C9B2EFF3118C402080F3EC
:104AA0001288BFF36F8F0C2606FB0146F06D00F0F5
:104AB000070EBEF1010F10D1F76500268CF31188A7
:104AC000BFF36F8F3EB90C2041430C44C4E915235A
:104AD0006B685B5898473046F8BD00F0C0008742CD
:104AE0000CBF6FF077064FF0FF36E7E713B5802471
:104AF0000094FFF7CCFF02B010BD10B41C24006975
:104B0000CBB204FB0300002110BC10470220FAF7CF
:104B10006BBE022000F0FEB91046FCF7A7B800F00B
:104B2000F8B9FAF75BBE40F272607047084608B504
:104B30001146FAF787FF002818BF6FF0040008BD80
:104B400008B500F0F6F9002818BF6FF0040008BDA2
:104B5000436800205B68DB680B607047436802EACB
:104B600001005B6821EA02015860002099607047EB
:104B7000436800205B6859607047436800205B68A9
:104B80009960704743685B681A6821EA0200114027
:104B9000586000209960704730B50369586800B3C9
:104BA0000024884219D108688CB99C685860A142D9
:104BB00000D19860002008602AB15A680A609A689B
:104BC000596002B9996000200FE02846E9E72060AB
:104BD0009868814208BF9C60ECE705680446002D98
:104BE000F3D1002AE9D16FF0150030BDFBF7B8B85A
:104BF00030B543681360057A446804EBC504A342EA
:104C000002D36FF0010030BD5C7908338C42F1D1E2
:104C10000020F8E743681B68D3F8303170474368D9
:104C20001B68D3F88004C3F8800470474268136897
:104C3000D3F84C0150B10020926A12780A70C3F880
:104C40004C01D3F84C2101229A6270474FF0FF309B
:104C5000704713B501AA0446FFF7CAFF002805DB19
:104C6000019B226819791868F9F72AFD02B010BD76
:104C700038B5054600220121C620F2F7CBFFC62039
:104C8000F2F7A6FF6C680121E068FFF7E2FF6B68AE
:104C900019686369C1F82435E28BA38BA07E1343A6
:104CA000228C1343628C1343627E9BB20243207EAC
:104CB00002431343C1F86C3569680B68D3F80022CE
:104CC00042F48022C3F800220822C3F800254A6A71
:104CD0000121C3F83C270022C3F840271965D3F807
:104CE00030110029FBD0C3F800256D680021E86869
:104CF0002C68FFF7AEFF0823C4F800352A7A52B9B2
:104D0000AB6AC4F804370123C4F80837C4F84C214F
:104D1000D4F84C21A362002038BD08B50220F9F771
:104D200099FA002008BD08B5FBF72EF908BD10B5AB
:104D30004FF0FF304FF0FF31F9F7B0FE044628B9CD
:104D4000E5F742FD044618B1F9F7B0FE204610BD64
:104D5000F9F7ACFE2046F3F7C3FCF7E738B50B8A4A
:104D60000D463BB101F10C00FEF737FC012818D0CD
:104D7000022803D06FF01504204638BD4FF0FF30F5
:104D80004FF0FF31F9F78AFE04460028F4D1E868B5
:104D9000EDF711FF0446F9F789FEACB1F9F78CFE87
:104DA000EAE74FF0FF304FF0FF31F9F777FE0446A6
:104DB0000028E1D1E868FAF75BF80446F9F776FED7
:104DC000002CD9D1F9F778FE2846F3F75BFB0024D5
:104DD000D2E7F9F7BFBF10B532220021044601F037
:104DE000C2F8202323708023A3706FF03F03637108
:104DF0000423A3722823A3730223E3730423A3755C
:104E00006FF0480363760323A3766FF01F03E37606
:104E10000E232377302384F82030702384F8233046
:104E2000802384F8263010BD00207047704708B5F5
:104E3000FAF7CEFA002008BD08B500F07AF848B1BC
:104E4000002383F31188BFF36F8F0423184602DF1A
:104E50006FF0040008BD08B54FF0FF314FF0FF3090
:104E6000F9F71CFEF0F7C7FCBDE80840F9F71EBED5
:104E7000684620F007018D4601B5ECF719FFBDE843
:104E8000014085467047684620F007018D4601B510
:104E9000ECF700FFBDE8014085467047684620F00A
:104EA00007018D4601B5EDF711FABDE801408546D1
:104EB000704708B5F0F75AFA002008BD0A460121EC
:104EC000FEF781B900B589B006AB029308230393BE
:104ED00001AB049304230791CDE9053004AA062011
:104EE00002A9FAF7C9FC02280AD003280BD068B936
:104EF0000198003818BF0120404209B05DF804FB5A
:104F00006FF01500F9E76FF08500F6E74FF0FF301E
:104F1000F3E77047012802D0022803D07047002031
:104F2000EBF7AABF0120FBE77047EBF7E1BD0020DC
:104F300070470020704710B588B01C4605AB019340
:104F40000C2302930423CDE90612CDE904300DEBC6
:104F5000030103AA0120CDF80CD0FAF78DFC009BC9
:104F6000236008B010BD03460020184700F07CBB4A
:104F7000024610B5116891B1B1FA81F3C3F11F0077
:104F80000123834021EA0303D2E8EF4F8C4204D18E
:104F9000C2E8EC3FBCF1000FF6D1EBD110BD6FF0D1
:104FA0000B00FBE710B50368CB40DB0710D40123EF
:104FB0008B40026843EA0201D0E8EF4F944204D1EB
:104FC000C0E8EC1FBCF1000FF6D1F2D1002010BDFB
:104FD0006FF01500FBE7F7B51646DDE908470190CD
:104FE00001A81D46FAF776FD019BB6F1000C18BF2B
:104FF0004FF0010C00EB83000B1E18BF0123002DA6
:1050000043EA4C030CBF4FF0000C4FF00C0C002C8B
:1050100043EA0C030CBF4FF0000C4FF4706C002FF0
:1050200043EA0C030CBF4FF0000C4FF4403CD0F8A7
:10503000802043EA0C0322EA030301B109780EB190
:105040003678760019430DB12D78AD0031430CB19F
:105050002478240229430FB13F783F040C433C439A
:10506000C0F8804003B0F0BD1FB50DF10F030193F0
:1050700000238DF80F101A4619460093FFF7ABFF77
:1050800005B05DF804FB10B504460846FAF732FD9A
:1050900004EB4004207DC0F3401010BD10B5044661
:1050A0000846FAF727FD04EB4004207DC0F34000DA
:1050B00010BD10B504460846FAF71CFD04EB400489
:1050C000A08A400B10BD70B5044608461646FAF794
:1050D00011FD083034F810300D46DA0509D5C3F358
:1050E000432304EBC3023146284654F83330526858
:1050F0009847A3682BB131462846E268BDE8704066
:10510000184770BD10B504460846FAF7F3FC04EBE7
:105110004000838ADA051DD5C3F3432123F4F853F5
:10512000838204F1120204F1960032F8023F13F474
:10513000807F03D0C3F3432399420BD08242F4D142
:10514000002204EBC1035A6004F19C00BDE810404A
:10515000FFF728BF10BDF0B5044600200127054623
:10516000844695420AD1D4F8403133B10023C4F8C3
:105170004031D4F8403140F48030F0BDEBB29B00B8
:1051800003F580769B0807FA03F3194208D054F818
:1051900006E0BEF1000F03D044F806C0A65918433C
:1051A0000135DEE738B504460D46FFF76CFFA8B1C0
:1051B0002046FFF773FF88B92046FFF77AFF0123E7
:1051C00022688340C2F80833236803EB8000D0F8DC
:1051D000103523F00303C0F8103538BD2846BDE86C
:1051E00038400021FFF740BF2DE9F0431746044641
:1051F00085B00846FAF77EFCD7F800800E460546D3
:10520000B8F1000F1ED02046FFF748FF18B1204626
:10521000FFF739FF20BB00230DF10F02CDE900336A
:105220008DF80E308DF80F30304643460DF10E01EB
:10523000FFF7D1FE04EB4502938A23F0020343F00B
:10524000010393827B689BB33146204693F800802C
:10525000D3F80490FFF722FF28B1B9F1000F1FD057
:105260006FF0150027E004EB4500838A23F46043C8
:1052700023F020038382B9F1000F11D0B8F1030F9E
:10528000EED87B6821685B6893F800C04FEA8C0316
:105290001944B8F1000F11D1C1F81085C1F810857B
:1052A00004EB4502938A23F01C0343EA88039382AC
:1052B000BB684BBB002005B0BDE8F083D1F81025DA
:1052C00022F00302C1F8102522681344D3F81025F8
:1052D00022F4473222F47C72C3F8102541F6F072B2
:1052E000D3F8101502EA061242EA08420A43C3F84C
:1052F000102504EB4C03A3F8A060838A43EA4C33E7
:1053000043F020038382CBE73146D3E9007820467F
:10531000FFF7F8FE002FCDD063689F4206D004F15E
:105320009C00FFF725FE002804DAC4E7A36898452F
:10533000F5D1002004EBC003C3E9017804EB450577
:10534000AB8AC0B243EA402343F48073AB82B1E737
:10535000C0E90312704770B504461546FFF793FE87
:1053600048B10846FAF7C6FB04EB40040020A38AC4
:105370005B0B2B7070BD6FF01500FBE790F8B00071
:10538000003818BF01207047FAF7ECBB2DE9F34154
:1053900004461746FFF777FE0D462668F0B1204613
:1053A000FFF77CFE8046C8B92046FFF782FE8200E8
:1053B00002F5807346F80380F35823681344D3F84A
:1053C000102542F00102C3F8102527B101232268FD
:1053D0008340C2F8043302B0BDE8F081D6F804334C
:1053E0002846DB035CBF4FF48033C6F80433FAF77A
:1053F00081FB04EB4004A38AC3F38203042B11D086
:10540000052B11D001A80195FAF764FB019BC16837
:10541000D94001F001010231284602B0BDE8F04157
:10542000FFF722BE0321F7E70221F5E7FFF7BABE37
:1054300038B5057D0446BDB9C0E90255C582426054
:10544000457569B14A7E42760A7B502A0FD84A7B5D
:10545000502A0CD80B69043B7A2B08D8FAF746FF80
:1054600001230020237538BD6FF07700FBE76FF054
:105470001500F8E738B504460068C0F30830F2F7C5
:10548000B5FB00222368C3F80025637E4BB923686F
:10549000D3F84005D3F84455FAF7AAFF2846FAF79F
:1054A000A7FF0023237538BD70B5037D04460E4663
:1054B0001546002B36D0437D032B36D0002937D03C
:1054C000130435D40068C0F30830F2F78FFB637D16
:1054D000A27D023B18BF012323EA020304EB8301F0
:1054E0008A68E2B9226804EB43038E601D826D0076
:1054F000C2F86065C2F86455237D022B07D00223F1
:10550000237501232268C2F8003522681360002544
:105510002068C0F30830F2F75BFB284670BD6FF0DF
:105520000F05F5E76FF07605F7E76FF00F05F4E785
:105530006FF01505F1E7427D012AD3B20BD0437D10
:1055400013B1437D022B0CD100230268C2F8003551
:10555000437500207047032242750268037553604B
:10556000F7E76FF00F0070471FB502680446D2F8E6
:1055700000312BB10023C2F80031D2F800310123F1
:10558000D2F8041100296CD00021C2F80411D2F81D
:105590000421002B42D0A37DDA4302F0010204EB88
:1055A0008201896811B9617D02292CD1607D0021B9
:1055B00002280CBF012304EB8303E17516BF986832
:1055C000637599604FF001038DF80C100EBF0291C6
:1055D0000290A2758DF80430636801A89847637D36
:1055E000022B01D101236375237E53B101238DF872
:1055F0000430002301A802938DF80C3023766368F1
:10560000984704B010BDE37D002BE8D18DF804303D
:10561000029301238DF80C30E375DDE72268C2F8B0
:105620000035A27D637504EB820291688DF80C3021
:105630008DF8043021B193606368029101A8984706
:10564000A37DDB4303F0010304EB83039A682AB1D3
:10565000029200229A60636801A898470023A3750C
:10566000C2E7002B97D1BFE708B1F2F733BF70470D
:1056700010B5436904463BB90020E26840425378C4
:1056800043F00103537010BD98470028F4D0002860
:10569000B8BF4042FF28A8BFFF20E3681870ECE7BE
:1056A00040B1C368587810F001001EBF1878B0FAF6
:1056B00080F040097047EFF31183402383F3128891
:1056C000BFF36F8FFEE710B400F10C04C0E9034490
:1056D00010BCFDF7CFB838B50446EFF31185402371
:1056E00083F31288BFF36F8FF0F79CFC04F10C007A
:1056F00000F012FB30B1294604F11400BDE8384037
:1057000000F0F0BA85F31188BFF36F8F38BD10B584
:1057100042696AB1836842EA0301890708D10169D5
:10572000A2FB011424B95B182CBF0121002102D374
:105730006FF0150005E0C1609B1A02698A4201D82A
:10574000002010BDC26801311A604269C3609B1A13
:10575000F3E72DE9F04105460F46EFF311884023AA
:1057600083F31288BFF36F8FC668FEB90468A04246
:105770001CD0DCB1D4E9003213605A60237CC4E948
:10578000006623F002032374A66004F1180000F001
:1057900048FB2046C4F8B460676100F049FA41460E
:1057A00005F10800BDE8F04100F09CBA3E60AB692D
:1057B000EF60013BAB6188F31188BFF36F8FBDE8E9
:1057C000F081402408B5EFF3118384F31288BFF30E
:1057D0006F8FFDF71BFEF6E7D0E9003213605A60C9
:1057E0000023027CC0E9003322F0020202748360CD
:1057F0007047C0E9022303FB02120023C0E9052120
:10580000C0E900000161C161036280F82430704783
:1058100013B501240094FBF76BF802B010BD90F9AA
:105820000E308B4201D0FBF745BE00207047D0E917
:10583000003213605A600023027CC0E9003322F07A
:1058400002020274836070472DE9F84390460446D3
:105850000D469DF82020EFF31187402181F3128837
:10586000BFF36F8F02B14568A66804F10809B1451E
:1058700016D0AEB100243046FFF7D9FF06F118006C
:1058800000F0CFFA3046C6F8B440C6F8148000F0F5
:10589000CFF94846394600F025FA2046BDE8F8839E
:1058A000A3B10820FCF7EAFA002832D00122C0F8A0
:1058B00004800260016801F003015DB922680A43B7
:1058C0000260626820606AB960600BE04046C8F818
:1058D0000030EFE72A68032A10D80160616839B9FF
:1058E000C4E90000002087F31188BFF36F8FD5E76C
:1058F0000A6802F0030202430A60E5E722F00302AD
:105900000A4302602A6802F0030240EA02032B60A5
:10591000E8E76FF00B00E6E710B5044630B1026827
:10592000930703D0446809B100F008FB204610BD7E
:105930000023C0E9003300F10803C0E902337047D7
:10594000012307B5009300230A461946FFF77CFFA1
:1059500003B05DF804FB002307B50A46009319461F
:10596000FFF772FF03B05DF804FB00210068FFF74A
:10597000D3BF3AB18A4205D3C0E90212C0E90000A0
:10598000002070476FF015007047012302688B40BC
:1059900022EA0303036022FA01F000F001007047DD
:1059A000704710B5032104460C30FFF7EEFF30B10D
:1059B00004F1100000F035FAB0FA80F0400910BD93
:1059C00020B10022CC30114600F0F1B9704770B51B
:1059D000C3680446C3F340069B0716D485680221BA
:1059E0000C30FFF7D2FF80B1D5F8C4206AB19442E1
:1059F0001DD122689EB9D5F8C830C5F8C4209C4294
:105A000001D1C5F8C82000232360E36813F01F000C
:105A10001EBF43F00203E36040F0020070BD32603D
:105A2000D5F8C820944208BFC5F8C860EBE7164611
:105A30001268DBE773B50446EFF31185402383F367
:105A40001288BFF36F8F00230193D0E90423B3F1D1
:105A5000004F08BF012A05D085F31188BFF36F8F6F
:105A600002B070BDA0F1100603210438FFF78DFFCE
:105A70000028F1D0A369304601A90193FBF734FA5D
:105A8000EAE738B504460D461022002100F06BFA13
:105A9000656038BD13B501900846EFF311844023CB
:105AA00083F31288BFF36F8F01A9FBF71DFA84F30C
:105AB0001188BFF36F8F02B010BD10B5FFF7EAFF7A
:105AC000041E08DDEFF31180402383F31288BFF337
:105AD0006F8FFBF75BFD204610BD70B50D46EFF3F1
:105AE0001186402383F31288BFF36F8FFBF74EFAC2
:105AF000044686F31188BFF36F8F38B14FF0FF3241
:105B00004FF0FF3305F11000FBF7E4F8204670BDBD
:105B100008B5E022002100F026FA08BD38B5302291
:105B20000D460021044600F01EFA4FF480736560B4
:105B3000E36038BD38B50446EFF31185402383F3A5
:105B40001288BFF36F8FFFF72CFF2046FFF73FFF50
:105B500085F31188BFF36F8F38BDF8B504460D4645
:105B6000EFF31187402383F31288BFF36F8FC3686D
:105B700003F01F03002B14BF0126002609D0FFF7F6
:105B800010FF2046FFF723FF29462046FBF78EF93A
:105B9000034687F31188BFF36F8F3BB14FF0FF329D
:105BA0004FF0FF3305F10800FBF794F83046F8BDDD
:105BB000EFF30580003818BF012070477C30704734
:105BC000D0E9003213605A600023C0E90033704707
:105BD00008B5FFF7F5FF037C23F0020303740023ED
:105BE000836008BD38B504460D46FBF7BFFB237C38
:105BF00043F002032374D5B1A5602B689D4209D1FF
:105C00006B68C4E900531C606C6010E06A689A42DB
:105C1000F6D01B68002BF3D093F90E1094F90E20E8
:105C20009142F3DD5A68C4E9003214605C6038BD0B
:105C300010B5EFF31184402383F31288BFF36F8F05
:105C4000FBF754FB84F31188BFF36F8F10BD08B5C9
:105C5000EFF31181402282F31288BFF36F8F8368C4
:105C60000BB1FFF7B5FF81F31188BFF36F8F08BD4C
:105C700008B5037C014613F0280F0CD183680BB1E3
:105C8000FFF7A6FF0B7C084623F004030B74BDE866
:105C90000840FBF72BBB08BD10B5EFF31184402380
:105CA00083F31288BFF36F8F1838FFF7E1FF84F397
:105CB0001188BFF36F8F10BD08B50346EFF3118154
:105CC000402282F31288BFF36F8F0068834207D0AF
:105CD00008B1FFF77DFF81F31188BFF36F8F08BD17
:105CE0000020F8E70846FBF779BB38B5054604689D
:105CF0000020AC4200D138BD002CFCD02046FFF77C
:105D000067FF04F1180000F08CF82046FBF7EEFA6C
:105D10002C680120A542EDE710B5EFF31184402374
:105D200083F31288BFF36F8FFFF7DFFF84F31188CF
:105D3000BFF36F8F10BD70B506460D46FBF7C2FC72
:105D4000B5F1FF3F08BFB6F1FF3F04460CD047F660
:105D5000112000214FF47A7547F612220023E4FB4C
:105D60000501ECF7B3FD70BD4FF0FF30FBE738B530
:105D70000446EFF31185402383F31288BFF36F8F3E
:105D8000037C5B070ED5183000F04BF8237C2046CF
:105D900023F004032374FBF7A9FA2846BDE8384032
:105DA000FBF71CBB85F31188BFF36F8F38BD38B587
:105DB000EFF31185402383F31288BFF36F8F0468DC
:105DC000A04213D0A4B1C4F8B41062612046FFF71A
:105DD000FFFE04F1180000F024F82046FBF786FAD5
:105DE000012085F31188BFF36F8F38BD0020F8E7DD
:105DF0002046F6E708B50246FBF7F8FD70B1D0E99A
:105E000004319B1A61EBE272B3F1004F72F10001B1
:105E100004DA002AACBF1846002008BD6FF000402D
:105E2000FBE7024638B5EFF31185402383F3128870
:105E3000BFF36F8F0368D3B1FBF7D8FD044610465C
:105E4000FBF7E6FD00224FF000438442C0E9042343
:105E500005D0002085F31188BFF36F8F38BDFBF7A5
:105E6000CDFDFFF7C7FF0021F8F7C8FDF1E7D0E946
:105E70000413B3F1004F08BF012904D100204FF0F3
:105E80000041C2E904016FF01500E3E708B5FBF734
:105E9000C7FE08BDFBF7C4BEB3F1FF3F08BFB2F1B8
:105EA000FF3F70B506461D46144614D01A4316D05F
:105EB000002B08DBFBF7B4FE041941EB0501C6E932
:105EC0000041304670BD6FF001031C1B4FF0FF33E3
:105ED00063EB0501F3E74FF0FF342146EFE70024C1
:105EE000FBE7B3F1FF3F08BFB2F1FF3FF8B507464C
:105EF00016461C4610D054EA020311D0FBF790FE60
:105F0000B0420A46A14103460AD2F31A64EB0204E6
:105F1000C7E900343846F8BD4FF0FF331C46F7E7B9
:105F20000023FBE70023C0E9081200F11802C0E9D2
:105F30000622C0E9003303634363704720B1011FA9
:105F400050F8040CFFF7C7BB704770470A44431E64
:105F5000914200D1704710B511F8014B914203F8FE
:105F6000014FF9D110BD02440346934200D170475E
:105F700003F8011BF9E7044608B5FCF77BFB204654
:105F8000F2F78EF90139024410B5904201D1002098
:105F900005E0037811F8014FA34201D0181B10BD92
:105FA0000130F2E70139034610B532B111F8014F63
:105FB000013A03F8014B002CF7D11A440021934217
:105FC00000D110BD03F8011BF9E70246014410B5EA
:105FD0008A42134603D01C780132002CF8D1181ADB
:105FE00010BDF0B5C3F13707044603F01F03104698
:105FF000FFB2082BE6B232D0102B3DD06508A408C2
:1060000045EAC17544EA81748A082D1942EB5102B0
:10601000290941EA02716D1842EB1212290A41EA7C
:1060200002616D1842EB1222290C41EA02416D18FF
:1060300042EB1242AD1842F10002EC0844EA42740D
:10604000D10804EB8402A6EB4205EDB2092D0CD970
:106050000134A5F10A0541F10001EDB212E0E408B6
:1060600006F0070544EA4174C908303554EA0102D4
:1060700000F8015BBDD1F0BD240906F00F0544EA2C
:1060800001740909092D84BFED19EDB2EDE7D1E9DD
:10609000043293421EBF5A1C0A61187070470000F8
:0860A000F4F8FE7F010000008E
:1060A800C1840900000000004DE90900000000005B
:1060B800E1F40900000000000000000088610A0007
:1060C80049080A00000000006D080A0000000000EE
:1060D80000000000DC610A0000000000A4610A0062
:1060E80000000000C0610A0000000000F8610A001A
:1060F800E1F3090000000000B34E0A0000000000B0
:106108000000000014620A000000000030620A006B
:106118004DE30900000000001B4D0A0000000000CC
:10612800E56A090000000000D982090000000000AB
:10613800000000004C620A00515C090000000000E9
:106148002F4F0A0000000000210D0A000000000087
:10615800D5850900000000002F4E0A00000000004D
:10616800394E0A00000000000000000068620A00C2
:106178006D88090000000000F974090000000000A3
:106188007B950A00BC750A00C06B0A00160604203D
:10619800DC29042091E0090000000000B3950A0002
:1061A80000760A009C6B0A001A060420582A04206C
:1061B8005DE5090000000000BF950A0014760A009A
:1061C8009C6B0A001C060420642A04205DE5090073
:1061D80000000000CA950A0028760A009C6B0A0095
:1061E8001E060420702A04205DE509000000000056
:1061F800D5950A003C760A009C6B0A00200604200C
:106208007C2A04205DE5090000000000AB950A0027
:1062180000000000946B0A0018060420000000002B
:10622800414B0A0000000000E0950A0060760A0071
:10623800DC6B0A0022060420882A0420714C0A001C
:106248000000000035970A0000000000B0760A0040
:1062580024060420942A04208DEC09000000000084
:1062680063950A005C750A00A4750A0014060420E8
:0C6278002805042081DB09000000000064
:1062840000000000F1330A0000000000F1330A00AE
:1062940000000000F1330A0000000000F1330A009E
:1062A40000000000F1330A0000000000F1330A008E
:1062B40000000000F1330A0000000000F1330A007E
:1062C40000000000F1330A0000000000F1330A006E
:1062D40000000000F1330A0000000000F1330A005E
:1062E40000000000F1330A0000000000F1330A004E
:1062F40000000000F1330A0000000000F1330A003E
:1063040000000000F1330A0000000000F1330A002D
:1063140000000000F1330A0000000000F1330A001D
:1063240000000000F1330A0000000000F1330A000D
:1063340000000000F1330A0000000000F1330A00FD
:1063440000000000F1330A0000000000F1330A00ED
:1063540000000000F1330A0000000000F1330A00DD
:10636400000000004DF4090000000000F1330A00B1
:1063740000000000F1330A0000000000F1330A00BD
:1063840000000000F1330A0000000000F1330A00AD
:1063940000000000F1330A0000000000F1330A009D
:1063A40000000000F1330A0000000000F1330A008D
:1063B40000000000F1330A0000000000F1330A007D
:1063C40000000000F1330A0000000000F1330A006D
:1063D40000000000F1330A0000000000F1330A005D
:1063E40000000000F1330A0000000000F1330A004D
:1063F40000000000F1330A0000000000F1330A003D
:1064040000000000F1330A0000000000F1330A002C
:1064140000000000F1330A0000000000F1330A001C
:1064240000000000F1330A0000000000F1330A000C
:1064340000000000F1330A0000000000F1330A00FC
:1064440000000000F1330A0000000000F1330A00EC
:1064540000000000F1330A0000000000F1330A00DC
:1064640000000000F1330A0000000000F1330A00CC
:1064740000000000F1330A0000000000F1330A00BC
:1064840000000000F1330A0000000000F1330A00AC
:1064940000000000F1330A0000000000F1330A009C
:1064A40000000000F1330A0000000000F1330A008C
:1064B40000000000F1330A0000000000F1330A007C
:1064C40000000000F1330A0000000000F1330A006C
:1064D40000000000F1330A0000000000F1330A005C
:1064E40000000000F1330A0000000000F1330A004C
:1064F40000000000F1330A0000000000F1330A003C
:1065040000000000F1330A0000000000F1330A002B
:1065140000000000F1330A0000000000F1330A001B
:1065240000000000F1330A0000000000F1330A000B
:1065340000000000F1330A0000000000F1330A00FB
:1065440000000000F1330A0000000000F1330A00EB
:1065540000000000F1330A0000000000F1330A00DB
:1065640000000000F1330A0000000000F1330A00CB
:1065740000000000F1330A0000000000F1330A00BB
:1065840000000000F1330A0000000000F1330A00AB
:1065940000000000F1330A0000000000F1330A009B
:1065A40000000000F1330A0000000000F1330A008B
:1065B40000000000F1330A0000000000F1330A007B
:1065C40000000000F1330A0000000000F1330A006B
:1065D40000000000F1330A0000000000F1330A005B
:1065E40000000000F1330A0000000000F1330A004B
:1065F40000000000F1330A0000000000F1330A003B
:1066040000000000F1330A0000000000F1330A002A
:1066140000000000F1330A0000000000F1330A001A
:1066240000000000F1330A0000000000F1330A000A
:1066340000000000F1330A0000000000F1330A00FA
:1066440000000000F1330A0000000000F1330A00EA
:1066540000000000F1330A0000000000F1330A00DA
:1066640000000000F1330A0000000000F1330A00CA
:1066740000000000F1330A0000000000F1330A00BA
:1066840000000000F1330A0000000000F1330A00AA
:1066940000000000F1330A0000000000F1330A009A
:1066A40000000000F1330A0000000000F1330A008A
:1066B40000000000F1330A0000000000F1330A007A
:1066C40000000000F1330A0000000000F1330A006A
:1066D40000000000F1330A0000000000F1330A005A
:1066E40000000000F1330A0000000000F1330A004A
:1066F40000000000F1330A0000000000F1330A003A
:1067040000000000F1330A0000000000F1330A0029
:1067140000000000F1330A0000000000F1330A0019
:1067240000000000F1330A0000000000F1330A0009
:1067340000000000F1330A0000000000F1330A00F9
:1067440000000000F1330A0000000000F1330A00E9
:1067540000000000F1330A0000000000F1330A00D9
:1067640000000000F1330A0000000000F1330A00C9
:1067740000000000F1330A0000000000F1330A00B9
:1067840000000000F1330A0000000000F1330A00A9
:1067940000000000F1330A0000000000F1330A0099
:1067A40000000000F1330A0000000000F1330A0089
:1067B40000000000F1330A0000000000F1330A0079
:1067C40000000000F1330A0000000000F1330A0069
:1067D40000000000F1330A0000000000F1330A0059
:1067E40000000000F1330A0000000000F1330A0049
:1067F40000000000F1330A0000000000F1330A0039
:1068040000000000F1330A0000000000F1330A0028
:1068140000000000F1330A0000000000F1330A0018
:1068240000000000F1330A0000000000F1330A0008
:1068340000000000F1330A0000000000F1330A00F8
:1068440000000000F1330A0000000000F1330A00E8
:1068540000000000F1330A0000000000F1330A00D8
:1068640000000000F1330A0000000000F1330A00C8
:1068740000000000F1330A0000000000F1330A00B8
:1068840000000000F1330A0000000000F1330A00A8
:1068940000000000F1330A0000000000F1330A0098
:1068A40000000000F1330A0000000000F1330A0088
:1068B40030620A00154C0A0000000000F1330A009F
:1068C40000000000F1330A0000000000F1330A0068
:1068D40000000000F1330A0000000000F1330A0058
:1068E40000000000F1330A0000000000F1330A0048
:1068F40000000000F1330A0000000000F1330A0038
:106904002805042069550A0000000000F1330A003C
:1069140000000000F1330A0000000000F1330A0017
:1069240000000000F1330A0000000000F1330A0007
:1069340000000000F1330A0000000000F1330A00F7
:1069440000000000F1330A0000000000F1330A00E7
:10695400CC030420ED4B0A0000000000F1330A00D0
:1069640000000000F1330A0000000000F1330A00C7
:1069740000000000F1330A0000000000F1330A00B7
:1069840000000000F1330A0000000000F1330A00A7
:1069940000000000F1330A003D020A00674F0A00BC
:1069A40000000000F1330A0000000000F1330A0087
:1069B40000000000F1330A0000000000F1330A0077
:1069C40000000000F1330A0000000000F1330A0067
:1069D40000000000F1330A0000000000F1330A0057
:1069E40000000000F1330A0000000000F1330A0047
:1069F40000000000F1330A0000000000F1330A0037
:106A040000000000F1330A0000000000F1330A0026
:106A140000000000F1330A0000000000F1330A0016
:106A240000000000F1330A0000000000F1330A0006
:106A340000000000F1330A0000000000F1330A00F6
:106A440000000000F1330A0000000000F1330A00E6
:106A540000000000F1330A0000000000F1330A00D6
:106A640000000000F1330A0000000000F1330A00C6
:106A740000000000F1330A0000000000F1330A00B6
:106A840000000000F1330A0000000000F1330A00A6
:106A940000000000F1330A0000000000F1330A0096
:106AA40000000000F1330A0000000000F1330A0086
:106AB40000000000F1330A0000000000F1330A0076
:106AC40000000000F1330A0000000000F1330A0066
:106AD40000000000F1330A0000000000F1330A0056
:106AE40018030420ED4B0A0000000000F1330A00F3
:106AF4002B4F0A00674F0A0000000000F1330A0020
:106B040000000000F1330A0000000000F1330A0025
:106B140000000000F1330A0000000000F1330A0015
:106B240000000000F1330A0000000000F1330A0005
:106B340000000000F1330A0000000000F1330A00F5
:106B440000000000F1330A0000000000F1330A00E5
:106B540000000000F1330A0000000000F1330A00D5
:106B640000000000F1330A0000000000F1330A00C5
:106B740000000000F1330A0000000000F1330A00B5
:106B840000000000F1330A0000000000F1330A00A5
:086B94002D4B0A000000000077
:106B9C009DE30900514B0A005D4B0A00714B0A0042
:106BAC007B4B0A00854B0A00A5E50900994B0A00AE
:046BBC0000000000D5
:106BC000F1E00900894A0A00ED4A0A0000000000CD
:0C6BD000254A0A00000000000000000040
:0C6BDC002D4C0A0049E809001F4C0A007B
:106BE800050000004DB7090006000000EDDA0900B5
:086BF800040000007DC7090044
:106C0000F15D0900295D090000000000000000009E
:086C100000000000000000007C
:106C180094740A0008000000C0710A000700000010
:086C2800F0700A0004000000F6
:106C3000298B0A000300000010920A0003000000E4
:106C4000F1800A0003000000E68D0A000300000046
:106C5000F8800A000300000073930A00030000009C
:106C600080890A0003000000D08A0A0003000000A7
:106C7000788F0A000300000052970A00030000000A
:106C800040970A0003000000A0930A0003000000E0
:106C9000607A0A00030000009D950A0003000000CE
:106CA0006D950A000300000035790A00030000001A
:106CB000847A0A0003000000887A0A0003000000BA
:106CC000887B0A00030000007E970A000300000092
:106CD00001800A000300000088800A000300000011
:106CE00090800A000300000061990A000300000080
:106CF000439A0A0003000000B5790A00030000006F
:106D00009F800A0003000000717A0A00030000005F
:086D1000EB950A0003000000EE
:106D1800A4710A00E8020420777B0A000100000041
:106D2800040000000F00000001000000080000003F
:106D3800200000006800000078000000100000003B
:106D48000C0000000E000000500000007C00000055
:106D5800B0000000FFFFFFFFFFFFFFFF090000007A
:046D6800FFFFFFFF2B
:106D70000000000003000000300000006000000080
:106D800000000000803E0000100000089C06042067
:106D900067880A006C880A0070880A0074880A00F4
:106DA00078880A007C880A0080880A0084880A00A3
:106DB00088880A008C880A0090880A0094880A0053
:106DC00098880A009C880A00A0880A00A4880A0003
:106DD000A8880A00AC880A0000A0104000820D407C
:106DE0000004054000860D40010001000001010083
:106DF00000010001000001000100000001000B0083
:106E000002000A00050009000A000800140007003B
:106E10001E000600320005004B0004006400030061
:106E200096000200FA000100F4010000F401FA00EB
:106E3000960064004B0032001E0014000A0005009A
:106E4000020001000C0802170D01010209090101ED
:106E50000602091818030101090983838503020149
:106E6000230202240910040405050B0B040B2B1B41
:106E70001B159A9A1C021D16130501490D150508CC
:106E8000061B1B0F01010000FEFEFEFEFEFEFEFEC5
:106E9000FEFEFEFEFEFEFEFEFEFEFEFEFE16FEFEFA
:106EA000FEFEFEFEFEFEFEFEFEFE1F1FFE26FEFE98
:106EB000FEFEFEFEFEFEFEFEFEFEFEFEFEFEFEFEF2
:106EC0003E3EFEFEFEFE3B3BA201B003BE05EE02CF
:106ED0004806A209C405F40B24120000400E042049
:106EE0000200000B0100000007000000000000008D
:106EF00000000000000000000406080A0C0E10123A
:106F00001416181C1E20222426282A2C2E30323437
:106F100036383A3C3E40424446484A4C4E021A50AB
:106F20000000000028000000180000000000000021
:106F3000F0230000241300000000000040060000C1
:106F400040060000000098086B03000000000000ED
:106F5000F0230000241300000000000048A30000FC
:106F600014A00000000040060C0300003C000420B8
:106F70000200000BA20E04200200000C060F0420E9
:106F80000200000B060F04200100000C040F042077
:106F90000100000C000000000000010101010101DE
:106FA00001010101010102020202020203030404C1
:106FB0000505060607070808090A0B0C0D0E0F1039
:106FC0001112131415161718191A1B0010010000BE
:106FD000D200000030010000D800000001000000D5
:106FE000E400000002000000EA00000002000000CF
:106FF000EC00000003000000EE00000004000000B0
:10700000F000000005000000F20000000600000093
:10701000F400000007000000F60000000800000077
:10702000F700000009000000F80000000A0000005E
:10703000F90000000B000000FA0000000D00000045
:10704000FB0000000F000000FC0000001100000029
:10705000FD00000013000000FE000000150000000D
:10706000FF00000018000000000000001B000000EE
:10707000010000001F0000000200000023000000CB
:107080000300000028000000040000002D000000A4
:107090000500000033000000060000003900000079
:1070A000070000003F000000080000000010020080
:1070B000FA000000000000000000000000000000D6
:1070C0000338FDD8704700000000000000000000F9
:1070D0000338FDD8704700000912000022790A0029
:1070E00001010000F005042007100000E005042065
:1070F0002C770A00F7450A00000000000206042071
:107100000000010028770A000F480A000000000074
:10711000D802042000000100F10504200D5D0900E3
:1071200000000000982B04200000010024770A00D2
:10713000C9450A0011CF0900C00204200000030065
:107140005814042000010000DD300A0087300A00D6
:107150000200000085320A0000000000000000006C
:107160000000000000000000577B0A005F7B0A005F
:10717000000000000000000000000000677B0A0023
:107180006B7B0A006F7B0A00737B0A0094710A0014
:10719000D82704209D740900F02704209B2B04208D
:1071A0000100000045330A003B330A0009330A009E
:1071B000FD320A0000000000F1320A000000000069
:1071C00058770A00F7450A000000000054770A00CB
:1071D0000000010050770A000F480A00000000007C
:1071E000000304200000010048770A0097330A00DA
:1071F00000000000000000000000010044770A00C9
:107200000F480A0000000000F802042000000100FE
:107210003C770A0063330A00000000000000000011
:107220000000010038770A000F480A000000000043
:10723000F00204200000010030770A00CD7409003C
:107240000000000000000000000001000000042019
:1072500000000000060001000200000060720A0049
:107260000000000074800A0006000000E0CF1F004C
:10727000000004207C800A0021000000E0EF0720CD
:107280000803042065830900000000009F340A0001
:1072900084720A00A0720A0047000000000000008B
:1072A0005893042084720A00B4720A002E00000071
:1072B00000000000FC97042084720A00C8720A00D3
:1072C0000201000000000000D0980420B0880A00ED
:1072D000CE880A00E9880A00F9880A0006890A00AF
:1072E0000F890A0016890A001D890A0024890A00EC
:1072F0002C890A0006890A0034890A0046890A0096
:107300005B890A006E890A000E030000959D090042
:107310000F040000619D09001A0100003187090077
:107320000504000049870900130100007D89090058
:107330003E010000ED8B090001120000FB370A003E
:107340000A1E000009380A00FF010000618D0900D3
:107350003E010000418D09000504000095870900E9
:10736000100100000D880900011200007D9609003F
:107370000A1E0000B3380A0003090000ED8E090060
:10738000040B000029890900060A00009D9C0900E1
:107390000C050000D987090084720A00A8730A004E
:1073A0004700000000000000EC990420658D0A00F1
:1073B000728D0A00928D0A00868D0A009D8D0A004A
:1073C000B48D0A00C48D0A0035910A00D88D0A00D8
:1073D00084720A00E0730A00000000000000000050
:1073E000AC9A042084720A00F4730A0020000000A2
:1073F00000000000D49A04205D3B0A00AF3B0A0065
:1074000000000000000000000000000041BA090078
:10741000000000000000000000000000000000006C
:1074200002020100C3400A00040401003DC4090037
:10743000060601007DC309000804010069C20900B5
:107440000A020100AB400A000C04010093400A004C
:107450000E04010045C1090020040100B1C009006B
:1074600010040100C1BF09001202010015400A000A
:107470001E0004000B440A00520200003B400A00B8
:1074800084720A0090740A002200000000000000CC
:10749000AC9B042088770A00F7450A000000000032
:1074A00084770A000000010080770A000F480A0074
:1074B00000000000080504200000010078770A00A1
:1074C00000000000000000000000000000000000BC
:1074D00074770A00C9450A0011CF0900100504207D
:1074E0000000030070770A000F480A000000000047
:1074F000000504200000010068770A002F460A00FA
:10750000CDCF0900000000000000030064770A00EE
:107510000F480A0000000000F804042000000100E9
:107520005C770A000DD30900000000000000000095
:10753000000001000000000000000000000000004A
:107540000000000000000000CB490A00000000001D
:10755000000000000000000000000000D9DE09006B
:1075600001000000000000000000000028280700C3
:1075700004000000020000000001010088750A00FC
:10758000010000000000000000000D4094750A009A
:10759000010000009C750A00020000002A18001477
:1075A0002B020015F5DB0900DDDD090011DB090008
:1075B0004DE009001DE0090000000000A1E1090004
:1075C00021E1090088950A00234B0A001F4B0A009D
:1075D0008E950A000D4B0A00134B0A0094950A0081
:1075E000A4610A00DC610A00F8610A00C0610A00B7
:1075F00000A0104000820D400004054000860D40B0
:10760000FF03000000A01040180304200000000049
:1076100000000000FF1F000000860D40CC03042086
:107620000000000003000000FFFFFFFF00820D408C
:10763000CC0304200000000001000000FF07000050
:1076400000040540000000000000000002000000EF
:1076500000A0104000820D400004054000860D404F
:1076600000600C4000000000000000008C760A0062
:1076700000C201000000D601000000000000004030
:1076800000100000212C0420202C042000600C405D
:1076900098760A0001000000A0760A0004000000AD
:1076A0003000000032000002310600013306000302
:1076B00079EB09002F4D0A005D4D0A0000A0104033
:1076C00000820D400004054000860D4008000000C7
:1076D0000A000000040000000100000000A01040AB
:1076E00000820D400004054000860D40EF990A001D
:1076F000FD990A00119A0A00209A0A002C9A0A00A1
:10770000A8600A00B8600A0020610A0028610A0027
:1077100080610A0088610A00469A0A0000010000A0
:1077200000000000000002290000032800000028DB
:107730000000042A0000042A000003280000012A97
:107740000000012A000003280000002A0000002A8F
:1077500000000328000000180000002800002A2B69
:1077600000002A2B000003280000292B0000292BF1
:1077700000000328000002290000052A0000052A55
:10778000000003280000011800000028446973630A
:107790006F6E6E65637465642028726561736F6EC9
:1077A0002025752900656E61626C656400646973EB
:1077B00061626C6564004E6F7469666963617469C7
:1077C0006F6E7320257300436F6E6E656374696F0F
:1077D0006E206661696C656420286572722025756B
:1077E0002900436F6E6E656374656420746F206951
:1077F0004F532041707000526573657474696E67F1
:1078000020646574656374696F6E20737461746558
:1078100020746F20416C6C20436C656172202830AD
:1078200078303029005374617274696E67204C6936
:107830006768746E696E67204465746563746F72FF
:10784000206F6E206E524635344C4D32302E2E2E27
:107850000050444D206D6963726F70686F6E6520D3
:10786000646576696365206E6F7420726561647902
:1078700000426C7565746F6F746820696E6974205E
:107880006661696C656400416476657274697369E8
:107890006E67206661696C656400424C45206164D6
:1078A000766572746973696E672061637469766561
:1078B00020617320274C696768746E696E672D4478
:1078C00065746563746F72270041636F75737469C3
:1078D00063206D6F6E69746F72696E672061637487
:1078E0006976652E205468726573686F6C643A20FF
:1078F000257500E29AA1205472616E7369656E74F9
:107900002044657465637465642120285065616B4B
:107910003A2025642C20456E657267793A202575DA
:1079200029004C696768746E696E672D44657465DB
:1079300063746F72006C696768746E696E675F70FC
:10794000646D006865617020636F72727570746930
:107950006F6E20286E6F7420696E207573653F29E5
:10796000206174202570006865617020636F7272F9
:10797000757074696F6E2028627566666572206F17
:10798000766572666C6F773F2920617420257000E0
:107990006865617020636F7272757074696F6E20B4
:1079A00028646F75626C6520667265653F29206189
:1079B00074202570006F735F686561700028756EB4
:1079C0007369676E6564292063686172202A207577
:1079D00073656420666F722025257020617267755B
:1079E0006D656E742E2049742773207265636F6D08
:1079F0006D656E64656420746F20636173742069C3
:107A00007420746F20766F6964202A206265636138
:107A1000757365206974206D617920636175736584
:107A2000206D69736265686176696F7220696E2086
:107A30006365727461696E20636F6E6669677572E3
:107A40006174696F6E732E20537472696E673A2287
:107A500025732220617267756D656E743A25640026
:107A600063627072696E74665F7061636B61676593
:107A7000007379735F6765746F7074006C6F67670C
:107A8000696E67006C6F67006C6F675F6D676D7420
:107A9000004D6573736167652028222573222920B4
:107AA00064726F70706564206265636175736520D0
:107AB000697420657863656564732073697A6520ED
:107AC0006C696D69746174696F6E20282575290071
:107AD0004D6573736167652064726F7070656420B3
:107AE0006265636175736520697420657863656597
:107AF00064732073697A65206C696D697461746957
:107B00006F6E2028257529000D0A001B5B306D0063
:107B1000257320005B2530386C755D20005B2530B7
:107B200032753A253032753A253032752E2530338C
:107B3000752C253033755D20003C25733E200025D3
:107B4000732F0025733A2000253032782000202042
:107B500020007C002563001B5B313B33316D001B33
:107B60005B313B33336D006572720077726E006972
:107B70006E6600646267006C6F675F6261636B656D
:107B80006E645F75617274006C6F675F75617274AB
:107B9000002A2A2A20426F6F74696E67206E52464F
:107BA00020436F6E6E6563742053444B2076332EF2
:107BB000342E302D3939353533303535363037625E
:107BC000202A2A2A0A002A2A2A205573696E672049
:107BD0005A6570687972204F532076342E342E30D7
:107BE0002D626638303165346533643139202A2A94
:107BF0002A0A0072302F61313A202030782530383F
:107C000078202072312F61323A20203078253038A8
:107C100078202072322F61333A2020307825303896
:107C2000780072332F61343A20203078253038784C
:107C3000207231322F69703A202030782530387820
:107C4000207231342F6C723A202030782530387809
:107C50000020787073723A20203078253038780010
:107C60004661756C74696E6720696E7374727563B2
:107C700074696F6E20616464726573732028723159
:107C8000352F7063293A2030782530387800556ECA
:107C900068616E646C6564204952516E3A202564B7
:107CA000002A2A2A2A2A2055534147452046415571
:107CB0004C54202A2A2A2A2A0020204469766973F3
:107CC000696F6E206279207A65726F002020556E90
:107CD000616C69676E6564206D656D6F7279206196
:107CE0006363657373002020537461636B206F7648
:107CF0006572666C6F772028636F6E746578742088
:107D000061726561206E6F742076616C6964290010
:107D100020204E6F20636F70726F636573736F7294
:107D200020696E737472756374696F6E73002020BE
:107D3000496C6C6567616C206C6F6164206F6620B4
:107D40004558435F52455455524E20696E746F201A
:107D50005043002020496C6C6567616C2075736529
:107D6000206F6620746865204550535200202041E2
:107D70007474656D707420746F20657865637574B4
:107D80006520756E646566696E656420696E7374DE
:107D900072756374696F6E002A2A2A2A2A204D5050
:107DA00055204641554C54202A2A2A2A2A002020B0
:107DB000537461636B696E67206572726F722028FD
:107DC000636F6E746578742061726561206D696798
:107DD0006874206265206E6F742076616C69642916
:107DE000002020556E737461636B696E6720657245
:107DF000726F720020204461746120416363657377
:107E0000732056696F6C6174696F6E0020204D4D50
:107E100046415220416464726573733A203078257C
:107E200078002020496E737472756374696F6E20D8
:107E30004163636573732056696F6C6174696F6E1B
:107E4000002020466C6F6174696E672D706F696EDB
:107E500074206C617A792073746174652070726526
:107E6000736572766174696F6E206572726F7200ED
:107E70002A2A2A2A2A20425553204641554C54206A
:107E80002A2A2A2A2A002020537461636B696E67AC
:107E9000206572726F72002020507265636973658D
:107EA000206461746120627573206572726F720064
:107EB00020204246415220416464726573733A2027
:107EC00030782578002020496D707265636973658C
:107ED000206461746120627573206572726F720034
:107EE0002020496E737472756374696F6E206275B9
:107EF00073206572726F7200526573657276656485
:107F000020457863657074696F6E20280053707522
:107F100072696F757320696E746572727570742002
:107F2000284952512000457863657074696F6E204E
:107F30006F6363757272656420696E205365637543
:107F40007265205374617465002A2A2A2A2A2048FF
:107F5000415244204641554C54202A2A2A2A2A00BC
:107F60002020427573206661756C74206F6E2076D8
:107F70006563746F72207461626C65207265616400
:107F80000020204465627567206576656E74002068
:107F9000204661756C7420657363616C6174696FF0
:107FA0006E20287365652062656C6F7729004152E9
:107FB00043485F45584345505420776974682072A0
:107FC0006561736F6E2025780A002A2A2A2A2A20E2
:107FD0004465627567206D6F6E69746F7220657895
:107FE00063657074696F6E202A2A2A2A2A002A2A59
:107FF0002A2A2A20257320256429202A2A2A2A2A87
:10800000006D7075004661696C656420746F206155
:108010006C6C6F63617465206E6577204D505520E0
:10802000726567696F6E2025750A00506172746908
:1080300074696F6E2025753A20636F686572656E8E
:10804000636520636865636B206661696C65642E97
:1080500000496E76616C696420756E6465726C7936
:10806000696E6720726567696F6E20696E646578F6
:1080700020257500464C4153485F30005352414D16
:108080005F300065786974006E65745F62756600C4
:108090006E65745F6275665F73696D706C650073A1
:1080A0006F63007075626C69630072616E646F6DFE
:1080B000007075626C69632D69640072616E646F33
:1080C0006D2D696400253032583A253032583A25F2
:1080D0003032583A253032583A253032583A253025
:1080E00032582028257329004254204C57205751DC
:1080F0000062745F6275660062745F64617461003F
:108100004461746120627566666572206F7665727F
:10811000666C6F7720286C696E6B207479706520AF
:108120003078253032782900556E61626C65207494
:108130006F206C6F6F6B20757020636F6E6E207791
:108140006974682068616E646C6520257500556EE1
:1081500061626C6520746F206C6F6F6B757020634B
:108160006F6E6E20666F722068616E646C6520258C
:1081700075004861726477617265206572726F7212
:108180002C20686172647761726520636F64653A60
:1081900020256400436F756C64206E6F74207375C6
:1081A000626D69742072785F776F726B3A20256414
:1081B0000062745F74785F70726F636573736F725F
:1081C00000556E61626C6520746F20616C6C6F632A
:1081D0006174652062756666657200556E68616ED1
:1081E000646C6564206576656E7420307825303265
:1081F00078206C656E2025753A20257300657674AD
:10820000206E756D5F68616E646C657320283D2516
:10821000752920746F6F206C617267652028257A3C
:1082200075203E20257529004E6F20636F6E6E65A8
:108230006374696F6E20666F722068616E646C652E
:10824000202575007061636B65747320636F756EB4
:1082500074206D69736D6174636800546F6F20736F
:108260006D616C6C202825752062797465732920F6
:108270006576656E742030782530327800496E76E8
:10828000616C696420484349206576656E7420738B
:10829000697A65202825752900496E76616C6964C4
:1082A000204C45206D657461206576656E74207381
:1082B000697A65202825752900574553545F544F26
:1082C000504449522F7A65706879722F73756273C2
:1082D00079732F626C7565746F6F74682F686F7334
:1082E000742F6863695F636F72652E6300657674CF
:1082F0005F666C6167732026202831554C203C3C1A
:10830000202830292900415353455254494F4E20CB
:108310004641494C205B25735D20402025733A255A
:10832000640A00496E76616C696420627566207427
:1083300079706520257500496E76616C6964204806
:1083400043492041434C207061636B65742073691D
:108350007A6520282575290041434C2064617461A9
:10836000206C656E677468206D69736D61746368F5
:108370002028257520213D2025752900556E616234
:108380006C6520746F2066696E6420636F6E6E206A
:10839000666F722068616E646C652025750062747A
:1083A0005F6863695F6576745F6765745F666C615B
:1083B0006773286864722D3E65767429202620280C
:1083C00031554C203C3C202831292900556E6B6EDC
:1083D0006F776E2062756620747970652025750050
:1083E000556E68616E646C65642076656E646F724C
:1083F0002D7370656369666963206576656E7420A8
:10840000307825303278206C656E2025753A20252D
:1084100073004E6F20636F6D6D616E642073656EC7
:108420007420666F7220636D6420636F6D706C657D
:10843000746520307825303478004F70436F646560
:108440002030782530347820636F6D706C657465EA
:108450006420696E7374656164206F66206578704E
:1084600065637465642030782530347800696E74F3
:10847000657276616C2065786365656473207468E5
:10848000652076616C69642072616E676520257570
:10849000207573006C6174656E637920657863651F
:1084A000656473207468652076616C69642072610C
:1084B0006E67652030782530347800737570765F8C
:1084C00074696D656F757420657863656564732084
:1084D0007468652076616C69642072616E676520DE
:1084E000307825303478004E6F2070656E64696E88
:1084F00067207065726970686572616C20636F6E69
:108500006E656374696F6E00556E6578706563742F
:108510006564207374617475732030782530327807
:1085200020257300756E6B6E6F776E005B305D009B
:10853000484349207472616E73706F72743A2025DB
:108540007300534443004964656E746974792573FC
:108550003A202573004964656E746974795B2564FB
:108560005D3A202573004843493A20766572736965
:108570006F6E2025732028307825303278292072BC
:1085800065766973696F6E203078253034782C20D9
:108590006D616E75666163747572657220307825E1
:1085A000303478004C4D503A2076657273696F6EA6
:1085B0002025732028307825303278292073756281
:1085C0007665722030782530347800556E61626CA3
:1085D0006520746F2073656E6420746F2064726907
:1085E0007665722028657272202564290065727292
:1085F000203D3D20300009436F6E74726F6C6C65D6
:108600007220756E726573706F6E736976652C205B
:10861000636F6D6D616E64206F70636F6465203091
:1086200078253034782074696D656F7574207769AA
:108630007468206572722025640A006F70636F642D
:108640006520307825303478207374617475732018
:10865000307825303278202573004E6F2070656E9B
:1086600064696E6720636F6E6E20666F722070653E
:108670006572202573004E6F6E2D4C45206361702E
:1086800061626C6520636F6E74726F6C6C657220D2
:10869000646574656374656421004E756D206F6652
:1086A00020436F6E74726F6C6C6572277320414348
:1086B0004C207061636B65747320213D2041434CF5
:1086C0002062745F636F6E6E5F747820636F6E7488
:1086D000657874732028257520213D202575290093
:1086E00041434C2042522F454452206275666665D4
:1086F0007273206E6F7420696E697469616C697A37
:1087000065640056656E646F722048434920657841
:1087100074656E73696F6E73206E6F74206176611D
:10872000696C61626C6500485720506C6174666FBB
:10873000726D3A202573202830782530347829004E
:1087400048572056617269616E743A20257320285B
:1087500030782530347829004669726D776172650A
:108760003A20257320283078253032782920566524
:108770007273696F6E2025752E2575204275696CA0
:1087800064202575004661696C656420746F2072F1
:1087900065616420737570706F72746564207665AE
:1087A0006E646F7220636F6D6D616E6473004661FD
:1087B000696C656420746F207265616420737570E4
:1087C000706F727465642076656E646F7220666582
:1087D00061747572657300484349206472697665F7
:1087E00072206973206E6F74207265616479004233
:1087F00054205258205751004843492064726976EA
:108800006572206F70656E206661696C65642028F2
:1088100025642900556E6578706563746564204829
:108820004F53545F4E554D5F434F4D504C4554454B
:10883000445F5041434B4554532C2073746174750D
:10884000732030782530327820257300556E636CA4
:1088500065617265642070656E64696E672073651A
:108860006E745F636D6400312E306200312E310012
:10887000312E3200322E3000322E3100332E3000B5
:10888000342E3000342E3100342E3200352E30009C
:10889000352E3100352E3200352E3300352E340082
:1088A000362E3000362E3100362E3200362E330072
:1088B0005374616E6461726420426C7565746F6F8D
:1088C000746820636F6E74726F6C6C6572005665AD
:1088D0006E646F7220737065636966696320636F8D
:1088E0006E74726F6C6C6572004669726D7761723E
:1088F00065206C6F616465720052657363756520F5
:10890000696D616765007265736572766564006E96
:108910005246353178006E5246353278006E5246F6
:10892000353378006E524635344878006E524635FD
:10893000344C7800496E74656C20436F72706F72AE
:108940006174696F6E004E6F726469632053656D68
:1089500069636F6E647563746F72004E5850205374
:10896000656D69636F6E647563746F7273004573D0
:10897000707265737369662053797374656D7300E3
:1089800062745F6863695F636F726500636D642022
:10899000646973616C6C6F776564004F6E6C7920ED
:1089A00072616E646F6D20737461746963206964B1
:1089B000656E746974792061646472657373207381
:1089C0007570706F7274656400496E76616C69646D
:1089D00020696E70757420706172616D6574657266
:1089E00073004661696C656420746F207265616410
:1089F000207075626C6963206164647265737300D2
:108A000052656164205374617469632041646472C7
:108A1000657373657320636F6D6D616E64206E6F37
:108A20007420617661696C61626C65004661696C95
:108A3000656420746F207265616420737461746969
:108A40006320616464726573736573004E6F207395
:108A50007461746963206164647265737365732003
:108A600073746F72656420696E20636F6E74726FC9
:108A70006C6C65720043616E2774207365742062AC
:108A80006F7468204944454E544954592026204E5D
:108A900052504100556E61626C6520746F207365A1
:108AA00074206964656E74697479206164647265A8
:108AB000737300556E61626C6520746F207365740A
:108AC0002072616E646F6D206164647265737300FF
:108AD00062745F696400546F6F206269672061642B
:108AE000766572746973696E6720646174610046AB
:108AF00061696C656420746F2073746172742061A5
:108B0000647665727469736572004661696C656448
:108B100020746F2073746F7020616476657274695D
:108B200073696E673A2025640062745F6164760041
:108B30004661696C656420726561642072656D6F61
:108B400074652066656174757265732028256429D3
:108B50000050485920307825303278206E6F7420CC
:108B6000737570706F7274656400556E65787065AA
:108B700063746564206669727374204C324341509B
:108B8000206672616D6500556E6578706563746509
:108B900064204C3243415020636F6E74696E75617E
:108BA00074696F6E004E6F7420656E6F7567682014
:108BB00062756666657220737061636520666F72A8
:108BC000204C32434150206461746100556E6578D9
:108BD0007065637465642041434C20666C61677303
:108BE0002028307825303278290041434C206C65AC
:108BF0006E206D69736D6174636820282575203E51
:108C0000202575290028756E6B6E6F776E29006EB2
:108C10006F207472616E736974696F6E20257300C2
:108C2000496E76616C69642028257529206F6C6413
:108C300020737461746500636F6E6E20257020660A
:108C400061696C656420746F2065737461626C691E
:108C500073682E205246206E6F6973653F006E6FF9
:108C60002076616C696420282575292073746174ED
:108C700065207761732073657400696E636F6D7032
:108C8000617469626C652068616E646C652025752D
:108C90000054696D656F75742064697363617264F3
:108CA00065642E204E6F20626C6F636B696E672067
:108CB000696E2073797377712E00466174616C2040
:108CC0006572726F7220282564292E2044697363AF
:108CD0006F6E6E656374696E6720257000466F75F0
:108CE0006E642076616C696420636F6E6E65637478
:108CF000696F6E2028257029207769746820616467
:108D0000647265737320257320696E202573207348
:108D100074617465200053656E64204C4520706159
:108D200072616D20757064617465206661696C653F
:108D3000642028657272202564290053656E6420C2
:108D40006175746F204C4520706172616D20757083
:108D500064617465206661696C656420286572725F
:108D60002025642900646973636F6E6E65637465A2
:108D70006400646973636F6E6E6563742D636F6DF9
:108D8000706C657465007363616E2D6265666F72E9
:108D9000652D696E6974696174696E6700696E69D1
:108DA00074696174696E672D66696C7465722D6C87
:108DB000697374006164762D636F6E6E65637461B0
:108DC000626C65006164762D6469722D636F6E6EEE
:108DD00065637461626C6500646973636F6E6E6570
:108DE0006374696E670062745F636F6E6E00556EC8
:108DF00061626C6520746F20616C6C6F6361746577
:108E00002062756666657220666F72206F70203012
:108E10007825303278004E6F20617661696C61622E
:108E20006C65204C3243415020636F6E74657874DA
:108E300020666F7220636F6E6E202570004578701B
:108E4000656374696E6720757020746F20256420D7
:108E5000726566732C20676F7420256400616C72E4
:108E60006561647920686176652076696577206F31
:108E70006E202570004C32434150206C656E677443
:108E800068206D69736D61746368202825752021E1
:108E90003D2025752900496E76616C6964206964FE
:108EA000656E742076616C756520696E204C324366
:108EB00041502050445500496E76616C6964204CE5
:108EC0004520636F6E6E20706172616D20727370E9
:108ED0002073697A652028257520213D20257A7523
:108EE000290052656A656374696E6720756E6B6EE2
:108EF0006F776E204C324341502050445520636FB1
:108F000064652030782530327800546F6F20736D9F
:108F1000616C6C204C32434150207369676E616C08
:108F2000696E672050445500546F6F20736D616CFB
:108F30006C204C324341502050445520726563658B
:108F4000697665640049676E6F72696E6720646157
:108F5000746120666F7220756E6B6E6F776E206322
:108F600068616E6E656C2049442030782530347815
:108F700000636F6E6669670062745F6C3263617074
:108F800000415454206368616E6E656C206E6F748E
:108F900020636F6E6E6563746564004572726F72F4
:108FA000207369676E696E67206461746100526145
:108FB0006E206F7574206F66205458206275666647
:108FC000657273206F7220636F6E74657874732E90
:108FD000004661696C656420746F207375626D6909
:108FE00074206174745F74785F64657374726F79F0
:108FF0005F776F726B3A20256400556E61626C6515
:1090000020746F20637265617465206572722072CE
:1090100073702050445500415454204D54552065E0
:10902000786365656465642C206D61782025752CF6
:109030002077616E74656420257A7500556E6162D3
:109040006C6520746F206372656174652072737043
:109050002050445500546F6F20736D616C6C20413B
:1090600054542050445520726563656976656400E8
:10907000556E68616E646C65642041545420636F62
:1090800064652030782530327800496E76616C69ED
:1090900064206C656E20257520666F7220636F6496
:1090A000652030782530327800556E61626C65201D
:1090B000746F2063726561746520555549443A2088
:1090C00073697A6520257500556E61626C65207440
:1090D0006F2063726561746520555549443A207369
:1090E000697A65202564004E6F20617661696C6144
:1090F000626C652041545420636F6E7465787420EF
:10910000666F7220636F6E6E202570004E6F206157
:109110007661696C61626C652041545420636861BA
:109120006E6E656C20666F7220636F6E6E202570A8
:10913000004E6F7420636F6E6E65637465640055D6
:109140006E61626C6520746F2066696E64204154A4
:1091500054206368616E6E656C00476F74206572A1
:10916000722025642C206E6F742063616C6C696EB4
:109170006720415454206362004661696C65642035
:10918000746F2072652D7375626D69742025733A52
:10919000202564004E6F20415454206368616E6E38
:1091A000656C20666F72204D545520257A75004EEF
:1091B0006F2070656E64696E67204154542072653B
:1091C000717565737400446973636F6E6E65637463
:1091D000696E67206661696C65642028657272201B
:1091E000256429004154542054696D656F757420BD
:1091F000666F72206465766963652025732E20444E
:109200006973636F6E6E656374696E672E2E2E00D0
:1092100062745F61747400756E61626C6520746F56
:1092200020736176652053433A206E6F2063666732
:10923000206C65667400434D414320757064617411
:1092400065206661696C6564202564004E6F20733B
:109250007061636520746F2073746F72652043437F
:109260004320636667004E6F2073706163652074EE
:109270006F2073746F726520436C69656E74205340
:109280007570706F7274656420466561747572657F
:109290007300556E61626C6520746F20696D706F2C
:1092A000727420746865206B657920666F72204146
:1092B000455320434D414320256400434D41432005
:1092C0006F7065726174696F6E20696E6974206673
:1092D00061696C656420256400434D4143206669E3
:1092E0006E697368206661696C656420256400524C
:1092F000656164206D6574686F64206E6F7420739F
:109300006574004661696C656420746F20726561E4
:1093100064206174747269627574652025702028F8
:1093200065727220257A642900496E76616C6964E1
:109330002072656164206C656E6774683A20257AD6
:109340006400434343202570206E6F742077726958
:109350007461626C6500534320726573746F72654B
:1093600020696E6469636174696F6E206661696CFF
:1093700065640062745F67617474004E6F2061768B
:1093800061696C61626C6520534D5020636F6E742F
:1093900065787420666F7220636F6E6E2025700092
:1093A00062745F736D7000446576696365206973EC
:1093B000206E6F7420636F6E6669677572656400F6
:1093C00043616E6E6F7420636F6E66696775726558
:1093D00020646576696365207768696C65206974C7
:1093E00020697320616374697665005265717565E3
:1093F0007374656420636F6E666967757261746902
:109400006F6E206973206E6F7420737570706F7249
:10941000746564004F6E6C792031362D626974205A
:1094200073616D706C657320617265207375707007
:109430006F727465640043616E6E6F742066696E4E
:1094400064207375697461626C652050444D2063BB
:109450006C6F636B20636F6E6669677572617469A8
:109460006F6E2E004661696C656420746F20696EB2
:10947000697469616C697A652050444D3A202564AD
:10948000004661696C656420746F20737461727446
:109490002050444D3A202564004661696C65642083
:1094A000746F2072656C6561736520636C6F636BAC
:1094B0003A202564004661696C656420746F2072EF
:1094C00065717565737420636C6F636B3A202564F6
:1094D00000496E76616C696420636F6D6D616E64C6
:1094E0003A202564004661696C656420746F2061D0
:1094F0006C6C6F63617465206275666665723A2094
:10950000256400556E61626C6520746F20707574FF
:10951000206D656D20736C616220696E20717565C8
:109520007565004661696C656420746F20736574AD
:10953000206275666665723A202564004E6F20626F
:1095400075666665727320746F2066726565004E7D
:109550006F20726F6F6D20696E2052582071756593
:1095600075650070646D40643030303000646D6942
:10957000635F6E7266785F70646D00636C6F636BBF
:1095800040313065303030006866636C6B006C666B
:10959000636C6B006866636C6B32346D00636C6F78
:1095A000636B5F636F6E74726F6C007073612D72AA
:1095B0006E67006770696F4031306130303000672E
:1095C00070696F406438363030006770696F40648E
:1095D00038323030006770696F40353034303000D9
:1095E0007561727440633630303000756172745F3B
:1095F0006E7266785F756172746500536F6674444D
:10960000657669636520436F6E74726F6C6C65720A
:10961000204153534552543A2025732C2025640091
:10962000536F667444657669636520436F6E747228
:109630006F6C6C6572206275696C64207265766906
:1096400073696F6E3A2000456E74726F7079207383
:109650006F7572636520646576696365206E6F74EB
:10966000207265616479004661696C656420746F7D
:109670002072656769737465722072616E6420730D
:109680006F75726365202825642900416C6C6F63D7
:1096900061746564206D656D6F727920746F6F20E1
:1096A0006C6F773A20257A75203C20257500457629
:1096B000656E742062756666657220746F6F2073C4
:1096C0006D616C6C2E20257A75203E202575005525
:1096D0006E6578706563746564206D73675F747917
:1096E00070653A2025752E20546869732069662DAF
:1096F000656C7365206E656564732061206E6577A7
:10970000206272616E636800556E6B6E6F776E20BB
:109710006572726F72207768656E2070726F636514
:109720007373696E6720686369206D657373616721
:10973000652025640062745F6863695F7364630019
:1097400062745F7364635F6863695F64726976659E
:10975000720062745F7364635F63727970746F0028
:109760004D50534C204153534552543A2025732CAD
:10977000202564004D50534C20576F726B006D7064
:10978000736C5F696E69740054462D4D206E6F6E68
:109790002D7365637572652063616C6C6261636BC8
:1097A00020696E697469616C697A6174696F6E2091
:1097B0006661696C65642C206572726F723A20254F
:1097C00064002A2A2A2A2A20534543555245204616
:1097D00041554C54202A2A2A2A2A00202041646418
:1097E000726573733A2030782578002020496E76B0
:1097F000616C696420656E74727920706F696E7433
:10980000002020496E76616C696420696E7465671A
:1098100072697479207369676E617475726500206E
:1098200020496E76616C696420657863657074693F
:109830006F6E2072657475726E00202041747472B0
:1098400069627574696F6E20756E69742076696FD0
:109850006C6174696F6E002020496E76616C69647A
:10986000207472616E736974696F6E0020204C61A0
:109870007A7920737461746520707265736572768D
:109880006174696F6E0020204C617A792073746175
:109890007465206572726F72002A2A2A2A2A205360
:1098A000505520494E54455252555054202A2A2A88
:1098B0002A2A0020205365637572697479207669BD
:1098C0006F6C6174696F6E20666F722074686520BA
:1098D000666C617368206D656D6F7279207370615D
:1098E0006365002020536563757269747920766919
:1098F0006F6C6174696F6E20666F7220746865208A
:1099000052414D206D656D6F727920737061636592
:1099100000202053656375726974792076696F6CD5
:109920006174696F6E206F6E206F6E65206F72209C
:109930007365766572616C207065726970686572B6
:10994000616C732E00556E737570706F7274656400
:10995000204846434C4B206576656E743A2025645A
:10996000006E7266785F636C6F636B5F6D70736CB3
:109970000048616C74696E672073797374656D005B
:10998000556E6B6E6F776E206572726F72003E3E21
:109990003E205A455048595220464154414C20459A
:1099A00052524F522025643A202573206F6E204377
:1099B0005055202564004661756C74206475726989
:1099C0006E6720696E746572727570742068616E5E
:1099D000646C696E670A0043757272656E742074F8
:1099E00068726561643A2025702028257329004338
:1099F000505520657863657074696F6E00556E68A8
:109A0000616E646C656420696E74657272757074E1
:109A100000537461636B206F766572666C6F7700BC
:109A20004B65726E656C206F6F7073004B65726E64
:109A3000656C2070616E69630069646C65006D61BE
:109A4000696E006F7300737973776F726B71006466
:109A50007261676F6F6E2F6C6962732F73636865D5
:109A6000642F7372632F73636865645F68616C5FF2
:109A700074696D65725F677274632E6300C8DA3053
:109A800098F9F034A44B6EBAD30819CC0CEA51DA29
:109A90004700286E756C6C29002A666C6F61742A09
:109AA00000206D657373616765732064726F7070F9
:109AB0006564202D2D2D0D0A1B5B306D001B5B3165
:109AC0003B33316D2D2D2D200000FFFFFFFFFFFFE9
:109AD00000000000000000FFFFFFFFFFFF0000008C
:109AE0000000003031323334353637383961626343
:109AF0006465660000000000000010008000008027
:109B00005F9B34FB01040002000000020000000023
:109B10000000000500000000000000000000000040
:109B2000000000056174745F74785F64657374721B
:109B30006F795F776F726B5F68616E646C657200DE
:109B400000010405020608090F000A2A35424242B4
:109B5000424242424242424242000102033000324B
:0C9B6000014002500360049605C006009E
:109B6C00FFFFFFFFFF1F00001F00000000000000B0
:109B7C001D40000000000000FFFFFFFF1FFF000062
:109B8C00BAABBABA10101010000000000050084018
:109B9C0000000000000000000C000000010000FFAD
:109BAC007F00000000000000853609000000000066
:109BBC00B936090000000000FDBE080000000000DE
:109BCC00D93609000000000097360900000000009B
:109BDC0030060900FF000000B82809000100000051
:109BEC0000000000255E09000000000000010000DC
:109BFC000000000000000000000000000000000059
:109C0C000000000000000000000000000000000048
:109C1C000000000000000000000000000000000038
:109C2C000000000000000000000000000000000028
:109C3C000000000000000000000000000000000018
:109C4C000000000000000000000000000000000008
:109C5C0000000000000000000000000000000000F8
:109C6C0000000000000000000000000000000000E8
:109C7C0000000000000000000000000000000000D8
:109C8C0000000000000000000000000000000000C8
:109C9C0000000000000000000000000000000000B8
:109CAC0000000000000000000000000000000000A8
:109CBC000000000000000000000000000000000098
:109CCC000000000000000000000000000000000088
:109CDC000000000000000000B59B0900000000001F
:109CEC000000000000000000000000000000000068
:109CFC000000000000000000000000000000000058
:109D0C000000000000000000000000000000000047
:109D1C000000000000000000000000000000000037
:109D2C000000000000000000000000000000000027
:109D3C000000000000000000000000000000000017
:109D4C000000000000000000000000000000000007
:109D5C000000000000000000000000004C620A003F
:109D6C0000000000D15C09000000000000010000B0
:109D7C0000000000000000000000000000000000D7
:109D8C0000000000000000000000000000000000C7
:109D9C000000000067000000000000000000000050
:109DAC0000000000000000000000000000000000A7
:109DBC000000000000000000000000000000000097
:109DCC000000000000000000000000000000000087
:109DDC000000000000000000000000000000000077
:109DEC000000000000000000000000000000000067
:109DFC000000000000000000000000000000000057
:109E0C000000000000000000000000000000000046
:109E1C000000000000000000000000000000000036
:109E2C00000000000000000000000000555D09006B
:109E3C000000000000000000F105042000001200EA
:109E4C0093290A00A7300A008C710A000000000058
:109E5C0034770A000000020040770A00000002007C
:109E6C004C770A00000002000000000095340A0044
:109E7C00000000000000000000C0104000000000C6
:109E8C0000000000000000000000000000000000C6
:109E9C0000000000000000000000000000000000B6
:109EAC0000000000000000000000000000000000A6
:109EBC000000000000000000000000000000000096
:109ECC000000000000000000000000000000000086
:109EDC000000000000000000000000000000000076
:109EEC000000000000000000000000000000000066
:109EFC000000000000000000000000000000000056
:109F0C000000000000000000000000000000000045
:109F1C000000000000000000000000000000000035
:109F2C0000000000000000000001000000A00D4037
:109F3C000000000000000000000000000000000015
:109F4C000000000000000000000000000000000005
:109F5C0000000000000000000000000000000000F5
:109F6C0000000000000000000000000000000000E5
:109F7C0000000000000000000000000000000000D5
:109F8C0000000000000000000000000000000000C5
:109F9C0000000000000000000000000000000000B5
:109FAC0000000000000000000000000000000000A5
:109FBC000000000000000000000000000000000095
:109FCC000000000000000000000000000000000085
:109FDC000000000000000000000000000000000075
:109FEC0000000000119E09000000000000000000AD
:109FFC00000000000D8C09000000000000000000B3
:10A00C00000000003DAE0900000000000000000050
:10A01C000000000015A9090000000000000000006D
:10A02C00E5BC0900DDCB09000000000000000000C9
:10A03C000000000099BE090009430A00CB430A0046
:10A04C00C5BC09000000000000000000E9C80900C0
:10A05C00000000000000000060770A000000020011
:10A06C006C770A0000000A007C770A0000002000D0
:10A07C0000000000000000000000000000000000D4
:10A08C009F460A000000000000000D400000000088
:10A09C0000000000000000000000000000000000B4
:10A0AC0000000000000000000000000000000000A4
:10A0BC000000000000000000000000000000000094
:10A0CC000000000000000000000000000000000084
:10A0DC000000000000000000000000000000000074
:10A0EC000000000000000000000000000000000064
:10A0FC000000000000000000000000000000000054
:10A10C000000000000000000000000000000000043
:10A11C0000000000FDE8090000000000FF00000046
:10A12C002D4E0A00294E0A000090D003FF000000BB
:10A13C000F00000071020000D8050420D80504208F
:10A14C004B9131C3C9C5CC8F9E45B51F01C2AF4FD2
:10A15C000602A8261B3607EAF5B78846E1363E48C4
:10A16C00B5BE024B9131C3C9C5CC8F9E45B51F01FD
:03A17C00C2AF4F20
:10A17F0000000000000000000000000000000000D0
:05A18F000000000000CB
:10A1940000000000000000000000000000000000BB
:10A1A40000000000000000000000000000000000AB
:10A1B400000000000000000000000000000000009B
:08A1C400000000000000000093
:04A1CC00000000008F
:10A1D00064060420640604208C9C04200000000017
:10A1E00001000000240000000000000080060420A0
:10A1F00080060420784504200000000001000000D3
:10A20000A0000000000000009C0604209C06042022
:10A210005873042000000000040000000008000043
:10A2200000000000B8060420B8060420B09C0420FA
:10A23000000000000300000010000000000000000B
:10A24000D4060420D4060420000000000000000012
:10A250000E000000E8060420E806042000000000CC
:08A26000000000000E000000E8
:10A26800FC060420FC060420000000000100000099
:10A278000C0704200C07042000000000FFFFFFFF6C
:10A288000000000000000000240704202407042028
:10A2980000000000000000003407042034070420F8
:10A2A800030003001000000000000000E4730A002F
:10A2B800349B042000000000000000005807042020
:10A2C80058070420030003001000000061BC0900C7
:10A2D80080740A00149C04200000000000000000A4
:10A2E8007C0704207C070420030003000000000012
:10A2F80000000000A4720A008898042000000000F2
:10A3080000000000A0070420A007042001000100AD
:10A3180010000000C9A80900D0730A00AC9A0420F4
:10A328000000000000000000C4070420C407042047
:10A3380002000200000000000000000098730A00FC
:10A348007C9A04200000000000000000E8070420B8
:10A35800E80704200C000C000400000081860900B6
:10A3680090720A00AC960420000000000000000073
:10A378000C0804200C080420010001000000000063
:0CA3880000000000B8720A00D499042004
:04A3940015E015E0DB
:0400000390007AD51A
:00000001FF
