:1000000058080020A17E0000B9E60000BBE7000010
:10001000DDE70000FFE7000043E8000021E8000002
:100020009DE600009DE600009DE60000696200007C
:10003000BFE600009DE6000039750000C5E600003F
:100040009DE600009DE600009DE600009DE60000A4
:100050009DE600009DE600009DE600009DE6000094
:100060009DE600009DE600009DE600009DE6000084
:100070009DE600009DE600009DE600009DE6000074
:100080009DE600009DE600009DE600009DE6000064
:100090009DE600009DE600009DE600009DE6000054
:1000A0009DE600009DE600009DE600009DE6000044
:1000B000CBE60000D1E60000D7E60000DDE6000058
:1000C0009DE600009DE600009DE600009DE6000024
:1000D0009DE600009DE600009DE600009DE6000014
:1000E0009DE600009DE600009DE600009DE6000004
:1000F0009DE600009DE600009DE600009DE60000F4
:100100009DE600009DE600009DE600009DE60000E3
:100110009DE600009DE600009DE600009DE60000D3
:100120009DE600009DE600009DE600009DE60000C3
:100130009DE600009DE600009DE600009DE60000B3
:100140004F760000216500009DE600009DE600005E
:100150009DE600009DE600009DE600009DE6000093
:100160009DE600009DE60000E3E60000E9E60000F1
:10017000F5E600009DE60000EFE600009DE60000C9
:100180009DE600009DE60000FBE600009DE6000005
:1001900001E7000007E700009DE600009DE6000083
:1001A0009DE600000F1201009DE600009DE60000A4
:1001B0009DE600009DE600009DE600009DE6000033
:1001C0009DE600009DE600009DE600009DE6000023
:1001D0009DE600009DE600009DE600009DE6000013
:1001E0009DE600009DE600009DE600009DE6000003
:1001F0009DE600009DE600009DE600009DE60000F3
:100200009DE600009DE600009DE600009DE60000E2
:100210009DE600009DE600009DE600009DE60000D2
:100220009DE600009DE600009DE600009DE60000C2
:100230009DE600009DE600009DE600009DE60000B2
:100240006B7600009DE600009DE600009DE6000044
:100250009DE600000DE7000013E7000013E7000033
:1002600013E700009DE6000019E700001FE700000B
:100270009DE600009DE600009DE600009DE6000072
:100280009DE600009DE600009DE600009DE6000062
:100290009DE600009DE600009DE600009DE6000052
:1002A0009DE600009DE600009DE600009DE6000042
:1002B0009DE600009DE600009DE600009DE6000032
:1002C0009DE600009DE600009DE600009DE6000022
:1002D0009DE600009DE600009DE600009DE6000012
:1002E0009DE600009DE600009DE600009DE6000002
:1002F0009DE600009DE600009DE600009DE60000F2
:100300009DE600009DE600009DE600009DE60000E1
:100310009DE600009DE600009DE600009DE60000D1
:100320009DE600009DE600009DE600009DE60000C1
:100330009DE600009DE600009DE600009DE60000B1
:10034000877600009DE600009DE600009DE6000027
:100350009DE600009DE6000025E700002BE7000079
:100360009DE6000031E7000037E700003DE70000B0
:1003700043E7000049E700004FE700009DE600006A
:100380009DE600009DE600009DE600009DE6000061
:1003900055E700009DE600005BE700009DE60000D9
:1003A0009DE600009DE600009DE6000061E700007C
:1003B0009DE600009DE600009DE600009DE6000031
:1003C0006DE7000073E7000079E700007FE70000B9
:1003D00085E700008BE700009DE600009DE6000039
:1003E00085E600009DE600009DE600009DE6000019
:1003F0009DE600008BE6000091E6000067E7000044
:100400009DE600009DE600009DE600009DE60000E0
:100410009DE600009DE600009DE600009DE60000D0
:100420009DE600009DE600009DE600009DE60000C0
:100430009DE600009DE600009DE600009DE60000B0
:10044000A37600009DE600009DE600009DE600000A
:1004500091E700009DE600009DE700009DE600009A
:10046000A3E70000A9E700009DE600009DE600006C
:100470009DE60000AFE7000097E700009DE6000062
:100480009DE600009DE600009DE600009DE6000060
:100490009DE600009DE600009DE600009DE6000050
:1004A0009DE600009DE600009DE600009DE6000040
:1004B0009DE600009DE600009DE600009DE6000030
:0804C0009DE6000097E6000034
:1004E0007FE97FE907F03CBD7FE97FE907F04ABD7E
:1004F0007FE97FE907F07CBD7FE97FE907F06ABD0E
:100500007FE97FE907F050BD000000000000000017
:1005100000000000000000000000000000000000DB
:1005200001015F5F030100001F0100006114000072
:100530000020000000000000010000000100000099
:1005400000000000000000000000000000000000AB
:10055000021F0000B83C00200000000070000000F6
:10056000462C010080000000000F00000100000088
:10057000F50600000100000001015F5F00010000BE
:100580001F000000993B0000000700000000000071
:100590000300000001000000000000000000000057
:1005A0000000000000000000051F00006012002095
:1005B000000000008000000070000000400000000B
:1005C000512C010060000000010700000100000044
:1005D000053200000100000001015F5F0101000021
:1005E0001F0100002B1B0000001000000000000095
:1005F00000000000010000000000000000000000FA
:100600000000000000000000011F0000B85C002096
:10061000000000006F2C010070000000020F0000BD
:10062000010000005D0E00000100000001015F5F9D
:10063000040100001F010000E52C0000000500007F
:1006400000000000000000000100000000000000A9
:10065000000000000000000000000000011F00007A
:10066000B86C002000000000942C01004000000045
:100670000507000001000000D12A00000100000071
:1006800000015F5F02000000FE0B0000F962000045
:100690000004000000000000000000000000000056
:1006A00000000000000000000100FFC3000000C4C3
:0C06B00000FE000060AD00200000000013
:1006C00038B50025064B294603F580541846D4F862
:1006D0000024C4F804540EF023F9C4F8005438BDC3
:1006E000B8710020024BD3F8043403600020704737
:1006F000B88100202DE9F04F04680546A5B0002C14
:1007000040F00C812146202204A80EF009F9214670
:1007100020220CA80EF004F92146042414AF402234
:1007200038460EF0FDF805F1200353F8041D22466B
:10073000013C09B1144601E0002CF6D1042605F174
:10074000300353F8041D3246013E09B1164601E05C
:10075000002EF6D12CB96FF08304204625B0BDE8F9
:10076000F08F40233A460021686807F0A5FC402836
:10077000F1D1CDE904700127DFF8A8A10DF110082F
:1007800005F110090AF5805BBC4230D10CAF3C4644
:100790000021654A05F11C00D2F8003400EB860800
:1007A000A2F58059404540D109B1C2F80034002378
:1007B000CDE90233059BA968402BC2F80414049AC2
:1007C00040F0A080138D180A03285BD0012800F0A8
:1007D00082801268831ECDE90221092B00F28C80F1
:1007E000DFE803F04150555B61676D737E8459F813
:1007F000043F1A1D21D8DBF80004D91C21F00301A5
:10080000C0F5A052914218D8014400EB0A02CBF87F
:10081000001468683946019207F04EFC019AC8F846
:100820000C00013748F8082FAEE750F804EF1EF12E
:10083000040F07D909B1C2F80034FFF741FF6FF088
:100840008C048AE70EF1030C2CF0030CC3F5A05ABC
:10085000D44504F10804EDD803EB090144E9021E74
:10086000634401219EE702AA0CA904A801F0A7F89D
:1008700004464FF00008464507F1080745D1FFF749
:100880001FFF6AE70CA904A800F012F9F0E702AA1A
:100890000CA904A800F0D2FEEAE702AA0CA904A859
:1008A00000F0ECFDE4E702AA0CA904A800F07DFF2B
:1008B000DEE702AA0CA904A801F07BF8D8E702AA97
:1008C0000CA904A801F078F8D2E702AA0CA904A8A0
:1008D00000F0D0F9CCE70CA904A801F013F9C7E7A0
:1008E00002AA0CA904A801F01AF9C1E702AA0CA9EE
:1008F00004A801F017F9BBE70C4803F0CFFB6FF039
:100900008504B6E76FF08004B3E7414657E9022358
:10091000686807F0DBFB08F10108ACE76FF08504BD
:100920001BE700BFB8710020B8810020182D00001F
:1009300008B54FF40C52002102480DF0F1FF0020E1
:1009400008BD00BFB81900200023F7B50C680746A2
:100950000E461546019314BB22B3146001A8FFF79D
:10096000C1FEA8B94FF48C6C104A0CFB04F3D158AB
:10097000A646013471B94FF0010E02EB030C42F8A8
:1009800003E0019910331344CCE9011734602B6064
:1009900003B0F0BD082CE8D16FF08400F8E76FF0E9
:1009A0008800F5E76FF08600F2E700BFB819002075
:1009B0000023F7B505680193013D072D036004D9B5
:1009C0006FF08604204603B0F0BD01A8FFF78AFE51
:1009D00004460028F6D14FF48C635D430A4E7359E8
:1009E0007719012BECD17A68019B9A42E8D105F185
:1009F00010004FF48A62214630440DF091FFC7E9A0
:100A000001447451DEE700BFB8190020002373B51C
:100A10004C1E072C06461546019303D96FF088003B
:100A200002B070BDC2B101A8FFF75CFE0028F7D18B
:100A30004FF48C6202FB04F1094B5C585A18012CEC
:100A4000ECD19468B442E9D15468019A9442E5D15A
:100A5000103119442960E3E76FF08600E0E700BF3A
:100A6000B819002042F20403984202D0B0F5105F9A
:100A700014D101F0FE43B3F1A06F08BF21F47E1141
:100A8000B1F1052F0CD007D8064B994208D0064883
:100A90000B1A5842584170470448F9E70020704744
:100AA000012070470002C0030044400400024005DA
:100AB00000232DE9F043D0F8008085B0B8F82890E5
:100AC0000546A9F540720F460293082A50D8DFE880
:100AD00002F0192A354F4F4F4F4F05000A6812B9DF
:100AE0006FF080040AE04B68032BF9D9D8F8043082
:100AF0005F49591A4B424B4113600024204605B010
:100B0000BDE8F0830B1D01934B6800930B68D0E99F
:100B10000212D8F804000EF049FB04460028EDD07C
:100B200000237B60EAE7436900938168D0E90323EF
:100B3000D8F804000EF04DFB0446DFE70E68002EE7
:100B4000CED04B68032BCBD9D8F8083031460320E0
:100B5000336002AAFFF7F8FE04460028CED1D8F889
:100B6000041002980EF0B9FA04460028C5D02BE014
:100B70000320D8F8081002AAFFF748FF6FF441736A
:100B80004B44022B04465DD83E68002EA8D07B68FB
:100B9000032BA5D9D8F808303360002856D040F28E
:100BA00007339945A9D0A9E70298D5E902120EF0BA
:100BB000B4FAC1E7029807F10C03D7E902120EF06C
:100BC000C0FA044620B900243046FFF7F1FE95E74D
:100BD0000023FB6092E70298D5E902120EF0C2FAF8
:100BE000044600288AD1EEE702980EF06BFA04461C
:100BF000EAE700233E680393002E3FF471AF7B6861
:100C0000032B7FF66DAFAB68002B3FF469AFEA684A
:100C1000032A7FF665AF1B6831460320336003AAC1
:100C2000FFF792FE044600287FF468AFDDE9020179
:100C30000EF0F8FA044600283FF460AFC4E76FF006
:100C400085045BE700287FF459AF0646A9F2033319
:100C5000042BF4D801A252F823F000BFA90B000026
:100C6000F30B0000B50B0000D70B0000E90B0000F0
:100C70000900000200232DE9F04706688EB0B6F89F
:100C800028900DF1140807460D469246D2E900213E
:100C90004046049300F03EFFB9F5106F0FD12B1DB5
:100CA00003936B6802932B680193FB680093BB6806
:100CB000706898E806000EF0D7FF044616E040F68C
:100CC0000113994516D12F68002F00F090806B68B2
:100CD000032B40F28C80B368394604203B6004AAA1
:100CE000FFF732FE0446002800F0928020460EB046
:100CF000BDE8F0870420B16804AAFFF787FE044628
:100D0000A8B140F60A139945F0D12F68002F6ED094
:100D10006B68032B6BD9B3683B60002C7FD10498C0
:100D20000EF0C6FD04463846FFF742FEDEE7A9F6A0
:100D30000219B9F1080F68D801A353F829F000BFD0
:100D4000650D0000790D0000830D0000AB0D000063
:100D5000910D0000F50D00009F0D0000B90D000081
:100D60000B0D00002968002941D06B68042B3ED18F
:100D700004980EF0CBFDA0E7316B04980EF0CFFD88
:100D80009BE7718D0498D7E902230EF07EFE94E76D
:100D9000718D0498D6E90C2308F0A6FA8DE7049823
:100DA000D5E900120EF0CCFD87E7718D049898E824
:100DB0000C000EF073FE80E72E68C6B16B68032B43
:100DC00015D9B96899B1FA681C2A10D107A80DF095
:100DD00082FDDAF8040007A900F09FFE424604995C
:100DE00007A80EF0C3FD059B044633607EE76FF055
:100DF00080047BE7FB68718D0193BB6804980093C6
:100E000098E80C0008F0A2FA57E76FF085046DE748
:100E10007168049808F00EFA0446002883D1002473
:100E200064E700BF08B51422024903480DF053FDE2
:100E3000014808BD382D0000C0AA002008B54FF4B5
:100E40000251044802F0DCF8034807F049FA002098
:100E500008BD00BF408A00200D1B00006FF47A72AD
:100E6000F0B50368044613448DB0032B7CD8DFE84B
:100E700003F002284C6B0369082B02D06FF0800549
:100E80005FE08569042DF9D10021406808AA07F0C8
:100E900013F90828F2D12B460221606806AA07F050
:100EA0000BF90428EAD16168314A63691160069A36
:100EB000CDE90032DDE90823A06800F01DF9054600
:100EC0003FE00369082BD9D14569042DD6D1002113
:100ED000406808AA07F0F0F80828CFD12B46012176
:100EE000606806AA07F0E8F80428C7D16168204ABC
:100EF000236A116005AACDE90132069B0093A06820
:100F0000DDE9082300F070F9D9E70369082BB5D1B2
:100F1000076A0C2FB2D10021406806AA07F0CCF86E
:100F20000828ABD1DDE9062308AE0096A06800F0E2
:100F3000DFF9054628B901463B463246606807F0AE
:100F4000C5F828460DB0F0BD0369082B96D10021E5
:100F5000406808AA07F0B0F808288FD1DDE9082317
:100F6000A06800F0D7F9AAE76FF08505E9E700BFB0
:100F7000C0850020024603480B460068012107F0A7
:100F80009BB800BFC0850020024603480B4600689E
:100F9000002107F09BB800BFC08500201FB5CDE938
:100FA0000201084301921BD004220F480DEB0201FD
:100FB0000DF091FC08220D480DEB02010DF08BFCA9
:100FC00001980B4BDFF82CC00B4AB0F5807F08BFAF
:100FD0009C460549604600F00BFF05B05DF804FB38
:100FE0006FF08600F9E700BFD4AA0020D8AA00203D
:100FF000D4870020EC870020048A002030B5364BCF
:1010000085B09D6AA8470369042B23D1A847334CB8
:101010008368A360A847037D01A8237604F0CEFF70
:10102000C0B9019BA26863609DF80C302146534310
:10103000029A2B48B2FBF3F222822A4AE36000F0C4
:101040007DFEB0B9264800F0B7FE30B9A847036965
:10105000042B10D06FF080000BE0234811F0ACFBA4
:101060001F4800F0C3FE20B91D4800F0A5FE00286F
:10107000ECD005B030BDA8471C4C8368A360A847DE
:10108000037D01A8237604F08BFF0028E2D1019BA9
:10109000A26863609DF80C3021465343029A1448BD
:1010A000B2FBF3F222820F4AE36000F047FE002811
:1010B000DFD10F4800F080FE0028DAD00D4811F093
:1010C0007BFB0B4800F092FE0028D2D1084805B007
:1010D000BDE8304000F070BED87D00009C190020B3
:1010E000EC870020F82C00004C2D00008019002017
:1010F000D4870020722D00002DE9FF471946DDE955
:101100000C5452EA01030746104632D0072C5CD833
:10111000B7F5807F02D0B5F5007F2AD83A46FFF7B1
:101120003DFF30B92A4B9B68D90705D56FF0840085
:1011300021E010F18C0F1ED14FF00008DFF89090E5
:1011400044F44034234EDFF890A0C9F80450C9F8A5
:101150000840B5F5007F2C4628BF4FF400741F48A7
:101160002146FFF707FFB7F5807F2BD0B8F1000FBE
:1011700004D06FF0860004B0BDE8F0874FF404732C
:101180000122CDE9004ACDE9023215490C22134B68
:101190000F4800F0CCFC0028EDD153461148CDE9B2
:1011A00000830B4A23460E4900F044FE0028E2D19A
:1011B000D9F808302D1B23F44033C9F80830A04477
:1011C000C7D1D8E73046054BE9E76FF08500D2E795
:1011D000048A0020D4870020C485002004880020D1
:1011E000D4AA0020EC8700202DE9FF471946DDE94D
:1011F0000C6A52EA01038046DDF83890104605D1AA
:101200006FF08604204604B0BDE8F087B8F5807F13
:1012100004D006EB0A03B3F5007FF1D84246FFF78E
:10122000BDFE04460028EDD12B4F3D68B542E7D303
:10123000AD1B554528BF5546B8F5807FC9F800500D
:101240001DD1DFF89880B5F5007F2F4628BF4FF4F9
:10125000007733463A4622492248CDF8008000F014
:1012600002FF20B10023C9F800300446CAE739461E
:101270004046FFF789FEED1B3E44E4D1C2E77B68A0
:10128000B3F5047F25D8DFF860A00346CDF800A0B1
:101290003A681349154800F0E6FE10B1C9F800405D
:1012A000E3E74FF40073DFF8348003940293CDF842
:1012B00004803B680C22009338465346084900F0EE
:1012C00036FC0028EAD1294608EB0600FFF75CFE51
:1012D00098E76FF0890495E7048A002004880020CD
:1012E000D4AA0020D4870020C4850020EC870020E9
:1012F00038B50546194610462A46049CFFF74EFEAF
:1013000028B9034B1A689B68C4E90022A36038BD62
:10131000048A002010B50446194610462246FFF7FD
:101320003DFE80B9084B9B68DB070AD40748084B91
:101330000849B4F5807F18BF1846BDE8104000F09A
:1013400082BE6FF0840010BD048A0020D487002084
:10135000EC870020D4AA0020F8B51D460368044697
:101360005B680E46174698470B4BC0F3410013F8D5
:10137000202063680699E0681D442368B1FBF2F2FF
:1013800000FB065039469B6998470028B4BF6FF0B0
:1013900091000020F8BD00BF0C2D00002DE9F74F93
:1013A0000C9C07469246002C55D0C26840681E1817
:1013B0003B6802FB01665B689847284BC0F341001D
:1013C00013F82080B6FBF8F908FB09F94E4540D028
:1013D0003B680DF1040B0122594648465B6998476A
:1013E000002804DA6FF0910003B0BDE8F08FA6EB9F
:1013F0000901621890458EBF2546A8EB06054D44AD
:101400002A46504659440DF066FA641B1FD04445E5
:101410000FD3B4FBF8F93B684A465B690AEB050158
:10142000A81998470028DDDB08FB09F3E41A0ED061
:101430001D443B6801225B6901A970199847002887
:10144000D0DB224601A90AEB05000DF044FA00208A
:10145000CAE70025DBE72046C6E700BF0C2D0000E9
:1014600008B5FFF765FA40B9FFF7DCFCFFF7E6FCCB
:1014700018B9BDE8084008F0AFB908BD134640F2FE
:1014800009522DE9F04F0026D0F8008089B0B8F855
:1014900028B0074693450D46059618D10A6883681B
:1014A0002AB96FF08004204609B0BDE8F08F496882
:1014B0000329F6D9002BF4D0C1680129F1D9D8F855
:1014C00004101888FFF7CEFA10600024EBE70DF146
:1014D00018094846D3E9002100F01CFBBBF5A06FBA
:1014E00013D12B1D03936B6802932B680193FB6848
:1014F0000093BB68D8F8042099E8030007F090FF38
:1015000004460028CFD06E60CDE740F201539B45E2
:101510000FD12B1D03936B6802932B680193FB681B
:101520000093BB68D8F8042099E8030007F0FCFC9E
:10153000E6E7ABF2025A1FFA8AF3012B19D82E689C
:10154000002EAED06B68032BABD9D8F808303146EB
:101550000120336005AAFFF7F7F90446002CA2D159
:10156000BAF1060F67D8DFE80AF032411E2B495462
:1015700061000120D8F8081005AAFFF747FAABF27E
:101580000753012B0446E9D82E68002E89D06B68DA
:10159000032B86D9D8F8083033600028E0D0BBF59B
:1015A000A16F92D07FE705982B1DD5E900120EF0B0
:1015B000AEFA044600283FF476AF00236B6072E772
:1015C0000598D7E902120DF079FF04466BE7D8F8C9
:1015D0000430059899E806000DF058FF04460028ED
:1015E0003FF473AF3046FFF7E3F95CE7D8F8043017
:1015F000059899E806000DF055FFEFE72B1D0193C4
:101600006B68059800932B68D7E902120DF074FF00
:10161000CFE7059805F10C03D5E902120DF086FF1E
:1016200004460028DED00023EB603CE705980DF06F
:101630001FFF0446D6E76FF0850434E72DE9F04F2D
:101640000027D0F8009089B0B9F828B00DF118083B
:1016500006460D46D2E900214046059700F05AFAA9
:10166000BBF5806F15D12B1D03936B6802932B681C
:101670000193F3680093B368D9F8042098E8030055
:101680000DF0B7FE044600B16F60204609B0BDE81A
:10169000F08F40F201439B450ED173690293336989
:1016A0000193F3680093B368D9F8042098E8030025
:1016B0000DF0B4FE0446E8E7ABF2024A1FFA8AF3E3
:1016C000012B1AD82F6817B96FF08004DDE76B681B
:1016D000032BF9D9D9F80830394602203B6005AA16
:1016E000FFF732F90446002CCFD1BAF1050F59D8D3
:1016F000DFE80AF01F2D353B49530220D9F80810C6
:1017000005AAFFF783F9ABF20543022B0446EAD89A
:101710002F68002FD8D06B68032BD5D9D9F80830A3
:101720003B600028E1D040F207439B45ADD1002447
:10173000ABE7D9F80430059898E806000DF0E8FD0D
:1017400004460028F3D03846FFF732F99DE7D9F870
:101750000430059898E806000DF0E6FDF0E70598DE
:10176000D6E902120DF0ECFDA4E7059805F10C0393
:10177000D5E902120DF0F6FD044608B90024E2E7AF
:101780000023EB6081E70598D6E902120DF017FE01
:10179000044600287FF479AFF0E705980DF05CFD72
:1017A0000446D0E76FF085046FE72DE9F04F4FF066
:1017B000000807688DB0B7F828B00DF12809064673
:1017C0000D46D2E900214846CDF8248000F0A2F968
:1017D000BBF5C06F1ED12B1D07936B6806932B685A
:1017E0000593F3680493B3680393736902933369B1
:1017F00001937B6A00937A6807F1140399E8030068
:101800000DF0AEFE044608B1C5F8048020460DB0C8
:10181000BDE8F08F40F201639B4517D12B1D079364
:101820006B6806932B680593F3680493B36803937E
:1018300073690293336901937B6A00937A6807F1B5
:10184000140399E803000DF0D7FEDBE7ABF2026A60
:101850001FFA8AF3012B20D8D5F80080B8F1000FC9
:1018600002D16FF08004D1E76B68032BF9D9BB6814
:1018700041460520C8F8003009AAFFF765F804467C
:10188000002CC3D1BAF1090F00F29080DFE80AF012
:101890002330525F66776C377D4D0520B96809AA01
:1018A000FFF7B4F86FF4C1635B44022B0446E7D83A
:1018B000D5F80080B8F1000FD3D06B68032BD0D9D6
:1018C000BB68C8F800300028DCD040F20B639B45B1
:1018D0009CD100249AE77B68099899E806000DF0EE
:1018E000E6FE04460028F4D04046FFF761F88DE795
:1018F0007B68099899E806000DF0E5FEF1E705F12F
:101900000C030293EB6809980193AB680093D5E947
:10191000041205F114030DF075FF044608B9002404
:10192000E2E70023EB606B6170E709980DF0B0FE11
:101930000446D9E709982B1DD5E900120EF02AF9C3
:10194000044600283FF462AF00236B605EE709980D
:10195000D6E902120DF0C3FE044657E70998D7E90D
:1019600003120DF0DFFEF7E72B1D01936B6809985A
:1019700000932B68D6E902120DF018FFE0E70998F2
:10198000D6E902120DF0EAFEE6E7F3680998019342
:10199000B3680093D5E9021205F10C030DF064FF62
:1019A00004460028BBD00023EB602FE76FF08504CE
:1019B0002CE76FF0850070476FF0850070472DE9C8
:1019C000F0418EB003ACD0F8008006460D461746B5
:1019D000D2E90021204600F09DF840F20322B8F839
:1019E0002830934203D0A3F50273012B0ED8B168BF
:1019F00011B96FF080043CE0F2681C2AF9D107A805
:101A00000CF069FF786807A900F087F8B8F828306B
:101A1000A3F50073092B72D8DFE803F01A71710582
:101A2000142F3D464B63D6E904122E68002EE0D0F9
:101A30006B68032BDDD9234607A807F035F9044668
:101A4000039B4CE094E8030007F0EAF8044610E03A
:101A500094E8030007AA2E680DF0FCF92B680446F1
:101A6000002BC6D06A681C2AC3D8304607A90CF0E0
:101A700032FF20460EB0BDE8F0812B1D0093D5E962
:101A8000002394E803000DF01FFA04460028F0D06C
:101A900000236B60EDE72B1D0093D5E9002394E84C
:101AA00003000DF03AFAF0E794E803000EF057F95E
:101AB000CCE7002205A811462E6800F02BF82B6811
:101AC000002B96D06B68032B93D994E8030005ABE9
:101AD00007AA0DF050FA04460028CAD1059B3360CE
:101AE000C7E72E68002E84D06B68032B81D921466E
:101AF00007A807F045FD04460028A1D0B9E76FF01C
:101B00008504B6E7D1E9000107F078BC0FB40020E6
:101B100004B07047C0E900217047886170476FF0DA
:101B2000850070476FF085007047FFF767BA2DE9B1
:101B3000F04F1546182204468DB00E460DEB0200FC
:101B400000219846169F9DF864A00CF0E9FE24B988
:101B50006FF086000DB0BDE8F08FBAF1000F28D10C
:101B600023680493238904F10C090593F6B12A46EE
:101B7000314648460CF0AFFE042205A909EB0500EA
:101B80000CF0A9FE281D042204A948440CF0A3FE71
:101B900004F1200BBAF1000F0DD00C21584603F0D0
:101BA00069F940B14CF2DA239842D1D06FF083004A
:101BB000D0E73B46D5E70C230B931423CDE906650C
:101BC0000993CDF828B0CDF8209004F12C03BAF198
:101BD000000F0ED01022CDE90132189B3A46009337
:101BE0004146179B06A804F068F90028DAD167601F
:101BF0000CE0189A41460292179A06A80192102208
:101C000000923A4604F06BF90028CBD10020A1E7FE
:101C100008B5036800209B689847002818BF6FF03C
:101C2000910008BD0020704770B504460E4600259F
:101C3000E368AB4201D8002070BD606806FB03007A
:101C400023682844DB69984710B9A3681D44EFE76F
:101C50006FF09100F0E72DE9F04F036895B005AA09
:101C600004460E46D3F80C8000F022FC00285FD119
:101C70000AA800F021FF014600285CD1DDE9057AC1
:101C80003C2205A8089D0CF04BFE3146204605AAD3
:101C900000F062FD00284BD1834681462368DB8A31
:101CA0005B4515D8002D35D12946204602AA00F003
:101CB0008FFC00283CD12946204602AA00F0AEFE47
:101CC000B0BB204600F093FE78B36FF083002FE0A6
:101CD000B3451CD05946204605AA00F0E9FB38BBA5
:101CE000059BBB420DD10AA800F0E6FE48B9069B51
:101CF000534506D9984528BF98465B1B0693089B19
:101D000099445946204605AA00F026FD80B90BF1FA
:101D1000010BC3E743462A4639462046CDE900A9D0
:101D200000F0C2F920B9002FCBD1204600F0ABFB68
:101D300015B0BDE8F08F6FF08B00F9E7F8B50D46F0
:101D40001746064678B371B36AB33C200B8ACA685B
:101D5000C98A012B00FB01F112D9032B10D0022BF1
:101D6000A88A23D1A2F114035B1A834234BF6FF017
:101D700086040024824201D26FF08604012302E02F
:101D80006FF08604023B0C20083100FB03118A42ED
:101D900009D344B91822214630460CF0C1FDC6E9EA
:101DA00000572046F8BD6FF08604FAE7824234BF40
:101DB0006FF086040024E5E737B5054600F0BBFD6B
:101DC000044658B94FF08071284601AA00F0E2FBA2
:101DD00038B928460199FFF73EFF0446204603B074
:101DE00030BD10F18C0F18BF0446F7E700F0C6BCF9
:101DF00030B591B0144601AB6A4600F098FB054639
:101E0000A8B9049B0C226360039B09A92360BDF859
:101E1000143004F12000A3600CF05DFD10220CA929
:101E200004F12C000CF057FD284611B030BD6FF0C6
:101E30008B05F9E72DE9F04399B00DF1240804462C
:101E40008946154600213C2240461F46209E0CF044
:101E500067FD4FF6FF73CDE9043325B96FF08600B7
:101E600019B0BDE8F083AB68B3F1807FF6D2236888
:101E700049465A8A6B682046013B1344524213403C
:101E80006B6004AA434600F052FB002840F09380A8
:101E9000AB6804999A0306D50C9AD5F804C062453C
:101EA0007BD10B900D9305914FF6FF73059A9A42E3
:101EB00040F08A8021686B68898A8B42CED806A957
:101EC000CDE9028105A90191A968204600910499F4
:101ED0008A1A18BF0122494600F0D9FB0028BFD159
:101EE000002F79D12046099906AA00F097FD002815
:101EF0005ED10C2205F1200111A80CF0ECFC10229F
:101F000005F12C0114A80CF0E6FC05994246204688
:101F100000F022FC014600284AD1DDE904539D422D
:101F200028BF1D4620462A4600F0EEFC00283FD17F
:101F30004FF6FF72049B93420FD0059A93420CD048
:101F40009A4238BF1A462046691C00F0DDFC78BB77
:101F5000DDE904539D4238BF1D4623682046DA8AD6
:101F6000691C00F0D1FC18BB099B002B65D1002F28
:101F700063D0204600F087FA00287FF471AF4FF657
:101F8000FF73049999423FF46BAF059B99423FF46C
:101F900067AF2046FFF75FFE62E70D9B424643F0C6
:101FA000807320460D9300F0D7FB00283FF47CAFF0
:101FB0006FF0830054E710F18C0F7FF451AFAB68E2
:101FC000DB037FF54DAF6FE72046099906AA00F0C5
:101FD000FFFA002884D0EBE723685B8A5A1E32425E
:101FE000E6D107F1FF3999445B4209EA03090B9BEB
:101FF0009E42DDD84A4631460C9800F051FD00283B
:10200000D6D1219B4246CDE900932046334606A90E
:1020100000F0C0F80028CBD10B9B3E449E420999AA
:10202000204688BF0B96069E00F028FA314606909F
:10203000099A204600F08DFB54E7204600F0D7FCBB
:10204000002896D0B4E713B5002301AA044600F097
:102050006EFA28B920460199FFF7FDFD02B010BDC8
:102060006FF08B00FAE770B592B015461C4602AAD5
:1020700003AB064600F05BFA98B92A46214605985C
:1020800000F00EFD58B9169B2246009330462B46B1
:1020900003A900F05EF8002818BF6FF0830012B0AB
:1020A00070BD6FF08B00FAE72DE9F04786B0164659
:1020B000DDE90E9703AA054688469A4600F088FA9D
:1020C000044698B9059B414633442846059300F0E1
:1020D000D5F906467FB101464A462846CDE900A714
:1020E000039B00F0E3FB28B16FF08304204606B0A9
:1020F000BDE8F0870127049A4A450BD2A9EB0203F9
:10210000CDE9002331462846039B00F0CFFB002891
:10211000EAD1012742462846039900F01AFB4146BE
:10212000284603AA039600F079FC044628B14246EB
:102130003146284600F00DFBD8E7B8F1000FD5D0A6
:10214000002FD3D06B683146DB6828689847044677
:10215000CCE72DE9FF410D461646096801AA044661
:102160001F46DDF8288000F033FA70B901994B1C46
:102170000BD062686B680A9755684246AC46206887
:10218000334404B0BDE8F04160476FF0830004B011
:10219000BDE8F0812DE9F3471546DDE90AA90F46B0
:1021A00098461168044600F069F96B687A689844AB
:1021B000A8EB0203CDE90023064601463B68204612
:1021C00000F074FB20BB6368CDF800A0D3F808A032
:1021D0004A46434631462068D047C8B9EB686A682A
:1021E000B9681A4423682046DB685B1A9B1ACDE95C
:1021F000002331463B6800F059FB48B92B683BB1DE
:10220000314663682068DB6802B0BDE8F0471847D4
:1022100002B0BDE8F08713B50C2404FB01F341685C
:1022200000948C68083341690068A04702B010BD73
:10223000436810B5416904461B690068984750B966
:1022400023681A8A022A06D96268A1681846BDE87E
:1022500010401269104710BD008A022814BF0338CD
:102260000020704708B5FFF7F7FF0C233C2200FB66
:10227000033302FB0130083008BD2DE9F04F002484
:1022800005460F46904626464FF00C0993B0D5F808
:1022900000A05046FFF7E0FF013086420ED3002633
:1022A0004FF03C09D5F800A0BAF816309E421DD375
:1022B000002088F8004013B0BDE8F08F09FB06F35A
:1022C0006A68CDF80090D2F804B039465046083319
:1022D00003AAD8470028EED103AB13F8012B013035
:1022E0000C2884EA0204F8D10136D0E76B68314645
:1022F0005046D3F804B0FFF7B5FF39460346CDF892
:102300000090504603AAD8470028D4D103AB13F855
:10231000012B01303C2884EA0204F8D10136C1E7E0
:1023200037B5837B01685A1CD2B28273097E04469A
:102330009142416904BF02338373012900F10D0208
:102340000DD8FFF79AFF40B90822636800929D6894
:1023500061690346A2182068A84703B030BD6FF03A
:102360008600FAE713B50C46114622790346012A86
:1023700009D1036862791B7E9A420CBF6FF083001B
:10238000002002B010BD022A04D11B68A2791B7E76
:102390009A4202D16FF08300F3E701290DD80DF1C5
:1023A0000702FFF76AFF0028EBD162799DF807303A
:1023B0009A4218BF6FF09100E3E76FF08600E0E704
:1023C0000822F0B5436887B000925C6800236A4435
:1023D000054619460068A0470246002834D000266A
:1023E0004FF0FF3408226B6800925F6801210023E0
:1023F000286804AAB847002839D10122284604A930
:10240000FFF7B0FF002832D1002E35D02B689DF8A1
:1024100016201B7E9DF80E10B3FA83F35B099342DE
:102420001BD1002A0CBF01230223994203D1914200
:102430002CBF0026012634462C61B4FA84F4002017
:1024400064096C6107B0F0BD284602A9FFF78AFF56
:1024500004460028C3D10126C4E78B42E7D1002BF4
:102460000CBF012302239342E1D00646E3E7002E8E
:10247000E2D16FF08300E5E70124DDE709B94069A7
:1024800070478068704710B50446FFF749FF70B980
:1024900063686169DB682068984740B9D4E9042320
:1024A0002046C4E90432BDE81040FFF7C1BE10BDAC
:1024B0002DE9F3410668054630461446FFF7D2FE83
:1024C0003C216A68009103465768304622462969D4
:1024D000B847064640B92868FFF7BEFE23680130BA
:1024E000834205D36FF09706304602B0BDE8F08115
:1024F00004F1140000F0E0FA0028F5D12D68E76837
:10250000AB8A9F42EED8A3689F42EBD3D4E9003850
:102510002BB92846E98AFFF7A5FE4045E2D83A469E
:102520004146E86800F0BCFA0028DDD0DAE72DE982
:10253000F0430746884691461C46002591B03B680B
:10254000DB8AAB4202D86FF08B061AE02946384688
:1025500001AAFFF7ADFFD0B90C22414606A810F042
:10256000D3F8064688B9C9F8005054B101AD0FCD73
:102570000FC40FCD0FC40FCD0FC495E8070084E83A
:102580000700304611B0BDE8F0830135D7E76FF0A2
:102590008306F6E7F0B505460E461746002491B0CF
:1025A0002B68DB8AA34202D86FF08B0009E021463A
:1025B000284601AAFFF77CFF38B9059B1E4202D0CE
:1025C0003C6011B0F0BD0134EAE76FF08300F8E73A
:1025D00073B506460C2000FB01F3716800904C684F
:1025E0003068316908331546A047044630B933686E
:1025F00029681A8A914204D36FF09704204602B0EA
:1026000070BDD868D5E9011200F04AFA04460028E6
:10261000F2D12B68012B03D83068C18AFFF722FE64
:102620006B688342EAD0E7E7F7B50C2606FB01F3B7
:10263000416800964F6808330169054600681446F2
:10264000B847034630B92B6821681A8A914204D3EF
:102650006FF09703184603B0F0BDD868D4E90112B3
:1026600000F01EFA03460028F2D12268012A0AD897
:102670002A681046FFF7F0FDD18A3C22514300FB47
:1026800006660831881962688242E3D0E0E72DE9E6
:10269000F04F06468B4691469846002791B0DDE9FB
:1026A0001C5A3068FFF7D8FD0130874202D36FF023
:1026B0008D0421E0524639463046FFF789FF044633
:1026C000002835D1DAF8082090452FD833685946CC
:1026D000DB682F609B1A6B600C22C5F80C8005F13B
:1026E00014000CF0F8F81A9BAC602B61DAF8083093
:1026F000A3EB0803CAF8083000253368DB8A9D4243
:1027000005D22946304601AAFFF7D2FE98B14FF60E
:10271000FF751B9B1D60CCB94FF6FF739D4208BF30
:102720006FF08D04204611B0BDE8F08F0137B8E797
:102730006FF08304E0E706A800F0BEF920B1B9F11C
:10274000000FE6D14FF001090135D6E76FF08D0497
:10275000E8E702B181607047F7B506680446304685
:102760001546FFF77FFD3C2162680091034697689C
:1027700030462A466169B84703B0F0BDF0B593B062
:102780000546FFF71DFE002861D16E696B68314672
:102790001B69286898470446002878D1B6FA86F164
:1027A0006B6828681B6949099847044600286ED160
:1027B0002E680127337EB3FA83F35B09AB73338A48
:1027C000C5E90407022B14BF02230123AB600223D7
:1027D0002B73F18A3046FFF745FDF36821461B1A3B
:1027E00001906A46284602930097FFF714FD0446BD
:1027F00000284CD106462B680190DB6802932B68B9
:102800001846FFF729FDB04223D8002C4BD12B6886
:102810001846FFF721FDA04228D83C22002103A83A
:102820000CF07EF800242B68DB8AA34232D82846BD
:10283000FFF776FD48BB6B686969DB6828689847D5
:10284000044620BBD5E90423C5E904321FE0002675
:102850009CE7198A6A68022914BF032100211846DF
:1028600031441269904701360443C8E71B8A6A461F
:10287000022B14BF0323002323440134214628469E
:102880000093FFF7C8FC0028C1D06FF083042046F6
:1028900013B0F0BD2146284603AAFFF75DFF0028CC
:1028A000F3D10134BFE76FF09104F0E72DE9F04F69
:1028B0000446884616469946C3B0DDE94CA51DB9C5
:1028C000284643B0BDE8F08FB5F5807F2F4628BF7E
:1028D0004FF4807763680097D3F804B049465346B5
:1028E000206802AAD8470028EBD163680097D3F884
:1028F00008B041463346206802AAD8470028E0D1F4
:102900003E44BA44ED1BDAE7F7B50768044638469B
:102910001646FFF7A7FC314605463846FFF7A2FCEE
:10292000401BCDE900502A46204623696169FFF724
:10293000BDFF03B0F0BD2DE9F041436805461B68BB
:10294000006886B09847044628B92846FFF738FD46
:1029500028B16FF08304204606B0BDE8F081082658
:102960006B6805F108070096D3F804803A462346C1
:1029700029692868C0470028EBD1394628462A69CA
:10298000FFF7F0FC0028E4D12846FFF751FC04468D
:102990000028DED12B7B012B24D1014603AA284637
:1029A000FFF742FE04460028D5D1059B2A68C3F1F3
:1029B000FF23D26803F57F03F8331344CDE90063A6
:1029C000324628462B696969FFF770FF04460028E4
:1029D000C1D16B7B2846AB7302232B73FFF753FDEA
:1029E0000446B8E7022B18BF6FF08304B3E710B5B5
:1029F00086B0002103AA0446FFF7EAFD60B920680B
:102A0000049A059BD118C36820465B1ACDE90023C0
:102A1000D4E90431FFF74AFF06B010BDF0B5044613
:102A20000D4687B009B94369136029462046FFF770
:102A3000F2FB0146D0B9D4E904768DB90C2200210D
:102A400020685543FFF70EFC1435401BCDE90050BC
:102A50003B462A4631462046FFF728FF07B0F0BD27
:102A6000204603AAFFF7B4FD014610B16FF08300C2
:102A7000F4E7204603AA0396FFF7CDFB0028F5D123
:102A8000012DDBD00C2314226B430C3B0193314608
:102A90003B4620460092FFF709FF0028CED0DDE735
:102AA000814206D8401A904234BF6FF08600002061
:102AB00070476FF08600704700F10C0310F8012B8F
:102AC00022B99842FAD16FF08B007047002070470E
:102AD0002DE9F04103680446A3F2F233A6B0032BBC
:102AE00000F2FD80DFE803F00D029195042200F171
:102AF000200353F8040D1146013A002852D00A462B
:102B000052E000230421169300F1200353F8040D32
:102B10000A46013908B1114601E00029F6D1042224
:102B200004F1300353F8045D1046013A0DB102463A
:102B300001E0002AF6D12369042B03D0012026B03E
:102B4000BDE8F081206A0428F8D80129F6D1012ACD
:102B5000F4D10021606806AA05F0AEFA0428EDD190
:102B6000A368002B16DB00220699A06803F0A2FAE6
:102B70000028E3D1216A069816AA03F050FA054608
:102B80000028DBD1236A16AA0021606805F09EFAAE
:102B90002846D4E7069806A903F0A1FA0028E2D057
:102BA0000220CCE7002AA4D1042104F1300353F819
:102BB000045D084601390DB1014601E00029F6D156
:102BC0002369042BBAD1012AB8D10029B6D1606893
:102BD00016AA05F071FA0428B0D1A368002B0DDB0A
:102BE00000221699A06803F065FA0028A6D116986D
:102BF00003F04DFA003818BF0120A0E7169816A977
:102C000003F06DFA0028EBD0CAE702F0B9FA002011
:102C100095E7002504260DF1180840222946404674
:102C200016AFCDE90255CDE904550BF079FE4022EF
:102C3000294638460BF074FE019504F1200353F841
:102C4000041D3246013E59B133461646042504F1AF
:102C5000300252F8040D2946013D30B10D4606E020
:102C6000002EECD14FF0FF33F0E7002DF1D12B43D4
:102C7000012B02D96FF0800061E704230021606816
:102C80000DEB030205F018FA0428F3D1022E1FD130
:102C90006669402E20D8334642460121606805F01F
:102CA0000BFA8642E6D1CDE9028602A995B1236AE4
:102CB000402BDFD8CDE9047304AE3246019803F00F
:102CC00031F90546002E3FF463AFDDE904235BE7ED
:102CD0000021EBE72E46F0E76FF089002FE76FF059
:102CE00085002CE708B503F098F9002814BF6FF0B1
:102CF0009200002008BD0000111C00009D13000080
:102D000059130000251C0000291C000001000000D0
:102D100002000000040000000A5B43727970746FC7
:102D20005D20556E737570706F7274656420726586
:102D30007175657374210A0054462D5053412D431B
:102D4000727970746F20312E312E30003C437265E1
:102D50006174696E6720616E20656D7074792049B9
:102D6000545320666C617368206C61796F75742EA2
:102D70000A003C4372656174696E6720616E20656C
:102D80006D70747920505320666C617368206C619B
:102D9000796F75742E0A000001680E4A034691424D
:102DA00015D1C169A2F11022A2F1EF1291420ED108
:102DB0008268012A0BD8C26812B101698A4206D022
:102DC000586928B19B691B1A584258417047012025
:102DD000704700BF55AA00FF0E4B70B59E68B6B194
:102DE0003046FFF7D9FF044618B9F3687BB9356957
:102DF0000DB9204670BD2846FFF7CEFF28B9EB6815
:102E0000B34204D12E462D69F2E70446F1E70124CE
:102E1000EFE700BFE0AA0020394A2DE9F04114682D
:102E2000D4B19468C4B1002868D0002966D001FBF1
:102E300000F5B5FBF0F0884260D1281D5ED8A907E7
:102E40000DD025F003010431D46803E060688842A6
:102E500007D2A469002CF9D12046BDE8F0812946AB
:102E6000F2E7D4F80880B8F1000F02D001200BF08F
:102E70002FFD401A232804F12006D4E9057C1BD835
:102E80000123A360AFB1C7F818C0A36903B15F61A4
:102E90000023C4E905331369DB0703D5FFF79CFF63
:102EA0000028E3D12A460021304634460BF038FD95
:102EB000D2E7C2F80CC0E8E701F1200E04EB0E03E4
:102EC0002038C3E901082069DFF83880DC60186128
:102ED00044F80E80DFF830E0C3F81CE000B1C360B6
:102EE000C3E9057C47B1BB61986900B1436101202A
:102EF0002361C4E90110CBE7D360F5E70024ABE719
:102F0000E0AA002055AA00FF669911EEF8B5054623
:102F100000285DD0394F3B68002B59D0BA68002A91
:102F200056D0834203D87A681344984202D30120D2
:102F30000BF0CEFCA0F120042046FFF72DFF002867
:102F4000F5D155F8183C012BF1D155F8146C45F822
:102F5000180CB6B1B368002B3BD155F81C3C03F1FB
:102F6000200273681344736055F8103C336103B159
:102F7000DE602046202200210BF0D2FC234634469E
:102F80001E462069002830D08368002B2DD163684D
:102F900042682033134463600369D4E90521236147
:102FA000CAB9F1B9426981696261A161DAB194611A
:102FB000A26902B1546103B1DC60202200210BF050
:102FC000AFFC3B699B0703D5FFF706FF0028AED196
:102FD000F8BD0646D5E79161A1690029E2D04A61B2
:102FE000E0E7F960F8E7FC60E2E7002EE9D1FB6872
:102FF000A36103B15C61FC60E3E700BFE0AA0020CD
:1030000038B50D4614220021044612480BF088FC06
:103010001149124805F05AF9232D1AD914F0030367
:103020001FBF043DED18C3F10403E4182A46002134
:1030300020460BF075FC074B094AC3E900459C602C
:103040002260A2F11022203DA2F1EF126560E26140
:10305000DC6038BDE0AA00200D2F0000192E000012
:1030600055AA00FF00000000000000000000000062
:103070000000000000000000000000000000000050
:1030800008B54FF4CC7200210D480BF049FC4FF409
:1030900080730B498B6108A3D3E90023C1E90423A2
:1030A0000123A1F8903181F82830BDE8084000F0F4
:1030B000DFBA00BFAFF3008000BD40DFE143E14E67
:1030C000C810002000000000002230B54C4C89B030
:1030D00002AD04904FF4C87301200021CDE90045F2
:1030E000CDE906220394ADF814200BF0DFF810B1FF
:1030F00001238DF81430049B0022009302204FF42A
:10310000C873002101950BF0D1F810B101238DF89F
:1031100015304FF4807238A1D1E90001039BC3E957
:1031200004019A61049BC3E904019A61002006A985
:1031300000F035FE002858D12946012000F02FFE6E
:10314000002852D1022007A900F029FE00284CD106
:10315000079A029B9A429DF8143018BF0790012BE2
:1031600003D0002003A900F06BFD9DF81530012B62
:1031700003D0012003A900F063FD039B049993F899
:103180002830012B1CBF01238DF8143091F8283012
:10319000012B1CBF01238DF8153040F20113BDF83F
:1031A00014209A4225D09DF81430012B07D14FF4FA
:1031B000C8721348A4F890310BF08DFB07E09DF81E
:1031C0001530022B13D04FF48073A4F8903194F88B
:1031D0009101002101300BF0B9F810B110F18C0F02
:1031E00003D1074800F0BAFB002009B030BD01232D
:1031F000DDE76FF08300F8E700BD40DFE143E14E1B
:10320000C81000206FF47A72F0B5474B8DB018608B
:10321000036804461344042B08D8DFE803F00327AF
:103220004867770003698668082B02D06FF0800535
:1032300059E08569042DF9D10021406808AA04F0FD
:103240003BFF0828F2D12B460221606806AA04F051
:1032500033FF0428EAD1069B30460193636900934B
:10326000DDE9082300F09AFC05463CE00369082BE1
:10327000DCD14569042DD9D10021406808AA04F0A9
:103280001BFF0828D2D12B460121606805AA04F053
:1032900013FF0428CAD106AB0293236A0193059B4E
:1032A0000093A068DDE9082300F08FFCDCE70369E8
:1032B000082BBBD1076A0C2FB8D10021406806AAA1
:1032C00004F0FAFE0828B1D1DDE9062308AE009625
:1032D000A06800F08EFC054628B901463B46324600
:1032E000606804F0F3FE28460DB0F0BD0369082BBA
:1032F0009CD10021406808AA04F0DEFE082895D180
:10330000DDE90823A06800F084FCADE7056A042D20
:103310008CD100F091FC2B4608900021606808AA2F
:1033200004F0D4FE0025DEE76019002038B5074B15
:1033300002461D680C460B466868012104F0BCFE7D
:10334000844214BF6FF08000002038BD6019002057
:103350000B46044910B40C6802460021606810BC9A
:1033600004F0B4BE6019002008B5074907480FF003
:1033700023FA00F021F830B100F060FC18B9BDE884
:10338000084000F019B808BD00025005E83D0000F3
:1033900038B5084D2B4600F0FFF9044618B9BDE8D2
:1033A000384000F08DBA002128680AF0CFFF20468F
:1033B00038BD00BF6419002008B50448FFF784FE3B
:1033C000024B034A383B536008BD00BFB8080020D9
:1033D000641900202DE9F3471F460023DFF864A09D
:1033E0000193534681468846164600F02BFA044660
:1033F00008BB154DDAF80000294601AAC5E9049872
:10340000AE6100F063FC044678B9AE6ABE4216D3E2
:103410000A9BF61B9E4228BF1E4605F13800314626
:103420003844FFF795FF0B9B1E6040F648020021D1
:1034300005480BF075FA204602B0BDE8F0876FF042
:103440008604F2E764190020800800202DE9F04F7F
:10345000002585B0DDF838A00746BAF5006F0E46A6
:1034600090469B46039571D8DFF8E8904B4600F0F4
:10347000E9F9044600283AD1374DD9F80000294629
:1034800003AAC5E90476C5F8188000F01FFC0446BD
:1034900038BB2B6BDB074ED4C5E90BAB4FF0010BF0
:1034A0005B46D9F8005051462C480193FFF73EFF88
:1034B000044698B9019B2749184600F041F9044693
:1034C00060B9254BD9F800001946C3F828A000F0D0
:1034D00034FC0446F0B10DB1C9F80050BBF1000F47
:1034E0001FD0424638463146FFF752FF19E010F12F
:1034F0008C0F1CD1184C40F64802294620460BF090
:103500000FFAC4E90BAB0223AB46C4E90476C4F856
:103510001880C8E7424638463146FFF739FF04466F
:1035200060B140F6480200210B480BF0F9F9204643
:1035300005B0BDE8F08F6FF08404D2E7002DF0D025
:10354000214628460AF002FF0446EAE76FF08604A7
:10355000EDE700BF6419002080080020B8080020B3
:103560002DE9F3471E460023DFF84CA00193534694
:1035700081468846174600F065F90446B8B90F4DF4
:10358000DAF80000294601AAC5E90498AF6100F005
:103590009DFB044628B9AB6A7360EB6A33602B6B02
:1035A000B36040F64802002104480BF0B9F9204608
:1035B00002B0BDE8F08700BF641900208008002039
:1035C00000232DE9F7431B4F01933B4680460E46EF
:1035D000914600F037F9044620BB174D386829465C
:1035E00001AAC5E90486C5F8189000F06FFB0446EF
:1035F00090B92B6BDB0719D44A464046314600F0A0
:1036000037F9044640B900F05BF9044620B9214679
:1036100038680AF09BFE044640F64802002106483E
:103620000BF07EF9204603B0BDE8F0836FF0840410
:10363000F2E700BF6419002080080020F0B50025E3
:103640000A4CD4E910768E4208BF874205D1A66C99
:10365000964202D100201D60F0BD01350B2D04F112
:103660002004EED16FF08B00F6E700BFC8100020F9
:103670000020F0B5DFB0029000F09DFB02AD0246E5
:10368000C0BB294600F08BFB024698BB2B4E029F25
:10369000304600F06BF9024660BB03AC4FF4B472E5
:1036A00006F128012046C4F868710BF014F94FF4B4
:1036B000B6722146304600F009FA0246D0B996F8B3
:1036C00091714FF4C872009033460021781C0AF0C3
:1036D000CFFD024670B996F8903120602146012056
:1036E000029D86F8913186F8907100F058FB68B120
:1036F0006FF0830210465FB0F0BD012000F05BFB6D
:1037000002460028F6D123680133236023689D42D6
:10371000F3D82146022000F042FB0028E8D12368BC
:103720009D4201D80022E5E7022000F044FB02465A
:103730000028DFD1236801332360F0E7C8100020A0
:1037400070B50D4610B300231C46124AD2E910167C
:10375000314308BF234604F1010408BF00F1FF30E4
:103760000B2C0ED020320028F0D1DC1C204600218A
:103770000AF0ECFD10B110F18C0F01D100202C608B
:1037800070BD0028F1D06FF08D00F9E76FF0860072
:10379000F6E700BFC81000202DE9F0471E460023C1
:1037A0008146884617468AB0244D02AC01930FCD5E
:1037B0000FC495E80F0084E80F003A46484641469A
:1037C00001ABFFF73BFF1E4D824668B9019C2022EA
:1037D00005EB44143034214602A80BF07CF820227B
:1037E000514620460BF09CF833687168DC1E05EBEF
:1037F000431343E9089805EB44131C463034102268
:1038000020469F640BF067F8FFF732FF064688B149
:10381000DDE90632134308D0019B202205EB431556
:1038200002A905F130000BF056F8202200212046B5
:103830000BF076F830460AB0BDE8F087C83D0000CE
:10384000C810002037B51D4601ABFFF7F7FE044650
:1038500048B9019B0549DA1C2A606868102201EB0F
:1038600043110BF038F8204603B030BDF8100020AB
:10387000002330B58BB0019301ABFFF7DFFE0446A8
:10388000C8B9019B0D4D202205EB4315294602A81E
:103890000BF021F82146202228460BF041F8FFF7D3
:1038A000E7FE044620B12022284602A90BF013F8B7
:1038B00020460BB030BD6FF08B04F9E7F810002004
:1038C000034B002193F8910101300AF03FBD00BF86
:1038D000C810002030B589B004460D4618220021DA
:1038E00002A80BF01DF800234FF440710093194B10
:1038F0006846CDE903134FF41053ADF8043080232C
:103900004FF00821ADF806300AF03EFC00BB40F253
:1039100001116846104A0AF0F1FBA0B90C232A46AF
:1039200040F2012168460AF053FC60B9224669461C
:1039300001A80AF075FC30B968460AF003FC38B1FA
:1039400020680AF021FB68460AF0FCFB6FF0830058
:1039500009B030BD0002500502C0FF7F00F11C011C
:103960000C2201480AF0B7BF6C1900201FB50822CD
:10397000184904460DEB02000AF0ADFF0422164977
:103980000DEB02000AF0A7FF029B039A013342F1FC
:103990000002CDE90232134314D008220D480DEB8A
:1039A00002010AF098FF04220B480DEB02010AF015
:1039B00092FF0C22074904F11C000AF08CFF002042
:1039C00004B010BD019B01330193002BE5D16FF0D2
:1039D0008300F5E76C190020741900202DE9F043ED
:1039E000994600238DB00E4609A904469046159FBE
:1039F000179D089300F050F909A908A8FFF76AFF7E
:103A000018BB169BCDE90068CDE90473149B1049DF
:103A1000CDE9029308980C23069504F11C020AF0E4
:103A2000D1FA28B108980AF0AFFA6FF083000CE0E1
:103A30002968102210392960204639440AF04BFFCA
:103A400008980AF0A1FA0028EFD10DB0BDE8F08384
:103A5000000250052DE9F04104461D4600238CB0BC
:103A6000129E0F4609A99046089300F015F92146C9
:103A70001022A8190AF02FFF09A908A8FFF72AFFAA
:103A8000C0B9159B10360693149BCDE902560593D9
:103A9000139BCDE9007804930B490C23089804F19B
:103AA0001C020AF0DDFA0346089833B10AF06CFAFA
:103AB0006FF094000CB0BDE8F0810AF065FA0028C0
:103AC00018BF6FF08300F5E700025005002370B5C2
:103AD0008EB00D460BA9044616460A9300F0DCF89A
:103AE0000BA90AA8FFF7F6FEF0B909AB069310235D
:103AF000CDE90200CDE90443CDE900560C230B4982
:103B00000A9804F11C020AF05DFA03460A9813B9F8
:103B1000099B102B04D00AF037FA6FF0830003E002
:103B20000AF032FA0028F8D10EB070BD000250053C
:103B3000002370B58EB00D460BA9044616460A93B5
:103B400000F0AAF80BA90AA8FFF7C4FEC0B909AB98
:103B5000CDE9050310230490CDE9024304F11C02D2
:103B60000C23CDE900560B490A980AF079FA03466E
:103B7000DDE90920134305D00AF006FA6FF094003E
:103B80000EB070BD0AF000FA002818BF6FF0830075
:103B9000F6E700BF00025005FFF7E6BB30B4194658
:103BA00004461046DDE9022350EA010506D0072B42
:103BB00008D80292224630BCFFF748BC6FF086005E
:103BC00030BC70476FF08500FAE770B419460446C0
:103BD0001046DDE9033250EA0106059D05D0CDE926
:103BE0000325224670BCFFF7F5BB6FF0860070BC62
:103BF0007047194610B40446104650EA0102019B72
:103C000003D0224610BCFFF7ABBC6FF0860010BC9F
:103C10007047194652EA010310B50446104608D011
:103C20002246FFF7CDFC10F1950F08BF6FF083001F
:103C300010BD6FF08600FBE700207047FFF720BA49
:103C4000F0B551F82070DDB0CB6801AD4FF4B4721F
:103C500006460C46284607F128015B930AF03BFE16
:103C60004FF4B67229463846FFF762FF80B12369E8
:103C700083B14FF4B672294638465B93FFF758FF7D
:103C800000280CBF03230123344423725DB0F0BD30
:103C90000223F9E70123F7E71FB5D0E904230C4617
:103CA000CDE90223042283690DEB02012046019332
:103CB0000AF011FE0822201D0DEB02010AF00BFE96
:103CC00004B010BD0F30000901307047F0B5154643
:103CD000002289B005AB019301F11C030F4600934C
:103CE000114640F61C0306460AF0E0FA00BB059CAC
:103CF0000B2C1FD90C3CB4F5016F1BD8204606963F
:103D0000FFF7E0FF07AB286003934FF4026307F16E
:103D10002806CDE90163042233463846009406A9FB
:103D2000FFF798FE10B9079B9C4201D06FF083000B
:103D300009B0F0BD6FF09700FAE72DE9F04186B0C9
:103D40000490064608460D468F6AFFF70FFE0446AC
:103D5000B0B905AA03924FF4026207F1100805F109
:103D60002803CDE9013228460422CDF8008004A9B9
:103D7000FFF734FE10B9059B984505D06FF083041A
:103D8000204606B0BDE8F08121460094304605F19A
:103D90001C0307F11C020AF06BFA0446F0E70A461E
:103DA00008B511B96FF0830008BD04210AF0FCFAD0
:103DB0000028F9D0F6E708B50AF0DEFA002814BFAB
:103DC0006FF08300002008BD00000000000000002C
:103DD00000000000000000000000000000000000E3
:103DE0000000000000000000285B50535D20456E7D
:103DF0006372797074696F6E20616C673A203078F5
:103E000025780A000000000000000000000000000B
:103E100000000000000000000000000000000000A2
:103E2000F82F010000AB002035000000C02F01007A
:103E3000801900200E000000C02F01008008002023
:103E400000000000D4AB0020CC040000B819002012
:103E50005224000080080020400400006008002078
:103E60000800000003689A070CD50368DB070DD52E
:103E70000922074BC3F80C250F22C3F804250122A1
:103E80001A60FEE7034B0360EF3B0360704700BF1F
:103E900000801050F000FA5008B50123314A324832
:103EA000C2F80038A2F55722D2F800242F4AD2F8DF
:103EB0004023292A04BF2E4AC2F80C34FFF7D2FF50
:103EC0000830FFF7CFFF0830FFF7CCFF0830FFF7CF
:103ED000C9FF00F5F470FFF7C5FF264AD2F88C3011
:103EE00043F44063C2F88C300022D30003F57F0313
:103EF00003F54043D3F8001401310AD0D3F800147D
:103F000039B1D3F800140132D3F80434402A0B60DD
:103F1000EBD1194BD3F80026D2071DD4174B154906
:103F2000D3F8182522F00302C3F81825D3F8182572
:103F3000C3F81825D1F88C2042F44062C1F88C20D7
:103F400000220F49C1F8D426C3F8A0250D4AD2F8A3
:103F50000034012BFBD008BD6FF00102C3F800262E
:103F6000DCE700BF0000125000F50E5000C0FF005B
:103F70000030055000ED00E000E0105000E004507B
:103F800000600D50009004507C2201490AF0A3BC4F
:103F9000A0B1002038B51D46344B354C5B68C3F3E7
:103FA00008032360EFF3038363655306C4E901202C
:103FB000E16038D502F00C020C2A08BF0846014621
:103FC000206120222B480AF086FC25B120222946B8
:103FD00029480AF080FC254B9A6AA265D96AE165F6
:103FE000986B206602F400406066586BA06602F091
:103FF0008000E0669A62D962D3F8E4201F48226705
:10400000D3F8E810616702F04001A167C3F8E4202B
:1040100000F044F82168CB1E042B1DD8DFE803F024
:104020000F1416181A00EFF39483990704D5130799
:1040300002D5EFF38980C2E7EFF38880BFE710482D
:10404000BDE8384000F02AB80E48F9E70E48F7E717
:104050000E48F5E70E48F3E70F2992BF0D480E48CA
:104060001039BDE8384000F019B800BF00ED00E09D
:10407000A0B10020B4B10020D4B10020927B000098
:10408000A17B0000AD7B0000BF7B0000CA7B00006D
:10409000D77B0000E57B0000017C00000FB41FB55A
:1040A000012106AB53F8042B05480091002103932E
:1040B00004F026F805B05DF804EB04B0704700BFCB
:1040C000555700000A4B37B51B786BB1094C636933
:1040D000984748B9E56AA847C307FCD4236A019307
:1040E00003B0BDE830401847002003B030BD00BF2A
:1040F00074BE00206C7D000010B50B4C0020A3683E
:10410000984780B902202369984760B94FF4E1319C
:104110000120A46AA04730B901211520A04710B999
:104120000122024B1A7010BD6C7D000074BE00208D
:10413000044B82B0186883B26FF30F00184302B0CB
:10414000704700BFB47D0000014BD86D704700BFC1
:1041500004AB0020014B186E704700BF04AB002079
:1041600008B5024800F0EAFB002008BD04AB0020BF
:10417000F0B5C2B2012A04460B4685B00AD0A2F1BE
:104180001501012900F2D680002B00F0BE8000202E
:1041900005B0F0BD6A4D01AE95E8070086E807005E
:1041A0004DF6C02293427DD028D8B3F5615F7CD014
:1041B00011D8B3F5965F7AD008D8B3F5966F78D05A
:1041C000B3F5166F78D06FF00700E1E7B3F5165F2F
:1041D000F9D15C4B33E047F6122293426FD007D8F7
:1041E000B3F5964F6ED0B3F5E14FECD1564B26E0C8
:1041F000B3F5164FE7D14FF41D0320E0534A934225
:1042000062D011D8B3F5E13F61D007D8B3F5614F63
:1042100060D0B3F5963FD6D14D4B10E0B3F5613F7A
:10422000D1D14FF06C730AE0B3F5612F55D0494AF4
:10423000934255D0B3F5E12FC5D14FF0E86314F4A4
:10424000E06F56D114F4404103D0B1F5804F53D103
:10425000102104F44052B2F5805F44D0B2F5005F03
:1042600044D0002A4BD13C48B0F8940014F44034B8
:1042700003D0B4F5403F45D10124374F8DF80440B9
:104280008DF805208DF80610ADF8080096E80700B7
:1042900085E80700384607F16401C7F88C3001F063
:1042A000BFFB74E74FF46503C9E72C4BC7E72C4B02
:1042B000C5E74FF49E23C2E74FF41D23BFE74FF439
:1042C0000003BCE7274BBAE74FF08063B7E74FF036
:1042D000EB73B4E74FF46B03B1E74FF07063AEE7F5
:1042E0004FF08053ABE700200E22BFE74FF4807001
:1042F000FAE76FF008004BE76FF00A0048E76FF04D
:10430000090045E76FF00B0042E74FF0FF33162A34
:104310000BBF114A104910460F480ABF02F1640151
:1043200041F8643F936601F07BFB10F1100F04D05D
:10433000C0172DE76FF003002AE76FF0010027E7B1
:1043400094AB00200050270000C0750090D00300FF
:1043500000903A0140420F0004AB002000F03A0008
:1043600000B0130000A04E0073B506461B480C4673
:1043700001F092FB194D18B94FF0FF3002B070BD3B
:1043800022463146284601F05EFC10F1100F02D1A2
:104390006FF00100F2E70028EEDB0321284600F071
:1043A0002BFB10F1100FF3D00028E5DB0023019365
:1043B000284601A901F0F0FC10F1100FF8D0783078
:1043C000DAD0019B9C42D7D801220448114601F063
:1043D000E1FC0028D0DB00202C66CFE704AB0020F6
:1043E000F0B51B4E054691B030460C4601F054FB2B
:1043F00018B94FF0FF3011B0F0BD05F06043B3F1D4
:10440000005F20D1002322462946304601F04AFBB6
:1044100010F1100F19D00028EBDBF46511E0A71B99
:10442000402F28BF4027A9193A4668460AF053FA98
:1044300039466846FFF7D4FF0028DCD14036B44245
:10444000EDD80020D7E70026F9E76FF00100D2E7AA
:1044500004AB002010B50A4C04F16400D4E9151235
:1044600001F090F901460022204600F0E1F9002811
:10447000AABF00206FF00100C4E9170010BD00BF03
:1044800004AB00207FB500250C46C0F8105116463D
:10449000D0F81021D0F8002222F02002C0F800222B
:1044A0000F4AC0F8082301F0BEF9A560256104F1A8
:1044B0004C03D3E8EF1F6FF31731C3E8E21F002A64
:1044C000F7D11022294668460AF02AFA04236846E2
:1044D0008DF800300196D4E90013984704B070BD00
:1044E00020021800044B054A1B68B3FBF2F3584343
:1044F000034B43F00103184700AB002040420F007C
:10450000D07D00007F2800F01F034FEA50110BD828
:10451000084A52F8212002EB8303D3F88010064AA0
:104520000A40C3F8802070470022203352F823301D
:10453000FFDE00BFB87D0000F0F0FCFF7F284FEAEF
:10454000501208D8054B00F01F0053F82220012319
:1045500083405360704700235B60FFDEB87D00003E
:104560007F2800F01F034FEA50110DD8094A52F876
:10457000212002EB8302D2F88010074B0B4043F05E
:104580000303C2F8803070470022203352F82330F2
:10459000FFDE00BFB87D0000F0F0FCFF2DE9F74F13
:1045A00091F8398005460C46B8F1000F11D1036D22
:1045B000096843F000730365481C05D00846FFF7FF
:1045C000BDFF0846FFF7CCFF6068411C01D0FFF734
:1045D00099FF94F82C70E668012F14D1B8F1000F00
:1045E00011D12B6D721C43F000632B6502D0304655
:1045F000FFF788FFA1684B1C05D00846FFF79EFF18
:104600000846FFF7ADFF94F838E0BEF1000F03D184
:104610002B6D43F080732B65D4E90083B4F830C070
:10462000B4F832A00093A36894F82D9094F82E105B
:10463000A08EE28EDFF8A0B001934CEA0A0C2B6842
:1046400040EA0C00A56A41EA09015B4542EA000222
:1046500041EA070108BFED080A43C3F82455C3F82F
:104660006C25BEF1000F0BD1009A012FC3F8048610
:10467000C3F80C2602BF019AC3F81026C3F80866D7
:10468000002194F83B20C3F84C11D3F84C01C3F837
:104690006811D3F86801C3F81411D3F81401C3F8F2
:1046A0002411D3F82401C3F830110C48D3F8301189
:1046B0005201C3F30F31C3F30833D2B2C41884F8E4
:1046C0000023012201F01F015B098A4040F82320EA
:1046D00003B0BDE8F08F00BF00D0045000E100E05F
:1046E0007F2800F01F034FEA50110DD8094A52F8F5
:1046F000212002EB8302D2F88010074B0B4043F0DD
:104700000203C2F8803070470022203352F8233071
:10471000FFDE00BFB87D0000F0F0FCFFF8B50546F5
:104720002B6D046803F48223B3F5805FD4F8000294
:1047300005D009B100232B626FF07600F8BDD4F8E4
:104740000463C4F8086309B9830645D4D4F8003279
:1047500023F02003C4F800324FF4A11305F15007F1
:10476000D7E8EF1F1943C7E8E01F0028F8D112B9B6
:10477000AB68002B57D12D4BC4F808330123E362FB
:10478000D4F82431002BFBD00023C4F85031D4F8E6
:104790005021C4F84C31D4F84C21C4F82431D4F859
:1047A00024212A6D12F4004219D12A62204601F018
:1047B0003AF80023EB606B61D7E8EF3F6FF31733F4
:1047C000C7E8E23F002AF7D126F4C01626F408769F
:1047D0000020C4F80463B1E74FF48033BEE7C4F8A7
:1047E0005031D4F85021EA69C4F804270522C4F8EE
:1047F0000827C4F84C31D4F84C310123E361D4F8D4
:104800004C31002BFBD00022C4F84C21D4F84C31A1
:10481000D4F850310BB1D4F80C372B62C4F85021C6
:10482000D4F85031C2E70123E362D1E72002180037
:104830002DE9F34104460F4694F84C10904604309D
:10484000002966D150220AF06BF83B6963607B69EE
:10485000E363BB6903B1013B23643B6A2568042B16
:1048600081BFFB69E36100232362D5F8003243F482
:104870008023C5F80032012384F84C30D5F850214C
:10488000C4F80880EAB939462046FFF787FE0822B7
:10489000002325688DF80730C5F800250DF10702C3
:1048A000C5F83C27C5F8403701230A262B656B6500
:1048B000D5F8303183BB0120FFF714FE013EF7D15C
:1048C00020E008226426C5F80025EB62D5F82431E3
:1048D000EBB9D5F81431D3B90A20FFF703FE013E36
:1048E000F4D10023C5F85031D5F85021C5F84C312A
:1048F000D5F84C21C5F82431D5F82421C5F8003568
:10490000002EC0D16FF08B0002B0BDE8F08101260F
:10491000E7E76FF07700F7E70020C5F8680180450A
:10492000D5F86831044B08BF03462268C5F8000576
:10493000C2F80433E8E700BF200218002DE9F04177
:10494000012503682A4A2B4EC3F80823C3F3043118
:10495000C3F3434205FA01F12032044646F822101F
:10496000BFF34F8FBFF36F8FD3F80022294622F495
:104970008022C3F800222A46FFF7D0FE29462046AF
:1049800001F01DF9256D2368E901D3F80406D3F879
:104990000C86D3F81066D3F8087609D54FF0FF32AD
:1049A000C3F80426C3F80C26C3F81026C3F808265B
:1049B000AA0115D5431C01D0FFF792FEB8F1FF3FC5
:1049C00002D04046FFF78CFE290109D57A1C02D09F
:1049D0003846FFF785FE731C02D03046FFF780FE95
:1049E000002384F84C302365A360BDE8F08100BF4C
:1049F0002012180400E100E0F8B50646044656F817
:104A0000505B071DD6E8EF3F43F48052C6E8E02F25
:104A10000028F7D1DA0466D44B0702D5E369002BEE
:104A200064D0344BC5F808330823C5F8003500239B
:104A3000C5F84C31D5F84C21C5F85031D5F8502186
:104A4000C5F824310A03D5F824318B0303F48043DD
:104A500002F400524903134301F400410B43D6E82A
:104A6000EF2F1A43C6E8E12F0029F8D1E368B3B964
:104A7000A3686BB9236DD80433D5D6E8EF3F6FF345
:104A80001733C6E8E23F002AF7D16FF00B00F8BDFC
:104A90000321384600F0A2FEE368002BEAD0D5F8E7
:104AA0000433D90610D5A36873B1236D1A030BD54F
:104AB000D6E8EF3F23F40023C6E8E23F002AF7D10F
:104AC0000621384600F08AFE236DDB0409D5D5F8AF
:104AD00050310BB90123AB62A36813B1054BC5F884
:104AE00004330020D3E76FF00F00D0E74FF0FF3022
:104AF000CDE700BF2002180072B6024A13680133E6
:104B0000136070471CB20020034A1368013B136016
:104B100003B962B6704700BF1CB20020004870475E
:104B2000047E00001FB50D4A01AB10685168128960
:104B300003C300211A80012301A88DF804308DF8E9
:104B40000810ADF8061000F0BBF818B110F1780F9E
:104B500008BF002005B05DF804FB00BF1C7E00000C
:104B6000F8B58507144618D10D4DA84215D82D1A51
:104B7000B5EB820F11D30B4ED6F80075D6F8005561
:104B800007F00107C6F8007500F072F8204605F43A
:104B90007C553D43C6F80055F8BD6FF00400FBE7B7
:104BA00000D01F0000E0045038B50346094D084608
:104BB000AB4214460AD8ED1AB5EB840F4FEA8202D5
:104BC00004D3194609F087FE204638BD6FF0040073
:104BD000FBE700BF00D01F0070B504784378418820
:104BE0000679C288057A44EA0324184B41EAC67163
:104BF00042EA0542C3F80045C3F80C15C3F8102576
:104C0000D3F80424D207FBD5114A1268E2B100217F
:104C1000427AC3F80C11D3F80C01C3F80411D3F88D
:104C20000401C3F80811D3F80801C3F80011D3F840
:104C3000001152010749D2B281F84E234FF480424D
:104C40008A600F22C3F8042370BD00BF00E0045047
:104C500054BE002000E100E0044B40EA0120C3F80C
:104C60000005D3F80024D207FBD5704700E00450BC
:104C70002DE9F04104460D461646DFF8408001203C
:104C8000D8F80075D8F8001507F00107C1F3052121
:104C9000FFF7E2FF04EB86062B1FA64204D138463D
:104CA000BDE8F041FFF7D8BF53F8042FD8F804044B
:104CB000C007FBD544F8042BEFE700BF00E0045029
:104CC00038B5064D2C7934B92960FFF785FF0123EB
:104CD00020462B7138BD6FF07700FBE754BE0020F3
:104CE000003A18BF0122003918BF0121036889006A
:104CF000074841EA4201186359605A6842F00102CC
:104D00005A60BFF34F8FBFF36F8F0020704700BF13
:104D100004AAFF000123084AC2F8043302F58022E6
:104D2000C2F8043302F58022C2F8043302F580226F
:104D3000C2F80433704700BF000004500D4BD3F895
:104D4000000103F58023D3F8003183B9003818BF80
:104D500001208000084BD3F80031002B074B18BF0F
:104D60000420D3F80031002B18BF04207047042022
:104D7000F0E700BF0000045000000C50000010508D
:104D80000122024BC3F80423704700BF00100450F7
:104D9000034BD3F80001003818BF0120C000704752
:104DA000001004500022034BC3F80021D3F8003157
:104DB000704700BF0010045000230A4AC2F80031B7
:104DC000D2F80021084AC2F80031D2F80021074A7F
:104DD000C2F80031D2F80021054AC2F80031D2F8F9
:104DE00000317047000004500000085000000C50D3
:104DF000000010500022104630B50749074C51F80A
:104E0000043BD3F800511DB1D3F8040423401843E8
:104E10000132042AF3D130BD287E00000000FFFFDC
:104E200010B5FFF78BFF0D4C4207206002D5FFF74E
:104E3000E1FF6060FFF7ACFF2368184303072060C1
:104E400006D5074BD3F800246260D3F80434A3607E
:104E50000448BDE81040FFF721B900BF5CBE002048
:104E600000100450CC7C00000C22014909F033BD35
:104E70005CBE002038B5044600B30B291ED9114D85
:104E80002868431C02D143F6DA3038BD78B10822D5
:104E90000D49204609F01FFD04220A4904F10800CB
:104EA00009F019FD2B68002001332B60EDE7082283
:104EB000054905F0A5FC0028E9D0E4E74CF2DA202A
:104EC000E3E700BF68BE00207ABE00202DE9F04F66
:104ED00017461C22ADF2044D044689460DEB020034
:104EE00000211D46DDF828649DF8348409F018FD82
:104EF0004FF46A72002116A809F012FD10230693E0
:104F0000002C78D0236813B96268002A73D1A26894
:104F100012B9E268002A6ED1226912B96269002AC8
:104F200069D1DDF82C24002A65D0DDF830240F2A61
:104F300061D9B8F1000F01D0BE425CD34FF0200B15
:104F40000DF1380ACDF808B0CDF804A0626802204F
:104F500000920022114609F05BFA00284ED14FF46E
:104F60004072284B07A9CDE90923274A00930792ED
:104F70005B46524616A8B8F1000F2ED007F0C4FACF
:104F800038BBD4E9041216A807F0FAFA08BBD4E932
:104F9000021216A807F020FBD8B905AC2B463A46FA
:104FA0004946CDE9006416A807F036FB88B92268A7
:104FB000A918B21AB8F1000F12D006AB0293DDF8AF
:104FC000303416A80193DDF82C340093234607F003
:104FD0004BFB0DF2044DBDE8F08F07F0B3FACFE7BD
:104FE000DDF8303416A80193DDF82C340093234605
:104FF00007F06AFBEDE74CF2DA20EAE743F6DA3035
:10500000E7E700BF000510050420000170B502F0BD
:105010008BFC044650BB09F05DFA40B91648FFF717
:105020003DF809F0A1FA18BB1448FFF737F8144A05
:105030001448D368002523F008031B041B0C43F01D
:10504000BF6343F40033D360FFF728F800210E4814
:10505000FFF724F8012606FA05F39B0703D029463B
:105060000A48FFF71BF80135202DF4D1204670BD0A
:1050700045F22354FAE700BFE27C0000157D0000F2
:1050800000ED00E0207D0000487D00005D7D000017
:10509000024B1860024B00201960704770BE002060
:1050A0006CBE00201FB5274C426923685A62826992
:1050B0009A62C269DA62026A1A63426A5A63826A4F
:1050C0009A63C26ADA63026B1A64426B5A60826B3B
:1050D0009A60C26BDA60026C1A61426C5A61826C2F
:1050E0009A61C26CDA61026D1A62826D5A65C26D94
:1050F0009A65026FDA65026E1A66826E5A66426FB0
:105100009A66EFF388825A64EFF389829A64426860
:10511000DA64EFF394821A65026801A81A67FFF750
:10512000A3FE2368019ADA6601221A70064B1C68F6
:105130006408640020462146224623460DF094FB75
:1051400004B010BD70BE00206CBE002000B5A1B040
:1051500001A8FEF719FF029B63B15B060AD4019B0D
:1051600023F00203052B05D1044B1B6813B101A8E2
:10517000FFF798FF21B05DF804FB00BF6CBE002074
:10518000BFF34F8F0549064BCA6802F4E062134330
:10519000CB60BFF34F8F00BFFDE700BF00ED00E025
:1051A0000400FA05254B264A4FF47A611A60012261
:1051B000244B2548C3F80424D0F82436C3F308024E
:1051C000C3F309434B4382F480722049883201FBC8
:1051D00002334FF4FA215B00B3FBF1F201FB12330F
:1051E0001B49B3F57A3F28BF0132C1F80429D0F832
:1051F00020364FF47A60C3F30802C3F309434343F4
:1052000042F21C5082F4807202F2172200FB023339
:105210004FF47A701B0AB3FBF0F200FB123300204C
:10522000B3F5FA7F4FF0010328BF0132C1F81C2704
:10523000C1F80009C1F80036704700BF00AB00207C
:105240000020A107002008E000C0FF00F82A00802D
:105250000000125070B50446074E4518A54201D80B
:10526000002070BD2046F369984710B904F58054BA
:10527000F4E743F65C20F4E7D87D00002DE9F84F11
:10528000DFF85CA00746DAF80430884615469847F0
:105290000024144BC0F3410013F8209004F1800364
:1052A000AB4294BF80262E1BB6FBF9FBDAF8143014
:1052B0005A460D493819984700280EDB5A46DAF845
:1052C0001830094908EB04009847002805DB3444EE
:1052D000A542E3D80020BDE8F88F43F65C20FAE74A
:1052E000D87D0000387E000082BE00202DE9F34703
:1052F000DFF870900546D9F8043088461446984780
:10530000194BC0F3410013F820A0B5FBFAF70AFBD4
:10531000175727BBA4B9384602B0BDE8F0870AFB8F
:1053200006F6A41BF7D0012201A9A819C847002836
:1053300012DB224601A908EB060009F0CCFAEAE7E5
:10534000B4FBFAF605F50825324641462846D9F859
:105350001490C8470028E2DA43F65C27DBE74AF2FC
:10536000C537D8E7D87D0000387E00002DE9F04F22
:1053700086187542C5F30B05354485B0B5F5805FD9
:105380000446019104D943F65C2005B0BDE8F08FD6
:10539000DFF86C81D8F8043098470422594BC0F3E9
:1053A000410053F82070D8F8143057480093FBB2EE
:1053B000B2FBF3F203A9009B9847039A531C0232F5
:1053C00008BF01230393002D34D024F47F6B2BF00E
:1053D0000F0BA5EB0B010BF50820FFF73BFF002897
:1053E000D1D1B5F5BE7FAA4628BF4FF4BE7ADA45C3
:1053F00029D8B5F5BE7F5ED3FBB20427B7FBF3F720
:10540000424D3A4629464048009B9847B6F5BE7F34
:105410005CD8042203A93D4809F05DFA384B3A46AE
:105420003A493B489B69984708B18742ABD100F0A5
:1054300060FEAAE74FF480514FF40820FFF70AFFFF
:105440000028C2D09FE70BF180039A452CBF4FF094
:105450008009AAEB0B095FFA87F8B9FBF8F82B492A
:105460004246009B0BF5092098475E4516D909EB8B
:105470000B039C4212D2A3455A4638BF2246111B49
:10548000A2EB0B009E4294BFC2EB0602C2EB0302EA
:10549000019B19441D4B184409F01DFA184B424654
:1054A0009B691A490BF50820984710B180457FF495
:1054B0006AAFCB449BE74FF4BE724FF408214FF420
:1054C0000920FFF7DBFE002896D05CE7B4F5C07F2B
:1054D0009FD2B4F5BE7F224638BF4FF4BE72019B07
:1054E000111BA2F5BE700B44B6F5C07F94BFC2EB92
:1054F0000602C2F5C0721946284409F0ECF988E7A3
:10550000D87D0000387E00007C91080082BE00201B
:105510007C8108002DE9F0414D4F86B00020BB682A
:10552000984700286BD104226946FFF7DFFE044646
:1055300000283FD104224FF4BE700DEB0201FFF7AB
:10554000D5FE0446002835D1424E009BB34203D11C
:10555000019B013B03335ED97B6898473E4BC0F308
:10556000410053F8205004224FF4805004A9FFF763
:10557000BDFE0446F0B9042241F27C1005A9FFF7F4
:10558000B5FE0446B0B9049B4FF48051B3424FF4CA
:10559000082013D1059B013B03330FD8FFF75AFEB8
:1055A00068BB4FF480524FF408214FF40920FFF7F5
:1055B00065FE20BB204606B0BDE8F081FFF74AFE3D
:1055C0000146E0B94FF08008EDB28022234809F08F
:1055D000A7F9B8FBF5F84FF40825BF6928464246FD
:1055E0001E498035B847B5F5092FF7D100F081FD88
:1055F00028B9042202A90296FFF7B8FE10B143F6BB
:105600005C24D7E70123042203A94FF4BE7003935F
:10561000FFF7ACFECDE7042241F27C1005A9FFF7AD
:1056200065FE04460028C5D1059B5A1E033206D8E4
:10563000019A934203D30233BCD1012ABAD100F0BC
:1056400058FD43F65C23002818BF1C46B2E700BF94
:10565000D87D00001281DEC0387E000082BE0020AE
:105660001E2809D801230A4A8340134207D113F0A8
:10567000980F08D11D2808D04CF25A3070472023CB
:1056800000200B6070470423FAE74023F8E700BFCF
:10569000650F004038B543680C2B01D0022038BD9F
:1056A0004B68042BFAD14FF0FF3304680D68216872
:1056B0002B600029F2D0A268002AEFD00623012037
:1056C00001F073FF0028E9D161680B4B99420AD9B8
:1056D000A26805338818984208D8206809F0FBF8BA
:1056E00000202860DBE7054B9942D7D9A268044B1C
:1056F00088189842D2D8F0E7030508E0FFD4FF00ED
:1057000000DAFF00436810B50C2B14D14B68042B52
:1057100011D10B6801210268196010680B49884299
:1057200009D1022194681960032C04D1516811F049
:10573000020002D01C60022007E0054CD4F81825B6
:1057400061F30102C4F81825186010BD18E5045073
:1057500000E0045008461146FEF7B4BC0120704733
:105760006FF003007047002070476FF00300704730
:1057700000207047022814BF6FF00300002070471C
:10578000FEF72EBE70B540F2FF1501EB820291428A
:1057900000D170BD51F8044BC4F30803240EAB4292
:1057A00008BF4FF0FF33032CF1D8DFE804F0020408
:1057B00006080360EBE74360E9E78360E7E7C3605F
:1057C000E5E70346D0F8300130B931B9D3F86801C4
:1057D000003818BF012070470120704730B50446DB
:1057E0000D4685B010220021684609F099F8D4E9E9
:1057F000001368468DF80050984705B030BD7FB55E
:1058000004460E46154600211022684609F088F825
:10581000012368468DF80030CDE90165D4E9001315
:10582000984704B070BD10B50446FFF765F9D4F889
:10583000303133B1D4F8043313F4805308BFC4F8C3
:105840000035BDE81040FFF75FB9D0F8303133B113
:10585000CB6CC3F30032DB0458BFC0F8002570479F
:105860002DE9F74F866804460D463EB113F0020657
:1058700004D0C36B002B00F082800126276D17F047
:1058800010077CD14FF00109BA46AB180093009B7A
:105890009D4276D005F0604BE26BD4F8008082B96F
:1058A000BBF1005F7AD10192FFF726F9216D4046E6
:1058B00001F00101FFF785FF019A20B9FFF724F9F4
:1058C000EAE70122EFE7A16CAB460029BCBFD8F89C
:1058D0004417A1643AB1D4E90F1228788854D4E966
:1058E0000F1201EB020BBBF1000F03D0C8F83CB75D
:1058F000C8F84097C8F868A1D8F86821C8F830A15E
:10590000D8F83021C8F86CA1D8F86C210822C8F862
:1059100000251EB14FF48052C8F80423C8F85090F7
:10592000FFF7F2F8EEB9216D01F001014046FFF7F3
:1059300048FF0346D8F84407D8F83C272BBB9345CB
:10594000F4D009B9C8F854904FF0000BFFF7D4F821
:105950004046211DFFF779FFFFF7D6F8BBF1000F96
:105960000DD1A368C3B9236D1B0715D55034D4E8F6
:10597000EF3F23F00803C4E8E23F002AF7D14FF0DD
:10598000FF37384603B0BDE8F08F9345D9D10028E2
:10599000D7D14FF0FF3BD9E7013578E76FF0150716
:1059A000EFE770B5CE6C0D4606F001010446FFF737
:1059B00008FF38B94FF4805346F00406EE64C4F88B
:1059C000043370BDD5E90A365AB1296CEA6B761AF0
:1059D000964228BF164619443246A86B08F07BFF52
:1059E000AB6B4FF0FF326A641BB1C4F83C37C4F8AC
:1059F00040670023C4F86831D4F86821C4F8303116
:105A0000D4F83021C4F86C31D4F86C310823C4F8D0
:105A100000354FF48053C4F8043301232365D0E7E5
:105A200037B590F84C3004463BB3036B4BBB026870
:105A3000C2F8003583680BB10B6943602046FEF75E
:105A4000ADFD0822002324688DF80730C4F8002536
:105A50000DF10702C4F83C27C4F8403701230A259A
:105A600023656365D4F8303173B90120FEF73AFD40
:105A7000013DF7D16FF08B0001E06FF0760003B0CD
:105A800030BD6FF00F00FAE70020C4F86801D4F8C9
:105A90006831C4F80005F2E790F84C00003818BFF0
:105AA000012070472DE9F04704460F461E469046F8
:105AB000002A64D085685DB953B9066B002E61D1A8
:105AC0000263FFF7CDFE054626632846BDE8F08752
:105AD000B10707D03346424639462046BDE8F04775
:105AE000FFF7BEBE07F06043B3F1005F19D0E36B70
:105AF000002B4AD0720748D40125D4F80090FEF755
:105B0000FBFF236BBBB9C4E90B781DB1236D43F0D8
:105B1000020323652A464846211DFFF742FF002560
:105B200024E0256D15F00105E7D016F00405E4D05A
:105B30004FF0FF35C9E7A36BDBB9730719D5E36AEB
:105B400003F06043B3F1005F16D10A25236DC4E969
:105B50000D7843F010032365D9F86C31C3B90120E7
:105B6000FEF7C0FC013DF7D16FF08B05FEF7CCFFCF
:105B7000ABE76FF00F05F9E74FF0FF35F6E76FF091
:105B80000605A2E76FF00F059FE76FF00C059CE795
:105B90004FF080622368C3F80423D9F8003223F45D
:105BA0008023C9F800320023C9F86C31D9F86C3170
:105BB000002FB4D0C9F83C77C9F84087AFE7F8B5F3
:105BC0000468036BD4F804730546C4F8087323B95A
:105BD0006FF07600C4F80473F8BD00F15003D3E809
:105BE000EF0F40F00800C3E8E20F002AF7D10123CD
:105BF0006365F9B12E6D1E4031462046FFF7E1FD89
:105C00000028F9D0FEF778FFC6B9D4F868314BB157
:105C100001236365D4F83031002BFBD02046291DC9
:105C2000FFF713FEFEF770FF0023C4F86831D4F8C5
:105C300068212B630020C4F80473CDE7D4F8303119
:105C4000002BEBD1EEE72DE9F0470568036DD5F8A1
:105C5000049313F4802804460F461646C5F80893AB
:105C600040F08F8001F06042B2F1005F40F08C8024
:105C7000C26852B18268002A72D1D5F84C21002A3C
:105C80006ED0C5F84C81D5F84C31226AC4E9037650
:105C9000002A44D09642E16930D800233246C4E954
:105CA0000333384608F017FE226AE069921B22622D
:105CB000811908F0D4FDA368DBB1236D13F4005AF9
:105CC00009D004F15003D3E8EF1F41F48021C3E869
:105CD000E21F002AF7D10434324639462046FFF746
:105CE0008EFDBAF1000F04D0002221462846FEF7AF
:105CF000C9FB4046C5F80493BDE8F087384608F074
:105D0000EAFD236AA3620023236204F15003D3E86F
:105D1000EF1F41F40021C3E8E21F002AF7D1A16A76
:105D20002369E2685B1A0A44C5F80427C5F80837F6
:105D3000236DDA04DDD55034D4E8EF3F23F480231B
:105D4000C4E8E23F002AF7D10123AB62D5F8243141
:105D5000002BCED00023C5F82431D5F82431C8E774
:105D60006269A2B95B04C4E90576C5F80477C5F891
:105D70000867BED5D5F8003243F02003C5F80032DD
:105D8000B7E76FF07608B4E76FF00C08B1E76FF093
:105D90000F08AEE7FEF7C2BC8368A3B90368D3F867
:105DA0000025082A06D011B1D3F80C370B606FF02C
:105DB00077007047D3F84C2142B111B1D3F80C37BA
:105DC0000B60002070474FF0FF3070476FF00F00FE
:105DD00070470420704700207047002070474B68D0
:105DE00030B513F01F052DD102680C681068C0F3A0
:105DF0000720844226D25068556094600C7C23F0C2
:105E00001F0304F001041C438B7CDB0003F0180328
:105E10001C434B7C5B0003F006032343D3608B6879
:105E2000013B23F01F04CB685B0003F00E03234308
:105E300043F0010313615060BFF34F8FBFF36F8FC7
:105E4000284630BD0120FCE7036800205A68C9B22B
:105E500058609960D86018615A60704770B50546FF
:105E6000002403681E68C6F30726B44201D100204F
:105E700070BD21462846FFF7E7FF0134F5E700F43F
:105E80007C0343F0A0431A0BC2EB1030C0B203EB0B
:105E90008003D3F8002542F01002C3F80025D3F8A0
:105EA000002542F02002C3F8002529B1D3F80025CF
:105EB00042F48072C3F8002570471FB50124039493
:105EC000089C0294079C0194069C0094FEF7FEFF38
:105ED00043F6DA33002818BF184604B010BD1FB5CA
:105EE00000240394069CCDE90134089B0093079B92
:105EF000FEF7ECFF43F6DA33002818BF184604B06B
:105F000010BD08B5FFF722F972B620BFFDE70346C2
:105F100010B10020187070474AF2C5307047002059
:105F2000704770470346012B084670B5114607D0ED
:105F3000062B09D0002B31D1BDE87040FFF7AABB7A
:105F4000BDE87040FFF7DEBB4368082B01D002209C
:105F500070BD5468042CFAD14FF0FF330568166801
:105F6000296833600029F2D06B68002BEFD026231C
:105F70007422012001F019FB0028E8D122462323D6
:105F80000120696801F011FB04460028DFD1D5E942
:105F90000001FFF77DF830602046D9E70320D7E7FE
:105FA00048B14FF400224FF48043C0E9002301239D
:105FB0000372002070474CF2DA20704748B14FF46A
:105FC00004224FF48043C0E9002301230372002020
:105FD00070474CF2DA207047FEF774B837B50422E8
:105FE0005C3084000D4620460DEB0201FFF77EF980
:105FF00058B9019B5A1C0AD0AB420BD80422204648
:106000000DEB02010195FFF7B1F903B030BD45F288
:10601000A350FAE74AF2C530F7E7FFF77BBA0B4621
:10602000042B114611D1012807D0022809D078B9D4
:106030001A464FF4B870FFF759B91A464FF4BA70C0
:10604000F9E71A464FF4BC70F5E743F65C20704759
:106050004CF25A307047012837B504460D4602D03D
:10606000022800D080B9FFF7B9FF58B904212046B3
:1060700001AAFFF7D4FF28B943F65C23019AAA428C
:1060800018BF184603B030BD4CF25A30FAE713B5CA
:10609000042101AA0446FFF7C2FF30B901994B1C45
:1060A00005D020460131FFF7D6FF02B010BD45F202
:1060B000A350FAE7022905D90839022909D94CF277
:1060C0005A307047B0F5807F4CF25A3008BF00203C
:1060D000704700284CF25A30B8BF002070470228A1
:1060E00004D819B108300860002070474AF2C53062
:1060F000704708B54FF480514FF40920FFF7AAF814
:1061000048B9BDE808404FF480524FF409214FF4DC
:106110000820FFF7B3B843F65C2008BDFFF7FAB9D3
:1061200073B50C4601A916461D46FFF799FA58B9F2
:10613000019B32469E4228BF1A462946204602B09D
:10614000BDE87040FFF7D2B84CF25A3002B070BDD3
:1061500013461E2848D8DFE800F0104715191D2106
:1061600025292D313539474747474747474747474F
:10617000474747474747473D42000A46002004211A
:10618000FFF7CEBF0A4602202421F9E70A46032082
:106190004421F5E70A4604204821F1E70A46052094
:1061A0004C21EDE70A4606206C21E9E70A46072064
:1061B0008C21E5E70A4608209021E1E70A460920FC
:1061C000B021DDE70A460A20D021D9E70A460B2094
:1061D000F021D5E70A461D204FF48871D0E70A4622
:1061E0001E204FF4A871CBE74CF25A3070470000E4
:1061F00007B5194B83F30A88184801F005FA08B16E
:1062000001F06EF9FEF702FF0028F9D11448FDF7FE
:1062100045FF1448FDF742FFFFF780FF0028EFD14C
:106220000DF10700FFF773FE0028E9D19DF8073054
:106230001BB1FFF774FE0028E2D1FFF772FE01F0F8
:10624000A5F900F04DFB00F043F800DF7047002097
:1062500003B05DF804FB00BF6000002020B2002006
:106260002E7C0000517C0000EFF308807146EFF3B4
:106270000982EFF30B830CB406B400F00BFE8646E4
:10628000009900F0080001F00801401A02DC12DB5E
:1062900004B070471EF020031CBF2DE9F00FBDF1C4
:1062A000080D0A4C254626462746A046A146A2468A
:1062B000A34630B4704704B030BC1EF020031CBFAE
:1062C0001DF1080DBDE8F00F04B07047A5EDF5FE17
:1062D000084BDA6882F07F4282F47F0242F4804207
:1062E000DA6000221A765A76DA76DA77602283F854
:1062F0002220704700ED00E0009A0A4B9A420FD12D
:1063000001229043014602460346044605460646DE
:106310000746804681468246834684468646044731
:10632000FEE70000A5EDF5FE2DE9F041044618B9A1
:1063300043F6DA30BDE8F0810029F9D08368002502
:1063400003F44063003B18BF01234FF0180843F0EB
:1063500002030F4E0B6000F13C07236AAB4201D8E9
:106360000020E7E7A369E26907EB830308FB023338
:106370000C226A4399188968090707D59B58B342CC
:10638000D6D1306810B10121FFF779FD0135E4E77E
:10639000A8AB0020F0B53B4C87B03B48FFF75EFD53
:1063A000236801255A1C0193384B2260DA681B6967
:1063B0004FF4407603930023334801A902920495D9
:1063C000ADF814608DF81630FFF709FD18B143F6EB
:1063D000DA3007B0F0BD23688DF816005A1C01931F
:1063E0002B4B294802932B4B01A9CDE903352260A1
:1063F000ADF81460FFF7F3FC0028E8D123688DF8AE
:1064000016005A1C0193244B1F480293234B01A9E9
:10641000CDE903352260ADF81460FFF7E0FC0028F9
:10642000D5D1022740F2011623688DF816005A1CB8
:1064300001931B4B144802931A4B01A9226003934A
:106440000497ADF81460FFF7CAFC0028BFD1236899
:106450008DF816005A1C0193134B0B480293134BF3
:1064600001A92260CDE90337ADF81460FFF7B7FC4E
:1064700004460028ABD12A4629460348FEF730FCE3
:106480002046A6E728B20020A4AB0020447E0000EE
:10649000A07E0000C02F010080300000203E0000E0
:1064A000800800208019002060080020800800205B
:1064B00008B5FEF7B5FCFEF77FFC0B4B5B6899B2A5
:1064C000C3F30803103B002B9AB20BDB5309A1F175
:1064D0001002012102F01F0201FA02F203496033A7
:1064E00041F8232000F0FCFF00ED00E000E100E0B7
:1064F000EFF30880EFF309812DE9F00F6B46724648
:10650000FDF748FD08B0FEF78BFCFEF74BFC0222BE
:10651000024BC3F8882100F0E3FF00BF00E100E078
:10652000194A10B5D2F8003153B3D2F80034D2F87A
:106530000404164A164CD2F8F010A34202F5007279
:10654000D2F8B82001F0010118D903F16043B3F586
:10655000FE2F2CBF0023012391B102F03002302A1C
:106560000ED1C2040CD510F4C04F09D143B9FEF7C7
:1065700019FC0222074BC3F8882110BD0123EBE769
:10658000BDE81040FFF7B4BF0010045000ED00E07C
:10659000FFCF1F0000E100E00020034BD8765A6ACD
:1065A00042F470225A62704700ED00E00349044B48
:1065B000CA68002092B21343CB60704700ED00E040
:1065C0000800FA05054B00F01F0003EB8003D3F829
:1065D000802022F0E042C3F88020704700820D50F6
:1065E000164BD3F8D02042F00102C3F8D02000228D
:1065F000C3F8D820124A516821F01F01C3F8DC10FB
:106600001049C3F8E0100221C3F8D810D16812690C
:1066100021F01F0122F01F0242F00302C3F8DC1038
:10662000C3F8E0200322C3F8D820074AC3F8DC20CF
:106630006FF01E02C3F8E020704700BF00ED00E0DD
:10664000447E000001D0FF00000004201B4A1C4BC8
:10665000526870B5C3F804281A4A0021C3F8082804
:1066600008254FF440721848C3F81018C3F814589E
:10667000C3F80028C3F8240800F57C30C3F82808C4
:106680004FF480760220C3F83018C3F83458C3F8AA
:106690002028420102F1A04401301A4404F582246A
:1066A0000528C4F80418C2F80818C2F81018C2F86F
:1066B0001458C4F80068ECD1002070BD447E00007E
:1066C0000010045000D0FF000000042030B585B059
:1066D0006C460025114B01211868FFF7D0FB012102
:1066E0000F48FFF7CCFB01210E48FFF7C8FB012143
:1066F0000D48FFF7C4FB0D4B0FCB8DE80F000121B8
:1067000054F8040B0135FFF7BAFB042DF7D1012132
:10671000074805B0BDE83040FFF7B1BBA8AB00208B
:106720000020055000F00C5000300550707E000035
:10673000000012502DE9F0414FF45C6286B0002158
:10674000374808F0EDF84FF45C620021354808F056
:10675000E7F84FF45C620021334808F0E1F84FF4A9
:106760005C620021314808F0DBF8FFF7AFFF03233C
:1067700000220124CDE90132DFF8B4C0DFF8B4E033
:1067800001AD0DF10C08002155F8047B560104FA07
:1067900001F33B4216D0CDE903CE58F822307018F1
:1067A00003F47C0343F0A04303EB8003D3F8000819
:1067B00040F01000C3F80008D3F8000840F48070DF
:1067C000C3F8000801312029E1D1531C022B4FF0FE
:1067D0000102D8D12D20FFF7F5FE2E20FFF7F2FEA3
:1067E000154A164B10695169C3F8044403AB03C33F
:1067F0000021128B03A81A808DF80C408DF8101020
:10680000ADF80E10FEF75CFA38B9FEF7CBFC08B114
:1068100043F65C2006B0BDE8F0817830F5D0F7E7AC
:10682000000004500000085000000C500000105000
:1068300000A0105000820D50707E0000002008E083
:1068400008B54FF0FF300023104A03F1A0010133D7
:10685000102B42F82100F8D1402000F030FF8020BA
:1068600000F02DFFC02000F02AFF4FF4807000F0F0
:1068700026FF592000F023FF412000F020FF4FF4B5
:10688000827000F01CFF002008BD00BF00E100E0A6
:1068900010B5FEF73FFA012400210F4850F8043BE1
:1068A000C3F30432C3F343439B0003F1604304FA90
:1068B00002F203F56143C3F880211A600131042913
:1068C000ECD1FEF76FFAFEF75BFA0222034BC3F836
:1068D00088219A60002010BD607E000000E100E089
:1068E0000122014B1A6070472CB2002010B50446FB
:1068F0000A4B22891B6861689868062350F8140CBB
:1069000000F053FE28B9064B1B68012B01D100F0A3
:106910005FF86FF08603236010BD00BFD0B2002087
:106920002CB2002030B5094C0246616800230846AD
:1069300040B105686D68954205D11BB18268606001
:106940009A60816030BD03468068F1E7B0B20020F4
:1069500010B542B10B689B6813F4807F0CBF6FF0D9
:10696000FC00002010BD0C4B1B689B68182B01D14C
:1069700000F0B6FD53F8183C996938338A4203D0C9
:1069800053F8044FA04205D191420CBF6FF0FC00B8
:106990000020E7E70132F1E7D0B2002070B50446ED
:1069A0000E461546002130220C3007F0B9FF074B88
:1069B00020461B68A6609B686561183B636000F019
:1069C0003BFB00232061236070BD00BFD0B20020DC
:1069D000054B1B689B68182B04D053F8180C10B19A
:1069E0004068704700207047D0B2002008B5084BBF
:1069F0001B689B68182B01D100F072FD53F8183CFE
:106A0000986800F44060003818BF012008BD00BF3E
:106A1000D0B200202DE9F041074690460C4639B32C
:106A20004B0025D5154B01F01F0253F82250FDB144
:106A30002B685E68FFF7DAFF294602463046FFF70B
:106A400087FF90B9C4F30721284600F098FE04465A
:106A500070B900F017FB064668B142462946FFF7B9
:106A60009DFF3E602046BDE8F0816FF08104F9E7AC
:106A70006FF08004F6E76FF08204F3E730B2002095
:106A800038B500F0F1FA0023114A5360114A5360FF
:106A900000F0C6FA0E4800F021F80446A0B10D49F6
:106AA00080230D4A00F098F80546204600F09BFE32
:106AB0002068211DFFF738FC08B100F011FD2946C0
:106AC000204600F003F9E5E7BDE8384000F058B98A
:106AD000BCB20020B0B2002030B200200146F8B5B0
:106AE00008B900F0FDFC374C236813F1350F67D867
:106AF000354A156803F13402AA4261D2D3E906206F
:106B000006260F3206FB0022186A00EB4000024402
:106B1000586A02EBC00292009A18E2D29542E0D382
:106B200018682A4D060C3604AE42DAD180B2B0F5B0
:106B3000817FD6D258680028D3DBD3E90A56B54204
:106B4000CFDC986810F4406F03D03542C9D548684F
:106B500088B91F4E306800F1440535601D4E366817
:106B6000B542BED8A842BCD822604C6803608CB93C
:106B700004644860F8BD0768D7F808C01CF4406F8B
:106B800006D0D7F828C0664502DBFF6ABD42A8DD03
:106B9000006CDDE71E8E002223461D682D8EB54257
:106BA00007D9002AE4D0136C03641064E2E72B4693
:106BB000F3E71D6C1A46002DF9D105641864D9E776
:106BC0000020D7E7B8AB0020947E000000005F5F94
:106BD000B4AB0020907E00002DE9F74F06460193EC
:106BE00000B109B900F07CFC0068846900F13C0E3A
:106BF000C76921480EEB840E0568AFB10C2404FB75
:106C0000075404601D4800688442EBD8A542E9D8C7
:106C100000202C4684464FF018088146674500D076
:106C200025B903B0BDE8F08F3D46F1E708FB0CEA5B
:106C3000DAF808B0DAF814301BF4007FC4E900A6D3
:106C4000C4F8089040EA03000FD0002ACAD0019B84
:106C5000802BC7D11BF0E00F5FFA8BFAC2D152F83C
:106C60002A30002BBED142F82A404B680CF1010CAF
:106C7000A3604C600C34D1E7B0AB00208C7E0000E8
:106C800083680B4383600023C0E90E3303689A686E
:106C900092054CBFD8680148704700BF4DDE000028
:106CA00070B50646044656F8183B1546D3E90A0166
:106CB00000F0A6F9044B1E602368DC6800F008FAB7
:106CC0002860204670BD00BFB8B20020F7B5056847
:106CD00004466A6B2B696E7A1344073223F007036C
:106CE00022F00702C0E90823836100232A8EC361D2
:106CF00080F82A30838500F1180303631E4BC6F326
:106D0000C00653F82630028501AA98472568014637
:106D1000AA68A06912F4007214BF0C23EB69AE6973
:106D200004BF9B000C33073323F00703C31A134837
:106D3000A3615860E86818600020986052B918276D
:106D400005F13C0000EB8600EE6903F10C05B24250
:106D50000AD19A6063616FF00102019B04F128007F
:106D600000F02CF903B0F0BD07FB020CDCF810C0FA
:106D7000013245F804CBEAE7987E0000D42B0100ED
:106D800038B5094D094800F0D9F8284600F0BEFD95
:106D90002B6804469B6853E9060100F0F8FB08B134
:106DA00000F09EFB204638BDD0B20020E9770000FD
:106DB00038B50E4B1B689A68183AEFF30583C3F396
:106DC00008030BB100F08CFB9169094A12689468C2
:106DD000A14202D9D068814205D9156800F07EF938
:106DE0002846214638BD1C461D46F7E7D0B2002094
:106DF000B8B200202DE9F843EFF3108872B6234FA4
:106E00003B689E68EFF3098310F0200F0CBF00224F
:106E100028229B1A336000F097F83B680446D3F8A9
:106E200008903146A9F11802A0F12805B8B19542A1
:106E300015D0EFF30981B36828338B4201D900F0F4
:106E40004FFB6968506800F0F4FB30B1696854F892
:106E5000280C00F09CFB0028F1D1A1683C606B6914
:106E6000002BECD00A4A4E451360E8D11835A942F0
:106E7000E5D13A68A242E2D151F8042C9A42DED11F
:106E800088F310883046BDE8F88300BFD0B20020F8
:106E90006008002038B501F00C030C2B14BF044629
:106EA00014464A060D460ED58B0658BF2834A369F2
:106EB00013F8021CC5F3C00383F00103C1F3801271
:106EC000DBB29A4201D000F00BFB11F0A00F2AD1E7
:106ED00002290FD0032909D0F1B9FFF7D1FD0546EA
:106EE0000146124800F03BFD284638BD2046FFF71A
:106EF000FDFCF9E70E4B1B6898680B46D4E90012BD
:106F000050F8140C00F051FB0028DCD1D4E900014A
:106F1000FFF762F82060E7E70648FDF7BFF86FF07B
:106F200083032360E0E70448F7E700BF5808002028
:106F3000D0B20020817C0000A57C0000014B1860CD
:106F4000704700BFC4B20020104B73B51C6800230B
:106F50000193EFF3108572B60D4E6CB12046336885
:106F600001A99847C0B20528A0700AD10199A0686C
:106F700000F0F9FC0123A37085F31088204602B0CD
:106F800070BD0128F8D0E468E7E700BFC8B2002070
:106F9000C4B20020C9B20129064B817005D11A681C
:106FA0002AB101881288914201D3034A10681860FF
:106FB000704700BFC8B20020CCB20020F8B50F4E19
:106FC0000446306815461A4618B1238807889F4240
:106FD0000BD3E0603460A0682B4600F0A7F8204691
:106FE000BDE8F8400121FFF7D5BF0646C06810B1E3
:106FF00007889F42F9D3E060F460ECE7CCB2002050
:10700000014BC3E900017047D4B20020034BD3E920
:1070100000308342C8BF0020704700BFD4B20020B8
:1070200008B500F049F8034B986000F04BF880F386
:10703000888808BD00ED02E0054A1368013303F0BB
:1070400007031360034A0133801A03EBC000704743
:10705000DCB20020E0B2002018B1024B013803EB93
:10706000D0007047E0B2002008B58C22082340F21F
:10707000AC41034800F000FD08B100F031FA08BD52
:10708000E0B20020014800F0CFB800BFE0B200201D
:10709000014608B5044800F0D7F800280CBF6FF08F
:1070A000FC00002008BD00BFE0B2002001460148FE
:1070B00000F009BDE0B20020014B1868704700BF26
:1070C000447E0000014B1B6818687047447E000036
:1070D000014B1B6858687047447E0000024801213C
:1070E0000160BFF34F8F704724B200200349086846
:1070F00000220A60BFF34F8F7047000024B20020C7
:1071000008480268002A08D107484FF08051016002
:10711000BFF34F8FBFF36F8F704702220260BFF340
:107120004F8F704724B2002004ED00E02DE9F843B2
:1071300004681F46124B91468268A4F1080544E991
:107140000233503C94420646884601D200F0C8F90A
:1071500048220021204607F0E3FB002345E90733DE
:1071600045F8143C4FF0807345F8043C6FF002037F
:1071700045E9037845F8209CC6E90043BDE8F8835B
:10718000A5EDF5FE08B50C4B02461B68986850F853
:10719000103C18381BB1134201D100F0A1F90029AD
:1071A00007DA114600F04CFB002808BF6FF0FD0025
:1071B00008BD00691040FBE7D0B20020F8B50F46CB
:1071C000044610B1431E034201D000F089F9154B6B
:1071D00030221B689D68062355F8140C00F0E5F971
:1071E000183D06460028F0D12B69002BEDD02B6905
:1071F0002342EAD0042C05D1284600F075FAF86045
:107200003046F8BD2146284600F08DFA30B100F135
:107210000C013022384607F05EFBF1E76FF08B0679
:10722000EEE700BFD0B20020034648B1006838B195
:1072300002681A600022034BC0E90023083070473F
:10724000704700BFAACCF0F0B8B100F10C0399422E
:1072500012D38268CB1A9A420ED942680832B3FB25
:10726000F2F002FB1033082B06D151F8040C034B4B
:10727000C31A58425841704700207047AACCF0F01A
:107280002DE9F04F93B00093604B07461B680D4605
:107290009B681646A3F118090BB2002BC1F30268D4
:1072A000C1F3024B04DA6FF0800013B0BDE8F08F39
:1072B0008B42C36001D10020F7E708EB0B03042BDE
:1072C000F1D8CC0F64014FEAC80A31465246D9F8CA
:1072D000040044F0020300F068F901460028E2D1FE
:1072E000202202A807F01CFB5246314602A84FEAB2
:1072F000CB0607F0F0FA32460099D9F8040044F0C2
:10730000060300F052F982460028CCD10146202223
:107310000AA807F005FB324600990AA802AE07F05A
:10732000DAFA33460AF1010AD0452AD815F0006F7F
:1073300018BF20241022002107F11C0007F0F0FAEA
:1073400007F1180A1022002107F12C0007F0E8FAD3
:107350000AEB880844F00203C2452AD1202C3FD111
:10736000002D02DBC5F3C0456C0107F128050AAE0C
:1073700005EB8B0B44F006045D4533D1009BFB67A6
:1073800099E7D3E900E21EEB020201928BD21A4682
:107390005046404501D10833C4E7D2E902C16144F7
:1073A0008E4503D201998C45FFF47DAF0130083240
:1073B000EFE77268D9F8040056F8081B019300F053
:1073C000F4F800287FF46FAF56F8042C019B4AF8BC
:1073D000042F56F8082CCAF83000CAF82020BBE762
:1073E0000024C2E77268234656F8081BD9F8040047
:1073F00000F0DBF800287FF456AF56F8043C45F85F
:10740000043F56F8083C28642B63B5E7D0B200204F
:107410002DE9F0411F46184B0C461B681646D3F861
:10742000088000F0BEF908B900F05AF8C368002BD4
:10743000FADB032CF8D800EB8404E569E36CED1A61
:10744000F2D3ADB106233A46314658F8140C00F099
:10745000ACF80028E8D1BD4228BF3D46E36CE16BA3
:107460002A461944304607F036FAE36C2B44E364AD
:107470002846BDE8F08100BFD0B20020F8B51D4617
:10748000164B0C461B6817469E68183E00F089F99B
:1074900008B900F025F8C368002BFADB032CF8D8F4
:1074A00000EB8404E26EE36A9A42F2D89B1AAB4284
:1074B000EFD3706802232A46394600F076F8064674
:1074C0000028E6D1E36EE06D2A463946184407F0FD
:1074D00002FAE36E30462B44E366F8BDD0B20020DA
:1074E00008B5FEF70EFD70B52DE91F1072B6BFF39B
:1074F0006F8FFFF75DFCEFF30B856E4600281FBF13
:10750000002282F30B88854681F30B8862B6BFF3B5
:107510006F8FB6E81F10E04772B6BFF36F8F00F0B1
:10752000E6F94FF0000282F30B88B54685F30B882D
:1075300062B6BFF36F8F70BD402010EA0E0024D0FA
:1075400001B57046FFF756FCBDE8044088421CD0E8
:1075500072B6BFF36F8FEFF309821EF020031CBFDA
:1075600022E9F00F083A80E80440B1E804401EF038
:1075700020031CBF0832B2E8F00F0B6882F30988C1
:1075800083F30B8862B6BFF36F8F70477047EFF3DA
:107590001483C1F3400181F0010161F3000383F31F
:1075A0001488BFF36F8F0020704710B5044608465B
:1075B00011460AB9002010BD18B303F00602062ACE
:1075C0001DD09A071DD508229B0648BF42F0120223
:1075D000A30758BF42F00402E40709D5EFF39483F0
:1075E000DB074CBF42F0040222F0040242F0120218
:1075F00006F0E0FF0028DDD16FF07F00DBE701221D
:10760000E2E74CF2DA20D6E710B50446FEF7E8FFD1
:10761000FFF71CF810B143F6DA3010BDFFF78AF817
:107620000028F8D1FEF7B6FE0028F4D1022323602B
:10763000F3E7884207D0830707D5C1F3400080F005
:107640000100C0B270470020704701207047EFF37F
:107650000880EFF309812DE9F00F6B467246FCF7C5
:1076600099FC08B0FEF724FFFEE7EFF30880EFF384
:1076700009812DE9F00F6B467246FCF78BFC08B0D0
:10768000FEF716FFFEE7EFF30880EFF309812DE91F
:10769000F00F6B467246FCF77DFC08B0FEF708FF62
:1076A000FEE7EFF30880EFF309812DE9F00F6B4659
:1076B0007246FCF76FFC08B0FEF7FAFEFEE7012108
:1076C00043099B0003F1604303F56143D3F8802233
:1076D00000F01F00814022EA0102C3F88022D3F8A3
:1076E0008032704700207047034610B5EFF31084D6
:1076F00072B6826B0AB9FFF7F3FE3830014602F129
:107700008400D2F88420002AF8D1086840B1D0F86B
:1077100084200A609A6B1AB91A6922F004021A616D
:1077200084F3108810BD0346F0B5EFF3108672B6EF
:10773000B0B1C26B00F13C05002420469AB960B19B
:10774000026812B1D2F880500560012C04BF18699C
:1077500020EA0101104608BF196186F31088F0BDC8
:1077600005460246E8E797683F687F698F4204BF95
:107770002846013402F18005D2F88020DEE7036854
:107780009A68DB6812F4806F05D18B4234BF6FF0CA
:10779000FA00002070478B4214BF6FF0FA000020FF
:1077A000704710B5FFF758FC0446FFF771FC50B95D
:1077B000FFF70EF9A3685B681B685B68834218BF1C
:1077C0000024204610BD0024FBE710B5044630B16C
:1077D000FFF71CFCB4EBD07F04D0FFF781FEFFF76E
:1077E000F7F8F7E710BD704738B584688278183C21
:1077F000EFF3108572B6E068236903401BD0042BB9
:1078000017D1A268520714D42369A06B23F0040394
:107810002361D0F888300B600368022B01D1FFF799
:1078200045FC0023A36300230520E36085F3108853
:1078300038BD0B60F7E700280CBF10460220F5E7C3
:1078400008B5034608B9FFF74BFEEFF3108272B696
:107850000069084008BFD96082F3108808BD08B5E8
:1078600008B9FFF73DFEEFF3108272B603691943C2
:1078700001610169C368194214BF6FF0FD00002067
:1078800082F3108808BD38B50546E0B18368D3B1EE
:107890001A68C2B15868B0B15169EFF3108372B67B
:1078A000C26BC5F88020C56383F31088FFF7D7FF4C
:1078B000042104466868FFF7C3FF002808BF6FF083
:1078C000FD04204638BD6FF08004FAE74368C0F835
:1078D0008810EFF3108272B61BB1996BC0F8841058
:1078E000986382F3108804214068FFF7B8BF10B591
:1078F000044600F046F8FFF7F9FB14F1FE0F01D043
:10790000022801D1FFF7FCFB204610BD38B5054623
:10791000FFF71AFB0446FFF7F3FB05B12C60A068E4
:10792000BDE8384000F022B808B5FEF735FE10B1CA
:1079300043F6DA3008BDFEF739FE0028F8D1FFF72C
:10794000D1FE0028F4D162B6FCF7D6FBFEF778FF33
:107950000028EDD1FEF79CFF0028EBD0E8E70446B5
:107960000D46A54628470368996270470368283387
:1079700083F30988836883F30B88BFF36F8F4068B4
:1079800070478230012808B504D8FFF72FF808B9EE
:10799000FFF7A6FD08BD07B50421072001AAFEF7E1
:1079A000D7FB98B9019B072B10D8DFE803F004112F
:1079B0000F090F0F0F0C4FF4805003B05DF804FB5C
:1079C0004FF44050F9E74FF4C040F6E70020F4E7E9
:1079D0004FF40050F1E770B505460E46FFF7E1FEA3
:1079E000044608B9FFF77CFD80680028FAD0E368F8
:1079F000991C1DD05A1C1FD1002E33D016F1820FB6
:107A00004FF0020310D135462360EFF3108672B6B3
:107A100029462046FFF75AFF86F310882368022B79
:107A20001CBF0023236070BD16F1830FEBD0D9E794
:107A3000022300252360E8E7002BD3DB002304F1B9
:107A4000280252F8041F19B1E16F156C19444D60FA
:107A50000833202BF5D1036835469B689B0544BF4E
:107A60000223236015F1810FCFD16369002BCCDB9A
:107A7000B8E708B5FEF745FA2DE9F8430E469046FB
:107A80001F460446E0B1DBB102F1080903FB09F32C
:107A90000C338B4214D10A46002106F041FF002529
:107AA000204640F80C5B10B123680360206001356C
:107AB000AF424844F7D10020C4E90186BDE8F8830D
:107AC0006FF0F800FAE70022A1F1080341F8042C56
:107AD00028B108291EBF026841F8082C03607047CE
:107AE000F7B50D46164604461F46FEF77FFFFFF723
:107AF0006CFE2146024601A8FEF78CFF68B93B46A2
:107B0000324629460198FFF7BBFB40B1630002D51E
:107B10000198FFF7CBFA6FF0800003B0F0BD019839
:107B2000FFF7B1FE0122019B1A60F6E740F2011057
:107B3000704770B50546FEF759FF06462846FEF722
:107B4000F1FE044608B9002070BD014632462846C1
:107B5000FEF7FEFE0028F6D12368D868F4E738B5B2
:107B60000C461546FFF71DFE08B9FFF7B9FCC368C0
:107B7000002BFADB032CF8D800EB8401CC6CCB692A
:107B8000181BF2D320B1A84228BF28460444CC6475
:107B900038BD3C464154414C204552524F523A2048
:107BA000003C486172644661756C740A003C4D6526
:107BB0006D4D616E616765206661756C740A003C8D
:107BC0004275734661756C740A003C557361676554
:107BD0004661756C740A003C536563757265466155
:107BE000756C740A003C5265736572766564204555
:107BF0007863657074696F6E203078253038780A44
:107C0000003C506C6174666F726D206578746572AB
:107C10006E616C20696E746572727570742028498B
:107C200052516E293A203078253038780A001442B3
:107C30006F6F74696E672054462D4D201B5B313B7E
:107C400033346D76322E332E302A2A1B5B306D0A88
:107C500000144275696C74201B5B313B33346D53E7
:107C6000756E203233204175672032303236203134
:107C7000383A32303A3032205554431B5B306D0A6B
:107C8000003C556E6B6E6F776E2053504D205356EF
:107C900043207265717565737465643A2030782588
:107CA0003038780A003C556E6B6E6F776E205356F5
:107CB00043206E756D6265722072657175657374AF
:107CC00065643A203078253038780A003C506C6181
:107CD00074666F726D20457863657074696F6E3A73
:107CE0000A002857726974696E672072616E646F4A
:107CF0006D20486172647761726520556E69717597
:107D000065204B65797320746F20746865204B4D36
:107D1000552E0D0A0028537563636573730D0A00B1
:107D20002850696E732068617665206265656E20F3
:107D3000636F6E6669677572656420617320736531
:107D4000637572652E0D0A00284750494F20706FE9
:107D500072743A203078253038780D0A002850693E
:107D60006E3A203078253038780D0A003141000015
:107D70005D57000055440000614100007557000048
:107D8000815700006943000061570000494100002D
:107D90005541000071410000675700006B5700001B
:107DA00071570000060000000800000207000001F3
:107DB000090000030402020200A0105000820D50CE
:107DC0000004055000860D50000000000000000077
:107DD0000338FDD87047000000000000D35D0000AC
:107DE000254B0000D75D000000000000A94B0000FB
:107DF000614B0000DB5D000000000000000000009F
:107E00001D4B000000000000FD01000000100000FC
:107E10000400000004000000FF00000000008000DB
:107E2000010000010107000000000450000008509C
:107E300000000C5000001050010000000200000083
:107E40000400000000A0080000A00800FF4F1F0071
:107E5000E00400002005000000501F00FFCF1F00BD
:107E6000000004500000085000000C5000001050AA
:107E70000060055000C0085000600E5000F0105027
:107E800000008000010000010107000058AD002043
:107E900028AD0020BC060000816C0000A16C000031
:107EA00008B572B60C4A0D4B9A600D4B83F30988E6
:107EB0000C4B83F30A8883F30B880B4B04A1D1E9A5
:107EC0000001C3E90001FBF7E7FF00F09BF800BFEA
:107ED000A5EDF5FEA5EDF5FE0000000000ED00E0CB
:107EE0005808002060000020580800200000000012
:107EF00077B4CDE90001184E009D1146B5421846F1
:107F00000BD00136B54213D0023EB54214D0DDE9A4
:107F1000000103B070BC03F07DBA09A3D3E90023CC
:107F2000C0E9002300200D4B0B6003B070BC70470C
:107F300005A3D3E90023F3E705A3D3E90023EFE783
:107F400002C0FF7F0000000003C0FF7F00000000B0
:107F500001C0FF7F0000000002C0FF7F03004E80D1
:107F6000009A074B9A4208D110B500F07BF806F052
:107F700081FB06BC96460C46744700F0B9F8000039
:107F8000A5EDF5FE009A074B9A4208D110B500F016
:107F900071F806F06FFB06BC96460C46744700F07D
:107FA000A7F80000A5EDF5FE0CB4029A084B9A4222
:107FB0000CD14FF0004319430CBC10B500F062F82F
:107FC00006F058FB06BC96460C46744700F090F845
:107FD000A5EDF5FE009A044B9A4202D103490868C8
:107FE000744700F085F80000A5EDF5FEA02901001A
:107FF000009A034B9A4200D1744700F079F80000D0
:10800000A5EDF5FE10B5134B13498B4215D3002097
:10801000124B13498B421BD300210846FEF7E8F8A8
:10802000FEE7186850F82240586840F822400132B4
:1080300098689042F5D80C33E7E70022F8E71C680F
:1080400044F8220001325C689442F8D80833E1E732
:108050000022F8E7203E0000443E0000443E0000BD
:10806000643E0000024B1B685B689B68184700BFBA
:1080700060080020024B1B685B685B68184700BF04
:108080006008002010B4034C246864682468A44687
:1080900010BC604760080020024B1B685B68DB680F
:1080A000184700BF60080020024B1B685B681B6913
:1080B000184700BF6008002010B4034C24686468AF
:1080C0006469A44610BC60476008002010B4034CEB
:1080D00024686468E469A44610BC60476008002016
:1080E000024B1B685B681B6A184700BF60080020D2
:1080F00008B5024B1B685B685B6A98476008002004
:108100002DE9F04F89B01C469DF8483006460F46D1
:108110009246F3B112783C2A19D00A3AD2B2282AF0
:1081200098BF624B4FF0010098BF53F822204FF0E8
:10813000000388BF0022CDE90230CDE9003330468C
:1081400006F01DFC20223946304606F00CFC0AF1F0
:10815000010A4FF00009CB46C846002511E0BDB921
:10816000252B00F09B800A2B06D10D223946304684
:10817000079306F0F8FB079B1A463946304606F08F
:10818000F2FB1AF8013B002BE9D109B0BDE8F08FF2
:108190007A2B08D8682B0ED8302B74D036D8252BE4
:1081A00076D02D2B7FD000230122CDE90033CDE9FD
:1081B00002323F4A62E0693B112BF4D801A252F827
:1081C00023F000BF2F820000A7810000A7810000DC
:1081D00083810000A7810000A7810000A781000023
:1081E000A7810000A7810000A78100006B8200002A
:1081F000A781000039820000A7810000A78100004C
:1082000059820000A781000083810000582B28D0EC
:108210000BD8A3F13102082AC5D808EB8808303BF7
:1082200003EB48031FFA83F8ABE7642BBBD10123B0
:108230000025CDE9033502E00025CDE903550A23E9
:10824000CDE90193CDF800B043463946304654F8A5
:10825000042B06F0D5FB94E7002504951023039525
:10826000EEE7012300250493F8E720230121CDE95F
:1082700002310023CDE9008954F8042B39463046F9
:1082800006F07DFB69E7B8F1000FC6D1AB4678E791
:108290001A463946304606F066FB5EE7A946AB460D
:1082A000A84601256DE7A9466BE700BFA429010098
:1082B000A92C0100014B1B68184700BFC4AB00206C
:1082C000014B1B68184700BFC0AB0020024B186071
:1082D000024B002019607047C4AB0020C0AB0020E7
:1082E000014B186000207047BCAB002010B50A4657
:1082F000044619B1024B00211B68984710BD00BF0E
:10830000482A0100054B5A78022A04D11878C31F65
:108310005842584170470020704700BF8CB700207A
:108320000E4B0340B3F1607F06D1B1F5885F0CBFFF
:1083300000206FF086007047B3F1707F0BD101F41D
:10834000E043B3F5005F06D111F4E06F14BF0020E5
:108350006FF0860070476FF0860070470000C07FA6
:10836000914270B506460C465CD021F4FF738749F4
:1083700023F001038B4213D0854824F0FF01814292
:108380000ED024F47F7525F00305A0F570608542BA
:1083900006D000F5A060814202D07E498B4243D1D5
:1083A00014F0FF01794804D124F48063834240F043
:1083B000E88022F4FF7323F00103834214D0744D4C
:1083C00022F0FF00A8420FD022F47F7626F00306A9
:1083D000A5F57065AE4207D005F5A065A84203D0AB
:1083E0006C48834240F0CD8012F0FF0305D167480E
:1083F00022F48065854240F0C48084EA0200FF28B0
:1084000000F2BF8021B1644841F00071814209D07F
:10841000002B00F0B680604943F000738B420CBF24
:1084200022460022104670BD04F0FE43B3F1A06F57
:108430002AD102F0FE43B3F1A06F40F0A28084EA9B
:10844000020333F47E1340F09C802504C4F30543FB
:10845000C2F3054002F400410ED549B1834238BF52
:10846000034624F47E1242EA034242F40042D9E772
:10847000834288BF0022D5E7002900F08480834230
:108480002CBF22460022CDE7B3F1407F79D102F024
:10849000FE43B3F1407F74D184EA020333F47E13C8
:1084A0006FD131462046FFF73BFF002869D114F415
:1084B0007C1518D0C4F3054512F47C1330D0C2F3F8
:1084C0000543200402F400414BD5002945D0AB42BE
:1084D00038BF2B461B0403F47C1324F47E1423437F
:1084E00043F400429EE72D4B2340B3F1607F0AD155
:1084F000E3B243F0007303F17E43033B122BDBD85E
:108500002749CD5CD8E7B3F1707FD5D106F4E043BD
:10851000B3F5005F02BF0125C6F302239D40CBE700
:108520001E491140B1F1607F0AD1D1B241F0007112
:1085300001F17E4103391229C3D81A4B5B5CC0E7B5
:10854000B1F1707FBDD106F4E041B1F5005F02BF2B
:108550000123C6F30226B340B3E79D4288BF002241
:1085600060E721B19D422CBF224600225AE79D427E
:1085700009D12D0405F47C1524F47E1445EA040287
:1085800050E700224EE70A464CE700BF0002000613
:108590000013000600460006FF0000020000C07F36
:1085A000472F0100472F01008A42F8B506460D46C5
:1085B00000F00A8101F0FE41B1F1C06F61D1884C39
:1085C00022F4FF7121F00101A14222F0FF0014D03A
:1085D00004F58854A04210D022F47F7626F00306DA
:1085E000A4F57064A64208D004F5A064A04204D0AB
:1085F00004F57454A14240F0EB80D1B2784E19B921
:1086000022F48061B14224D125F4FF7424F00104E6
:10861000B44225F0FF0112D0724EB1420FD025F4C2
:108620007F7727F00307A6F57066B74207D006F5F7
:10863000A066B14203D006F57456B44209D115F0D4
:10864000FF0406D0684E44F00074B44204BF0246F2
:108650000D468BB122F4FF7323F00103B3F1062F13
:1086600006D0624B22F4FF6121F00701994203D149
:1086700022F4807225F48075954214BF00200120F9
:10868000F8BDB1F1A06F16D102F0FE43B3F1A06FB7
:1086900040F0888082EA050333F47E1340F0828044
:1086A00028047FD5C5F30540C2F3054290428CBF34
:1086B00000200120E4E74E4B9D4209D1A3F5004381
:1086C0009A4200F081804B4B22F47E109842D4E70E
:1086D000B1F1407F60D102F0FE43B3F1407F5BD146
:1086E00082EA050030F47E1456D131462846FFF761
:1086F00017FE00286AD1404912F47C1701EA0201F2
:1087000013D0B1F1607FC2F3054333D1D1B241F050
:10871000007101F17E410339122901D83748445CC8
:1087200015F47C1F2DD19C42A7E7B1F1607F0AD1DF
:10873000D3B243F0007303F17E43033B122B4BD8BB
:108740002F49CB5CE2E7B1F1707F17D106F4E0432B
:10875000B3F5005F42D10123C6F302218B4006F43A
:10876000E041B1F5005FDBD10120C6F3022600FA3B
:1087700006F4D5E7B1F1707FD2D1F0E700242346AB
:10878000CEE71FB9C5F30541A1421DD0290403D589
:10879000C5F3054098428AE71A4B9D4202D1B2F1D7
:1087A000082F6AE725F0004323F47F03B3F1106F2D
:1087B0000CD102F0FE43B3F1106F07D11248104004
:1087C00040F01060A84258E7012059E7002057E721
:1087D000002B7FF446AF4FE7002397E70023BEE767
:1087E0000002000600130006FF0000020040000621
:1087F0000093C004000140050000C07F472F010026
:10880000472F01000002C0030000FFF60E4A20F4CB
:108810007E13934210D002F5807293420ED0B3F1D2
:10882000052F0DD0094A93420CD0094802F58072F9
:10883000934218BF002070470648704706487047AB
:1088400006487047064870470001400500060005CD
:108850000007100500015005000250050005100535
:108860000006100500F0FE43B3F1A06F10B52DD146
:10887000184A20F4FF7323F00103934213D01649E2
:1088800020F0FF028A420ED020F47F7424F003040B
:10889000A1F570618C4206D001F5A0618A4202D038
:1088A0000E4A93420BD110F0FF0007D00C4B40F062
:1088B000007098420CBF6FF08600002010BD10F4CD
:1088C000004F14BF6FF086000020F7E76FF08600BE
:1088D000F4E700BF00020006001300060046000691
:1088E000FF000002436810B5002B53D003F0FE4296
:1088F000B2F1106F02BF23F01F6323F4702343F023
:1089000000634C1C02D0427A520743D42E4A23F013
:10891000FF04944231D140F20223994213D00BDC80
:108920004B1C20D040F20113994209D1037ADC0696
:1089300030D443F010030CE040F2032399420AD0F4
:108940006FF086000EE0037A13F0180F22D143F087
:108950000803037205E0437A99071BD443F002032E
:108960004372002010BD038903F40473B3F5047F40
:1089700010D1437A43F00403F2E7B3F1082F20D17A
:1089800040F20123994214D007DC4A1CCAD1037A71
:10899000DB06EED46FF08800E4E740F2062399424C
:1089A000CED1037A03F09002102AF3D143F0800372
:1089B000CFE7037A03F0D002102AEBD143F0400353
:1089C000C7E76FF08500CDE70001000838B50379EF
:1089D00004460D4663B9D4E9050185E80300237F09
:1089E0000020012B13D0C5E900006FF096000DE0C8
:1089F0004369084A03F14043A3F580539342EAD9FF
:108A0000D0E9091207F0F1F90028E4D038BD0223BB
:108A10002377FBE7FFDFFF3F08B5FFF7F7FE0D4BBE
:108A2000984208D00C4B98420ED1002914BF002068
:108A30006FF0860008BD0C2909D008290CBF6FF023
:108A400085006FF08600F5E76FF08500F2E7002003
:108A5000F0E700BF00051005000250052DE9F347BF
:108A6000CDE90001DDE9000191461D460A9C00F0B8
:108A700099FF0646002851D1D9F80070B7F800A038
:108A80000AF4E043B3F5804FBB6808BF25F0010549
:108A900035EA03033AD1002C40D0B5F5006F41D040
:108AA000A5F5005255425541284A24F4FF7323F09E
:108AB0000103934213D0264924F0FF028A420ED0CC
:108AC00024F47F7020F00300A1F57061884206D085
:108AD00001F5A0618A4202D01E4A934224D114F0CB
:108AE000FF0304D01C4A43F00073934223D02B466B
:108AF00022465046F968FFF757FD804670B92B466D
:108B0000224650463969FFF74FFDE8B96FF08406F9
:108B100000233846C9F8003007F018F9304602B093
:108B2000BDE8F0870125BFE704F0FE43B3F1407FC5
:108B300004D12304DBD56FF08606E9E7B3F1A06F1B
:108B4000F7D0054B9C42D1E74646E7E70002000616
:108B50000013000600460006FF00000238B500F0D2
:108B6000FE43B3F1407F04460D4602D06FF086000D
:108B700038BDFFF7D5FB0028F8D114F47C1F18D0BE
:108B8000C4F30543032B137022D9224A2240B2F1C9
:108B9000607F31D1E4B244F0007404F17E44033CC0
:108BA000122CE3D81C4A125D9342DFD8202BDFD968
:108BB0000EE0184B2340B3F1607F0FD1E3B243F0D6
:108BC000007303F17E43033B122B04D9002313707F
:108BD0006FF08500CCE71149CB5CD3E7B3F1707F30
:108BE000F4D101F4E043B3F5005FEFD10123C1F309
:108BF00002218B40DBB2C5E7B2F1707FB6D105F43C
:108C0000E042B2F5005FB1D10122C5F30225AA40CE
:108C1000CAE700BF0000C07F472F0100472F0100B7
:108C200030B585B00446CDE9000190B3DDE900011F
:108C300003AA00F0B7FE044658BB039B1A7F022A22
:108C40002AD103221A771A79FF2A28D062B15A69E9
:108C5000144902F14042A2F580528A4204D9D3E974
:108C6000050107F0A4F8044603980E4A436903F18E
:108C70004043A3F58053934203D801F0F9FA054627
:108C800004B12546039807F04CF8002814BF0446A9
:108C90002C46204605B030BD6FF09605F2E76FF028
:108CA0008405EFE7FFDFFF3F2DE9F0411E4600237B
:108CB00088B00F46054601889046C6E90033059303
:108CC0000792002A5BD0B2F1005F80F0958021F01E
:108CD000FF03B3F5E24F02D0B3F5824F1BD1284614
:108CE00005F006FF044600287AD1EB683BB16A889C
:108CF0002AB1CBB2222B36D02CD8122B38D03A4600
:108D0000002308EB070112F8010B8A4243EA000333
:108D1000F9D1002B33D0284605A905F0B8FF044649
:108D2000A0B9059B9B6A6BB3059B39465A882846B8
:108D3000069206AA029203F1280201929A6A009210
:108D40005B6A424601F038F8044680B3059806F0A5
:108D50007DF845E0273BDBB21B2BD0D8284921FA10
:108D600003F3DB07CBD50732B8EBD20FC7D206E04F
:108D700040F209239A42F6D1B8F1400FBFD86FF004
:108D800086042DE06B681B0A07D10799059805F04A
:108D9000F5FF04460028C7D0D8E7424639462846A2
:108DA00007AB00F0B1FF04460028EED0CEE70598EF
:108DB000069B4288C2B943804FF6F872934218D896
:108DC0002B8813B102889A4210D16B8813B1428864
:108DD0009A420BD13146FFF7F9FD04460028B5D180
:108DE000204608B0BDE8F0819A42E5D06FF08604D5
:108DF000ACE76FF08504A9E76FF08504F0E700BFEA
:108E00000102000CF0B506461D46002387B09DF90F
:108E1000307002A880E806003268012F059314BF65
:108E20004FF400734FF48073002A6DD105F0FE42B9
:108E3000B2F1806F6BD1009505AA03C8FFF70EFE53
:108E4000044600283AD13379324A23F0030395428D
:108E500018BF43F001033371059B1B8803F4E04204
:108E6000B2F5005F35D113F4E06F32D02A4925F412
:108E700080728A420AD001F500718D4206D02749DE
:108E80008D4203D0A1F53F418A4222D1C3F3022291
:108E900001239340DBB24FF49C720021737106F101
:108EA000080005F03DFD0599012FD1E90923304661
:108EB000009526D101F08CF8044610B1304606F03A
:108EC000D7FA059806F042FF002C18BF204607B0DD
:108ED000F0BD42F20402934204D1114B9D4208D1ED
:108EE0000C23D8E742F20702934202D10C4B9D4279
:108EF00005D00C4B9D420CBF0D230023CBE718235C
:108F0000C9E701F07DF8D7E76FF08804D6E76FF086
:108F10008604D3E7004440040010C00400FF40046E
:108F2000000180040013C0042DE9F0411F46002316
:108F30008AB0099302F0FE4306ADB3F1806F144688
:108F400085E80300DDF84080139E11D06FF08605A0
:108F5000099806F0FBFE002814BF02462A46104678
:108F60003368D11723EA010333600AB0BDE8F0810A
:108F7000009295E803004FF4007309AAFFF76EFD15
:108F800005460028E4D10998038803F4E042B2F5CD
:108F9000005F17D10122C3F3022113F4E06F02FA3C
:108FA00001F20FD01A4D24F48071A94212D005F5B8
:108FB0000075AC420ED0174DAC420BD0A5F53F4525
:108FC000A94207D042F20402934213D1124B9C42B1
:108FD00017D10C224245B9D8129B04960393119BDA
:108FE0000097CDE901832346D0E9091200F0CAFFBA
:108FF0000546ADE742F20702934202D1064B9C427E
:1090000004D0064B9C42E7D10D22E3E71822E1E7AA
:109010000010C00400FF4004000180040013C004DD
:10902000F0B587B002AC84E80C0000230C9E054626
:1090300030460F460593FFF715FC98B16FF0860494
:10904000059806F083FE0146002C59D13046FFF703
:10905000DDFB0C462B7D686067F304132B752046FF
:1090600007B0F0BD2B68002B47D1297D11F00F010F
:1090700043D14FF46A7205F1180005F051FC002F3E
:10908000009694E803000CBF4FF400734FF4807314
:1090900005AAFFF7E3FC04460028D1D11A4926F4BB
:1090A0007E128A42C6F3054321D018498A4205D070
:1090B000B2F1052F1BD06FF08504C1E7043BDBB292
:1090C0000C2BBBD841F6117222FA03F3DB07B5D59E
:1090D00005992846D1E9092300965FB101F02AF8E5
:1090E00004460028ACD1059B1B882B81A8E7102BD8
:1090F000EED0A3E701F034F8F2E76FF088049FE7C1
:10910000284606F0C5FAAAE7000600050002400559
:109110002DE9F743DDF8289007460D461646984698
:10912000FFF7E0FB0446B8B97B68B3F1082F1AD10A
:1091300040F20112954228D1338823F0FF03B3F5A2
:10914000105F32D14346324629463846CDF800906A
:1091500006F0EDFF044610B1384606F0A9FB2046A4
:1091600003B0BDE8F083324A23F0FF0191420CD1F5
:1091700040F20112954208D13188B1F5885FE1D003
:10918000B1F5905FDED049BBDCE740F20122CEB3FF
:109190009542318814D00BD8B5F5817F16D040F2B6
:1091A000011025F00202824214D06FF08604D3E74A
:1091B00040F202239D4220D0A5F20323032BF4D8D2
:1091C00041F201039942BDD071B1EEE741F20322B1
:1091D0009142B7D0B1F5905FB4D029B1B1F5105F2D
:1091E000E3D1B3F1082FE0D1002EABD14B4642467C
:1091F0002946384606F08FFFACE741F20623994234
:10920000DED19FE79542F1D009D8B5F5817FEDD049
:1092100040F2011225F002039342C6D1E6E740F284
:1092200002239D42E2D0A5F20323032BDED9BCE743
:1092300000070008F8B5476806460D46002F46D1DE
:1092400021F0004323F47F03B3F1106F42D001F00B
:10925000FE43B3F1106F26D121F01F6424F4702473
:1092600044F0006400214FF4886206F1100005F01C
:1092700057FB2146304606F03CFF98B9174A24F4C4
:109280009F6323F007039342756011D1E4B244F069
:10929000007404F17E44033C122C9CBF104B33F845
:1092A0001470F760F8BDB3F1006F13D10C46D9E725
:1092B0000C4B24F0FF029A4202D0B4F1082F03D1E4
:1092C0006FF06043F360EDE74FF0FF33FAE76FF0C4
:1092D0008800E7E76FF08600E4E700BF00010008C0
:1092E000002C010000070008F8B51E4640F20523D7
:1092F00099420546174605D06FF08604284606F0C9
:10930000D7FA1CE0FFF7EEFA04460028F6D16B68A6
:109310000D4A23F0FF01914203D002F5807293427F
:1093200003D157EA0603E7D05EB93A46334640F226
:109330000521284606F009FF04460028DED1204614
:10934000F8BD6FF08504D9E700018008F0B58DB055
:109350000E4606A981E80C004368054603F0FE426C
:10936000B2F1106F45D100930AAA4FF4804303C9AC
:10937000FFF774FB044600282FD16A681E4B0A9839
:1093800013400BAA049201220392139A09AF01928F
:10939000129A0297009243F01063D0E909128DF8F7
:1093A00024400B9406F0EEFE044640B90B9B0246A7
:1093B000009331463B462846FFF7AAFE044638464E
:1093C0000B99FEF793FF5CB1284606F071FA0A98F4
:1093D00006F0BCFC002C08BF044620460DB0F0BDD2
:1093E00040F201139E4202BF2B7A43F001032B721D
:1093F000EDE76FF08604F0E70000FFF610B50446D5
:10940000FEF780FF30B10A4604482146BDE810400F
:1094100006F0C3BE6FF0880010BD00BF90B70020FB
:109420002DE9F0479946002390B00B9302F0FE43DC
:1094300008ACB3F1806F1646DDE9197A84E80300C1
:10944000DDF86C800ED06FF086040B9806F07EFC81
:10945000002C40F08B8010B10023C8F8003010B011
:10946000BDE8F087009294E803004FF480730BAAE4
:10947000FFF7F4FA04460028E7D10B9B1A8802F4A0
:10948000E043B3F5005F1BD112F4E06F18D0384908
:1094900026F480738B420AD001F500718E4206D00B
:1094A00034498E4203D0A1F53F418B4208D10125BA
:1094B000C2F302229540102D0AD96FF08304C4E74D
:1094C00042F204039A423DD12B4B9E4241D10C25DE
:1094D000002FB8D0AA4546D329460CA8FFF78EFF27
:1094E00004460028B1D14F453BD07A19AAEB0503B9
:1094F000CDE90423189B0B98CDE902930DF1300AB6
:10950000CDF818800195CDF800A03346D0E90912B6
:1095100000F016FD0446002897D1002D95D04F4548
:1095200005D13946D8F80020781905F098F92A466F
:109530005146384605F0CFF9D8F800302B44C8F82A
:10954000003082E742F207039A4202D10A4B9E4260
:10955000B3D00A4B9E4201D10D25B9E73A4600250A
:10956000C4E73A46C2E76FF089046EE7204673E726
:109570000010C00400FF4004000180040013C00478
:10958000002273B503880092C1E900224288044694
:109590000D46002A00F0F28003F4E042B2F5804F5D
:1095A00000F0EC8023F0FF03B3F5E24F02D0B3F5F7
:1095B000824F04D1204605F09BFA0646F0B9694671
:1095C000204605F064FB0646002840F0CD80009B55
:1095D0009B6AB3B10099204601F12803D1E9091231
:1095E00000F0C2FB06460098002E40F0C1802946DC
:1095F000FFF7ECF90646002840F0B680304602B08E
:1096000070BD63681B0A40F0A780228861881046FD
:1096100005F062FA002800F0AE80104605F076FBF7
:109620000646002840F0A08047F201039A420ED17E
:109630004B080133DB0803EBC3033B330193DDE944
:10964000000105F09BFB06460028C3D08CE044F2E5
:1096500001039A4202D1CB081033EFE722F0FF0357
:10966000B3F5E84F03D1CB1DDB085B00E6E7B3F5AC
:10967000884F05D1CB1DDB0803EB43030133DDE746
:10968000B3F5EE4F66D0B3F58E4F02D1CB1DDB089C
:10969000D4E702F44F40B0F5824F02D0B0F5884FC6
:1096A00006D1D0B2422801D1CB08E7E74128EDD05E
:1096B000B3F5E24FEAD0B3F5824F03D1CB1DDB08FF
:1096C0005B00DBE744F20D039A4223D844F2010326
:1096D0009A42DBD9A2F58042023A0B2AD6D801A3DE
:1096E00053F822F0299700008D960000359700006E
:1096F0008D9600008D9600003D9700004597000074
:109700008D9600008D9600004D9700008D9600000C
:109710004D97000047F202039A421BD047F2040320
:109720009A42B3D1402389E74FF4A0724B095343C7
:10973000203383E74FF4C0720B0AF8E7CB1DDB0838
:1097400018337BE7CB1DDB081C3377E7CB1DDB0829
:1097500002338AE7202371E7204601A900F0ECFAE2
:10976000064600283FF46BAF009805F06FFB45E715
:1097700005F044FBF8E76FF08506F5E76FF0860625
:109780003CE700BF10B5124C2378590744BF03F0E3
:10979000FB0323709A0705D500F0A8F8237823F07F
:1097A00002032370637813B10A4806F0F9FC002322
:1097B000042108486370FEF799FD2378DB0705D57F
:1097C00006F0BCFB237823F00103237010BD00BF1B
:1097D0008CB7002090B7002038B5FEF793FDD0B9C4
:1097E000164D2B78980707D400F078F82B780446AC
:1097F00043F002032B70C8B9D90707D406F09CFBCD
:109800002B78044643F001032B7078B96B782BB1A9
:109810002B785A070DD50024204638BD084806F09D
:10982000B9FC022304466B700028F1D0FFF7AAFFB1
:10983000F2E743F004032B70EDE700BF8CB7002084
:1098400090B7002073B502AB03E9030000F1404379
:109850001F2B14460D46024613D82C211D4801FB30
:109860000300037F022B22D143699A421FD18369EF
:109870009D421CD10146084606F046FA18BB2160FD
:109880001FE06FF040410138884213D2114B002194
:1098900018461E7F022E05D15E69B24202D19E6932
:1098A000B54213D00131202903F12C03F1D16FF01F
:1098B0008B0006E00849A3F580538B42E6D96FF090
:1098C000870002B070BD6FF09600FAE72C2303FB0F
:1098D0000101D0E794B70020FFDFFF3F0122024BD8
:1098E000002083F88025704794B700202DE9F041CF
:1098F0000A4C002526464FF0010803272046C4F8ED
:1099000020802777013505F084FA202D04F12C04FE
:10991000F4D1002386F88035BDE8F08194B70020AB
:10992000F8B51E4D064695F880350F467BB30024EA
:109930002B462246197FD1B13CB9022905D1196ABB
:1099400019B91979002918BF1C460132202A03F1E0
:109950002C03EFD114B96FF08C0006E0204606F01E
:10996000D3F9204605F055FA10B100240DE01C464D
:10997000237F7BB90123237736B1094B651BAD10DB
:109980005D4305F18045356000203C60F8BD6FF017
:109990008800EAE76FF09600E7E700BF94B7002081
:1099A000A38B2EBA2DE9F0410027684B92B01760C7
:1099B00093F8803502AE154686E80300002B00F0D0
:1099C000C28096E80300FFF73DFF10F18C0F0446BC
:1099D00040F0A18029463846FFF7A2FF0446002840
:1099E00040F0998096E8030001232F681C2207F1BC
:1099F000140888E803007B6021460BA804F090FF60
:109A000000220023CDE908237B69514A03F140433A
:109A1000A3F580539342CDE90644059422D898E8F3
:109A2000030008AB05AA06F0BEFB0446B8B9D7E9A7
:109A30000523DDE90801CDE91023059B0BAA0C9352
:109A400013F0FF0308BF10930023CDE9003300F0AB
:109A500047FA10F18A0F044611D000284FD014F1B4
:109A60008C0F4ED100236FF040422E6808930B9369
:109A70007369013B934252D36FF08B0441E006A916
:109A80000BA800F059F904460028E8D13846069999
:109A900005F074F904460028E1D1DDE9080107ABBF
:109AA0000193BB6A0BAA00937B6A00F019FA044683
:109AB00018B1384605F0A2F9D1E73C46079B0BAE3A
:109AC000BB620FCE0FC496E8070084E80700286841
:109AD0008368D90444BF43F4806383609A0444BF1D
:109AE00043F400638360037F012B04BF02230377E9
:109AF00006F00AF9044670B16FF0960409E06FF0C1
:109B00009604286805F085F914F18C0F08BF6FF0F2
:109B1000870400232B60204612B0BDE8F081304658
:109B20000BAA08A906F0B6F9044628B930460B9AE4
:109B3000089905F036F904460B99089806F0A8F93B
:109B4000002CC4D0DDE76FF08804E4E794B7002070
:109B5000FFDFFF3FF7B515460E46074608221846B9
:109B600029491C4604F0B7FE042200230DEB020134
:109B700004F10800019304F0AEFE04226B680DEBC3
:109B8000020104F10C00019304F0A5FE2B8801A949
:109B9000022204F11000ADF8043004F09CFE6B8842
:109BA00001A9022204F11200ADF8043004F093FE82
:109BB0000422AB680DEB020104F11400019304F0E0
:109BC0008AFE0422EB680DEB020104F118000193F8
:109BD00004F081FE04222B690DEB020104F11C004C
:109BE000019304F078FE042204F120000DEB020141
:109BF000019604F070FE3246394604F1240003B0A9
:109C0000BDE8F04004F067BE5A2F01002DE9F7438C
:109C1000232904460F46914698460A9E05D86FF0C0
:109C20009805284603B0BDE8F0830822354908F0BE
:109C30006BFD05460028F2D1042204F108010DEB6A
:109C4000020004F048FE019B002BE8D1042204F13D
:109C500020010DEB020004F03EFE0199243F8F42EB
:109C6000C8F80010DBD3B1F5005FD8D2002938D195
:109C7000C9F80050042204F10C010DEB020004F0BD
:109C80002AFE019B0222736004F1100101A804F076
:109C900022FEBDF804300222338004F1120101A833
:109CA00004F019FE0422BDF8043004F1140173809D
:109CB0000DEB020004F00FFE0422019B04F11801D9
:109CC000B3600DEB020004F006FE0422019B04F1D8
:109CD0001C01F3600DEB020004F0FDFD019B3361FC
:109CE0009FE70120FEF7E6FAC9F8000030B1D8F886
:109CF000002004F1240104F0EEFDBBE76FF08C05B9
:109D00008FE700BF5A2F0100194610B400244368A2
:109D10000C60074C1A0AB4EB132F02D0054B9A4281
:109D200002D110BC00F09CBC6FF0860010BC7047E4
:109D3000004E80004B4E800010B4002443680C603D
:109D4000074C1A0AB4EB132F02D0064B9A4202D1E9
:109D500010BC00F085BC6FF0860010BC704700BFDF
:109D6000004E80004B4E80002DE9F04145680446CE
:109D70002D0A0E461746984606D00E4CA54214D022
:109D80006FF08600BDE8F08105886D0407D4434676
:109D90003A4631462046BDE8F04105F0A2BF00F04A
:109DA0004BFF10F1860FEDD1F1E7BDE8F04100F077
:109DB00043BF00BF4B4E80002DE9F04FD0F804E0C8
:109DC000DFF87CB085B0BBEB1E2F0446DDE90E89C1
:109DD0000D4616461F46DDF840A04FEA1E2C1CD04B
:109DE000DFF860E0F44518D0BCF1000F22D1CDE9D6
:109DF000019ACDF8008000F0C1FE10F1860F1BD152
:109E00003B46324629462046CDE90F9ACDF83880A8
:109E100005B0BDE8F04F04F0D4BF3B4632462946BA
:109E20002046CDE90F9ACDF8388005B0BDE8F04F57
:109E300000F0A4BE6FF0860005B0BDE8F08F00BF53
:109E4000004E80004B4E8000F0B44468DDE90456BB
:109E5000240A06D0084FBC4208D0F0BC6FF0860040
:109E60007047CDE90456F0BC05F012B8CDE90456B0
:109E7000F0BC06F007BB00BF4B4E80002DE9F74356
:109E80000D46DDE90A891646134942681F46B1EBC3
:109E9000122F04464FEA12230ED0104A934200D0EC
:109EA000ABB93B46324629462046CDE9008900F051
:109EB00049FE10F1860F0CD13B463246294620461A
:109EC000CDE90A8903B0BDE8F04300F03BBE6FF076
:109ED000860003B0BDE8F083004E80004B4E80004A
:109EE000F0B4DFF82CC05468DDE90456BCEB142F45
:109EF0004FEA142702D0074CA74204D1CDE90456FB
:109F0000F0BC00F0EDBE6FF08B00F0BC704700BFFE
:109F1000004E80004B4E8000F0B44768074EDDE9EC
:109F20000445B6EB172F04D1CDE90445F0BC06F08B
:109F3000E0BA6FF08600F0BC704700BF4B4E800067
:109F40002DE9F0474468DDF83890240ADDE9085629
:109F5000DDE90A7CDDE90CE803D0DFF824A05445F4
:109F60000AD1CDE90D89CDE90BCECDE90967089578
:109F7000BDE8F04701F0C8BF6FF08600BDE8F0878C
:109F80004B4E80002DE9F0434568DFF83C90DDF84A
:109F90002C80B9EB152F4FEA1524DDE90767DDE9C1
:109FA00009CE03D0094DAC4200D044B9CDE90AE84E
:109FB000CDE9087C0796BDE8F04301F0EFBF6FF0F4
:109FC0008600BDE8F08300BF004E80004B4E80004D
:109FD00037B504464868000A02D0084DA8420AD1A5
:109FE0000698009004F1080001F04CFD08B9052323
:109FF000236003B030BD6FF08600FAE74B4E80005F
:10A0000037B504464868000A02D0084DA8420AD174
:10A010000698009004F1080001F066FD08B90523D8
:10A02000236003B030BD6FF08600FAE74B4E80002E
:10A0300070B4074EDDE90345B04204D0CDE90345D5
:10A0400070BC06F0E8B96FF0850070BC704700BFC7
:10A0500005000002074B10B59942044606D00430B3
:10A0600006F0FBF908B90523236010BD6FF08500E9
:10A07000FBE700BF050000022DE9F74F0C9CDDE96E
:10A080000D5601944468DDE90F7C240ADDE911E8EE
:10A09000DDE9139A03D0DFF830B05C450ED1019CA6
:10A0A000CDE9139ACDE911E8CDE90F7CCDE90D5644
:10A0B0000C9403B0BDE8F04F02F046BB6FF0860091
:10A0C00003B0BDE8F08F00BF4B4E80002DE9F74F85
:10A0D0000C9C4568DFF854B000940D9CBBEB152F29
:10A0E0000194DDF850A04FEA1524DDE90E67DDE9A3
:10A0F00010CEDDE9128903D00D4DAC4200D07CB901
:10A10000019CCDE9139A0D94009CCDE911E8CDE9AD
:10A110000F7C0E960C9403B0BDE8F04F02F0A2BB8A
:10A120006FF0860003B0BDE8F08F00BF004E8000E6
:10A130004B4E800070B44C68039D240A02D0074E39
:10A14000B44206D1052440F8184B039570BC02F0C8
:10A15000DBB96FF0860070BC704700BF4B4E8000CB
:10A1600070B44C68039D240A02D0074EB44206D155
:10A17000052440F8184B039570BC02F0E3B96FF06A
:10A18000860070BC704700BF4B4E80002DE9F04345
:10A19000DFF84490DDB2446845F000754D45DDF8C8
:10A1A0002C804FEA1424DDE90767DDE909CE0CD0E5
:10A1B00014B10A4DAC420CD1CDE90AE8CDE9087CD6
:10A1C0000796BDE8F04302F043B86FF08500BDE8A4
:10A1D000F0836FF08600FAE7050000024B4E800026
:10A1E000F7B5089E0E4FF5B2044645F00075486875
:10A1F000BD424FEA10200DD010B10A4DA8420CD13B
:10A20000009604F1080006F07EFB08B905232360E0
:10A2100003B0F0BD6FF08500FAE76FF08600F7E756
:10A22000050000024B4E8000F7B5089E0E4FF5B2B8
:10A23000044645F000754868BD424FEA10200DD035
:10A2400010B10A4DA8420CD1009604F1080006F0A6
:10A250005CFB08B90523236003B0F0BD6FF08500F7
:10A26000FAE76FF08600F7E7050000024B4E80002A
:10A270004268044BB3EB122F01D106F075B96FF0B1
:10A28000850070474B4E800010B50D4C207808F0CB
:10A29000A5FA0C4A1368591C116063B90A4AD2F82E
:10A2A000003443F00703C2F800344FF00072074B4C
:10A2B0009A6002F0F7FF2078BDE8104008F090BAED
:10A2C00075BE002018BD00200090055000E100E0A0
:10A2D00038B5174C207808F081FA164B1A68013A05
:10A2E0001A6002BB4FF000751348C0F88850BFF3E6
:10A2F0004F8FBFF36F8F0721104BC3F80813D3F8AC
:10A30000001421F00701C3F80014C3F80021D3F8AA
:10A310000011C3F80421D3F80411C3F80821D3F8BD
:10A320000831C0F888512078BDE8384008F058BAA4
:10A3300075BE002018BD002000E100E0009005502F
:10A3400070B5104D104E2B68B34219D0FFF79CFF2B
:10A3500003F0E2F803F0B0F938B105F03CFF044631
:10A36000FFF7B6FF3CB92E6005E001F011F8044696
:10A3700018B1FFF7ADFF204670BD06F084F9EEE797
:10A380000024F8E7C8AB0020117365001FB5114C1D
:10A39000D4F84034012B14D0B72000F02DF918B1B7
:10A3A0006FF0210004B010BDB82000F025F900289E
:10A3B000F6D1B92000F020F90028F1D10123C4F82A
:10A3C000403410220021684604F0AAFA684606F0DC
:10A3D000CEFFE7E700900550002310B50B6010F0AA
:10A3E000FF0314D043F0007303F17E43053B102BB1
:10A3F0000DD801220B4C9A40224203D1042B06D1E6
:10A40000094B0B600B6853B96FF0850006E000F054
:10A41000FE40B0F1007FF7D06FF0860010BD002045
:10A42000FCE700BF697801005C2B0100F8B5054628
:10A430000E4618461C2117461C4608F009FA6B68A0
:10A440002B491A0AB1EB132F1BD12A4A3378226108
:10A45000294A13F00303E26066610CD0023303F073
:10A460000303012B3DD86B880733DB086360234B64
:10A4700023600020F8BD6B880733DB086360204B46
:10A48000F6E7204B9A4229D16B691F4A1A44022AE7
:10A490000CD81E4AE2601E4A22611E4A934212D024
:10A4A0000132934217D06FF08600E3E72246A96994
:10A4B00042F8181F62610022C4E90322164A93423F
:10A4C0000BD12023DAE70123A3602346AA6943F8CE
:10A4D000182F6361CDE70223F6E72FB1C4E90067C7
:10A4E000C7E76FF08400C5E76FF09600C2E700BFD2
:10A4F0004B4E800009AF0000C5AD000000000020F9
:10A5000000FF0720004E8000FF3F00808DA3000069
:10A51000D301010002C0FF7F04C0FF7F0022074B70
:10A52000C3F81021C3F80C21C3F80021C3F804219B
:10A53000C3F80821C3F81821704700BF00900450E9
:10A5400008B5FFF7EBFF01230360104B0A6832B92F
:10A55000D3F80C211AB9D3F80821002AF6D00B68D9
:10A560007BB90B4B99420ED0A3F58473D3F8083115
:10A57000002B14BF6FF002004FF0FF30FFF7CEFF4B
:10A5800008BD0020FAE74FF0FF30F7E700900450D5
:10A5900008910450034670B501B34A69120706D00A
:10A5A000552210491048F9F779FDFCF799FF0F4D36
:10A5B0000F48D5F80065D5F8004506F0010604F40B
:10A5C0007C54C5F800653443C0F80035C0F8041564
:10A5D0000849FFF7B5FFC5F8004570BD6FF00100F1
:10A5E000FBE700BFD52C01002A2D010000E004503C
:10A5F0000090045000910450034B0449C3F8000537
:10A600000348FFF79DBF00BF009004500491045021
:10A6100004900450034B0449C3F800050348FFF7B6
:10A620008FBF00BF00900450089104500890045060
:10A6300038B50C4659B1074D0749C5F8000507481C
:10A64000FFF77EFF10B9D5F80835236038BD6FF0ED
:10A650000100FBE700900450109104500C9004504E
:10A6600070B544681B4E0288B6EB142F43884FEA3E
:10A67000142514D14069184B98420CD003F5FF43C0
:10A680007D330344012B22D8B2F5105F1FD1022382
:10A6900000200B6070BD47F212139A42F6E70F4894
:10A6A000854214D102F44F40B0F5824F09D144F2F3
:10A6B0001210073382424FEAD303E9D15B00013322
:10A6C000E6E7B2F5885FE2D10733DB08E0E76FF039
:10A6D0008600DFE7004E800001C0FF7F4B4E800008
:10A6E00000212DE9F043074695B0084602F0CCFE64
:10A6F0000DF12706044626F01F0620B115B0BDE86F
:10A70000F04305F068BD4FF01009DFF878800122B2
:10A7100010211D4805F0CBFD1B4A33190093202161
:10A720001023CDF80490A2F1200002F021FB054691
:10A7300050B1002002F096FE284605F04CFD05467B
:10A74000284615B0BDE8F083D8E90C321034013347
:10A7500042F10002302CC8E90C32D8D102F082FE5E
:10A7600027B122463946304605F094FD3146202275
:10A77000044804F0B0F8102206F12001024804F069
:10A78000AAF8DDE760B1002080B10020F0B5194DD6
:10A79000194FAB6B8DB0BB4229D0184E307808F002
:10A7A0001DF8402300221946284608F046F83021BB
:10A7B000684605F0F1FD044678B96846FFF790FF5A
:10A7C000044690B9302302461946684608F035F829
:10A7D00001220023C5E90C23AF63307808F000F8AC
:10A7E000204605F0F8FC0DB0F0BD0E24F5E7002082
:10A7F000F9E700BF60B10020B4A5B4A576BE002083
:10A800002DE9F04F99B00DF1570902F10F0A0446F6
:10A810000E46154629F01F094FEA1A1A32B10029CF
:10A8200000F08F80B2F5005F00F28B80DFF81881B6
:10A83000464F98F8000007F0D1FFD7E90C321343D8
:10A8400009D12046FFF7A2FF044620B198F8000086
:10A8500007F0C6FF5EE0D7E90C231AEB020A43F1CA
:10A860000003BAF5803F73F1000314D3302102A82E
:10A8700005F092FDF8B902A8FFF732FF0446002860
:10A88000E4D130230246194602A807F0D6FF002281
:10A890000023C7E90C230021084602F0F5FD044619
:10A8A00060B91024A5B9284602F0DCFD2846FFF760
:10A8B00017FF0446CAE76FF09204C7E798F8000054
:10A8C00007F08EFF204619B0BDE8F04F05F083BCBD
:10A8D000102D4FF001024FF010011D48AA4628BF6D
:10A8E0004FF0100A05F0E3FC194A10232021CDE9AE
:10A8F0000094A2F1200002F03BFA834670B10020E0
:10A9000002F0B0FD98F8000007F06AFF584605F025
:10A9100062FC0446204619B0BDE8F08F4B4606EBBA
:10A920000A0213F8011B06F8011B9642F9D1D7E978
:10A930000C32013342F10002C7E90C32A5EB0A05E3
:10A94000B0E76FF08604E5E776BE002060B1002036
:10A9500080B100202DE9F74F044688461546E2B144
:10A9600031B95F2236493748F9F798FBFCF7B8FD53
:10A97000006806F086FBD4F858310746AB4210D980
:10A98000FB1A04F5AE7018442A46414603F0A3FFB3
:10A99000D4F858315B1BC4F85831002003B0BDE82F
:10A9A000F08F04F11C0300211846019302F06CFDA6
:10A9B00020B103B0BDE8F04F05F00DBC204605F016
:10A9C00015FD8346B8BBD4F8582104F1040904F5F9
:10A9D000AE7A51464846BA1A06F0C3FA834650BBCF
:10A9E000D4F858614146AE1BB6FBF7F307FB13667C
:10A9F000AD1B2A46484606F0B4FA8346D8B9484605
:10AA000006F0D5FA8346B0B9484606F030FB8346D7
:10AA100088B940215046C4F8587107F019FF56B163
:10AA20003246504608EB050103F055FFD4F8582193
:10AA3000921BC4F85821019802F014FD5846B8E75B
:10AA4000442D01002A2D01002DE9F84305468946D1
:10AA500014461E4633B9AE2220492148F9F71EFBA1
:10AA6000FCF73EFD006806F00AFBA04232D805F173
:10AA70001C070021384602F007FD18B1BDE8F84375
:10AA800005F0A9BB284605F0B1FC0446E8B9A84684
:10AA900058F8040B06F0F5FAD5F8582105F5AE7113
:10AAA000821A404606F05DFA044670B949464046AF
:10AAB00006F0BAFA044640B9404606F0D8FA044611
:10AAC00018B9286806F0DBFA3060384602F0CAFC94
:10AAD0002046D3E76FF08900BDE8F883442D0100DC
:10AAE0002A2D0100602A2DE9F04105460F46164641
:10AAF0001FD8DFF8488098F8000007F06FFE28465E
:10AB000000F060F9044620B9324638460C4903F09B
:10AB1000E2FE284600F0F8F9054698F8000007F034
:10AB20005FFE002D14BF28462046BDE8F04105F029
:10AB300052BB6FF08900BDE8F08100BF77BE0020F6
:10AB40000000002008B5039A33B9202209490A48B9
:10AB5000F9F7A4FAFCF7C4FC0AB92122F6E70023AE
:10AB60001360029B002B0CBF6FF086006FF0850016
:10AB700008BD00BF9D2D01002A2D01002DE9F04FD9
:10AB80008BB00446DDE91478894692461D46169E30
:10AB900033B9782225492648F9F780FAFCF7A0FC5A
:10ABA000B8F1000F01D17922F4E70EB97A22F1E76A
:10ABB00000233360C8F800307FB342681D4BB3EB0D
:10ABC000122F2DD102F042FE68B302A92046D4F81C
:10ABD00014B0FFF745FD0146C0B9029B9F4219D34F
:10ABE0005FFA8BFB594653464A46204600F0EAF985
:10ABF000014658B92B465846CDE9007803AA00F023
:10AC00002DFC014610B9BDF80E30336008460BB07C
:10AC1000BDE8F08F6FF08901F8E76FF08601F5E786
:10AC20006FF08501F2E76FF08401EFE79D2D0100E1
:10AC30002A2D01004B4E80002DE9F04104461546B7
:10AC40001F460E4692B031B9EA2222492248F9F74E
:10AC500025FAFCF745FC0BB9EB22F6E742681F49E1
:10AC6000130AB1EB122F2AD102F0F0FD70B3638802
:10AC700021880733B3F5C47F4FEAD3081CD2B1F55E
:10AC8000105F06D0B1F5885F03D042F20403994209
:10AC900012D14246002006A9FFF7B2FD48B905AB24
:10ACA000CDE90173424633462046009506A9FFF7D9
:10ACB00065FF12B0BDE8F0816FF08500F9E72B4326
:10ACC0000CBF6FF086006FF08500F2E76FF0840034
:10ACD000EFE700BF9D2D01002A2D01004B4E8000A3
:10ACE0002DE9F047124F0446DDE9089AC71961F1D2
:10ACF000000C032F7CF1000C0D461646984605D239
:10AD0000CDE9089ABDE8F04702F0ECBD104602F02C
:10AD10009DFD48B14346324620462946CDE9089A72
:10AD2000BDE8F04700F09ABB6FF08400BDE8F08703
:10AD3000FF3F008030B5ADF26C4D122205460C4647
:10AD40000DF10E00002103F0EBFD4FF41053002134
:10AD5000ADF80C30184B4FF48862CDE90831174B31
:10AD60000AA8049303F0DCFD4FF008210AA800F0C4
:10AD700083FCE8B90346009040F2011103AA0AA837
:10AD800000F0C8FCA0B9032340F201210C4A0AA834
:10AD900000F094FC60B910232A4640F206210AA86C
:10ADA00000F08CFC20B9202221460AA800F0CEFC3D
:10ADB0000DF26C4D30BD00BF02C0FF7F03004E801E
:10ADC000002E0100F0B50378064603F00303022BC2
:10ADD0009DB018D0033303F00303012B11D86FF09B
:10ADE00021000CE070782044FFF706FC00285FD1BA
:10ADF00001343378C3F38203A342F3D800201DB09B
:10AE0000F0BD0024F5E70BAF39464078FFF710FCA2
:10AE100004460028E3D13578C5F38205AC4225D33A
:10AE2000182200210EA803F07BFD4FF41053ADF85B
:10AE300034304FF48073ADF836304FF400731D4E4C
:10AE400014A81493109605F091FB149B1A4C0F93C1
:10AE5000322300211C2215A8149303F061FD204623
:10AE600014A9FFF767FF40B10E20C8E770782044AF
:10AE7000FFF7C2FBE0B90134CDE70CAB08936023C8
:10AE8000CDE9064304F1100304930423CDE90273D2
:10AE90000C23013D2D01CDE900430C9033462022C7
:10AEA000059514A90DA801F0DDFC0028A7D0DBE76B
:10AEB0000220A4E700025005000000206029F8B538
:10AEC00005460E4618D80E4F387807F087FC2846FE
:10AED000FFF778FF05F07FF9044640B9094932468B
:10AEE000284603F0F8FC6021064807F0B1FC3878EA
:10AEF00007F076FC2046F8BD6FF08904FAE700BF42
:10AF000077BE00200000002008B503789B0705D01D
:10AF10000548602107F09CFC002008BD05F0B3FB4C
:10AF20000028F5D00220F8E700000020F7B54368BC
:10AF300023490446B1EB132FDAB23DD1032A03D1E2
:10AF40006FF0840003B0F0BD466901A9F5B2284650
:10AF500005F043FB0028F5D121466A46019805F02B
:10AF600011FB044610BB009FA74218D89DF804307F
:10AF700007F0070223F01F0343EA820301A88DF8BC
:10AF800004308DF80560FFF7BFFF3946284605F00D
:10AF90003FFB70B903B0BDE8F04005F051BB60194C
:10AFA000FFF72AFB0028CBD10134DCE76FF09800D3
:10AFB000C8E76FF09200C5E76FF08B00C2E700BFF3
:10AFC0004B4E80002DE9F04FB7B00DF178080446E4
:10AFD0000F4616460021602240460B9303F0A0FC6A
:10AFE00005F02EFB8246002840F0A4810DF13409C3
:10AFF00004220146484603F093FC9DF834506269F0
:10B000006AF30305C2F3013C6CF305158DF8345067
:10B0100015F0300507D1A36898070FD06FF08600B0
:10B0200037B0BDE8F08F102D08D1BDF8363023F4CD
:10B03000F87343F4A873ADF836309AE0E36803F090
:10B04000FE41B1F1A06F18D1A94923F47E138B42C0
:10B0500020D001F580718B4228D0B3F1052F19D192
:10B0600008220D9B62F393330D9342F2040322886E
:10B070009A422FD06FF08500D2E79E498B42EFD0E5
:10B080000BD89D498B421DD09C498B4217D09C49BF
:10B090008B421AD0D3B2F82BEBE79A498B4205D0FA
:10B0A000B3F1082FF6D120220D9B01E00C220D9B5D
:10B0B00062F393330D932388B3F5105FD9E714221D
:10B0C0000D9BF5E724220D9BF2E734220D9B62F3E2
:10B0D00093330D9300210A4608469DF83730D4F883
:10B0E00008E0DFF824A25B085AF804BB1EEA0B0F45
:10B0F00007D001218140194301F07F03012142EA79
:10B100000B0201300728EFD129B19DF8371063F306
:10B1100047018DF837103EEA0202ABD16388FF2B5E
:10B120000ED005D8802B2CD0C02BA3D1022308E051
:10B13000B3F5807F27D0B3F5C07F9BD1062300E015
:10B1400003239DF8362063F306128DF836201DB9CF
:10B150001EF0030F7FF462AF2379022B20D014D8A6
:10B16000012B7FF45BAFBDF8362063F3C812ADF856
:10B170003620BCF1030F3FF651AFDFE80CF0164A62
:10B18000292D0123DDE70423DBE7032B02D0FF2B6E
:10B190007FF444AF0222BDF8363062F3C8134AE7A9
:10B1A000BDF8363043F4C07345E72388B3F5105F2C
:10B1B0007FF460AF0B9AA2F1100110293FF62EAF79
:10B1C000524BCB40D9077FF529AFDFF844A126E0E9
:10B1D0000B9B602B3FF64EAF0B9A412A15D011D82E
:10B1E000202A0CD80F2A7FF619AF484BA2F1100184
:10B1F000CB40DB077FF512AFDFF818A10FE0302A54
:10B20000FAD00BE7612A7FF409AF013A01360B92BD
:10B21000F2E70B9A302A7FF401AFDFF8FCA0202D73
:10B220004DD122AC3146204603F055FB2A46002181
:10B2300016A80B9E03F074FB1822002110A803F03F
:10B240006FFB4FF41053ADF83C304FF48073DFF8D0
:10B25000B4B00EA8ADF83E300E93CDF848B005F06E
:10B2600085F90E9B1022414600201193FFF7C8FA82
:10B2700000287FF4D5AE404616A9FFF75BFD0028F5
:10B280007FF4CEAE0BAB08935023CDE906430423E5
:10B29000CDE902930C230F3626F00F06CDE900838B
:10B2A0002A465B46CDE9044616A90FA801F04CFAE0
:10B2B00000287FF4B5AE46460B9A10320B9200255B
:10B2C00002F10F044FEA1418454527D11F2C2BD843
:10B2D0001C22002116A803F023FB002545452CD194
:10B2E0001F2C03D9BA20FFF795F918BB002097E669
:10B2F00000014005000510050002C00300444004A1
:10B3000009008003000250054C2A010001010100E0
:10B3100000FF07200000002010940550781905F068
:10B3200031F890B30135CFE74146384605F070F962
:10B330000028CDD06FF0920072E60AEB05124FEABA
:10B34000051B1B92BDB9042249461CA803F0C3FA91
:10B35000BDF8362006EB0B01C2F3C1121A9216A8F3
:10B36000102203F0B8FA16A97819FFF713F930B1D3
:10B3700005F066F9DEE74FF0FF331C93E8E71C2188
:10B3800016A807F065FA0135A8E76FF08A0047E6CE
:10B3900010B590B01C22002101A803F0C1FAF820DA
:10B3A00004F0F0FF28B3202200200DEB0201FFF78C
:10B3B00027FA044618BB4FF480736846009305F0E3
:10B3C000D5F8009B0F4903930F4B01A804930F4B33
:10B3D000CDE901130E4BF821069320230DEB030258
:10B3E000FFF7F0FD202104460DEB010007F030FAD5
:10B3F00005E0F92004F0C6FF0028D4D10446204619
:10B4000010B010BD002400010010C004014B4E809C
:10B41000F800FF7F7FB5CDE900019DF8006003A92A
:10B42000304615461C4605F0D8F888B9BDF80E1010
:10B43000C1F3C1110139C9B202298FBF6FF0860073
:10B44000044B5A5C044B9EBF13432B60C4E900605D
:10B4500004B070BD622F0100004B4E802DE9F04317
:10B4600085B0884601A9064614461D460C9F05F086
:10B47000B4F848B9B6F1F80348F1FF38022B78F177
:10B48000000804D26FF0860005B0BDE8F08305F037
:10B49000D7F8002860D1002CF4D09DF8048018F073
:10B4A0000F0240F0CB80BDF80630C3F3C113013B5F
:10B4B000DBB2022B00F2C580664908F03008C95C97
:10B4C000654BB8F1100F43EA010363602AD1634B67
:10B4D0002360204602A9FFF7C3F80028D4D1029BBD
:10B4E000BB4200F2B48044F21212218801989142CA
:10B4F00004BF042205F8012B0D9A214613609DF824
:10B5000004302A78C3F3011363F301022A7003AAFB
:10B5100008BF07F1FF3705F035F8002878D06FF045
:10B520009800B1E7134691469DF807104C4849082A
:10B53000A9B903A8CDF80C9005F018F8039BA360F7
:10B54000019BC3F38533202B1CD013D80C2B35D093
:10B55000142B37D0082B39D06FF0920094E7CA072C
:10B5600005D5062B70D850F8232049EA020949086E
:10B570000133DDE7242B2DD0342BEDD14FF488534C
:10B58000384A03E04FF410534FF00822E2609DF870
:10B5900006202380C2F30212013A052ABFD801A176
:10B5A00051F822F00DB60000DDB50000FDB5000039
:10B5B00001B600001FB5000007B600004FF410539D
:10B5C000294AE3E74FF41053284ADFE742F2040325
:10B5D000274ADBE74FF41053264AD7E7C0226280A0
:10B5E000B8F1000F7FF475AFB3F5105F03D119F018
:10B5F000030F3FF46EAF6FF0960045E7FF22EEE7D2
:10B600004FF48072EBE74FF4C072E8E78022E6E780
:10B610002B78039A6E7062F384032B70238803F4F3
:10B620004F42B2F5824F04D139462846FFF746FC17
:10B630002AE7B3F5885F7FF427AFF5E76FF088005E
:10B6400022E76FF091001FE76FF083001CE76FF0B7
:10B65000890019E7622F0100004B4E800110800124
:10B660004C2A010009008003008244050044400484
:10B67000000510050002C00310B421F49F620D4CB8
:10B6800022F00702A2420346016004D00A4A21F0D8
:10B69000FF04944203D1184610BC05F023B8B1F161
:10B6A000082F02D110BC05F0A8B86FF0850010BCBF
:10B6B000704700BF00010008000400082DE9F041B8
:10B6C0000568DFF8488025F49F6E2EF0070EC6450A
:10B6D00004460E4617469C4605D0DFF834E025F0B8
:10B6E000FF08F04507D13A4631462046BDE8F04113
:10B6F000634600F0BDB8B5F1082F03D1BDE8F041B5
:10B7000005F087B86FF08500BDE8F0810001000802
:10B710000004000870B404681D46B4F1082F039EAD
:10B7200009D0094B24F0FF049C4208D033462A4636
:10B7300070BCFFF7C3BF039670BC05F0A0B86FF0F4
:10B74000850070BC704700BF00070008F0B40468B3
:10B75000DFF83CC024F49F6727F0070767450346DE
:10B760000D46164604D00B4F24F0FF0CBC4505D106
:10B7700032462946F0BC184600F004B9B4F1082F4F
:10B7800002D1F0BC00F03CB96FF08500F0BC70470E
:10B79000000100080004000838B50368084A23F0D7
:10B7A000FF039342054609D104F0C7FF044628462B
:10B7B0004FF4886107F04CF8204638BD0024F6E7C6
:10B7C00000010008002203782DE9F34143F00073E3
:10B7D00003F17E43033B122B8CBF16462349019293
:10B7E00098BFCE5C00F2D1213246054602F0D6F871
:10B7F0000446B0BB95F8D03205F1540743BB95F829
:10B80000D03238460133D5F8D42385F8D03205F24A
:10B81000513100F07DFC044618BB0122384605F585
:10B82000347100F075FC0446D8B905F2113832467F
:10B830004146384601AB00F08DFC044688B93246DB
:10B84000414605F1100003F046F885F8506008E025
:10B850003246384605F2113100F05AFC0446002801
:10B86000CDD0204602B0BDE8F08100BF762F0100A8
:10B870002DE9F3410027164602681D46D3B243F076
:10B88000007303F17E43033B102B044698BF3B48F3
:10B89000019798BFC75C3A4B22F0FF029A420FD142
:10B8A00040F2011399420BD1402D64D82A4631460B
:10B8B00004F2D12003F00FF81223A380002012E03D
:10B8C000A388DA0642D5132B40D040F202229142DF
:10B8D0000CD040F2032291423BD040F2011291423F
:10B8E00010D06FF0860002B0BDE8F081102B2DD192
:10B8F0002A463146204602F051F80028F3D11123A0
:10B90000A380F0E7102B1FD104F2D128402140463C
:10B9100006F09EFF3A464146204602F03FF80028D6
:10B92000E1D104F154082A463146404600F0F0FBCC
:10B930000028D8D112233A46A380404601AB04F236
:10B94000D12100F007FCCEE7112BEAD06FF0880080
:10B95000C9E794F8D833002BF8D1802D0BD82A46AC
:10B96000314604F2513002F0B6FF0123C4F8D4533B
:10B9700084F8D833A2E76FF08C00B4E7652F01009C
:10B98000000500082DE9F04104680E46194924F02D
:10B99000FF078F421346054682881BD1112A26D9FC
:10B9A0001322E4B244F0007404F17E44033C122CF0
:10B9B000828006D8104A125D9A4203D96FF089003E
:10B9C00006E00022304605F2D12102F084FF00207B
:10B9D000BDE8F081112A0AD990F8D8233AB1132290
:10B9E000064982803246BDE8F04105F054BE6FF052
:10B9F0008800EDE700040008762F0100C5B70000BD
:10BA00008388F7B51746A3F14102032A04460E4680
:10BA100032D8442B08D13B4632462046184903B061
:10BA2000BDE8F04005F037BE442385688380EA0214
:10BA3000C5F3475343EAC56302F47F026D0913431C
:10BA400005F47F452B43D0F80C23C0F83C3400F5B7
:10BA50003B7101F0A3FF68B9204604F071FE48B9BC
:10BA6000102201AB04F5347104F1540000F072FBB4
:10BA70000028D0D003B0F0BD6FF08800FAE700BF17
:10BA80008B0701002DE9F041DDF818801D46154BAC
:10BA90000E469845044611461DD13388B3F5105F14
:10BAA00019D1202D1AD800F582772A46384602F09F
:10BAB00012FF2A463946304604F1E803FEF7B6FC89
:10BAC00038B9012384F836311023C4F8008084F893
:10BAD0003531BDE8F0816FF08500FAE76FF0860040
:10BAE000F7E700BF004440042DE9F041DDF818807D
:10BAF0001D46144B0E469845044611461CD133880A
:10BB0000B3F5105F18D1202D19D800F582772A4699
:10BB1000384602F0E0FE2A463946304604F1E80392
:10BB2000FEF784FC30B91023C4F8008084F8360195
:10BB300084F83531BDE8F0816FF08500FAE76FF0E9
:10BB40008600F7E70044400408B539B940F2931283
:10BB500007490848F8F7A2FAFBF7C2FC102A04D1FB
:10BB6000D53002F0B8FE002008BD6FF08600FBE77C
:10BB7000042E01002A2D01002DE9F04F87B0044664
:10BB8000DDE910BA15461F46894641B93AB14FF46E
:10BB9000E27289498948F8F781FAFBF7A1FCBAF10A
:10BBA000000F02D140F2C512F3E70023CAF80030BB
:10BBB000DDB1002F00F0EE8094F8346173195B451D
:10BBC00000F2E88026B394F8358104F59270A8EB72
:10BBD000060295420BD22A464946304402F07BFECB
:10BBE00094F834312B4484F83431002350E0494632
:10BBF0003044059202F06FFE94F83431059A98446F
:10BC0000A8EB06085FFA88F684F834619144AD1A0F
:10BC100094F83531C3F1000818EA050802D1002E66
:10BC200000F0BB802168664A91423BD1D6B1B34255
:10BC300002D04FF40172ACE794F8362104F1E80128
:10BC4000012ACDE901BA009704F5927204F10400CB
:10BC500022D105F07AFD0346D0B994F8342184F856
:10BC600034011744B8F1000F00F08B8094F836319E
:10BC70004A46012BCDE901BA4346009704F1E80199
:10BC800004F104000BD105F060FD0346002878D0D4
:10BC9000184607B0BDE8F08F05F08CFDDBE705F036
:10BCA00089FDF2E704F1100B0021584601F0ECFB8E
:10BCB00020B107B0BDE8F04F04F08DBA94F8D4304D
:10BCC0005BB1201D01F00AF80346D8B15846059330
:10BCD00001F0C8FB059B1846EBE73A4B22689A42F5
:10BCE0004FF0010314BF6FF002006FF0200084F8E2
:10BCF000D43004F070FA28B10590584601F0B2FB38
:10BD0000059BC5E794F83431221D0592A3B194F840
:10BD100035219A4202D040F243223AE73B4604F5ED
:10BD20009271201D05F010F803460028CED194F83A
:10BD3000353184F834011F44B8F1000F0CD03B4674
:10BD400042464946201D04F0FFFF074620B15846F1
:10BD500001F088FB3846ACE7201D05F05CF807468B
:10BD60000028F4D1201D05F0A3F80746584601F03D
:10BD700079FB002FEED1DAF8003046443344CAF89C
:10BD8000003045457FF631AF94F8343143B140F28D
:10BD90006F22FEE66FF089037AE7002D3FF425AFAE
:10BDA000A5EB08052A4609EB080104F5927002F09C
:10BDB00092FD84F8345118E7042E01002A2D010069
:10BDC00000444004000180042DE9F04304460F467E
:10BDD00091461E4685B03BB94FF41F72454946480F
:10BDE000F8F75CF9FBF77CFB0021196090F834311F
:10BDF000002B77D10268414B9A4278D00025284623
:10BE000005B0BDE8F08320683D4A904213D194F814
:10BE1000362104F1E801012ACDE90196009704F5E5
:10BE2000927204F1040003D105F08FFC0546E6E7A9
:10BE300005F0C0FCFAE704F11008404601F024FBCD
:10BE400020B105B0BDE8F04304F0C5B994F8D43092
:10BE50004BB1201D00F042FF0546C0B1404601F045
:10BE600001FB2846EDE72268264B9A424FF001037A
:10BE700014BF6FF002006FF0200084F8D43004F09B
:10BE8000AAF9054618B1404601F0ECFAB7E794F874
:10BE900034214A45326007D900234046336001F01F
:10BEA000E1FA6FF08905AAE7251D04F592713B467A
:10BEB000284604F049FF044620B1404601F0D2FA7A
:10BEC0002046BEE7284604F079FF04460028F4D156
:10BED000284604F0EDFF0446404601F0C3FA002C6A
:10BEE0008CD0EDE7002F8ED140F2872276E7002F2D
:10BEF00084D1F9E7042E01002A2D010000414004FD
:10BF000000444004000180042DE9F04FD3B09B466B
:10BF1000DDE95E785C9B05460E469246DDF8809131
:10BF2000629C33B984221A491A48F8F7B7F8FBF72C
:10BF3000D7FA27B9B8F1000F01D08522F3E7B9F19C
:10BF4000000F01D18622EEE70CB98722EBE7002132
:10BF50004FF49C72216004A802F0E2FC0E4B9B455A
:10BF600013D15246314628463EABFEF75FFA48B938
:10BF7000619B3A46CDE90093029443463EA905A849
:10BF800005F0E3FB53B0BDE8F08F6FF08500F9E7F3
:10BF9000042E01002A2D0100004440042DE9F04F39
:10BFA000D3B00746DDE95C848A4693461D46DDF83A
:10BFB0007891609EB8F1000F07D134B1ED221E498F
:10BFC0001E48F8F76BF8FBF78BFAB9F1000F01D1B7
:10BFD000EE22F4E70EB9EF22F1E74FF49C72002154
:10BFE00004A802F09DFC0022154B32609D4214BF54
:10BFF00010230C23ECB1134A954213D15A465146F3
:10C0000038463EABFEF712FA48B95F9B4246CDE98F
:10C010000093029623463EA905A805F0CBFB53B03A
:10C02000BDE8F08F9C4234BF6FF086006FF0850052
:10C03000F5E72046F3E700BF042E01002A2D01009A
:10C0400000018004004440042DE9F04115461A46E1
:10C05000069B03F0FE44B4F1407F06D01822274926
:10C060002748F8F71BF8FBF73BFA0468002C3ED191
:10C07000244C13F47C16036004EA03040AD0C3F3CF
:10C080000546B4F1607F466022D12946BDE8F04103
:10C0900005F0EEB9B4F1607F0BD1DCB244F000746E
:10C0A00004F17E44033C122C1DD81749095D416000
:10C0B000EBE7B4F1707F18D10C8804F4E047B7F5D2
:10C0C000005F12D10126C4F3022406FA04F444608E
:10C0D00023F47E140D4B9C420DD113462A46BDE835
:10C0E000F04100F005B94660CFE74660F0E76FF039
:10C0F0008800BDE8F0816FF08500FAE75E2E010050
:10C100002A2D01000000C07F892F01000002C0031A
:10C1100010B4046884B19AB10C4B2340B3F1607F32
:10C1200002D110BC05F0EDB9094B24F47E149C42F9
:10C1300008D110BC04F032BC6FF0880010BC70470E
:10C140001046FBE76FF08500F8E700BF0000C07FF6
:10C150000002C003F8B50F46016805461E4659B3F4
:10C160006FB3436893422DD8184B0B40B3F1607FF7
:10C1700011D105F047FA04462B68154A23F47E13C3
:10C18000934203D1284604F046FC044634B1002310
:10C1900033602046F8BD6FF09604EDE705F10C0121
:10C1A00038466A6802F097FB6B684FF41F712846A7
:10C1B000336006F04DFBECE76FF08804E9E76FF0C1
:10C1C0008604E6E76FF08904E3E700BF0000C07F64
:10C1D0000002C00370B50E460168054669B37EB320
:10C1E0004368934203D06FF09404204670BD164B11
:10C1F0000B40B3F1607F1DD105F004FA04462B68B3
:10C20000124A23F47E13934203D1284604F003FC20
:10C210000446002CE9D131466A6805F10C0006F0AD
:10C22000F8FA04460028DED14FF41F71284606F0C4
:10C230000FFBDAE76FF09604E1E76FF08804D4E7CC
:10C240006FF08604D1E700BF0000C07F0002C0038A
:10C250002DE9F04F06461D460F469046ADF5237D6D
:10C2600003AC4FF41F72DDE9AFA900212046DDF8D1
:10C27000B4B202F055FB314643463A46204600959B
:10C28000FFF7E2FE064660BB184B25F47E159D4283
:10C2900012D16368534526D85A462046AE9BAC99C6
:10C2A00004F005FC0546B8B96368C9F800303046AB
:10C2B0000DF5237DBDE8F08F5A462046AC99FFF777
:10C2C00027FF054640B94B4652462046AE99FFF738
:10C2D00041FF05460028EAD0204604F018FB2E4610
:10C2E000E5E70546F8E76FF08905F5E70002C003CA
:10C2F000F8B50E461D4633880446B3F5105F114667
:10C3000025D1A5F11002102A03D8144BD340DB0726
:10C310000AD4736812481A0AB0EB132F02D0114BDB
:10C320009A4214D1202D15D804F5B2772A46384602
:10C3300002F0D1FA2A463946304604F5A473FEF7D6
:10C3400075F818B9102384F84C00A360F8BD6FF09D
:10C350008500FBE76FF08600F8E700BF01010100F0
:10C360004B4E8000004E8000064B984202D0064B98
:10C37000984204D1A1F10C03584258417047002063
:10C38000704700BF000510050002500570B5026837
:10C39000044690F84D101046FFF7E6FF00283CD009
:10C3A0001F4E04F1C005931B59425941284601F024
:10C3B0006BF818B1BDE8704003F00DBF2368194A4F
:10C3C000934217D0B34225D194F8586094F89A302C
:10C3D00004F14002211D04F1A00046B904F0DAFB8B
:10C3E000044610B1284601F03DF82046E2E704F08B
:10C3F000CFFBF5E794F8586094F89A3004F14002C6
:10C40000211D04F1A00016B904F074FDE8E704F062
:10C4100069FDE5E76FF00204E4E76FF0880070BDA6
:10C4200000025005000510052DE9F843DDE90894E8
:10C43000B9F1200F0F460546904619463DD800F148
:10C4400020064A46304602F046FA4A463146404601
:10C450002B1DFDF7EBFF002844D1234A24F47E1363
:10C46000934220D002F5807293421ED0B3F1052F83
:10C470001DD01E4A93421CD01D491E4A8B4218BF34
:10C4800000222A60184A85F85870934213D002F5AA
:10C490008072934214D0B3F1052F0CD184F00523A0
:10C4A00083F4801317E0144AEBE7144AE9E7144ACF
:10C4B000E7E7144AE5E7002412E06FF0860011E098
:10C4C00084F0AA6383F4807333F47E1306D084F07F
:10C4D000AA6383F4007333F47E13ECD1C4F30544F0
:10C4E00085F89A40BDE8F883000140050006000584
:10C4F0000007000500071005000150050002500567
:10C50000000510050006100570B4202B039C0FD801
:10C510000B4E24F47E15B54203D1039470BC05F094
:10C52000E5BAB5F1052F07D1039470BC05F017BD2E
:10C530006FF0860070BC70476FF08500FAE700BFAF
:10C540000002400570B4202B039C0FD80B4E24F43E
:10C550007E15B54203D1039470BC05F0D2BAB5F193
:10C56000052F07D1039470BC05F004BD6FF0860061
:10C5700070BC70476FF08500FAE700BF000240050D
:10C5800010B40368074CA34202D110BC05F0C4BA32
:10C59000054CA34202D110BC05F0F7BC6FF085003A
:10C5A00010BC7047000250050005100510B4036868
:10C5B000074CA34202D110BC05F0BDBA054CA34202
:10C5C00002D110BC05F0F0BC6FF0850010BC7047C4
:10C5D000000250050005100530B490F89C506DB96C
:10C5E00082B103680A4CA34202D130BC05F0A7BA5D
:10C5F000084CA34208D130BC05F0DABC6FF08800CB
:10C6000030BC70471046FBE76FF08500F8E700BFCD
:10C610000002500500051005F0B40024DDE90456C1
:10C6200034609AB1ABB1AA4213D804680C4FBC4233
:10C6300004D1CDE90456F0BC05F0A9BA094FBC42BB
:10C640000AD1CDE90456F0BC05F0DBBC1046F0BCC5
:10C6500070476FF08900FAE76FF08500F7E700BFD9
:10C660000002500500051005F0B54FF0000EDDE9A1
:10C6700005C5079EC3F800E0C6F800E090F89A7080
:10C68000AF4216D804680E4FBC4207D1CDE906561A
:10C69000CDF814C0BDE8F04005F0E2BA094FBC4245
:10C6A0000AD1CDE90656CDF814C0BDE8F04005F03A
:10C6B0001CBD6FF08900F0BD6FF08500FBE700BF87
:10C6C0000002500500051005F0B400271F6090F827
:10C6D0009A50059F049EBD4210D104680B4FBC4286
:10C6E00004D1CDE90465F0BC05F0D6BA084FBC42D0
:10C6F00008D1CDE90465F0BC05F029BD6FF09400C8
:10C70000F0BC70476FF08500FAE700BF00025005EB
:10C710000005100508B50A4A0368934206D0094A85
:10C72000934207D1BDE8084005F0EEBABDE80840E5
:10C7300005F046BD4FF46A7106F08AF8002008BD86
:10C7400000051005000250052DE9F04F89464449C7
:10C75000924623F47E12ADF56D7D8A4280469B465B
:10C76000F79FFB9CFD9E78D001F580718A4202D034
:10C77000B2F1052F71D102AD4FF46A720021284643
:10C7800002F0CEF8A64265D342464B460121284628
:10C79000CDE900ABFFF748FE8046002858D1F99B51
:10C7A00039462868C5E91434FFF7DEFD002847D074
:10C7B0003A46F69912A802F08EF8284685F84D7090
:10C7C000FFF7E4FD8046002842D1DDE9F8122AA8EF
:10C7D00004F0EBF903F0FFFC8046002838D1224634
:10C7E000FC9BFA992AA804F016FA03F0F4FC8046A0
:10C7F00070BBFC9B361B191995F89A309E4223D3C7
:10C800002AA800F011F9C8B92AA804F077FAA8B943
:10C8100095F89A6003F0DFFC8046C8B93444FE9B6B
:10C8200032A81C6000F01EFE4FF46A71284606F024
:10C830000FF840460DF56D7DBDE8F08F4646E9E7FF
:10C8400044466FF08508EAE704466FF08908E6E79A
:10C850000024E4E76FF08908EBE76FF08508E8E76C
:10C86000000140052DE9F04F8A463E49934623F4E6
:10C870007E12ADF56D7D8A4204469846DDF8DC9364
:10C88000FA9FFE9E6AD001F580718A4202D0B2F111
:10C89000052F63D102AD4FF46A720021284602F0E1
:10C8A0003FF82246534600212846CDE900B8FFF75D
:10C8B000BBFD044600283BD195F89A20FB9B9B1AB0
:10C8C000FD9A3360934243D8F99A49462868C5E9EE
:10C8D0001423FFF749FD00283DD04A46F69912A8D7
:10C8E00001F0F9FF284685F84D90FFF74FFD04460B
:10C8F000F0B9DDE9F8122AA804F057F903F06BFC4F
:10C900000446A8B93946FC9B32682AA804F083F98A
:10C9100003F061FC044658B931682AA8394400F094
:10C92000E7F810B92AA804F0E9F903F054FC04462A
:10C9300032A800F097FD0CB1002333604FF46A7108
:10C94000284605F085FF20460DF56D7DBDE8F08F8A
:10C950006FF08904ECE76FF08504E9E76FF0850478
:10C96000F1E700BF000140052DE9F0410446904683
:10C970001F460D4619B10A688B681AB953B96FF092
:10C98000210646E033B94B6823F00802102A01D093
:10C99000202B41D101232046A376E56104F0E4F881
:10C9A0000646002835D121461D4B04F1200041F8F0
:10C9B000843BAB689A069B01DBB202F0E0421A436B
:10C9C00042F48042112300F001FB2268AB689068BA
:10C9D0006BB9616A2B68103141F8103C6B6843F009
:10C9E000005341F8083C436841F8043C6162616AC5
:10C9F0000C4BC1F800808B608368103141F8043C17
:10CA000000232776C4E9023363612361D36861623E
:10CA100063603046BDE8F0816FF04106F9E700BF82
:10CA2000682A01000C00002090F8203070B5044600
:10CA30000D46002B56D003685A68052A0ED1016BAB
:10CA40009A6911420AD0C26842B9826832B904F0C8
:10CA500084F8002808BF6FF0530070BD5A6AD4E90B
:10CA600004100E18964207D2204604F076F80028EB
:10CA700008BF6FF00200F0E71B6904F1F402984769
:10CA800068B1E26A636AC4321A60184A103343F824
:10CA9000082C22689268526943F8042C636220468D
:10CAA00004F04AF8207EA36A00F10F0222F00F0280
:10CAB00003F1100190421D609860A16207D000212F
:10CAC000121A42F0804219619A612033A362002554
:10CAD00004F12000B621656004F1840200F086FABA
:10CAE0002846BAE76FF02000B7E700BF100000202B
:10CAF00090F8203070B504460D46002B70D00368C6
:10CB00005A68052A0ED1016B9A6911420AD0C2688F
:10CB100042B9826832B904F020F8002808BF6FF0EB
:10CB2000530070BD5A6AD4E904100E18964207D219
:10CB3000204604F012F8002808BF6FF00200F0E76A
:10CB40001B6904F1F402984723689E68636A03F145
:10CB5000100158B3E26AC4321A60234A9A607269BB
:10CB6000DA6061626560204603F0E6FFD4E90A30CE
:10CB7000217EC43001F10F0222F00F0218609142B1
:10CB800003F110009960A06207D00020521A42F011
:10CB9000804218619A612033A36204F12000B6211B
:10CBA00004F1840200F022FA0020BAE7B06900F034
:10CBB000C002C02A02BF53F8042C42F0200243F8FE
:10CBC000042C267E1D6006F10F0222F00F0242F0B7
:10CBD0000055921B40EA02209D60D8606162C2E766
:10CBE0006FF020009DE700BF100000202DE9F0410C
:10CBF0000446174698460D4619B10A688B681AB95B
:10CC000053B96FF0210649E033B94B6823F00802AD
:10CC1000102A01D0202B44D100232046C4E90085EE
:10CC2000A36004F07BF80646002837D12146012096
:10CC300051F8703BAA68D3F800C098F80730083361
:10CC40009840069B18439301DBB29206184302F00A
:10CC5000E042DCF80030024304F10C0000F0B6F9C9
:10CC6000AB687BB923692A68103343F8102C6A68D3
:10CC700042F0005243F8082C22681268526843F8C8
:10CC8000042C236157B12369074A1F609A60226808
:10CC900010331268D26843F8042C23613046BDE893
:10CCA000F0816FF04106F9E71000002007B500227F
:10CCB000034B0092FFF79AFF03B05DF804FB00BF3F
:10CCC000AC2A0100012307B500220093024BFFF7B5
:10CCD0008DFF03B05DF804FBAC2A0100037B70B547
:10CCE0000446002B3BD00368DB7A002B3AD004F0DB
:10CCF00015F80546002830D12368E26959791B6888
:10CD000022EA0102E26104F1700104F10C001B68E7
:10CD100000F05CF9D4E90012086862B1936853B975
:10CD200016685268236942F000529A6042681E6099
:10CD3000DA6010332361A2692369A4321A600B4AB6
:10CD4000103343F8082CC26843F8042C23618A7915
:10CD5000E3691343E3610023A360284670BD6FF0CD
:10CD60002005FAE76FF04705F7E700BF1000002045
:10CD700037B54FF480740194214C41F00051A1610A
:10CD800040F6110143F00053A3622123E16104F155
:10CD90002001616101212262E362069A194B01AD13
:10CDA0001A60079A256042F000521125C3E901126A
:10CDB0002022DFF854C02061C4E902C504F1100547
:10CDC00065606162DA60BFF35F8F104A1460BFF381
:10CDD0005F8FBFF35F8F1361BFF35F8FBFF35F8F11
:10CDE00003235363BFF35F8FBFF35F8F9363BFF37F
:10CDF0005F8F00F071F9431CFBD003B030BD00BF62
:10CE00002CBD00201CBD00200400002000000150AB
:10CE1000F8B51F464B680446202B0D46164639D1FF
:10CE200000238376CB68C161002B2ED121461B4B9A
:10CE30003A4641F8843B04F12000142300F0C6F880
:10CE40002A68636A20681A60154A9A608268516885
:10CE5000D9604FF08071C4F80411E16AD4311961CE
:10CE6000104999619168D268C3E907160E49DA62E0
:10CE7000996230336362069B2376C3680020C4E95D
:10CE800003006360A0606061F8BD486998470028AE
:10CE9000CCD0F9E76FF04100F6E700BFEC2A0100C3
:10CEA00020000020040000200C0000202DE9F041AB
:10CEB00098464B680546202B0E4617462DD1CB6869
:10CEC00041602BBB2946164B069A41F8703B42F055
:10CED0000102142305F10C0000F078F833682C6986
:10CEE000002023600F4BA3602B681B685A68DB6827
:10CEF000C4E90327C4E9073842F614430A4AA26189
:10CF00000A4AC4E90A2330342C61A860BDE8F081E4
:10CF1000486998470028D5D0F8E76FF04100F5E759
:10CF2000CC2A010020000020040000200C0000207A
:10CF300038B504460D4619B10A688B681AB953B959
:10CF40006FF0210029E033B94B6823F00802102A62
:10CF500001D0202B35D1EB682561D3B91A4B04F1F0
:10CF60007801236001236360AB6804F114009A0622
:10CF70009B01DBB202F0E0421A4342F480321123FB
:10CF800000F024F8AB684BB100201023C4E9020381
:10CF900003E0686998470028E0D038BD2A68A36993
:10CFA0001A606A68103342F0005243F8082C226875
:10CFB0009269926843F8042CA3616368013363604B
:10CFC000E2E76FF04100E8E7302B0100026100F179
:10CFD0001402826000F11002C2600A60024AC1E9D4
:10CFE0000223103141607047040000204368A3F120
:10CFF0001001914240D8012243F80C2C53F8042C24
:10D0000042F0200243F8042C53F8082C42F000525E
:10D0100043F8082C836800F11402A3F11001914237
:10D020002ED8012243F80C2C53F8042C42F0200295
:10D0300043F8042C53F8082C42F0005243F8082C13
:10D04000C36803F15402BFF35F8F0F4B1A60BFF345
:10D050005F8FC2680432BFF35F8F1A61BFF35F8FC7
:10D06000BFF35F8F03225A63BFF35F8FBFF35F8FFE
:10D070009A63BFF35F8F7047103242F80C2CB8E709
:10D08000103242F80C2CCAE70000015038B5BFF34B
:10D090005F8F104CE569BFF35F8FBFF35F8F102385
:10D0A0006363BFF35F8F012001F072FABFF35F8FFC
:10D0B00000236363BFF35F8FBFF35F8FE36BBFF347
:10D0C0005F8F5B06F8D425B1BFF35F8FE561BFF3D7
:10D0D0005F8F38BD0000015008B500F06BFA104AB0
:10D0E00020B9BFF35F8F906ABFF35F8FBFF35F8F8D
:10D0F000D36BBFF35F8F10F0240F03F0230304D032
:10D10000FFF7C4FF6FF01F0008BD4FF0FF30002B8A
:10D11000FAD1BFF35F8F1063BFF35F8F1846F3E759
:10D1200000000150C26870B572B9C36900F12804EB
:10D130001C603D4C103343F8084C4468E46844F4E8
:10D14000806443F8044CC361836A9B052FD4044672
:10D1500054F8EC3BDD68302D34BF08261026082E2D
:10D160000CBF092611261D696B1E1340EB1AB34232
:10D1700038BF5B191C44D50004F8015C03F1EB04D3
:10D180005209044400F1ED05A54248D18022446AC9
:10D1900080F8EC20C269C434146044689360E46889
:10D1A000103242F8044CC26102691A4402610269F9
:10D1B0000568D31C23F003039B1AC26952F8044C80
:10D1C00044EA032442F8044C52F8084C2344EC6827
:10D1D00043F0005342F8083C036AE21C22F00302C9
:10D1E0001960944203F110019C60016207D0002194
:10D1F000121B42F0804219619A6120330362836AF4
:10D2000013F480610AD16B699C4207D0026A1B1B30
:10D2100043F08043116093601032026270BD04F8E5
:10D22000012D120AB0E700BF04000020B1F5AA7F6B
:10D2300038B5044614D303681A6812F0400512D1B9
:10D240000A4B00F17C01436013231830FFF7BEFE48
:10D25000074B284663610123C4E90355A36038BD29
:10D260006FF02200FBE76FF00200F8E77C2B010073
:10D2700025D10000BFF35F8F094A1368BFF35F8FAA
:10D2800043F48071BFF35F8F1160BFF35F8F23F4AE
:10D290008073BFF35F8F1360BFF35F8F704700BF72
:10D2A00000100150BFF35F8F1522064B5A62BFF387
:10D2B0005F8FBFF35F8F40F237129A62BFF35F8FC9
:10D2C000704700BF0010015008B5FFF7D3FFBFF350
:10D2D0005F8F064A1368BFF35F8F43F00103BFF30C
:10D2E0005F8F1360BFF35F8F08BD00BF0010015058
:10D2F00070B50026C0E9006605460C46FCF7C4FF81
:10D3000001232B70FFF7B6FFBFF35F8F204BDB6865
:10D31000BFF35F8F9B08013BACB3226842B19A42D6
:10D3200005D9FCF7D5FF6FF03F002E7070BD134696
:10D33000D4E90115E068002908BF4FF40071002806
:10D3400008BFF1202469BFF35F8F114A9360BFF3D8
:10D350005F8FBFF35F8F1564BFF35F8FBFF35F8F86
:10D360005064BFF35F8FBFF35F8F5163BFF35F8F75
:10D3700044F4802444F00104BFF35F8F1460BFF3D2
:10D380005F8F0020D2E74FF40071F1202546DAE7E5
:10D3900000100150037870B50D461446002B52D092
:10D3A000BFF35F8F2C4A136BBFF35F8F03F00E0147
:10D3B0000A294BD013F00C0F02D14FF0FF3070BD93
:10D3C0004368D3B9BFF35F8F5368BFF35F8F032BFD
:10D3D000F3D9224B2249BFF35F8FD2F88060BFF3AD
:10D3E0005F8FBFF35F8F43F8046BBFF35F8F8B4298
:10D3F000F1D1FFF769FF01234360BFF35F8F164B45
:10D400009A68BFF35F8F0132B4EB021F21D8BFF3DC
:10D410005F8F5A68BFF35F8FB4EB820FCDD884B1B2
:10D42000BFF35F8FD3F88020BFF35F8F291D05F80E
:10D43000012BA9424FEA122204F1FF34EFD0002C55
:10D44000F5D10020BBE76FF02000B8E76FF0510086
:10D45000B5E76FF03F00B2E7001001501010015027
:10D460002010015010B5044608B1037843B1FCF711
:10D470002FFF044B187805F0B3F90CB1002323708B
:10D4800010BD00BF77BE002073B50D460646FCF701
:10D49000FBFE15F0010509D001A800F0B3F9044620
:10D4A00020B1FCF715FF204602B070BD184B18786C
:10D4B00005F094F90EB101233370BFF35F8F0022A2
:10D4C000144BDA61BFF35F8FBFF35F8F4FF0FF3212
:10D4D0001A63BFF35F8FBFF35F8F3422DA61BFF34C
:10D4E0005F8F012203F59223C3F8042375B10198DD
:10D4F00004F06DFE042104460DEB010005F0A8F9CF
:10D50000002CD0D03046FFF7ADFFCCE72C46CAE761
:10D5100077BE00200000015008B5054B186805F0E3
:10D5200061F9044B1868BDE8084005F05BB900BF1D
:10D53000D0AB0020CCAB002038B5184CD4F800514B
:10D54000BDB1BFF35F8F164B996ABFF35F8FBFF317
:10D550005F8F4FF0FF321A63BFF35F8F0023C4F871
:10D560000031D4F800310F4B1868BDE8384005F0A1
:10D5700049B9D4F8083153B100F066F803F068FEF9
:10D58000C4F80851D4F808310121074BECE75022C8
:10D5900006490748F6F782FDF9F7A2FF009005500B
:10D5A00000000150D0AB0020CCAB0020B52E010014
:10D5B0002A2D010038B5074B4FF0FF311D68284672
:10D5C00005F013F904464FF0FF31284605F015F930
:10D5D000204638BDD0AB002010B5064CE36C3BB9FB
:10D5E000214651F84C3B986903F07EFE0123E36429
:10D5F000014810BD64BD0020B0BD002010B5044638
:10D600000E4B187805F0EAF80D4B1A68236122607A
:10D610005A6862609A68A2600A4A12689A66002391
:10D62000A364FCF731FE204603F0F4FD0028FAD194
:10D63000204603F0F4FD0028F5D110BD78BE00208F
:10D6400064BD00208C2B01000048704764BD0020A1
:10D650000048704764BD002000487047B0BD0020FE
:10D6600010B50446054A036912689A6600F046F848
:10D670002046BDE8104003F008BE00BFA42B010007
:10D6800010B50446FFF7ECFF0422084BC3F808234B
:10D69000FCF71EFE064A236912689A66002363643B
:10D6A000044BBDE81040187805F09AB8009005507A
:10D6B0008C2B010078BE002010B50E4B0E4C236061
:10D6C00003F5C04363602461FFF786FF236D2046A6
:10D6D000B3F5007FCCBF4FF480634FF40073A360B9
:10D6E000FFF78CFF2046FFF7BBFF2046FFF7C8FF80
:10D6F000002010BD0020015064BD002010B504467C
:10D7000003F0E1FDBFF35F8F204603F013FE032219
:10D7100080B141F21C01204603F0CCFD204603F00D
:10D72000CFFD074B1B68834203D00422054BC3F88F
:10D73000042310BD2046BDE81040082103F0BABD07
:10D74000BC2B010000900550244B0340B3F5806FC3
:10D7500030D016DC402B2FD008DC102B2ED0202B05
:10D760002ED0181E18BF012040007047B3F5807FEF
:10D7700028D0B3F5007F27D0802B14BF02200B20C8
:10D780007047B3F5804F21D00BDCB3F5805F1FD01D
:10D79000B3F5005F1ED0B3F5006F14BF0220062062
:10D7A0007047B3F5004F17D0B3F5803F14BF022088
:10D7B00003207047112070470A2070470C207047E3
:10D7C00009207047082070470720704714207047D1
:10D7D00005207047042070470F207047F0FF0100BC
:10D7E00010B50C4641F22C0103F067FDC0F3812017
:10D7F00003280EBF0023024B1B56236110BD00BF40
:10D80000AC2F010070B50E4D0E4E0446287804F082
:10D81000E5FF306828B980220B49FCF7F1FF60B9B9
:10D820002020094A013852F820203060226000246C
:10D83000287804F0D5FF204670BD0224F8E700BF29
:10D8400079BE0020D0BD0020D4BD0020F0B5042258
:10D8500000258469017D134B187E38B1012810D052
:10D86000013A03F12003F7D1104619E01868A042ED
:10D87000F6D1D3E90260A84208BF8E42F0D1012060
:10D880000EE01E68A642EBD1D3E90276B94275EBF1
:10D890000606E5D3D3E904768F4276F10006DFD39E
:10D8A000F0BD00BFA828010000220D4BF0B5D0E963
:10D8B0000540194615461E6886420AD1D3E902760C
:10D8C000AE4208BFA74204D1182303FB0211086926
:10D8D000F0BD0132052A03F11803ECD10020F7E76F
:10D8E00028290100F7B51F46284B0546002908BF27
:10D8F00098420E46144639D003F5FF437D33C318D2
:10D9000061F10002022B72F1000238D24FF4105282
:10D910004FF00823E3601E4B228063604FF4807356
:10D9200020466380FFF7C0FFC20448BF40F4806018
:10D93000830448BF40F40060A06001A92046FCF7C2
:10D940008FFE88B9019B089A93421BD8099A1360ED
:10D95000104AA369864208BF95420BD00132864225
:10D9600008BF954209D07B7003B0F0BD47F2121298
:10D97000094BCFE701223A70F5E70222FBE76FF08F
:10D980008600F1E76FF08900EEE700BF01C0FF7F7E
:10D9900003004E8002C0FF7F09060006F0B58BB081
:10D9A000164605461C220F4603A8002100F0B8FFCA
:10D9B0004FF6F8724FF4A053B2EBC60F4FF6FF725A
:10D9C00005934FEAC60338BF13462C68ADF80E30F6
:10D9D000B4F1082F0ED1D5E9B923CDE90823D5F844
:10D9E000E032049313F0FF0300D108934FF4105377
:10D9F0000A4C07E00A4B9C42F8D04FF48853E4B23B
:10DA000044F06074ADF80C303A463346009403A9F4
:10DA100005F1540002F077FF0BB0F0BD0002C00327
:10DA2000000280082DE9F84F0446DDE90AA50F46FB
:10DA300000F5F0704FF4A0719B46914604F008FF8A
:10DA400085F0AA6383F4807333F47E1306D085F0E7
:10DA5000AA6383F4007333F47E1344D1C5F30548FD
:10DA6000A8F104020C2A3ED841F61173D340DB071B
:10DA700039D504F1200652465946304600F02BFFB6
:10DA8000314652464846231DFCF7D0FC0646F8B9FD
:10DA9000402104F1590004F0DBFE144A25F47E1302
:10DAA000934284F8996016D002F58072934214D0A4
:10DAB000B3F1052F13D00E4A934212D00D490E4AEE
:10DAC0008B4218BF0022226084F8587084F89A8034
:10DAD0003046BDE8F88F094AF5E7094AF3E7094AF5
:10DAE000F1E7094AEFE76FF08606F1E7000140052C
:10DAF000000600050007000500071005000150059D
:10DB00000002500500051005000610052DE9F84F2C
:10DB10000446DDE90AA7884600F5487088219B463F
:10DB2000914604F095FE0023BAF1200F84F89C3052
:10DB300044D8244D87EA050333F47E133ED107F41D
:10DB40007C13B3F5801F39D104F1200652465946A3
:10DB5000304600F0C0FE314652464846231DFCF7D1
:10DB600065FC064608BB402104F1590004F070FE34
:10DB7000154B27F47E129A4284F8996018D003F569
:10DB800080739A4216D0B2F1052F08D00F4B9A42FB
:10DB900012D00F4905F500758A4218BF354610238B
:10DBA000256084F8588084F89A303046BDE8F88FB4
:10DBB000084DF4E7084DF2E7084DF0E76FF08606F0
:10DBC000F3E700BF00051005000140050006000551
:10DBD0000007000500015005000250050006100571
:10DBE0002DE9F04F04464FF00008CB7B8BB001923B
:10DBF00003F00F020D46110100EB0212D2E90260A0
:10DC00006158370947EA0077000940EA0170CDE919
:10DC10000870614F526806F00F0637F816000909C0
:10DC200041EA0271120982EA0042CDE9061203F0CC
:10DC3000F003E6180DF1180909EB080B0422594608
:10DC400004A800F048FE06EB0801042204A8DDF851
:10DC500010A000F040FE049B04228AEA0303584609
:10DC600004A908F10408049300F035FEB8F1100F80
:10DC7000E2D105F10F08DDE908364FEA131E4EEA3E
:10DC8000067E3609DDE9061203F00F0C46EA01763E
:10DC9000CDE908E6090937F81C6041EA027112096A
:10DCA00082EA0642002618F8010DCDE906124FEA75
:10DCB000101A00F00F0004EB0013029306EB090B9F
:10DCC0000422594604A800F006FE049B0422039394
:10DCD000029B04A8F11800F0FEFDDDE903325A4072
:10DCE00004925846042204A9043600F0F4FD102ED4
:10DCF000E4D1DDE90860DDE90612330943EA007387
:10DD0000000940EA0170CDE90830234B06F00F0608
:10DD100033F816000026090941EA0271120982EA65
:10DD20000042CDE9061204EB0A1B09EB060A0422A5
:10DD3000514604A800F0CFFD049B0BEB0601042222
:10DD400004A8029300F0C7FD049A029B50465A4073
:10DD5000049204A90422043600F0BDFD102EE4D183
:10DD6000454588D1069B079A1BBA12BACDE9042310
:10DD700004A90822019800F0AEFD089B099A1BBA7D
:10DD800012BACDE904230822019804A9104400F036
:10DD9000A2FD0BB0BDE8F08F262C0100042273B564
:10DDA00004460DEB02000D4600F095FD0422019B98
:10DDB000A91823F0704323600DEB020000F08BFDE7
:10DDC0000422214E019B05F10801334063600DEBF5
:10DDD000020000F080FD0422019B05F10C0133409C
:10DDE000A3600DEB020000F076FD0422019B05F11B
:10DDF00010013340E3600DEB020000F06CFD0422E3
:10DE0000019B05F1140123610DEB020000F063FD9D
:10DE10000422019B05F1180163610DEB020000F083
:10DE20005AFD0422019B05F11C01A3610DEB0200C8
:10DE300000F051FD0020019BC4E90800C4E90A007C
:10DE4000E361206302B070BDFCFFFF0F2DE9F04FCE
:10DE500001251F4B8DB0D3F80090D9F80830D9F8C0
:10DE600000409D40013D54BB4FF0010A4FF000417E
:10DE70002846FAF711F90026044609F10C07002C90
:10DE8000F4D0D9F80830B34220D90AFA06F814EAD7
:10DE9000080F11D03B68CBB169464046FAF704F948
:10DEA000A0B93B686846DDF804B09847014658467B
:10DEB000FAF716F924EA080401360437DFE7A04729
:10DEC0000028D1D02146034804F076FCFAF710F977
:10DED000600800201D2F010010B5024CA446F9F780
:10DEE00002FB10BD2D7B000010B5024CA446F9F7D3
:10DEF000FAFA10BD337B000010B5024CA446F9F7C6
:10DF0000F2FA10BDE17A000010B5024CA446F9F710
:10DF1000EAFA10BD8571000010B5024CA446F9F76D
:10DF2000E2FA10BDBD71000010B5024CA446F9F72D
:10DF3000DAFA10BD1174000010B5024CA446F9F7CE
:10DF4000D2FA10BD5F7B000010B5024CA446F9F771
:10DF5000CAFA10BD7D74000010B5024CA446F9F752
:10DF6000C2FA10BDD779000010B5024CA446F9F7EB
:10DF7000BAFA10BD737A000010B5024CA446F9F746
:10DF8000B2FA10BD9779000010B594B004463C2257
:10DF9000002105A800F0C4FC4FF40173ADF838303F
:10DFA00004AB002102934023CDE90011039302AAA0
:10DFB00001230348049404F0B7FB14B010BD00BF64
:10DFC000000100402DE9F0439BB08046DDE9226965
:10DFD0000F461446002138220CA81D4600F0A0FC74
:10DFE0004FF4C063CDE90A87ADF850303EB9B9F1BE
:10DFF000000F04D06FF086001BB0BDE8F083249BB7
:10E00000102D0693259BCDF82490CDE90736269B4D
:10E010000293279B0393EDD834B122460DF13B03C5
:10E0200061198A4215D113950AAB049340230593D5
:10E030000123002E019302AB009304AA0CBF02231C
:10E0400003230021054804F06FFB289B039A1A6004
:10E05000D2E712F8010B03F8010FE2E700010040DC
:10E060002DE9F0439BB08046DDE922690F46144656
:10E07000002138220CA81D4600F052FC40F201633A
:10E08000CDE90A87ADF850303EB9B9F1000F04D0A0
:10E090006FF086001BB0BDE8F083249B102D069323
:10E0A000259BCDF82490CDE90736269B0293279B2C
:10E0B0000393EDD834B122460DF13B0361198A4236
:10E0C00015D113950AAB0493402305930123002E29
:10E0D000019302AB009304AA0CBF02230323002187
:10E0E000054804F021FB289B039A1A60D2E712F836
:10E0F000010B03F8010FE2E70001004070B505468F
:10E1000094B00C46164600213C2205A800F008FCFD
:10E110002B680021069340F60513ADF8383004ABA8
:10E1200002934023CDE90011039302AA012304487E
:10E130000496ADF83A4004F0F7FA14B070BD00BF91
:10E140000001004030B5402597B0044606AB2A4692
:10E150000021184600F0E4FB04232268059308928E
:10E1600040F60A120123ADF8402004AACDE90205C9
:10E1700000920021019302AA0248049404F0D4FA08
:10E1800017B030BD0001004070B5402696B004467F
:10E1900006AB0D4632460021184600F0C1FB0423B1
:10E1A00022680593089240F601120123ADF8402041
:10E1B00004AACDE9020600920021019302AA0348B5
:10E1C0000795049404F0B0FA16B070BD0001004049
:10E1D0002DE9F0414FF04008074696B01C4606ABCB
:10E1E0000E46154600214246184600F099FB3A6853
:10E1F0000021089240F60412CDE90208ADF8402053
:10E200000223CDE9001102AA0448CDE90454ADF877
:10E21000426004F089FA16B0BDE8F08100010040C8
:10E22000F0B5402799B008AB05460E4614460021CC
:10E230003A46184600F074FB1C2307930423326807
:10E24000039301230A9240F60912019302ABCDE930
:10E250000407ADF8482000930021022304AA0348D4
:10E260000695029404F060FA19B0F0BD0001004078
:10E2700000B58BB0CDE9020102A904910821CDE9D6
:10E2800005130CAB08930423099300230792CDE9EF
:10E29000003340F2E931032304AA034804F044FAAE
:10E2A0000BB05DF804FB00BF0201004010B58CB05C
:10E2B000CDE9020102A908910821099105A90A9155
:10E2C00004210F9C0B910E990592CDE9061374B1B0
:10E2D0000123019306AB009340F2EA310223054883
:10E2E00008AA04F021FA079B23600CB010BD6FF060
:10E2F0008600FAE70201004010B58CB0CDE90201BA
:10E300000021CDE909110B9102A90591082109AB62
:10E31000CDE906130C23144608938AB1012307AAFA
:10E320000193009240F2EB31074805AA04F0FCF992
:10E33000099B23600A9B63600B9BA3600CB010BD1C
:10E340006FF08600FAE700BF020100407FB502AB24
:10E350000493082305930023CDE90201CDE900339E
:10E360004FF47B71012304AA024804F0DDF907B0E1
:10E370005DF804FB020100407FB503AB0493042366
:10E38000059300230390CDE9003340F2F3310123DC
:10E3900004AA044804F0C8F90028B8BF012007B057
:10E3A0005DF804FB0501004000B589B003AB0493A0
:10E3B0000423CDE90532012306AA039007910092B8
:10E3C00040F2F231019304AA044804F0ADF90028A8
:10E3D000B8BF012009B05DF804FB00BF0501004093
:10E3E00010B500248CB00B46009202A902460748E3
:10E3F0008DF808400394F9F783FE02A89DF80810F1
:10E4000004F0A7F903980CB010BD00BF6927010004
:10E410002DE9F0410546ADF58D6D03AC0E4617466E
:10E4200000211C222046984600F07AFA022D06D0E0
:10E43000042D1CD022480DF58D6DBDE8F081214BD7
:10E4400063614FF4105323801F4B4FF48862002107
:10E450000AA8636000F064FA4FF008210AA8FDF7EB
:10E460000BF9034628B18C33E4D01848E3E7184B86
:10E47000E6E70090224640F201110AA8FDF74AF9AA
:10E480000028F2D1424640F20121DDF880340AA88A
:10E49000FDF714F90028E8D13B46324640F2062148
:10E4A0000AA8FDF70BF90028DFD1DDF88824DDF894
:10E4B00084140AA8FDF74AF90028BCD0D5E700BFAC
:10E4C000FF9AFEFF02C0FF7FFF004E80FC9AFEFF16
:10E4D00003C0FF7F7FB50023074A06A9CDE90423C7
:10E4E00002AB01AA11E90300FCF794FFB0FA80F037
:10E4F000400907B05DF804FBB710FF7F10B58EB080
:10E500000C46122200210DF11E0000F009FA002332
:10E51000124A2146CDE90C2341F20103ADF81C302B
:10E5200003F1004303F59C0303F56C53089305AB1B
:10E53000029306AB019302233022009307A804AB99
:10E54000FCF71CFB38B9059A054BB2F5C07F18BF24
:10E5500018460EB010BD0348FBE700BFB710FF7FA1
:10E56000FB9AFEFFFE9AFEFF00B58DB03022694691
:10E570000020FCF745F930B96946FF20FFF7BEFFE0
:10E580000DB05DF804FB0148FAE700BFFD9AFEFFFD
:10E5900048B1054B054A1B68B3FBF2F35843044BE3
:10E5A00043F001031847704700AB002040420F00C2
:10E5B000A0280100431810B501D21F2A01D900205C
:10E5C00010BD013902F014030144102B81EA00044C
:10E5D00038D027DC7BBB1F2C40E800F303D941E88F
:10E5E00000F19942EBD122F01402013A0A2AE6D84E
:10E5F00001A151F822F000BF67E6000061E60000CB
:10E6000053E60000BFE50000BFE50000BFE50000E5
:10E61000BFE500006DE6000067E600005BE6000075
:10E6200053E60000142BCAD11F2C40E8C0F3DAD9FE
:10E6300041E8C0F1D5E71F2C40E840F3D3D941E8C9
:10E6400040F1CEE71F2C40E880F3CCD941E880F1BF
:10E65000C7E713F4001FB3D1B1E713F4801FFAE743
:10E660005B02ADD5ABE713F4002FF4E713F4802F72
:10E67000F1E700BF00239C4683F30088704708B58C
:10E68000F8F72EFF08B500F009F808B500F006F815
:10E6900008B500F003F808B500F000F8EFF30880C3
:10E6A000EFF309812DE9F00F6B467246F5F772FC26
:10E6B00008B0FFF7E4FFFEE708B5FFF7EFFF08B586
:10E6C000FFF7ECFF08B5FFF7E9FF08B5FFF7E6FF36
:10E6D00008B5FFF7E3FF08B5FFF7E0FF08B5FFF760
:10E6E000DDFF08B5FFF7DAFF08B5FFF7D7FF08B57C
:10E6F000FFF7D4FF08B5FFF7D1FF08B5FFF7CEFF4E
:10E7000008B5FFF7CBFF08B5FFF7C8FF08B5FFF75F
:10E71000C5FF08B5FFF7C2FF08B5FFF7BFFF08B593
:10E72000FFF7BCFF08B5FFF7B9FF08B5FFF7B6FF65
:10E7300008B5FFF7B3FF08B5FFF7B0FF08B5FFF75F
:10E74000ADFF08B5FFF7AAFF08B5FFF7A7FF08B5AB
:10E75000FFF7A4FF08B5FFF7A1FF08B5FFF79EFF7D
:10E7600008B5FFF79BFF08B5FFF798FF08B5FFF75F
:10E7700095FF08B5FFF792FF08B5FFF78FFF08B5C3
:10E78000FFF78CFF08B5FFF789FF08B5FFF786FF95
:10E7900008B5FFF783FF08B5FFF780FF08B5FFF75F
:10E7A0007DFF08B5FFF77AFF08B5FFF777FF08B5DB
:10E7B000FFF774FF08B5F8F793FEEFF30880EFF367
:10E7C00009812DE9F00F6B467246F5F7E3FB08B0BF
:10E7D000FFF7F0FFFEE708B5F8F782FEEFF30880D9
:10E7E000EFF309812DE9F00F6B467246F5F7D2FB86
:10E7F00008B0FFF7F0FFFEE708B5F8F771FEEFF39A
:10E800000880EFF309812DE9F00F6B467246F5F7AA
:10E81000C1FB08B0FFF7F0FFFEE708B5F8F760FEB0
:10E82000EFF30880EFF309812DE9F00F6B46724694
:10E83000F5F7B0FB08B0FFF7F0FFFEE708B5F8F713
:10E840004FFEEFF30880EFF309812DE9F00F6B46DF
:10E850007246F5F79FFB08B0FFF7F0FFFEE7814235
:10E8600070B41346054602D370BC00F034B8821869
:10E87000194483B900241819032816D86FF003002F
:10E880009C084443234422440C4400218B4214D16D
:10E89000284670BC704742EA01008007EAD011F8B0
:10E8A000010D013B02F8010DE3E7601850F8046C1C
:10E8B000A01840F8046C043CDDE7601A10F8016C05
:10E8C000501A00F8016C0131E0E708B5F9F710FCC7
:10E8D00008B5F9F70DFC034670B56AB9002415199F
:10E8E000032D13D822F0030421441C44002302F01A
:10E8F00003029A4210D170BD41EA0304A407EDD08F
:10E9000011F8014B013A03F8014BE6E70D1B2E68A5
:10E910001D1B2E60043CE2E7CD5CE5540133E8E7C3
:10E92000F0B505460C0444EA01640C4344EA0124B2
:10E9300062B913465619032A0ED823F003022A445B
:10E9400003F0030313449A420AD1F0BDAB07F0D0A1
:10E9500005F8011B013AEBE7B71A3C60043AEAE715
:10E9600002F8011BEFE707B503468DF807200846BC
:10E9700001220DF10701984703B05DF804FB2DE972
:10E98000F84F1D46074688461646BDF828409DF8B4
:10E990002CA09DF830909DF834307AB333B11346F3
:10E9A0001D4613F8012B002AFAD1AD1BAC428ABFD9
:10E9B000641B0024A4B2BAF1000F14D02A463146D9
:10E9C0004046B847BAF1000F18D0002513E04A4678
:10E9D00041463846FFF7C7FF0BF1010B1FFA8BF3D7
:10E9E0009C42F4D8EAE7D346F8E74A46414638461F
:10E9F000FFF7B9FF0135ABB29C42F6D8BDE8F88FFE
:10EA00002DE9F04F002489B09DF848C006469DF8D6
:10EA10005800A4450F469DF854100CBF4FF0200A33
:10EA20004FF0300AA0429846CDE905440CBF612062
:10EA300041209DF85030CDF81B4019B1A242ACBF27
:10EA4000214652420DF11E04A1460A38B2FBF3FBE7
:10EA500003FB1B2B5FFA8BF5BBF1090F94BF30351D
:10EA60002D18A646EDB2934204F1FF346570B2FB57
:10EA7000F3F518D931B1BCF1000F16D12D23237055
:10EA8000AEF102040023CDE902A39DF84C303946D3
:10EA9000CDE900833046A9EB0403621CFFF76FFF4A
:10EAA00009B0BDE8F08F2A46D0E72D22394630461E
:10EAB000FFF759FFE6E7002070470FB4002004B0CD
:10EAC0007047704710B5044608B1F9F70FFC2046AF
:10EAD000BDE81040F9F7F4BB00F4E040B0F5805F0A
:10EAE00004D0A0F5005358425841704701207047A8
:10EAF0000346C068F8B15888E8B11B8803F44F4258
:10EB0000B2F5824F02D0B2F5884F09D1DBB2272B84
:10EB10002AD008D8172B0FD0222B34D0122B16D086
:10EB20006FF085007047302B2FD0413B012BF7D879
:10EB3000FF2839D100207047C028FBD0E128F9D048
:10EB4000B0F5807F14BF6FF086000020704720F082
:10EB50002003C02BEED020F08003B3F5807FE9D0F6
:10EB600040F209239842EDE7E928E3D0EF28E1D00D
:10EB700040F21B139842DDD040F299139842D9D04D
:10EB800040F23B23EEE7E928F1E720F02003C02B19
:10EB9000D0D020F04003B3F5807FCBD0B0F5C07F5C
:10EBA000C8D0B0F5007FCDE7B0F5E07FCAE70368D5
:10EBB000024673B1037DD9070BD513F002000DD0C7
:10EBC000D3684BB91369002B14BF6FF08600002087
:10EBD00070476FF0880070476FF0860070473AB159
:10EBE000002918BF00232121D21A1844FFF798BE2C
:10EBF00070472DE9F047994600238AB006AC84E8B7
:10EC00000300DDE913868DF82330169B0092002B5C
:10EC100094E8030015460CBF4FF400634FF4806383
:10EC200009AA159FF9F71AFF0446E8B9DDF824A0F0
:10EC30002846BAF800100DF12302F9F78FFF0446B9
:10EC400090B99DF82330B3421ED8CDE90337129B0B
:10EC5000CDF80880CDE900935046DAE909122B4639
:10EC6000FBF794FA044600B13E6032462146404626
:10EC70003B68FFF7B4FF099801F068F8002C18BF53
:10EC800020460AB0BDE8F0876FF08904ECE72DE973
:10EC9000F3414768D0F81480044638460E4601F028
:10ECA00057F8054658BBFFB22FB9B8F1000F05D091
:10ECB0006FF0860523E0B8F1000FF9D0A06820F0CE
:10ECC000031020F47F400028F2D14FF6F8736288D9
:10ECD0009A4218D8277907B901A83146FAF720FED9
:10ECE000054660B90FCCD6F800C066460FC694E85A
:10ECF000070086E8070017B9019BCCF814302846B6
:10ED000002B0BDE8F0816FF08505F8E742F2070335
:10ED1000984223D029D841F2062398421AD8B0F558
:10ED2000905F09D241F2010398420CD0B0F5885FA0
:10ED300009D06FF0850070476923A0F5905080B22C
:10ED4000C340DB07F5D511F0070F14BF6FF0860045
:10ED50000020704742F204039842EAD1B1F5807F67
:10ED600014BF6FF0860000207047B0F5105FE0D14F
:10ED700021F04003802BF1D10020704770B5446A28
:10ED800005460E463CB90120F9F794FA686228B1AD
:10ED90002046AE6270BD6FF08A00FBE76FF08C001A
:10EDA000F8E7F8B50F46114606461546FFF7E6FFA9
:10EDB000044620B92A463946706AFFF78CFD204682
:10EDC000F8BDF8B50F461E46154604889AB1204690
:10EDD000FFF782FE78B1089BD10020461960FFF74B
:10EDE00095FF044628B939463046FFF774FD079B66
:10EDF0001D602046F8BD6FF08504FAE710B50446A3
:10EE0000406A10B1A16AFFF75DFE0020C4E9090065
:10EE100010BD38B50446FFF7F1FF237F012B0FD05B
:10EE2000023B012B0FD8236A012B14BF6FF096050C
:10EE300000252C2200212046FFF772FD284638BD10
:10EE4000236A002BF1E76FF09605F2E708B1FFF7B0
:10EE5000E0BF704770B586B002AD85E8030010468C
:10EE6000144600F04DFF0023009305AA95E8030027
:10EE7000F9F7F4FD50B9059E35460FCD0FC495E85E
:10EE8000070084E80700304600F060FF06B070BD60
:10EE900070B5008814461D46049EFFF71DFE68B13C
:10EEA000B2420ED82846FFF716FD0021321B281962
:10EEB000FFF736FD0020059B1C6070BD6FF08500DC
:10EEC000FBE76FF08900F8E7F0B587B002AC1646B3
:10EED0001D4684E803000C9FE3B100233B600093D0
:10EEE00094E80300012305AAF9F7B8FD044670B9B8
:10EEF000CDE9005705983346D0E90912FAF7A4FF87
:10EF00000446059800F022FF002C08BF0446204666
:10EF100007B0F0BD6FF08904F9E7F0B587B002AC37
:10EF200016461D4684E803000C9F0BB300233B608C
:10EF3000009394E8030005AAF9F790FD044688B908
:10EF4000059803885B0410D5CDE900573346D0E916
:10EF50000912FAF793FF0446059800F0F7FE002C1B
:10EF600008BF0446204607B0F0BD6FF08604F3E703
:10EF70006FF08904F6E72DE9F04F164600271D468D
:10EF80008FB00DF1080C07AC8CE8030090460FCE53
:10EF90000FC496E80700C5E9007784E807000097EA
:10EFA00002239CE8030004AACDE904770697F9F749
:10EFB00055FD044640B9B8F80030049C43B122889E
:10EFC0009A4205D06FF086040598FFF73FFF68E08E
:10EFD000B8F8022063880AB19342F3D12788DDF89C
:10EFE00028A0D4F80C9051464A463846ADF81E3059
:10EFF000ADF81C70F9F7B4F90646DDF82CB0D4F87A
:10F000001080594642463846F9F7AAF92EB9BAF1A6
:10F01000000F02D0B9F1000FD4D128B9BBF1000F15
:10F0200002D0B8F1000FCDD1A268099B0B9013401C
:10F0300005A907A8CDE90936FFF729FE04460028EF
:10F04000C2D1DDE904305A684168120AB2EB112FCF
:10F0500035D1089A120A2DD006A907A8FAF76CFE36
:10F0600004460028B0D1DDE90501FFF787FE04461C
:10F070000028A9D1DDE9041303F1280201929A6A5C
:10F0800007A800925B6AD1E90912FAF745FF044626
:10F09000002899D129460598F9F798FC04460028DC
:10F0A00092D1049800F052FE002C18BF20460FB0F9
:10F0B000BDE8F08FD3E90912FFF773FEE7E76FF0C1
:10F0C000850481E7036810B5044623B100F08BFF87
:10F0D0000023236010BD1846FCE738B50C460168D4
:10F0E0000546A1B904F0FE43B3F1007F12D14FF4FD
:10F0F000D0720430FFF714FC21462846FAF7AAFF25
:10F10000044610B12846FFF7DDFF204638BD6FF0FA
:10F110008804F7E76FF08604F4E738B5046805461D
:10F1200064B112B90024204638BD00F047FF044600
:10F130000028F7D02846FFF7C5FFF4E76FF08804F2
:10F14000F8E770B500261E60046805463CB100F083
:10F150003EFF04462846FFF7B5FF204670BD6FF01E
:10F160008804FAE7F0B58BB00E46174601AB2022B3
:10F1700002A90546FFF7E5FF044620B9019ABA4205
:10F180000CD06FF09404202102A8F9F7AFF814B165
:10F190002846FFF797FF20460BB0F0BD304602A986
:10F1A00001F00AF804460028EDD0EAE770B4002424
:10F1B000DDE903652C6000F0FE44B4F1007F04D16A
:10F1C000CDE9036570BCFAF733BF6FF0860070BC01
:10F1D000704730B51D4600F0FE43B3F1007F8DB09F
:10F1E0001DD103AB01932023009304ABFAF720FF5A
:10F1F000044628B9039A109B9A4208D06FF09404F1
:10F20000202104A8F9F772F820460DB030BD284639
:10F2100004A900F0D1FF04460028EFD1F0E76FF019
:10F220008604F1E738B5036804460D468BB10968DA
:10F2300079B94FF4D072281DFFF772FB204629469A
:10F2400000F0AAFE044610B12846FFF73BFF204617
:10F2500038BD6FF08804FAE7036810B5044643B17F
:10F2600000F03FFF00232360A3886FF30803A3800F
:10F2700010BD1846FCE72DE9F0411E46002386B07C
:10F2800002AC84E8060001680546DDF8308005938D
:10F2900000293AD14FF41F720830FFF741FBB8F153
:10F2A000000F009694E803000CBF4FF400634FF486
:10F2B000806305AAF9F7D2FB0446B8B9059F30462A
:10F2C00039882A1DF9F74AFC044678B96B79394622
:10F2D00068F300036B71D7E9092328460096B8F15B
:10F2E000000F0FD0FAF77CFF044610B12846FFF755
:10F2F000B3FF059800F02AFD002C18BF204606B089
:10F30000BDE8F081FAF790FFEEE76FF08804EDE7D3
:10F310001FB502AC84E806000122009294E80600C2
:10F32000FFF7A9FF04B010BD1FB502AC84E80600CA
:10F330000022009294E80600FFF79DFF04B010BD84
:10F3400038B50368054614464BB132B100F0ABFE48
:10F35000044610B12846FFF77FFF204638BD6FF006
:10F360008804FAE72DE9F0411646026805460F4683
:10F370009846F2B14279D2071BD50279CAB1B2429E
:10F380001AD800F099FE044618B10023C8F80060AE
:10F390002B7137B1324621463846D8F80030FFF796
:10F3A0001EFC2846FFF758FF002C18BF2046BDE87A
:10F3B000F0816FF08804E8E76FF08904E5E738B57D
:10F3C000046805467CB14479E4070CD4047994427E
:10F3D0000CD100F07DFE04462846FFF73DFF002CCF
:10F3E00018BF204638BD6FF08804F5E76FF094042D
:10F3F000F2E710B588B006AC84E80300012104915F
:10F400000D9903910C9902910B9901910A99009120
:10F4100094E80300FFF7EDFB08B010BD30B593B0E2
:10F4200006AC84E803000021049109A9039120217E
:10F43000029116990AAD0195009194E80300FFF737
:10F44000D8FB044628B9099A189B9A4208D06FF055
:10F45000940428462021F8F749FF204613B030BD18
:10F460002946179800F0A8FE04460028F1D0EEE7E0
:10F47000036810B504463BB100F086FD002323600D
:10F48000237923F003032371002010BD1FB502ACC4
:10F4900084E806000122009294E80600F9F7B2FC25
:10F4A00004B010BD1FB502AC84E806000022009233
:10F4B00094E80600F9F7A6FC04B010BD38B504685E
:10F4C000054684B1047904F00304012C0BD1102A01
:10F4D0000FD800F034FD044638B92B7943F002030D
:10F4E0002B71204638BD6FF088042846FFF7C0FF17
:10F4F000F7E76FF08604F8E737B50468054694B17E
:10F50000047904F00304012C0DD0079C0194069C9F
:10F51000009400F01DFD044610B12846FFF7A8FF37
:10F52000204603B030BD6FF08804F6E770B504687C
:10F5300005461E468CB1047904F00304012C0CD05E
:10F5400000F016FD04462846FFF792FF3368E217E5
:10F5500023EA02032046336070BD6FF08804F2E7AF
:10F560002DE9F04F4FF000098FB0DDF87CB00AAC08
:10F5700084E80300DDE91D861046CBF800901546AF
:10F580001F46DDF860A0F9F76DF990BB009594E88F
:10F5900003004FF480730DAAF9F760FA044620BB0C
:10F5A00051462846F9F738FA0446D8B91C9BCDE9EC
:10F5B000076B05931B9B0D9804931A9BCDF818803D
:10F5C0000393199B0097CDE901A32B46D0E90912BB
:10F5D000FAF752FD044628B126B132464946404664
:10F5E000FFF79EF90D9800F0B1FB20460FB0BDE883
:10F5F000F08F6FF08604F8E72DE9F04F4FF0000927
:10F600008FB0DDF87CB00AAC84E80300DDE91D862C
:10F610001046CBF8009015461F46DDF860A0F9F7BC
:10F6200021F990BB009594E803004FF400730DAAF4
:10F63000F9F714FA044620BB51462846F9F7ECF9CD
:10F640000446D8B91C9BCDE9076B05931B9B0D980D
:10F6500004931A9BCDF818800393199B0097CDE96A
:10F6600001A32B46D0E90912FAF730FD044628B170
:10F6700026B1324649464046FFF752F90D9800F050
:10F6800065FB20460FB0BDE8F08F6FF08604F8E709
:10F6900038B50468054644B100F0FDFC4FF47072C3
:10F6A000044600212846FFF73BF9204638BD1FB528
:10F6B00002AC84E806000093012194E80C00F9F7FD
:10F6C000AFFC04B010BD1FB502AC84E80600009387
:10F6D000002194E80C00F9F7A3FC04B010BD38B584
:10F6E00003680D46044611469BB1037DDB0710D429
:10F6F0004068F9F791F990B90A462046294600F08A
:10F700007DFC054638B9237D43F001032375284667
:10F7100038BD6FF088052046FFF7BAFFF7E76FF0B6
:10F720008605F8E7F8B5036804460F4616467BB130
:10F73000037D13F00E0F0BD100F069FC054648B9AC
:10F74000237DC4E9037643F0020323752846F8BD00
:10F750006FF088052046FFF79BFFF7E738B5036891
:10F760000446EBB1037D03F00900012818D132B93A
:10F770000025237D43F004032375284638BD9B07ED
:10F7800004D5E36893420ED39B1AE360204600F051
:10F7900047FC05460028EBD02046FFF779FFECE751
:10F7A0006FF08805F8E76FF08605F5E737B5044692
:10F7B0000020079D28602068D8B1207D10F0010F3F
:10F7C00017D0800706D5E068C8B92069904216D3E3
:10F7D000801A2061069801950090204600F029FCCF
:10F7E000054640B9237D43F008032375284603B03E
:10F7F00030BD6FF088052046FFF74AFFF6E76FF04F
:10F800008605F8E72DE9F04F1E46002385B0DDF8A8
:10F8100040803360DDE90E97C8F80070037D05462F
:10F82000DB068A4693461CD5FFF7C1F9044650B95A
:10F8300033465A4651462846CDE90178CDF8009026
:10F8400000F007FC04463A4621464846D8F8003006
:10F85000FFF7C5F92846FFF71BFF204605B0BDE8B6
:10F86000F08F6FF08804EEE72DE9F3411E46002388
:10F870003360037D0546DB060F46904615D4FFF73F
:10F8800096F9044650B9099B42460193089B3946B4
:10F8900000932846334600F0EEFB04462846FFF767
:10F8A000F7FE204602B0BDE8F0816FF08804F5E76E
:10F8B00038B54468054614B100F05CFC044628469F
:10F8C0004FF48A61F8F712FD204638BDF8B5C368D9
:10F8D000044693420F46164611D300F042FCE368FB
:10F8E00005469B1BE36040B12046FFF7E1FF27B1CF
:10F8F000324621213846FFF713F82846F8BD00F0BC
:10F9000039FC00236FF08E05E360F0E743681BB11C
:10F91000C36800200B6070476FF08800704710B418
:10F92000446834B1C4688C4207D310BCC16000F095
:10F93000E9BB6FF0880010BC70476FF08600FAE7F3
:10F9400070B50D464FF0FF3104461646F8F7CAFF72
:10F9500058B9237A9B0706D4324629462046BDE88B
:10F960007040FFF7B3BF6FF0840070BD00232DE936
:10F97000F04F89B00593C2E90033438806468846B4
:10F980001746002B7BD04FF0FF314046F8F7AAFF17
:10F99000044600286CD198F8089009F00309B9F1E1
:10F9A000010F6FD1304605A9FFF771F9044668B918
:10F9B000059D72882888D61D00F4E043F608B3F54B
:10F9C000804F0692079605D16FF086040598FFF7E1
:10F9D0003DFA4DE0FFF780F810B96FF08504F5E7C8
:10F9E0005307F1D148463146F8F764FC814610B917
:10F9F0006FF08C04EAE7069B6B806B681B0A23D1CF
:10FA000028460799FFF7BAF9044620BB0DF1180AFA
:10FA100005F1280B324649464046FFF757FF04469A
:10FA2000C8B9CDE901BAAB6A324600936B6A494660
:10FA30002846FAF7C1F96A88069B04469A421BD108
:10FA400010F18F0FE6D006E0284607A9FAF774F9FF
:10FA500004460028D4D031464846FFF733F8002C3E
:10FA6000B4D139460598F8F7B1FF04460028ADD166
:10FA7000204609B0BDE8F08F6FF08604EBE76FF029
:10FA80008604F5E76FF08404F2E707B500931346A8
:10FA90000022F9F73DFB03B05DF804FB70B586B0BA
:10FAA0000E4602A981E80C00002342680546009238
:10FAB00003C905AA0593F8F7D1FF0446A0B9059A32
:10FAC000916848041AD56FF480717318012B03D81C
:10FAD0002B7A43F001032B72936A31460093284638
:10FAE000536AF9F715FB0446059800F02FF91CB18D
:10FAF0002846FFF7DDFE204606B070BD2B7A43F0A6
:10FB000002032B720B04DED46FF08404ECE72DE9C2
:10FB1000FF41056806460F46984635B3037903F062
:10FB20000303012B20D1457995422DD8102D2ED8D5
:10FB300029466846F9F762FC0446C0B92A46694678
:10FB4000304600F0FCF9044688B92A466946384632
:10FB5000FEF7C1FEC8F80050337943F00203337159
:10FB6000204604B0BDE8F08100256FF08804002332
:10FB70003046C8F80030FFF77BFC002FF0D0294654
:10FB80003846F8F7B3FBEBE76FF08904EFE76FF067
:10FB90008304ECE72DE9FF4100241C601F46036845
:10FBA00006468846002B59D0037D03F01103102B25
:10FBB00054D1038903F4E041B1F5005F2AD103F485
:10FBC000E061B1F5806F25D1436883F0AA6181F4CB
:10FBD000807131F47E113DD083F0AA6383F4007309
:10FBE00033F47E1322D021466846F9F707FC054618
:10FBF000B0BB224669463046FFF771FD054678BB2B
:10FC0000224669464046FEF766FE3C60284604B040
:10FC1000BDE8F08142F204018B4209D1736883F0A0
:10FC2000052383F4801333F47E1315D10C240CE0E8
:10FC300042F207018B420FD1736883F0A26383F411
:10FC4000C06333F47E1307D118249442CBD96FF0EC
:10FC5000890505E00D24F8E70024C4E76FF0880566
:10FC60003046FFF715FDD1E72DE9F04305469946EB
:10FC700000238BB0099325F0004323F47F0306A8EB
:10FC8000B3F1106F80E80600DDE91386159F25D1DA
:10FC900000954FF4804303C809AAF8F7DFFE044635
:10FCA00070B9129BCDE90367CDE900930998CDF8AF
:10FCB00008802B46D0E9091200F064FA044620B10E
:10FCC00031464046F9F79AFB3E60099800F03EF84D
:10FCD000002C18BF20460BB0BDE8F0836FF08604FF
:10FCE000EEE710B500880C461146FEF7F5FE20B190
:10FCF0002046BDE81040F9F781BB6FF0850010BDCC
:10FD00001C220021FEF70CBE037F022B06D1036AE2
:10FD10005A1C03D001330362002070476FF0960035
:10FD20007047034668B1017F8A1E012A0BD8032958
:10FD3000026A03D1012A01D1FFF76BB81AB1013A67
:10FD40001A62002070476FF096007047FFF7E9BF16
:10FD5000C0B2FF280CBF6FF08600002070471FB5AF
:10FD6000CDE9000103AADDE90001F9F76BFD78B9DF
:10FD7000039803793BB1036A012B04D105B05DF808
:10FD800004EBFFF746B805B05DF804EBFFF7C9BF19
:10FD900005B05DF804FB7FB503AACDE90001FEF7CD
:10FDA000ABFA8C3018BF012007B05DF804FB30B50A
:10FDB00087B003AA05460C46CDE90001FEF79CFA80
:10FDC0008C3002D1002007B030BD28462146FEF716
:10FDD000BDFA10B16FF09800F5E72846214603AA56
:10FDE000FEF78AFA8C30EDD0F4E72DE9F0410646B3
:10FDF0001446884688B0002941D0002A3FD0B2F589
:10FE0000005F3FD202F1240739460120F8F752FA89
:10FE10000546D0B30346324640462146F9F79AFEDE
:10FE2000D6E9058631464046CDE90386FFF7B3FFA4
:10FE3000012821D000233A46009340462B46314604
:10FE4000FEF716FA044678B94046314605AAFEF791
:10FE500053FA044620B9069B9F4205D06FF09804E0
:10FE600040463146FEF772FA39462846FEF72AFE2A
:10FE7000204608B0BDE8F0816FF08A04F4E76FF027
:10FE80008604F5E76FF08D04F2E76FF08C04EFE77E
:10FE9000FEF718BE2DE9F04F87B0D0E905BA074646
:10FEA000894690465846514603AAFEF725FA04466D
:10FEB00010BB049E01203146F8F7FCF905460028E6
:10FEC00037D05846514603AA0294FEF715FA044665
:10FED00070B902AB0246CDE900535846334651464D
:10FEE000FEF7E4F9029B04469E4209D06FF09804A5
:10FEF00031462846FEF7E6FD204607B0BDE8F08F04
:10FF00000028F5D143464A46314628460097F9F77E
:10FF10007DFE04460028EBD1D9F8003033B1D8F883
:10FF20000030002B08BF6FF09104E1E76FF09104FF
:10FF3000DEE76FF08C04DFE7FAF702BA7047036878
:10FF4000052B02D10830FBF7FFBD6FF0860070472C
:10FF500070B40668DDE90345052E05D1CDE90345FA
:10FF600070BC0830FBF708BE6FF0860070BC7047AD
:10FF700010B40468052C03D110BC0830FBF724BF73
:10FF80006FF0860010BC70470368052B02D1083063
:10FF900000F0A7BC0020704708B503461A68084661
:10FFA000052A08D140F8042B191D4FF4D072FEF732
:10FFB00092FC002008BD6FF08800FBE70368052B6A
:10FFC00002D10430FAF7C6BC6FF08800704710B455
:10FFD0000468052C03D110BC0430FAF735BD6FF06E
:10FFE000880010BC704708B50368052B04D14FF496
:10FFF000D071043002F02CFC002008BD0368052BF2
:020000021000EC
:1000000002D11830FCF7BCBA6FF086007047036865
:10001000052B02D11830FCF7C9BA6FF08600704783
:100020000368052B02D11830FCF7D6BA6FF08600B2
:10003000704770B40668DDE90345052E05D1CDE9AA
:10004000034570BC1830FCF7E7BA6FF0860070BC4F
:100050007047F0B40768069E052FDDE9044506D118
:10006000CDE9055604941830F0BCFCF7FDBA6FF0EA
:100070008600F0BC704770B40668DDE90345052EC4
:1000800005D1CDE9034570BC1830FCF71DBB6FF0FE
:10009000860070BC70470368052B02D11830FCF74E
:1000A00039BB002070470368052B02D10830FCF7EC
:1000B0002FB86FF08600704710B40468052C03D188
:1000C00010BC0830FCF746B86FF0860010BC7047D3
:1000D0000368052B02D10830FCF77CB86FF086006E
:1000E00070470368052B02D1083000F010BC0020D7
:1000F000704710B504461030FBF7BEFA08B9052367
:10010000236010BD0368052B02D1103000F0D2BA75
:100110006FF08800704710B40468052C03D110BC40
:100120001030FBF7CBBA6FF0880010BC704730B4CA
:100130000568029C052D04D10294103030BCFBF7F9
:10014000E9BA6FF0880030BC704710B40468052C21
:1001500003D110BC103000F0C2BA6FF0880010BCA0
:1001600070470368052B02D11030FBF7EFBA6FF030
:10017000880070470368052B02D11030FBF70CBBD9
:100180000020704743681B0A14BF6FF086006FF0B1
:10019000850070470020FAF7F9BA0020FAF730BB63
:1001A000002000F021B917B4CDE90001DDE900011C
:1001B00003B010BCF7F79CBE70B5044600200346A0
:1001C000934200D170BDE55CCE5C0133754028439D
:1001D000F6E7002070470A2842DCC31C1FDA10F142
:1001E000400F45D010F13F0F2BDA10F1410F42D0F4
:1001F00010F1550F42D010F1490F14BF6FF0860077
:100200006FF08400704709282DD8DFE800F0052C36
:100210002C2F172C372C2C3A6FF098007047033096
:100220000D2820D8DFE800F00A331F221F1F1F1FF0
:100230001F1F071F1F076FF0940070476FF08500A6
:10024000704710F1210F1FD00DDB10F1200F1ED0D1
:1002500010F1100F14BF6FF086006FF0940070471C
:1002600064380928CFD96FF08600704700207047A6
:100270006FF0840070476FF0890070476FF0930053
:1002800070476FF08C0070476FF0880070476FF018
:100290009200704710B501380A44914200D110BD58
:1002A00010F8013F11F8014B63400370F5E701447A
:1002B000814200D1704711F8013D1A440A70120AB8
:1002C000F6E72DE9F8430E46174608994FF4AA724F
:1002D00004461D46DDF8248000F01BFEB8B98146B7
:1002E0004D4509D14146204600F09EFE78B9204692
:1002F000BDE8F84300F0BBBE204657F8292056F869
:10030000291000F02EFE10B909F10109E8E7BDE857
:10031000F8831FB5CDE90221069A03A9CDE9003281
:10032000012302AAFFF7CDFF05B05DF804FB2DE91C
:10033000F041D8B005460E4609A800211746984658
:10034000FDF7A2F8044660B95E9B3246CDE9008312
:1003500029463B4603A8FFF7B4FF044609A8FDF76A
:1003600081F8204658B0BDE8F0811FB5CDE90210F4
:10037000009302A9134603A80122FFF7D8FF05B096
:100380005DF804FB07B501A9FAF752F9003818BF68
:10039000012003B05DF804FBF7B506460D46202D9D
:1003A0002F46A8BF202700216846FCF7A1FF04467E
:1003B00070B93A4631466846FCF7ECFF10F1520F2F
:1003C000044608D0431CF4D0684600F016FF34B150
:1003D000204603B0F0BD684600F00FFFE3E7EC1BDA
:1003E0003E44F5D02546DAE70020704790F89C316E
:1003F00010B5044604301BB1BDE8104000F08DBDBF
:100400004FF4AA72216800F084FDB0FA80F35B0912
:1004100084F89C3110BD73B51E4600230C4601A91B
:1004200015460193F9F7D8FF90B9019800F027FE1F
:10043000069B98420ED8019800F021FE079B2946A2
:100440001860019A33462046FFF78FFFFFF7C3FE7F
:1004500002B070BD6FF08900FAE738B5044608466F
:100460002146F9F7B9FF054658B984F89C01206880
:1004700000F007FEC4F858012846BDE83840FFF7F1
:10048000AABE38BD2DE9F04107463C88184604F461
:100490004F43B3F5824F0D469046079E02D0B3F509
:1004A000884F0FD1E4B2A4F14103012B01D9122CE2
:1004B0000BD142462946FEF70EFA0020C6F800800E
:1004C000BDE8F081B4F5885FF2E77B88069A0733D0
:1004D000B2EBD30F4FEAD30408D301462246284695
:1004E000FAF700FB0028EBD13460E9E76FF08900F0
:1004F000E6E72DE9F04306461F463388084603F435
:100500004F419FB0B1F5824FDDE9268902D0B3F5A6
:10051000885F0ED105AB0146CDE9019330463B46DD
:10052000CDF80080FAF72AFB044620461FB0BDE84C
:10053000F083758806A90735ED082A46FAF7D2FA3E
:1005400004460028F1D105ABCDE9019306A93B464D
:100550002A463046CDF80080FAF710FB29460446BB
:1005600006A802F075F9E0E7FAF7E0BC0368D904E1
:1005700044BF43F4806303609A0444BF43F40063C0
:1005800003607047C0F30253013B10B5052B21D81F
:10059000DFE803F01B0B0B0B0313032300F0300009
:1005A0002028136013D0002010BD0B8844F21211D4
:1005B0008B420CBF04230223F0E70B8844F2121194
:1005C0008B420CBF06230323E8E70123E6E702334F
:1005D0001360E8E76FF09800E6E713B50C46FAF70A
:1005E00027F8C31C0FD0013009D004224FF0FF338D
:1005F00021460DEB0200019302F086F830B96FF04E
:100600008B0002B010BD6FF08400FAE70020F8E71D
:1006100030B589B0054618220C4601A80021FEF726
:100620007FF9012344EA052401A9BA200794059320
:10063000F9F7B0FF002818BF6FF0920009B030BD85
:10064000F7B5BA2001A9F9F7F3FF044610B100206D
:1006500003B0F0BD019D2F0AEDB2AC4205D1BA2026
:10066000F9F7D8FF0028F2D008E0E6193046F9F78C
:10067000D1FF30B13046FFF785FE10B96FF0920020
:10068000E6E70134E9E708B5F820FFF77BFE18B983
:10069000F920FFF777FE10B16FF0920008BDF82047
:1006A000F9F7AAFF0028F7D1F920F9F7A5FF0028EC
:1006B000F4D0F1E7838810B55BB1D0E902428C42F7
:1006C00072F100024FF0000306D3C0E9021318468E
:1006D00010BD6FF08800FBE76FF08600F8E76FF061
:1006E00085007047037843F0007303F17E43033BBA
:1006F000122B1FD8DFE803F00A1C1C1E1E1416184C
:100700001A14161E1E1416181A1E1A001023002280
:10071000C3EB0323C0E902321023838010467047E5
:100720001C23F4E72023F2E73023F0E74023EEE731
:100730001423ECE76FF085007047543000F0E7B801
:1007400070B5044600F54576D0F894030121304495
:1007500002F07EF8D4F8942304F15405314628467B
:100760000132FBF7D5FC78B92846D4F8382404F5D3
:100770006671FBF7CDFC38B9284604F23C410422EF
:10078000BDE87040FBF7C4BC70BD37B5D0F80C2392
:1007900000F53B710446FDF701F9D0B9D4F81033E8
:1007A00004F154051BBA0422694628460093FBF75E
:1007B000AFFC70B92046FFF7C3FF50B92368B3F10F
:1007C000082F08D01022284601ABA118FBF7C2FC65
:1007D00050B103B030BD1022284604F53471FBF748
:1007E00097FC0028EED0F4E7102384F85030D4F8BA
:1007F00010330133C4F81033EBE76FF0604200238D
:10080000C0E90223402383800123C0F81033002075
:10081000704738B504461D46084640F20123984209
:10082000114606D040F20623984212D06FF086009F
:1008300038BDA388412B1CD17F2D1DD82A4604F535
:100840004570FEF748F84223C4F894530020A38073
:10085000EEE7A388413B9BB2012B0AD8A02D0BD811
:100860002A4604F56670FEF736F84323C4F8385478
:10087000ECE76FF08800DBE76FF08C00D8E770B52D
:1008800004460E46194623681046B3F1082F049D0E
:1008900003D11388B3F5105F1AD1A388402B1AD166
:1008A00040F201139E4216D14368202DC4F8E03275
:1008B000D0E90523C4E9B92310D82A4604F53B70D2
:1008C000FEF709F841230020C4F80C53A38070BD43
:1008D0006FF08500FBE76FF08800F8E76FF08600A7
:1008E000F5E738B50546043000F010FA044618B1B3
:1008F000BDE83840FFF76FBC28464FF49C7101F00B
:10090000A7FF204638BDFBF79FBBFBF79DBB08B593
:100910004FF41F7101F09CFF002008BD002310B5AB
:1009200000F11002103112F8014D43EA44038242F3
:1009300001F8013D4FEAD413F5D110BD70B506465C
:1009400088B00C461546002110226846FDF7E8FFE6
:1009500006F5A47106F5D6706A4604AB00F05FFF99
:100960000646C0B9214604A8FFF7D8FF9DF910300C
:100970002946002BB8BFE37B2046BCBF83F087032A
:10098000E373FFF7CBFF94F90030002BBEBFEB7B86
:1009900083F08703EB73304608B070BD2DE9F84F44
:1009A000044688461546002700F5CA7900F5C27A44
:1009B000ADB92DE0324649465046FFF76BFC534631
:1009C000524604F5A47104F5D67000F028FF00BB70
:1009D0000146C4F8A40132464846FDF7A1FFD4F809
:1009E000A40108EB0701C0F1100BAB4528BFAB46D3
:1009F00048445A46FDF76FFFD4F8A4615F445E4453
:100A0000102EC4F8A461A5EB0B05D1D1002DD1D1D6
:100A10000020BDE8F88F70B504468CB0102200218C
:100A20006846FDF77DFF204608AA04A9FFF786FF68
:100A3000054640BBD4F8A45104F5CA76102D2A46C9
:100A400024D1304604A9FFF725FC2A4631466846E2
:100A5000FDF741FF04F5C276102269463046FFF7E4
:100A600019FC3346324604F5A47104F5D67000F043
:100A7000D6FE054638B91022314604F10C00FDF7C8
:100A80002AFF1023636028460CB070BD31466846CB
:100A9000FDF721FF8022D4F8A431684630336B443F
:100AA00003F8302C08A91022FFF7F4FBD2E72DE958
:100AB000F84300F164060446884630460121914619
:100AC0001F46FCF7E1FC18B1BDE8F843FFF783BB14
:100AD00004F1500504F5A4712846FCF729FA0446F0
:100AE00080B94A464146284600F0EDFA044648B926
:100AF0003946284600F015FB044618B9284600F090
:100B00006FFB04463046FCF7ADFC2046DCE7C00036
:100B1000C90002F1080303F8010D93424FEA1020C7
:100B2000F9D103F11002083302F8011D9A424FEA8D
:100B30001121F9D10120704783686BB100210F3377
:100B400023F08043826A23F00F0343F08043116057
:100B500093601032826281607047C26913690BB181
:100B60005069184718467047C26938B5D3680546BA
:100B700013B90024204638BD506998470446002820
:100B8000F7D02846FFF7E9FF002818BF0446F1E731
:100B9000FBF7EABE10B50446FBF7E6FE20B9226873
:100BA000236B12681343236310BD38B590F82030CF
:100BB00004466BB3B2F1807F06D3FFF7CEFF002867
:100BC00008BF6FF03F0038BD036933B1FFF7C5FFC1
:100BD000002808BF6FF04800F5E7406902F10F05F3
:100BE00010446061A06825F00F051044A060606AA1
:100BF000016045F0005181602168AD1A89681030AC
:100C00000A6942EA052240F8042C60621846DAE7D5
:100C10006FF02000D7E7F8B51E4690F82030044664
:100C20000F461546002B35D0B2F1807F06D3FFF773
:100C300094FF002808BF6FF03F00F8BDFFF77CFF6E
:100C40000DB90020F9E705F10F00626A20F00F00EE
:100C500040F0005393602368411B9B6817605B69F9
:100C6000103243EA012342F8043C23696262A26A1B
:100C70002B44C4E90353854202F1100316609560CA
:100C8000A362DED0002341F08041136191612032E4
:100C9000A262D6E76FF02000CFE7F8B590F82030D9
:100CA000054643B3FCF718FA431C044606D038B196
:100CB0002846FFF752FF002818BF04462046F8BD1B
:100CC0002B682A6B5B691340F2D168680028EFD06B
:100CD0001A462F7E05F1F4069F4204D8002A18BF59
:100CE0006FF00F04E4E7C15C16F801CB013381EA31
:100CF0000C010A43F0E76FF02004DFE710B504466B
:100D00002046FFF7CAFF431CFAD010BD43681BB151
:100D10001A690AB1586910470020704738B543680E
:100D2000054613B90024204638BDDA68002AF9D0F8
:100D30005869904704460028F4D02846FFF7E6FF9C
:100D4000002818BF0446EEE770B5057B0446002D69
:100D500031D0B2F1807F06D3FFF7D8FF002808BF5B
:100D60006FF03F0070BD806802F10F051044A06075
:100D7000206925F00F05016045F000518160216870
:100D8000AE1A096810300969AA4241EA062140F802
:100D9000041C616920610B6001F110038A606361CA
:100DA00001D10020DEE7002346F080460B618E6112
:100DB00020316161F5E76FF02000D3E7027B38B5A1
:100DC00032B3016882680C7AA24206D2FFF79EFF16
:100DD000002808BF6FF0530038BD4C7AB2FBF4F521
:100DE00004FB152232B1FFF791FF002808BF6FF016
:100DF0004500F1E7C269497911421CBF8A43C261CB
:100E0000602100F170020C30FCF7F0F80020E3E7FD
:100E10006FF02000E0E738B5037B93B30268D37A24
:100E200033B9FFF773FF002808BF6FF0470038BDE4
:100E30008468937A9C4206D2FFF768FF002808BFB7
:100E40006FF05300F3E7013B1C4006D0FFF75EFF55
:100E5000002808BF6FF04500E9E75279C3696021B7
:100E60001343C361D0E90532A4321A6010229A609C
:100E70001344436100F170020C30FCF7B7F82046D0
:100E8000D5E76FF02000D2E738B5037B054663B1A4
:100E9000FCF722F9431C044605D02846FFF736FF2D
:100EA000002818BF0446204638BD6FF02004FAE73A
:100EB00010B504462046FFF7E7FF431CFAD010BDEB
:100EC00010B5531ED41D03F8010FA3424FEA1020A2
:100ED000F9D10F3203F8011F93424FEA1121F9D1E2
:100EE000012010BD07B500930023FBF791FF03B06D
:100EF0005DF804FB07B500930423FBF789FF03B0FB
:100F00005DF804FB13B500240094FBF7CFFF02B09B
:100F100010BDCB6901601146184738B50368044617
:100F2000E3B1027ED2B14FF4AA71DB69C56898477C
:100F300098B92368E5605A69E369C2F5967542F08D
:100F40000052616A9A606268294452681960DA60E6
:100F50001033E361A3680233A36038BD6FF0200053
:100F6000FBE7037E10B5CBB1B2B18468062C18D86C
:100F7000B2F1807F18D2C3690134196041689A6068
:100F8000C968103343F8041CC361036984601344C7
:100F90000361C3681344C360002010BD6FF02000DC
:100FA000FBE76FF04400F8E76FF03F00F5E7037EE2
:100FB00070B583B30368C4681A69B4FBF2F102FB2D
:100FC00011445CBBD3E905120A44682A29D8D3E945
:100FD00001325A40836A456A53408362CA1C036ADD
:100FE000C1F59676354422F003021D60914203F16B
:100FF00010059960056206D0521A42F080421C61C9
:101000009A612033036200F17C02D8211830FBF78B
:10101000EDFF002070BD6FF02000FBE76FF0450092
:10102000F8E76FF02200F5E7037E10B50446A3B1A0
:10103000D0E903239A4204D00268836A526853407D
:10104000836220466369984704F11800D82104F1AF
:101050007C02FBF7CBFF002010BD6FF02000FBE708
:10106000037E0BB1FCF738B86FF02000704710B565
:1010700004462046FFF7F4FF431CFAD010BDC068B9
:10108000704700697047026913690BB150691847CE
:1010900018467047826808B503465AB90268116954
:1010A000426A114206D0FFF7EEFF002808BF6FF03A
:1010B000530008BD03F11400702103F17802FBF71F
:1010C00095FF0020F5E710B5047D034634B3B2F177
:1010D000807F06D3FFF7D7FF002808BF6FF03F00DF
:1010E00010BD4468062C06D9FFF7CDFF002808BFC5
:1010F0006FF04400F4E70AB90020F1E78069013499
:1011000001601968826089691030C96840F8041C60
:101110009968986111445C609960EDE76FF0200078
:10112000DEE7037DF0B4002B42D0046887682568B1
:1011300087B9836900F124021A606A1C42F00056E4
:101140009E60A6691202F66802F4F8523243DA6031
:101150001033836182697B1952F8046C23EA05031A
:10116000DB1B46EA032642F8046C52F8086C334451
:10117000C66843F0005342F8083CC369721922EA7A
:1011800005021960964203F110019E60C16107D00B
:101190000021921B42F0804219619A612033C361A1
:1011A000E268436AF0BC23EA02034362FFF772BFBE
:1011B0006FF02000F0BC704738B5037D054663B181
:1011C000FBF78AFF431C044605D02846FFF75BFF68
:1011D000002818BF0446204638BD6FF02004FAE707
:1011E000037D10B504462BB12046FFF7E5FF431CF5
:1011F000FAD010BD6FF02000FBE7037810B504466D
:101200001BB1F9F765F800232370002010BD002002
:10121000FCF792B90368D868C0F3004070470368D0
:1012200003F58053586A00F4A020003818BF01204D
:10123000704710B5044600F07DF820B12046BDE8A7
:101240001040FFF7ECBF2046BDE81040FFF7E2BFBB
:1012500038B50225036804469D6000F06BF818B1AC
:10126000236803F58053DD6138BD10B5044600F0F6
:1012700061F820B12046BDE8104000F062B8236854
:10128000BDE81040D868FCF75FBA10B50446236883
:1012900003F580535B68C62B09D02046FFF7C9FFD2
:1012A0000028F4D12046BDE81040FFF7DEBF6FF004
:1012B000010010BD03685A507047036858587047C2
:1012C0000369986E704710B50446FFF7F9FFC268CE
:1012D0004AB142F420222046BDE81040002142F4E9
:1012E0000062FFF7E7BF10BDC0F30B03482B4B6054
:1012F00028BF482310F4003F8B6008BF0023CB6059
:1013000010F4803308BFC1E9013300F47003B3F572
:10131000700F14BF00238B6800284FF0010C4FF0B2
:1013200008028B60B8BF0023C1E905C2B8BFC1E99C
:101330000533704708B5FFF7C3FF006800F40030BD
:1013400008BD10B541F224010446FFF7B6FFC207FD
:1013500009D4830709D420460C21FFF7AEFFBDE86E
:101360001040FCF7F1B9082010BD0220FCE72DE980
:10137000F0410446FCF76CF90646012241F22801CF
:10138000FFF798FF002241F228013046FFF792FF55
:1013900041F204013046FFF790FFC106F8D410F087
:1013A000200502D00220BDE8F08141F22C01304638
:1013B000FFF783FF8046012241F208013046FFF724
:1013C00079FFC8F3036744B918F4805F1CD1E4B116
:1013D000636841F21008FF1A2DE02368002BF3D058
:1013E0006368002BF0D09F420ADA0D20DBE7236808
:1013F00041F2100153F825203046FFF75BFF01351D
:1014000063689D42F3DBDFE78CB901224FF4805122
:101410003046FFF74FFF41F204013046FFF74DFF22
:10142000420700F023031BD4002BF4D0BAE7C8F323
:10143000035741F20C08A368002BE6D0E368002BA9
:10144000E3D0BB42D1DC0025E3689D42DDDAA3682E
:10145000414653F825203046FFF72CFF0135F3E7CE
:10146000FCF7FAF801463046FCF7BAF900209AE793
:101470002DE9F0439146002285B00546D8B2884652
:1014800040F0007003A90392F8F7A6FF044648B99C
:1014900005F1680601463046FBF7F6FF30B1FEF76E
:1014A0009AFE0446204605B0BDE8F083602305F1AE
:1014B0005007019305F5D273009342464B463946D7
:1014C000039800F0D8FE044620B13046FBF7CAFF6F
:1014D0002046E4E73846FFF76AFD04460028F4D1C9
:1014E0003846FFF7C4FD04463046FBF7BBFF002C2F
:1014F000EED10398FFF7C5FD0123A86085F84C30B5
:10150000D0E700232DE9F04F0446007885B08946E6
:101510001546039308B140F0007003A9F8F75CFF8B
:10152000064600284ED10398FFF7ABFDA36880461E
:10153000AB420CD92A46494604F10C00A8EB030340
:101540001844FDF7C8F9A3685B1BA3603AE094F860
:101550004C3004F1680B6BBB0123A26804F1500A04
:1015600084F84C305046A8EB020204F10C01FFF75E
:10157000F8FC0346A0BBA7684946EB1BB3FBF8F396
:1015800008FB037750463A46FFF7EBFCED1B03469A
:1015900040B95046FFF70BFD034618B95046FFF718
:1015A00066FD034658460193FBF75CFF019BD3B1F0
:1015B000184604E031465846FBF766FF30B1FEF7A7
:1015C0000AFE0646304605B0BDE8F08F04F1500033
:1015D000FFF7A3FC03460028BED035463746E1E7B7
:1015E00000252F46DEE7C4F8088004F10C084021EE
:1015F000404601F02DF9002DE4D02A46404609EB83
:1016000007019EE700232DE9F0430446007885B0EA
:10161000039308B140F0007003A9F8F7DDFE05461A
:1016200020B1FEF7D8FD05B0BDE8F0830398FFF7C1
:1016300026FD0398FFF725FD94F84C30074604F18A
:101640006806B3B9A26804F1500804F10C094946D0
:101650004046BA1AFFF785FC0546B8B904F5D274BE
:1016600040234A4640460399009400F0D0FD0546C9
:101670000CE029463046FBF707FF0028D1D104F1E2
:101680005000FFF74AFC05460028DBD03046FBF748
:10169000E9FE2846C5E72DE9F843044617461D46EE
:1016A000884681B3D0E90232AB4272F100012DD3FA
:1016B0005B1B62F10002C0E9023200F110090DB9B2
:1016C00028461EE094F85060BEB1AE4228BF2E46B8
:1016D000384632464946FDF7FEF894F85020374424
:1016E000921BD2B2AD1B84F85020002AE7D04846A6
:1016F00009EB0601FDF7B3F8E1E72046C0470028F3
:10170000E0D0BDE8F8836FF08500FAE76FF08E0057
:10171000F7E7F8B5069F05461646FFF715FB0446A2
:1017200040B92846FFF74AFB044618B92846FFF798
:10173000BFFB044605F10C00FBF794FE04B93E60C4
:101740002046BDE8F840FEF746BD2DE9F0471D46AE
:10175000DDE9093AAB4204460E461746DDF8209013
:1017600021D32B0723D100F10C0801214046FBF7C0
:101770008BFE18B1BDE8F047FEF72DBD314620467F
:10178000FBF794FA064620B14046FBF76BFE304665
:10179000F0E74B462A4639462046CDF820A0BDE862
:1017A000F047FFF7B6BF6FF08900BDE8F0876FF034
:1017B0008600FAE72DE9F0471D46DDE9093AAB421C
:1017C00004460E461746DDF8209021D32B0723D17F
:1017D00000F10C0801214046FBF756FE18B1BDE8A8
:1017E000F047FEF7F8BC31462046FBF76BFA064699
:1017F00020B14046FBF736FE3046F0E74B462A461E
:1018000039462046CDF820A0BDE8F047FFF781BF5C
:101810006FF08900BDE8F0876FF08600FAE72DE9E8
:10182000FF4100F10C0804460D46404601211646D2
:101830001F46FBF729FE20B104B0BDE8F041FEF7DA
:10184000CABC29462046FBF731FA054620B140467E
:10185000FBF708FE2846EFE703AB009310223B4658
:1018600031462046FFF755FF04B0BDE8F081014442
:101870000B1A9A4202D36FF08600704711F8013DAF
:101880000133DBB20B70002BF2D00020704710B593
:10189000002408449C4200D110BDE10022FA01F16D
:1018A00000F8011D0134F5E730B589B00446102277
:1018B0000D4668460021FDF733F8102200210DEB9C
:1018C0000200FDF72DF894F81D3393B928466A46B7
:1018D00004AB211DFFF7A3FF054638B904F5F071ED
:1018E00004A800F016FD012384F81D33284609B032
:1018F00030BD0025FAE72DE9FF4704460D4617469F
:10190000002110226846FDF70BF82F4404F5F0790A
:1019100004F5387804F1590ABD4202D104B0BDE89B
:10192000F08794F899305E1CF6B284F8996015F847
:10193000012B2344102E83F85920EDD13246514615
:101940004046FEF7A7FC6A4641464846FCF748F980
:10195000324669464046FCF7BEFF002384F89930C2
:10196000DAE71FB50446102200216846FCF7D8FFCD
:1019700094F899202AB169462046C2F11002FFF777
:10198000BAFF04B010BD2DE9F84F0446154689464C
:101990000A9F0B995E1EC1F11008174400F53C7AAE
:1019A00000F5407BBD4202D10020BDE8F88FD4F89D
:1019B00010030F2810D9424610215046FFF757FF59
:1019C0000028F2D15B4652464846211DFFF727FF0B
:1019D0000028EAD1C4F81003421C15F8013B20444A
:1019E000C4F8102390F80023534006F8013FD9E7CC
:1019F0001FB50446102200216846FCF791FF08231A
:101A0000D4F8142319466846D200FFF740FF082394
:101A1000D4F818230DEB03001946D200FFF737FF67
:101A2000102269462046FFF766FF00231021684612
:101A300084F8993000F00CFF04B010BD38B590F870
:101A40001C330446BBB900F53C751021284600F054
:101A5000FFFE94F84D200C2A07D1284604F14001DE
:101A6000FCF739FF012384F8FF321023C4F8103348
:101A7000012384F81C3338BDF0B515461022044606
:101A800089B00DEB02000E460021FCF749FF102142
:101A9000684600F0DDFE94F84D200C2A07D1684618
:101AA00004F14001FCF717FF01238DF80F302846A1
:101AB0006A4604AB211DFFF7B2FE054638B110217E
:101AC0000DEB010000F0C4FE284609B0F0BD102265
:101AD00004F538770DEB02013846FEF7DBFB39469B
:101AE000304694F89A20FCF7F6FEE8E713B5049C1C
:101AF000CDE9003413460A460121FBF793FF02B0FB
:101B000010BD13B5049CCDE9003413460A460021EC
:101B1000FBF788FF02B010BD0C2A38B50446154605
:101B200006D14030FCF7D7FE002084F84D5038BD78
:101B30006FF08600FBE7C0E91412002070472DE922
:101B4000F043B5B08946694604461746FFF7ACFE38
:101B5000064638B98046B84508D3D4F814333B4418
:101B6000C4F81433304635B0BDE8F08394F899508A
:101B7000A7EB0803C5F110059D4228BF1D4609EBE0
:101B800008012A462046FFF7B6FEA844E3E72DE900
:101B9000F04F9B460123B9B08A4680F89C3004A9D7
:101BA0000446904690F84D90FFF77EFE06460028CA
:101BB00050D12046FFF742FF2046FFF7D2FE94F8AF
:101BC00058303546012BC9F110093AD045453AD273
:101BD00094F89970A8EB0503C7F110079F4228BF3E
:101BE0001F460AEB05013A4620460391FFF783FEA4
:101BF000039920460A46CDE900790BEB050304A9B9
:101C0000FFF7C1FE50BB3D44E0E794F89970A8EBA4
:101C10000503C7F110079F4228BF1F4620460BEB64
:101C20000503CDE900790AEB050204A90393FFF748
:101C3000AAFE98B9039B3A4619462046FFF75BFE79
:101C40003D444545E1D3439B1D60D4F818332B44F4
:101C5000C4F81833304639B0BDE8F08F0646F9E7CE
:101C600010B5B4B069460446FFF71EFE90B9204691
:101C7000FFF7E4FE2046FFF774FE2046FFF7B8FEAC
:101C80006A4620463699FFF7F7FE18B994F89A206D
:101C9000389B1A6034B010BD70B50546B8B010223C
:101CA00000216846FCF73CFE284604A9FFF7FCFD2E
:101CB0000446F8B92846FFF7C1FE2846FFF751FE53
:101CC0002846FFF795FE6946284604AAFFF7D4FE8A
:101CD000044658B96E4602463C9B95F89A10194442
:101CE0008B420AD1002A18BF6FF094041021684675
:101CF00000F0AEFD204638B070BD16F8010B13F8A9
:101D0000015B68400243EBE708B54FF46A7100F0ED
:101D10009FFD002008BD2DE9F04104460D468E18B8
:101D200000F1590700F55A78B54201D1BDE8F081BC
:101D300094F899104B1CDBB284F8993015F8012BFC
:101D40002144102B81F85920EED101233A4619463F
:101D5000404600F099FB002384F89930E4E71FB572
:101D60000446102200216846FCF7DAFD94F89C3006
:101D700043B994F899202AB169462046C2F110026D
:101D8000FFF7C9FF04B010BD90F8A43310B50446A6
:101D900063B9012304211A4600F54870FFF777FD67
:101DA0004023C4F86433012384F8A43310BD70B514
:101DB0000446DDE90456FFF7A5F818B1BDE8704008
:101DC000FEF709BA3346402229462046FEF7BCFFFB
:101DD0000028F3D12046FEF7F1FF0028EED120467F
:101DE000BDE87040FFF764B82DE9F04F0446154692
:101DF0001E4695B00DF11008039140220021404687
:101E0000FCF78EFD1E9F013E2F4404F5487904F136
:101E1000400A04F1040BBD4203D1002015B0BDE817
:101E2000F08FD4F864033F2814D904F54973CDE941
:101E300000834A46534659460398FFF7B8FF0028E7
:101E4000ECD1024604214846FFF711FD0028E5D1F8
:101E5000C4F86403421C15F8013B2044C4F8642311
:101E600090F82423534006F8013FD4E72DE9F041D0
:101E700000240546ACB00DF1300840220F46404624
:101E800000211CAEFCF74CFD402221463046039455
:101E9000FCF746FD2022214604A8FCF741FD95F8F9
:101EA000A533FBB93846CDE9008605F1400303AA06
:101EB000291DFFF77CFF044660B92022314604A8A3
:101EC000FCF709FD04A905F55A70FBF767FF01232C
:101ED00085F8A5334021304600F0BAFC202104A843
:101EE00000F0B6FC20462CB0BDE8F0811FB50446DA
:101EF000102200216846FCF713FD94F899202AB1BE
:101F000069462046C2F11002FFF705FF684610211E
:101F100000F09EFC6A460023D4F89C0320FA03F1EB
:101F20000833402B02F8011BF8D10023D4F8A0039A
:101F30000DF1070220FA03F10833402B02F8011FCC
:101F4000F8D1102269462046FFF7E5FE0023102154
:101F5000684684F8993000F07BFC04B010BD13B5DE
:101F6000049CCDE9003413460A460121FBF7CEFD5F
:101F700002B010BD13B5049CCDE9003413460A46E7
:101F80000021FBF7C3FD02B010BD0C2A38B5044692
:101F9000154606D14030FCF79EFC002084F84D50D9
:101FA00038BD6FF08600FBE7C0E9141200207047CF
:101FB000F0B50F4690F89C1005461646B5B0E9B945
:101FC00003A8FBF761FA28B1FEF705F9044620469D
:101FD00035B0F0BD69462846FFF748FF044648B9CA
:101FE000324639462846FFF796FED5F89C333344EF
:101FF000C5F89C3303A8FBF735FAE8E76FF08804CF
:10200000E5E72DE9F04FB7B09A46409B044693426E
:102010008946174666D3002105A8FBF735FA30B18B
:10202000FEF7D9F80646304637B0BDE8F08F2046B7
:1020300002A9FFF71BFF064600284DD12046FFF7F7
:10204000A3FE2046FFF78BFE012384F89C3094F812
:1020500058303546012B36D0BD4236D294F899809F
:102060007B1BC8F14008984528BF984609EB050B33
:10207000424659462046FFF74EFE5A462046CDF8C6
:1020800000800AEB050302A9FFF7AEFE40BB454402
:10209000E2E794F899807B1BC8F14008984528BF77
:1020A00098460AEB050B5B462046CDF8008009EB0D
:1020B000050202A9FFF798FE90B94246594620460C
:1020C000FFF729FE4544BD42E3D3419B1D60D4F890
:1020D000A0332B44C4F8A03305A8FBF7C3F9A2E74B
:1020E0000646F9E76FF089069DE730B5B5B090F880
:1020F0009A20399B04469A4226D8002103A8FBF770
:10210000C3F928B1FEF767F80546284635B030BD5B
:1021100069462046FFF7AAFE054688B92046FFF724
:1021200033FE2046FFF71BFE2046FFF7DFFE3899FF
:1021300004F55A7000F083FA94F89A203A9B1A60DA
:1021400003A8FBF78FF9E0E76FF08905DDE730B50D
:10215000B9B00021054610226846FCF7E1FB0021DA
:1021600007A8FBF791F928B1FEF735F80446204699
:1021700039B030BD284604A9FFF778FE0446D8B927
:102180002846FFF701FE2846FFF7E9FD2846FFF73E
:10219000ADFE694605F55A7000F051FA3C99684663
:1021A00095F89A2000F035FB1021041E684618BFF0
:1021B0006FF0940400F04CFB07A8FBF753F9D6E747
:1021C00008B54FF46A7100F043FB002008BD10B55C
:1021D0009EB0024646F611031AA901A8FAF7F6FEC8
:1021E0000022039B10211A609A6001A810331AAADA
:1021F0000393FAF7FBFEFAF76FFF431C0446FAD08D
:1022000001A8742100F024FB20461EB010BD2DE96A
:10221000F047044608461E460D469146DDF82080EC
:10222000FEF72DFFB042074621D82846FEF729FFCA
:1022300008EB000A064651462046FEF7F5FEC0B9F7
:102240002046FEF714FFA0B943469A4509D12B4614
:1022500041462046CDF82090BA19BDE8F047FEF778
:1022600058B81A7882F06A0203F8012BEDE76FF094
:102270004000BDE8F0872DE9F74F9A46DDE90C49AB
:1022800005460E469346FEF7FAFE80462846FEF7C0
:10229000F8FE5045074626D22B4652465946304650
:1022A0000094FEF736F888BB0246A7EB0803A9EBBB
:1022B000080104EB080000F0C0FA4FF4AA722946A6
:1022C0003046FEF726FE08BB2846FEF7DAFE234618
:1022D00002462018984213D12146304603B0BDE88B
:1022E000F04FFEF73EBE524659462046FCF7F3FA41
:1022F0000022A7EB0A03A9EB0A0104EB0A00DAE7C4
:10230000197881F0360103F8011BE3E703B0BDE85B
:10231000F08F2DE9F04FD0E9002385B0C1E92023EB
:10232000D0E90223C1E92223002200230C464FF00A
:1023300003080425C1E90023C1E90223082204EBB4
:102340004516B1180DEB0200FCF7C5FA039B029A83
:102350001BBA12BA5B0843EAC27352081BBA12BA1C
:10236000CDE90223082204EB05170DEB0201B81892
:10237000FCF7B1FAF2793B7A314643EAC2130822FC
:102380003B720DEB0200FCF7A6FA039B029A1BBA04
:1023900012BA5B0843EAC27352081BBA12BACDE9FB
:1023A0000223082238460DEB0201FCF794FAF27B77
:1023B0004FEA051912F0010F0CBF00226FF01E0248
:1023C00014F80930B8F1010883EA020304F809306F
:1023D0004FEA6505B2D10427082604EB0615330140
:1023E000E3586A681BBA12BACDE9022308222846CC
:1023F0000DEB0201FCF76FFAAB68EA681BBA12BA80
:10240000CDE9022308220DEB0201A818FCF763FABC
:10241000013F4FEA6606E0D103264FF002084FEA7B
:10242000081303F11009E3180127009322E00025A7
:1024300004EB071B04EB090A009B0422591902A8AC
:10244000FCF749FA029B0BEB0501042202A8019359
:10245000FCF741FADDE901320AEB0500534002A91D
:10246000042204350293FCF736FA102DE4D101372B
:1024700009F110094745DADB013E4FEA4808CED1A1
:10248000304605B0BDE8F08F2DE9F04FD0E9088463
:10249000D0E90A6591B0CDE90B13036807460293B2
:1024A00043680192039383680793C3680993039B6E
:1024B00003EB93030A93079B03EB93030893099B96
:1024C00003EB93030493036B059300239946069350
:1024D000069B0B9A934208D1059BC7E90884C7E97C
:1024E0000A653B6311B0BDE8F08F042201990FA883
:1024F000FCF7F1F904220F9B0FA80D93019B99188B
:10250000FCF7E9F9019B042203F108010FA8DDF8AB
:102510003CB0FCF7E0F9019B042203F10C010FA889
:10252000DDF83CA0FCF7D7F90D9B14EB0B0049EB51
:10253000090118EB030349EB090B1BEB000B41F1FD
:1025400000010F9A16EB0A0A49EB090011EB0A0A7F
:1025500040F10000AA18DDF814C049EB0901801809
:102560000C9A099C9444029A4CEB010CA3FB0226A2
:102570000499DDF80880E1FB0B260899E1FB0A26A7
:102580000A99E1FB00260592079A0399A3FB02250D
:10259000E1FB0B250299E1FB0A250499E1FB0025EB
:1025A0000899ECFB01259646079AA2FB0B12E4FB67
:1025B0000312039CE4FB0A12029CE4FB0012049C3D
:1025C000ECFB0412039CA3FB0434E8FB0B34DDF8A2
:1025D0001080E8FB0A34DDF82080E8FB00340A981C
:1025E0009B1944F10004ECFB003414EB0E0645F19A
:1025F00000056D18029942F100020CFB012222F045
:1026000003014FEA920818EB0108059949EB090408
:1026100018EB010844F100041C1949EB0903F618F2
:1026200049EB0903ED1802F0030242F100030593A0
:10263000069B01330693019B1033019348E72DE974
:10264000FF47D0E90A9C00220E46D0E9081811F194
:10265000050A42F1000718EB070742EB020319EBEA
:102660000303056B42EB020E1CEB0E0E45F1000559
:10267000AD086C42013D0CEA050C08EA050809EAC0
:1026800005092940056927400195456947EA08077A
:102690007F190AEA040A019D41EA0A0142EB020895
:1026A000491942EB02057F1903EA0403856943EAED
:1026B000090348F100085B1904EA0E04524113EBC8
:1026C0000805C36944EA0C041C4444EB020403916A
:1026D000042203A93046FCF7FEF8042203A9B0182F
:1026E0000397FCF7F8F803A9042206F10800039504
:1026F000FCF7F1F8042203A906F10C000394FCF79F
:10270000EAF804B0BDE8F0870346002030B5013A8E
:1027100000D230BD1D780C78A54202D008B9281B24
:10272000F5E701330131F2E770B5B1F5004F1D4611
:10273000DDE9043403D2042D01D8042C01D9F5F7C6
:10274000D7FC240444EA05642143BDE87040F5F752
:1027500099BC10B50446083000F03EF80028C2BF0E
:1027600063681B18636010BDF8B507460E4617F87E
:10277000081B05468B18202B144609D9FFF7E9FFE3
:10278000002326442B70202CA6EB04010AD80E4609
:102790002878224631463844FCF79DF82B782344AC
:1027A0002B70F8BD20223846FCF795F820212846EA
:1027B000FFF7CFFF203CE6E70FB407B504A951F8B7
:1027C000040B01220191FBF70BFE03B05DF804EB53
:1027D00004B0704702DF7047FFF7FCBF002070476E
:1027E0000020704700230360704703680B4202D04B
:1027F00000680840704720BFF7E7036823EA010339
:1028000003607047034600681A6808400A431A606C
:102810007047002373B58DF80730934203D19DF8BC
:10282000070002B070BDC55CCE5C9DF807407540E6
:102830002C438DF807400133EFE710B58B4294BF6E
:10284000C4184418A04200D110BD00F8012BF9E7CC
:1028500000231A4682B001908B4201D102B070472A
:102860000198C2540133F7E72DE9E04F2746A0460F
:10287000A146A246A346A446A2B02DEC000A84F3CA
:10288000008825462646A447EFF3148515F0080F67
:1028900018BFB0EE400A3DEC000A22B0BDE8E08F60
:1028A0000338FDD870470000000000000000000061
:1028B0000000000000000000FF0000000000000019
:1028C0000100000000000000010100000000000005
:1028D0000000000000000000FF00000000000000F9
:1028E00001000000000000000301000000000000E3
:1028F0000000000000000000FF00000000000000D9
:102900000100000000000000000000C40000000002
:102910000000000000000000B30000000000000004
:1029200001000000000000000000000000000000A6
:1029300002C0FF7F0000000000C000000000000097
:10294000010100000000000002C0FF7F0000000045
:1029500000C00000000000000001000000000000B6
:1029600002C0FF7F0000000000C000000000000067
:10297000000000C40000000001C0FF7F0000000054
:102980000028000000000000000000C4000000005B
:1029900002C0FF7F0000000000C000000000000037
:1029A0007AFFFFFFB72C01000000000000000000CC
:1029B0000000000000000000000000000000000017
:1029C000000000000000000000000000BD2C01001D
:1029D00000000000000000000000000000000000F7
:1029E00000000000000000000000000000000000E7
:1029F00000000000C32C01000000000000000000E7
:102A000000000000000000000000000000000000C6
:102A1000000000000000000000000000C92C0100C0
:102A200000000000000000000000000000000000A6
:102A30000000000000000000000000000000000096
:102A400000000000CF2C010021E90000000101007E
:102A500000020200001400000028000000400000F6
:102A6000010000000200000001000000060000005C
:102A7000902A0100000000000F0B01002000000060
:102A80001000000010000000200000000000000006
:102A900011000000110800001128000000000000D3
:102AA000410000000100000001000000B82A010000
:102AB00001000000101010001100000011080000BB
:102AC000114800001128000001000000D82A010070
:102AD0000440200101014010140000001404000013
:102AE00000000000142800000400000004000000A2
:102AF00000000000142B01009C2F0100C10E0100FA
:102B000040000000200000004000000030000000F5
:102B1000000000001400000014040000142800004D
:102B2000142C000044000000040000000400000019
:102B30000F00000010000000100000002000000046
:102B400010000000100000004C2B010011000000DC
:102B50001128000011080000010000000806000014
:102B600000020000000400002000000040000000FF
:102B700020000000480000002DD2000013000000DB
:102B800063000000A300000003000000902B010080
:102B90000000000000000000000000000000000035
:102BA00000000000A82B01000F0000000000000042
:102BB000000000000600000000000000C02B010023
:102BC0000000020000000000000000000000000003
:102BD00000000000F9DE0000E9DE0000D9DE0000A0
:102BE00009DF000019DF000029DF000039DF0000E5
:102BF00049DF000059DF000069DF000079DF0000D5
:102C0000F00FEC13EC1300000000E41BE01FD02FCA
:102C1000C03FE41BE01F00000000E41BE01FD02FBA
:102C2000C03F0000C03F0000201C4038602480707E
:102C3000A06CC048E05400E120FD40D960C58091FF
:102C4000A08DC0A9E0B554464D5F43525950544F32
:102C50000054464D5F50524F5445435445445F53D2
:102C6000544F524147455F534552564943450054DE
:102C7000464D5F494E5445524E414C5F5452555358
:102C80005445445F53544F524147455F5345525654
:102C90004943450054464D5F504C4154464F524DB8
:102CA0005F53455256494345005B556E73757070CE
:102CB0006F727465645D005B4552525D005B4E4F00
:102CC000545D005B57524E5D005B494E465D005BB4
:102CD0005645525D00433A2F6E63732F76332E3480
:102CE0002E302F6E72662F7375627379732F6E722A
:102CF000665F73656375726974792F7372632F648D
:102D00007269766572732F63726163656E2F636F8C
:102D10006D6D6F6E2F7372632F63726163656E2FBB
:102D20006C69625F6B6D752E630028415353455289
:102D300054494F4E204641494C20402025733A25A6
:102D4000640D0A00433A2F6E63732F76332E342EB0
:102D5000302F6E72662F7375627379732F6E726681
:102D60005F73656375726974792F7372632F647210
:102D700069766572732F63726163656E2F6372612A
:102D800063656E7073612F7372632F637261636525
:102D90006E5F7073615F686173682E6300433A2FE2
:102DA0006E63732F76332E342E302F6E72662F7330
:102DB00075627379732F6E72665F7365637572697E
:102DC00074792F7372632F647269766572732F63DF
:102DD000726163656E2F63726163656E7073612FDC
:102DE0007372632F63726163656E5F7073615F6B93
:102DF00065795F6D616E6167656D656E742E6300E8
:102E00004B4D5500433A2F6E63732F76332E342E7D
:102E1000302F6E72662F7375627379732F6E7266C0
:102E20005F73656375726974792F7372632F64724F
:102E300069766572732F63726163656E2F63726169
:102E400063656E5F73772F7372632F63726163655F
:102E50006E5F73775F6369706865722E6300433AD3
:102E60002F6E63732F76332E342E302F6E72662FB3
:102E70007375627379732F6E72665F7365637572B3
:102E80006974792F7372632F647269766572732F18
:102E900063726163656E2F63726163656E5F7377E2
:102EA0002F7372632F63726163656E5F73775F6DFB
:102EB00061632E6300433A2F6E63732F76332E3493
:102EC0002E302F6E72662F7375627379732F6E7248
:102ED000665F73656375726974792F7372632F64AB
:102EE0007269766572732F63726163656E2F737892
:102EF00073796D63727970742F7372632F706C6164
:102F000074666F726D2F626172656D6574616C2F8E
:102F1000696E74657272757074732E63003C5061D3
:102F200072746974696F6E20696E697469616C6925
:102F30007A6174696F6E204641494C454420696E40
:102F400020307825780A0010141400001C2030402E
:102F50001C2000001C2030400040505341004B45D5
:102F600059000103024040400000404080808080C2
:102F700000009088684810141400001C2030401C89
:102F80002000001C203040004010141400001C20C1
:102F900030401C2000001C20304000400000000099
:102FA000000000000000000000000000203042008F
:102FB0000000000000000000000000000000000011
:102FC000D87D0000000000000000000000000000AC
:102FD0000000040048080D0000000000D87D00003B
:102FE00000000000000000000000000000000400DD
:082FF00000020B0000000000CC
:102FF8000090D003004010500000000000000000C6
:1030080000000000000000000000000000000000B8
:1030180000000000000000000000000000000000A8
:103028000000000000000000000000000000000098
:103038000000000000000000000000000000000088
:103048000000000000000000A47D00000400000053
:103058000000000000000000FFFFFFFFFFFFFFFF70
:10306800FFFFFFFFFFFFFFFF000000000000000060
:103078000000000000000000000000000000000048
:103088000000D60100000000000000000010000051
:103098000000000790ED00E0004010505B47105022
:1030A80028AD0020D4AB002020050000BBEA0000BA
:1030B800C3EA0000B7EA0000677420005CBD002086
:0430C80060BD0020C7
:0400000300007EA1DA
:00000001FF
